{"type":"FeatureCollection","features":[{"type":"Feature","geometry":{"type":"Point","coordinates":[122.494099,14.3319598]},"properties":{"Category":"Institutional (INT)","SubCategor":"School","Name":"Capalonga Parochial School","Municipali":"Capalonga"}},{"type":"Feature","geometry":{"type":"Point","coordinates":[122.493832,14.3315987]},"properties":{"Category":"Institutional (INT)","SubCategor":"Municipal Hall","Name":"Capalonga Municipal Hall","Municipali":"Capalonga"}},{"type":"Feature","geometry":{"type":"Point","coordinates":[122.494,14.3312759]},"properties":{"Category":"Institutional (INT)","SubCategor":"Plaza","Name":"Plaza","Municipali":"Capalonga"}},{"type":"Feature","geometry":{"type":"Point","coordinates":[122.491627,14.3303261]},"properties":{"Category":"Institutional (INT)","SubCategor":"Fire Station","Name":"Fire Station","Municipali":"Capalonga"}},{"type":"Feature","geometry":{"type":"Point","coordinates":[122.491916,14.3295539]},"properties":{"Category":"Institutional (INT)","SubCategor":"School","Name":"Capalonga Central Elementary School","Municipali":"Capalonga"}},{"type":"Feature","geometry":{"type":"Point","coordinates":[122.493088,14.3305496]},"properties":{"Category":"Institutional (INT)","SubCategor":"Barangay Hall","Name":"Poblacion Barangay Hall","Municipali":"Capalonga"}},{"type":"Feature","geometry":{"type":"Point","coordinates":[122.493114,14.3304571]},"properties":{"Category":"Institutional (INT)","SubCategor":"Health Center/Station","Name":"Health Station","Municipali":"Capalonga"}},{"type":"Feature","geometry":{"type":"Point","coordinates":[122.493073,14.3306515]},"properties":{"Category":"Institutional (INT)","SubCategor":"Church","Name":"Jesus is Lord Church","Municipali":"Capalonga"}},{"type":"Feature","geometry":{"type":"Point","coordinates":[122.491759,14.3307304]},"properties":{"Category":"Institutional (INT)","SubCategor":"Church","Name":"Iglesia Ni Cristo","Municipali":"Capalonga"}},{"type":"Feature","geometry":{"type":"Point","coordinates":[122.449328,14.303069]},"properties":{"Category":"Institutional (INT)","SubCategor":"Barangay Hall","Name":"Mactang Barangay Hall","Municipali":"Capalonga"}},{"type":"Feature","geometry":{"type":"Point","coordinates":[122.519207,14.2993556]},"properties":{"Category":"Institutional (INT)","SubCategor":"Church","Name":"Iglesia Ni Cristo","Municipali":"Capalonga"}},{"type":"Feature","geometry":{"type":"Point","coordinates":[122.519855,14.2938666]},"properties":{"Category":"Institutional (INT)","SubCategor":"School","Name":"Potenciano Juego Elementary School","Municipali":"Capalonga"}},{"type":"Feature","geometry":{"type":"Point","coordinates":[122.519939,14.3014022]},"properties":{"Category":"Institutional (INT)","SubCategor":"Health Center/Station","Name":"Health Center","Municipali":"Capalonga"}},{"type":"Feature","geometry":{"type":"Point","coordinates":[122.518754,14.3013782]},"properties":{"Category":"Institutional (INT)","SubCategor":"Chapel","Name":"Mataque Chapel","Municipali":"Capalonga"}},{"type":"Feature","geometry":{"type":"Point","coordinates":[122.518327,14.3016322]},"properties":{"Category":"Institutional (INT)","SubCategor":"Barangay Hall","Name":"Mataque Barangay Hall","Municipali":"Capalonga"}},{"type":"Feature","geometry":{"type":"Point","coordinates":[122.558314,14.2535509]},"properties":{"Category":"Institutional (INT)","SubCategor":"School","Name":"Torres-Talento Elementary School","Municipali":"Capalonga"}},{"type":"Feature","geometry":{"type":"Point","coordinates":[122.558029,14.252521]},"properties":{"Category":"Institutional (INT)","SubCategor":"Chapel","Name":"Chapel","Municipali":"Capalonga"}},{"type":"Feature","geometry":{"type":"Point","coordinates":[122.558774,14.253676]},"properties":{"Category":"Institutional (INT)","SubCategor":"School","Name":"Torres-Talento Elemetary School Extension","Municipali":"Capalonga"}},{"type":"Feature","geometry":{"type":"Point","coordinates":[122.559041,14.2542615]},"properties":{"Category":"Institutional (INT)","SubCategor":"Barangay Hall","Name":"Old Camp Barangay Hall","Municipali":"Capalonga"}},{"type":"Feature","geometry":{"type":"Point","coordinates":[122.559081,14.2544064]},"properties":{"Category":"Institutional (INT)","SubCategor":"Plaza","Name":"Plaza","Municipali":"Capalonga"}},{"type":"Feature","geometry":{"type":"Point","coordinates":[122.558972,14.2543536]},"properties":{"Category":"Institutional (INT)","SubCategor":"Health Center/Station","Name":"Health Station","Municipali":"Capalonga"}},{"type":"Feature","geometry":{"type":"Point","coordinates":[122.559444,14.2662663]},"properties":{"Category":"Institutional (INT)","SubCategor":"Plaza","Name":"Purok 3 Santol Plaza","Municipali":"Capalonga"}},{"type":"Feature","geometry":{"type":"Point","coordinates":[122.559686,14.2664266]},"properties":{"Category":"Institutional (INT)","SubCategor":"Chapel","Name":"Chapel","Municipali":"Capalonga"}},{"type":"Feature","geometry":{"type":"Point","coordinates":[122.551282,14.2417445]},"properties":{"Category":"Institutional (INT)","SubCategor":"Plaza","Name":"Solar Dryer / Old Plaza","Municipali":"Capalonga"}},{"type":"Feature","geometry":{"type":"Point","coordinates":[122.550446,14.2417445]},"properties":{"Category":"Institutional (INT)","SubCategor":"Chapel","Name":"Chapel","Municipali":"Capalonga"}},{"type":"Feature","geometry":{"type":"Point","coordinates":[122.550319,14.22836]},"properties":{"Category":"Institutional (INT)","SubCategor":"Barangay Hall","Name":"Magsaysay Barangay Hall","Municipali":"Capalonga"}},{"type":"Feature","geometry":{"type":"Point","coordinates":[122.55218,14.2271185]},"properties":{"Category":"Institutional (INT)","SubCategor":"School","Name":"Peter Sawmill Elementary School","Municipali":"Capalonga"}},{"type":"Feature","geometry":{"type":"Point","coordinates":[122.55374,14.2263891]},"properties":{"Category":"Institutional (INT)","SubCategor":"Chapel","Name":"Penafrancia Chapel","Municipali":"Capalonga"}},{"type":"Feature","geometry":{"type":"Point","coordinates":[122.55336,14.2273321]},"properties":{"Category":"Institutional (INT)","SubCategor":"School","Name":"Magsaysay National Highschool","Municipali":"Capalonga"}},{"type":"Feature","geometry":{"type":"Point","coordinates":[122.55041,14.2305017]},"properties":{"Category":"Institutional (INT)","SubCategor":"Health Center/Station","Name":"Health Station","Municipali":"Capalonga"}},{"type":"Feature","geometry":{"type":"Point","coordinates":[122.496185,14.3284733]},"properties":{"Category":"Institutional (INT)","SubCategor":"Church","Name":"Seventh Day Adventist Church","Municipali":"Capalonga"}},{"type":"Feature","geometry":{"type":"Point","coordinates":[122.495498,14.3294108]},"properties":{"Category":"Commercial-2 (C-2)","SubCategor":"Market","Name":"Market","Municipali":"Capalonga"}},{"type":"Feature","geometry":{"type":"Point","coordinates":[122.511841,14.3182999]},"properties":{"Category":"Institutional (INT)","SubCategor":"Chapel","Name":"Born Again Chapel","Municipali":"Capalonga"}},{"type":"Feature","geometry":{"type":"Point","coordinates":[122.495134,14.3282378]},"properties":{"Category":"Institutional (INT)","SubCategor":"Church","Name":"Love of Christ Church","Municipali":"Capalonga"}},{"type":"Feature","geometry":{"type":"Point","coordinates":[122.496403,14.3272013]},"properties":{"Category":"Institutional (INT)","SubCategor":"School","Name":"Capalonga SDA Multi-Grade School","Municipali":"Capalonga"}},{"type":"Feature","geometry":{"type":"Point","coordinates":[122.49705,14.3272159]},"properties":{"Category":"Institutional (INT)","SubCategor":"Chapel","Name":"Chapel","Municipali":"Capalonga"}},{"type":"Feature","geometry":{"type":"Point","coordinates":[122.498885,14.3256323]},"properties":{"Category":"Institutional (INT)","SubCategor":"Barangay Hall","Name":"Catioan Barangay Hall","Municipali":"Capalonga"}},{"type":"Feature","geometry":{"type":"Point","coordinates":[122.499053,14.3254652]},"properties":{"Category":"Institutional (INT)","SubCategor":"Plaza","Name":"Plaza","Municipali":"Capalonga"}},{"type":"Feature","geometry":{"type":"Point","coordinates":[122.498401,14.3247816]},"properties":{"Category":"Institutional (INT)","SubCategor":"Hospital","Name":"Medicare - Capalonga Hospital","Municipali":"Capalonga"}},{"type":"Feature","geometry":{"type":"Point","coordinates":[122.500045,14.3213851]},"properties":{"Category":"Institutional (INT)","SubCategor":"School","Name":"Esturas-Nabata Elementary School","Municipali":"Capalonga"}},{"type":"Feature","geometry":{"type":"Point","coordinates":[122.392631,14.2734145]},"properties":{"Category":"Institutional (INT)","SubCategor":"School","Name":"Victoria J. Tuacar National Highschool","Municipali":"Capalonga"}},{"type":"Feature","geometry":{"type":"Point","coordinates":[122.393869,14.2730908]},"properties":{"Category":"Institutional (INT)","SubCategor":"Plaza","Name":"Barangay Plaza","Municipali":"Capalonga"}},{"type":"Feature","geometry":{"type":"Point","coordinates":[122.393944,14.2732949]},"properties":{"Category":"Institutional (INT)","SubCategor":"Barangay Hall","Name":"Del Pilar Barangay Hall","Municipali":"Capalonga"}},{"type":"Feature","geometry":{"type":"Point","coordinates":[122.394419,14.2720497]},"properties":{"Category":"Institutional (INT)","SubCategor":"Chapel","Name":"Chapel","Municipali":"Capalonga"}},{"type":"Feature","geometry":{"type":"Point","coordinates":[122.394657,14.2711361]},"properties":{"Category":"Institutional (INT)","SubCategor":"School","Name":"Portugal-Chavez Elementary School","Municipali":"Capalonga"}},{"type":"Feature","geometry":{"type":"Point","coordinates":[122.47602,14.2897797]},"properties":{"Category":"Institutional (INT)","SubCategor":"Chapel","Name":"Chapel","Municipali":"Capalonga"}},{"type":"Feature","geometry":{"type":"Point","coordinates":[122.486706,14.3010166]},"properties":{"Category":"Institutional (INT)","SubCategor":"Chapel","Name":"Chapel","Municipali":"Capalonga"}},{"type":"Feature","geometry":{"type":"Point","coordinates":[122.478907,14.2916053]},"properties":{"Category":"Institutional (INT)","SubCategor":"School","Name":"Diezmo-Urena Elementary School","Municipali":"Capalonga"}},{"type":"Feature","geometry":{"type":"Point","coordinates":[122.478174,14.2909451]},"properties":{"Category":"Institutional (INT)","SubCategor":"Barangay Hall","Name":"Itok Barangay Hall","Municipali":"Capalonga"}},{"type":"Feature","geometry":{"type":"Point","coordinates":[122.478249,14.2907835]},"properties":{"Category":"Institutional (INT)","SubCategor":"Plaza","Name":"Plaza","Municipali":"Capalonga"}},{"type":"Feature","geometry":{"type":"Point","coordinates":[122.478105,14.2908531]},"properties":{"Category":"Institutional (INT)","SubCategor":"Health Center/Station","Name":"Health Station","Municipali":"Capalonga"}},{"type":"Feature","geometry":{"type":"Point","coordinates":[122.466237,14.2900335]},"properties":{"Category":"Institutional (INT)","SubCategor":"School","Name":"Delia Diezmo Highschool","Municipali":"Capalonga"}},{"type":"Feature","geometry":{"type":"Point","coordinates":[122.487424,14.2644705]},"properties":{"Category":"Institutional (INT)","SubCategor":"Barangay Hall","Name":"Lucbanan Barangay Hall","Municipali":"Capalonga"}},{"type":"Feature","geometry":{"type":"Point","coordinates":[122.487412,14.2647126]},"properties":{"Category":"Institutional (INT)","SubCategor":"Health Center/Station","Name":"Health Center","Municipali":"Capalonga"}},{"type":"Feature","geometry":{"type":"Point","coordinates":[122.487833,14.2649851]},"properties":{"Category":"Institutional (INT)","SubCategor":"Chapel","Name":"San Isidro Chapel","Municipali":"Capalonga"}},{"type":"Feature","geometry":{"type":"Point","coordinates":[122.487115,14.2654733]},"properties":{"Category":"Institutional (INT)","SubCategor":"School","Name":"Lucbanan Elementary School","Municipali":"Capalonga"}},{"type":"Feature","geometry":{"type":"Point","coordinates":[122.48694,14.2662753]},"properties":{"Category":"Institutional (INT)","SubCategor":"Health Center/Station","Name":"Health Center","Municipali":"Capalonga"}},{"type":"Feature","geometry":{"type":"Point","coordinates":[122.446858,14.2768246]},"properties":{"Category":"Institutional (INT)","SubCategor":"School","Name":"Mabini Elementary School","Municipali":"Capalonga"}},{"type":"Feature","geometry":{"type":"Point","coordinates":[122.447282,14.274634]},"properties":{"Category":"Institutional (INT)","SubCategor":"Barangay Hall","Name":"Mabini Barangay Hall","Municipali":"Capalonga"}},{"type":"Feature","geometry":{"type":"Point","coordinates":[122.44756,14.2747243]},"properties":{"Category":"Institutional (INT)","SubCategor":"Chapel","Name":"Chapel","Municipali":"Capalonga"}},{"type":"Feature","geometry":{"type":"Point","coordinates":[122.44704,14.2748282]},"properties":{"Category":"Institutional (INT)","SubCategor":"Health Center/Station","Name":"Health Center","Municipali":"Capalonga"}},{"type":"Feature","geometry":{"type":"Point","coordinates":[122.446467,14.2797495]},"properties":{"Category":"Institutional (INT)","SubCategor":"Plaza","Name":"Plaza","Municipali":"Capalonga"}},{"type":"Feature","geometry":{"type":"Point","coordinates":[122.446373,14.2568587]},"properties":{"Category":"Institutional (INT)","SubCategor":"School","Name":"Camacho Aler Elementary School","Municipali":"Capalonga"}},{"type":"Feature","geometry":{"type":"Point","coordinates":[122.446509,14.2577821]},"properties":{"Category":"Institutional (INT)","SubCategor":"School","Name":"Camacho Aler Highschool","Municipali":"Capalonga"}},{"type":"Feature","geometry":{"type":"Point","coordinates":[122.447335,14.2524619]},"properties":{"Category":"Institutional (INT)","SubCategor":"Barangay Hall","Name":"San Antonio Barangay Hall","Municipali":"Capalonga"}},{"type":"Feature","geometry":{"type":"Point","coordinates":[122.447361,14.2522835]},"properties":{"Category":"Institutional (INT)","SubCategor":"Plaza","Name":"Plaza","Municipali":"Capalonga"}},{"type":"Feature","geometry":{"type":"Point","coordinates":[122.447332,14.2521482]},"properties":{"Category":"Institutional (INT)","SubCategor":"Chapel","Name":"Chapel","Municipali":"Capalonga"}},{"type":"Feature","geometry":{"type":"Point","coordinates":[122.533078,14.3352384]},"properties":{"Category":"Institutional (INT)","SubCategor":"Barangay Hall","Name":"San Isidro Barangay Hall","Municipali":"Capalonga"}},{"type":"Feature","geometry":{"type":"Point","coordinates":[122.532916,14.3352383]},"properties":{"Category":"Institutional (INT)","SubCategor":"Plaza","Name":"Plaza","Municipali":"Capalonga"}},{"type":"Feature","geometry":{"type":"Point","coordinates":[122.533038,14.3353403]},"properties":{"Category":"Institutional (INT)","SubCategor":"Health Center/Station","Name":"Health Center","Municipali":"Capalonga"}},{"type":"Feature","geometry":{"type":"Point","coordinates":[122.552647,14.3289163]},"properties":{"Category":"Institutional (INT)","SubCategor":"Barangay Hall","Name":"San Roque Barangay Hall","Municipali":"Capalonga"}},{"type":"Feature","geometry":{"type":"Point","coordinates":[122.532911,14.3353475]},"properties":{"Category":"Institutional (INT)","SubCategor":"Chapel","Name":"San Isidro Chapel","Municipali":"Capalonga"}},{"type":"Feature","geometry":{"type":"Point","coordinates":[122.532908,14.3347546]},"properties":{"Category":"Institutional (INT)","SubCategor":"School","Name":"San Isidro Elementary School","Municipali":"Capalonga"}},{"type":"Feature","geometry":{"type":"Point","coordinates":[122.552628,14.3290817]},"properties":{"Category":"Institutional (INT)","SubCategor":"Plaza","Name":"Plaza","Municipali":"Capalonga"}},{"type":"Feature","geometry":{"type":"Point","coordinates":[122.552568,14.3286041]},"properties":{"Category":"Institutional (INT)","SubCategor":"Chapel","Name":"Chapel","Municipali":"Capalonga"}},{"type":"Feature","geometry":{"type":"Point","coordinates":[122.552208,14.3295608]},"properties":{"Category":"Institutional (INT)","SubCategor":"School","Name":"San Roque Elementary School","Municipali":"Capalonga"}},{"type":"Feature","geometry":{"type":"Point","coordinates":[122.569121,14.2132983]},"properties":{"Category":"Institutional (INT)","SubCategor":"School","Name":"Sotero-Mago Elementary School","Municipali":"Capalonga"}},{"type":"Feature","geometry":{"type":"Point","coordinates":[122.570877,14.2131532]},"properties":{"Category":"Institutional (INT)","SubCategor":"Barangay Hall","Name":"Tanauan Barangay Hall","Municipali":"Capalonga"}},{"type":"Feature","geometry":{"type":"Point","coordinates":[122.570791,14.2132313]},"properties":{"Category":"Institutional (INT)","SubCategor":"Plaza","Name":"Plaza","Municipali":"Capalonga"}},{"type":"Feature","geometry":{"type":"Point","coordinates":[122.57059,14.2132503]},"properties":{"Category":"Institutional (INT)","SubCategor":"Chapel","Name":"Chapel","Municipali":"Capalonga"}},{"type":"Feature","geometry":{"type":"Point","coordinates":[122.570996,14.2131419]},"properties":{"Category":"Institutional (INT)","SubCategor":"Health Center/Station","Name":"Health Station","Municipali":"Capalonga"}},{"type":"Feature","geometry":{"type":"Point","coordinates":[122.574093,14.2092991]},"properties":{"Category":"Institutional (INT)","SubCategor":"Church","Name":"Jesus Cares Church","Municipali":"Capalonga"}},{"type":"Feature","geometry":{"type":"Point","coordinates":[122.488908,14.3287271]},"properties":{"Category":"Institutional (INT)","SubCategor":"Health Center/Station","Name":"Municipal Health Office","Municipali":"Capalonga"}},{"type":"Feature","geometry":{"type":"Point","coordinates":[122.490937,14.3140736]},"properties":{"Category":"Institutional (INT)","SubCategor":"Barangay Hall","Name":"Ubang Barangay Hall","Municipali":"Capalonga"}},{"type":"Feature","geometry":{"type":"Point","coordinates":[122.490714,14.31408]},"properties":{"Category":"Institutional (INT)","SubCategor":"Plaza","Name":"Plaza","Municipali":"Capalonga"}},{"type":"Feature","geometry":{"type":"Point","coordinates":[122.490722,14.3136147]},"properties":{"Category":"Institutional (INT)","SubCategor":"School","Name":"Necio-Olila Elementary School","Municipali":"Capalonga"}},{"type":"Feature","geometry":{"type":"Point","coordinates":[122.490439,14.3130938]},"properties":{"Category":"Institutional (INT)","SubCategor":"Chapel","Name":"Chapel","Municipali":"Capalonga"}},{"type":"Feature","geometry":{"type":"Point","coordinates":[122.558683,14.2829523]},"properties":{"Category":"Institutional (INT)","SubCategor":"School","Name":"Talento-Roll Elementary School","Municipali":"Capalonga"}},{"type":"Feature","geometry":{"type":"Point","coordinates":[122.559069,14.2814694]},"properties":{"Category":"Institutional (INT)","SubCategor":"Chapel","Name":"Alayao Chapel","Municipali":"Capalonga"}},{"type":"Feature","geometry":{"type":"Point","coordinates":[122.559402,14.281429]},"properties":{"Category":"Institutional (INT)","SubCategor":"Plaza","Name":"Plaza","Municipali":"Capalonga"}},{"type":"Feature","geometry":{"type":"Point","coordinates":[122.559324,14.2815675]},"properties":{"Category":"Institutional (INT)","SubCategor":"Health Center/Station","Name":"Health Center","Municipali":"Capalonga"}},{"type":"Feature","geometry":{"type":"Point","coordinates":[122.559941,14.281064]},"properties":{"Category":"Institutional (INT)","SubCategor":"Church","Name":"Iglesia Ni Cristo","Municipali":"Capalonga"}},{"type":"Feature","geometry":{"type":"Point","coordinates":[122.564572,14.2784206]},"properties":{"Category":"Institutional (INT)","SubCategor":"School","Name":"Gonzalo-Aler National Highschool","Municipali":"Capalonga"}},{"type":"Feature","geometry":{"type":"Point","coordinates":[122.564072,14.2730431]},"properties":{"Category":"Institutional (INT)","SubCategor":"School","Name":"Capalonga College","Municipali":"Capalonga"}},{"type":"Feature","geometry":{"type":"Point","coordinates":[122.559275,14.2806994]},"properties":{"Category":"Institutional (INT)","SubCategor":"Barangay Hall","Name":"Alayao Barangay Hall","Municipali":"Capalonga"}},{"type":"Feature","geometry":{"type":"Point","coordinates":[122.413426,14.2871467]},"properties":{"Category":"Institutional (INT)","SubCategor":"Barangay Hall","Name":"Binawangan Barangay Hall","Municipali":"Capalonga"}},{"type":"Feature","geometry":{"type":"Point","coordinates":[122.413636,14.2871439]},"properties":{"Category":"Institutional (INT)","SubCategor":"Health Center/Station","Name":"Health Center","Municipali":"Capalonga"}},{"type":"Feature","geometry":{"type":"Point","coordinates":[122.412854,14.2853361]},"properties":{"Category":"Institutional (INT)","SubCategor":"Chapel","Name":"Chapel","Municipali":"Capalonga"}},{"type":"Feature","geometry":{"type":"Point","coordinates":[122.411921,14.2843927]},"properties":{"Category":"Institutional (INT)","SubCategor":"School","Name":"Marca-Murillo Elementary School","Municipali":"Capalonga"}},{"type":"Feature","geometry":{"type":"Point","coordinates":[122.398148,14.2792546]},"properties":{"Category":"Institutional (INT)","SubCategor":"Plaza","Name":"Binawangan Barangay Plaza","Municipali":"Capalonga"}},{"type":"Feature","geometry":{"type":"Point","coordinates":[122.39771,14.2791988]},"properties":{"Category":"Institutional (INT)","SubCategor":"Chapel","Name":"Chapel","Municipali":"Capalonga"}},{"type":"Feature","geometry":{"type":"Point","coordinates":[122.432606,14.3015872]},"properties":{"Category":"Commercial-2 (C-2)","SubCategor":"Market","Name":"Market","Municipali":"Capalonga"}},{"type":"Feature","geometry":{"type":"Point","coordinates":[122.434954,14.3010488]},"properties":{"Category":"Institutional (INT)","SubCategor":"School","Name":"Calabaca Elementary School","Municipali":"Capalonga"}},{"type":"Feature","geometry":{"type":"Point","coordinates":[122.432801,14.301289]},"properties":{"Category":"Institutional (INT)","SubCategor":"Barangay Hall","Name":"Calabaca Barangay Hall","Municipali":"Capalonga"}},{"type":"Feature","geometry":{"type":"Point","coordinates":[122.432942,14.3012371]},"properties":{"Category":"Institutional (INT)","SubCategor":"Plaza","Name":"Plaza","Municipali":"Capalonga"}},{"type":"Feature","geometry":{"type":"Point","coordinates":[122.433276,14.3016452]},"properties":{"Category":"Institutional (INT)","SubCategor":"Health Center/Station","Name":"Health Station","Municipali":"Capalonga"}},{"type":"Feature","geometry":{"type":"Point","coordinates":[122.433616,14.3011074]},"properties":{"Category":"Institutional (INT)","SubCategor":"Church","Name":"Iglesia Ni Cristo","Municipali":"Capalonga"}},{"type":"Feature","geometry":{"type":"Point","coordinates":[122.432581,14.2986196]},"properties":{"Category":"Institutional (INT)","SubCategor":"School","Name":"Calabaca Academy","Municipali":"Capalonga"}},{"type":"Feature","geometry":{"type":"Point","coordinates":[122.432741,14.2994457]},"properties":{"Category":"Institutional (INT)","SubCategor":"Church","Name":"Church","Municipali":"Capalonga"}},{"type":"Feature","geometry":{"type":"Point","coordinates":[122.468454,14.3314017]},"properties":{"Category":"Institutional (INT)","SubCategor":"Chapel","Name":"San Roque Chapel","Municipali":"Capalonga"}},{"type":"Feature","geometry":{"type":"Point","coordinates":[122.470181,14.3214234]},"properties":{"Category":"Institutional (INT)","SubCategor":"School","Name":"Catalino-Gonzales Elementary School","Municipali":"Capalonga"}},{"type":"Feature","geometry":{"type":"Point","coordinates":[122.469523,14.3201327]},"properties":{"Category":"Institutional (INT)","SubCategor":"Barangay Hall","Name":"Camagsaan Barangay Hall","Municipali":"Capalonga"}},{"type":"Feature","geometry":{"type":"Point","coordinates":[122.469578,14.3197633]},"properties":{"Category":"Institutional (INT)","SubCategor":"Plaza","Name":"Plaza","Municipali":"Capalonga"}},{"type":"Feature","geometry":{"type":"Point","coordinates":[122.469675,14.3194072]},"properties":{"Category":"Institutional (INT)","SubCategor":"Chapel","Name":"Chapel","Municipali":"Capalonga"}},{"type":"Feature","geometry":{"type":"Point","coordinates":[122.467657,14.3077987]},"properties":{"Category":"Institutional (INT)","SubCategor":"Chapel","Name":"Chapel","Municipali":"Capalonga"}},{"type":"Feature","geometry":{"type":"Point","coordinates":[122.536811,14.2946478]},"properties":{"Category":"Institutional (INT)","SubCategor":"Chapel","Name":"Chapel","Municipali":"Capalonga"}},{"type":"Feature","geometry":{"type":"Point","coordinates":[122.537929,14.2940361]},"properties":{"Category":"Institutional (INT)","SubCategor":"School","Name":"Jueves -Talento Elementary School","Municipali":"Capalonga"}},{"type":"Feature","geometry":{"type":"Point","coordinates":[122.538347,14.2938403]},"properties":{"Category":"Institutional (INT)","SubCategor":"Plaza","Name":"Plaza","Municipali":"Capalonga"}},{"type":"Feature","geometry":{"type":"Point","coordinates":[122.539797,14.2929629]},"properties":{"Category":"Institutional (INT)","SubCategor":"Health Center/Station","Name":"Barangay Sub-Health Station","Municipali":"Capalonga"}},{"type":"Feature","geometry":{"type":"Point","coordinates":[122.459247,14.2242049]},"properties":{"Category":"Institutional (INT)","SubCategor":"Chapel","Name":"Chapel","Municipali":"Capalonga"}},{"type":"Feature","geometry":{"type":"Point","coordinates":[122.457758,14.2244808]},"properties":{"Category":"Institutional (INT)","SubCategor":"School","Name":"Villa Aurora Elementary School","Municipali":"Capalonga"}},{"type":"Feature","geometry":{"type":"Point","coordinates":[122.426057,14.2374071]},"properties":{"Category":"Institutional (INT)","SubCategor":"Chapel","Name":"Chapel","Municipali":"Capalonga"}},{"type":"Feature","geometry":{"type":"Point","coordinates":[122.426396,14.2379141]},"properties":{"Category":"Institutional (INT)","SubCategor":"School","Name":"Francisco V. Aler Elementary School","Municipali":"Capalonga"}},{"type":"Feature","geometry":{"type":"Point","coordinates":[122.426428,14.2372722]},"properties":{"Category":"Institutional (INT)","SubCategor":"Barangay Hall","Name":"Villa Belen Barangay Hall","Municipali":"Capalonga"}},{"type":"Feature","geometry":{"type":"Point","coordinates":[122.426469,14.237206]},"properties":{"Category":"Institutional (INT)","SubCategor":"Plaza","Name":"Plaza","Municipali":"Capalonga"}},{"type":"Feature","geometry":{"type":"Point","coordinates":[122.915949,14.4491399]},"properties":{"Category":"Institutional (INT)","SubCategor":"Chapel","Name":"Chapel","Municipali":"Vinzons"}},{"type":"Feature","geometry":{"type":"Point","coordinates":[122.912876,14.4491501]},"properties":{"Category":"Institutional (INT)","SubCategor":"School","Name":"Pinagtigasan Elementary School","Municipali":"Vinzons"}},{"type":"Feature","geometry":{"type":"Point","coordinates":[122.914368,14.4500961]},"properties":{"Category":"Institutional (INT)","SubCategor":"Health Center/Station","Name":"Health Center","Municipali":"Vinzons"}},{"type":"Feature","geometry":{"type":"Point","coordinates":[122.91459,14.4500299]},"properties":{"Category":"Institutional (INT)","SubCategor":"Barangay Hall","Name":"Pinagtigasan Barangay Hall","Municipali":"Vinzons"}},{"type":"Feature","geometry":{"type":"Point","coordinates":[122.883366,14.1648093]},"properties":{"Category":"Institutional (INT)","SubCategor":"Chapel","Name":"San Isidro Labrador Chapel","Municipali":"Vinzons"}},{"type":"Feature","geometry":{"type":"Point","coordinates":[122.875852,14.162267]},"properties":{"Category":"Institutional (INT)","SubCategor":"Barangay Hall","Name":"Guinacutan Barangay Hall","Municipali":"Vinzons"}},{"type":"Feature","geometry":{"type":"Point","coordinates":[122.86737,14.1590922]},"properties":{"Category":"Institutional (INT)","SubCategor":"Church","Name":"City of Praise for Asia","Municipali":"Vinzons"}},{"type":"Feature","geometry":{"type":"Point","coordinates":[122.875799,14.1630233]},"properties":{"Category":"Institutional (INT)","SubCategor":"School","Name":"Sarah Jane Ferrer High School","Municipali":"Vinzons"}},{"type":"Feature","geometry":{"type":"Point","coordinates":[122.876192,14.1631036]},"properties":{"Category":"Institutional (INT)","SubCategor":"Health Center/Station","Name":"Barangay Health Center","Municipali":"Vinzons"}},{"type":"Feature","geometry":{"type":"Point","coordinates":[122.876008,14.1630547]},"properties":{"Category":"Institutional (INT)","SubCategor":"Chapel","Name":"Chapel","Municipali":"Vinzons"}},{"type":"Feature","geometry":{"type":"Point","coordinates":[122.868379,14.1601182]},"properties":{"Category":"Institutional (INT)","SubCategor":"School","Name":"Guinacutan Elementary School","Municipali":"Vinzons"}},{"type":"Feature","geometry":{"type":"Point","coordinates":[122.874738,14.1745302]},"properties":{"Category":"Institutional (INT)","SubCategor":"Church","Name":"Iglesia Ni Cristo","Municipali":"Vinzons"}},{"type":"Feature","geometry":{"type":"Point","coordinates":[122.879055,14.1765916]},"properties":{"Category":"Institutional (INT)","SubCategor":"School","Name":"Gorgonio Elementary School","Municipali":"Vinzons"}},{"type":"Feature","geometry":{"type":"Point","coordinates":[122.880118,14.1780146]},"properties":{"Category":"Institutional (INT)","SubCategor":"Chapel","Name":"Napilihan Chapel","Municipali":"Vinzons"}},{"type":"Feature","geometry":{"type":"Point","coordinates":[122.880659,14.178279]},"properties":{"Category":"Institutional (INT)","SubCategor":"Barangay Hall","Name":"Napilihan Barangay Hall","Municipali":"Vinzons"}},{"type":"Feature","geometry":{"type":"Point","coordinates":[122.880527,14.1781355]},"properties":{"Category":"Institutional (INT)","SubCategor":"Health Center/Station","Name":"Health Center","Municipali":"Vinzons"}},{"type":"Feature","geometry":{"type":"Point","coordinates":[122.876324,14.1393142]},"properties":{"Category":"Institutional (INT)","SubCategor":"Chapel","Name":"Chapel","Municipali":"Vinzons"}},{"type":"Feature","geometry":{"type":"Point","coordinates":[122.883745,14.1401881]},"properties":{"Category":"Institutional (INT)","SubCategor":"Health Center/Station","Name":"Health Center","Municipali":"Vinzons"}},{"type":"Feature","geometry":{"type":"Point","coordinates":[122.884122,14.140812]},"properties":{"Category":"Institutional (INT)","SubCategor":"Barangay Hall","Name":"Sto. Domingo Barangay Hall","Municipali":"Vinzons"}},{"type":"Feature","geometry":{"type":"Point","coordinates":[122.884228,14.1406397]},"properties":{"Category":"Institutional (INT)","SubCategor":"Pharmacy/ Drug Store","Name":"Botika ng Barangay","Municipali":"Vinzons"}},{"type":"Feature","geometry":{"type":"Point","coordinates":[122.884307,14.1398934]},"properties":{"Category":"Institutional (INT)","SubCategor":"Church","Name":"Jesus Nazarene Christian Ministries","Municipali":"Vinzons"}},{"type":"Feature","geometry":{"type":"Point","coordinates":[122.884444,14.1390237]},"properties":{"Category":"Institutional (INT)","SubCategor":"School","Name":"D.Q. Liwag National High School","Municipali":"Vinzons"}},{"type":"Feature","geometry":{"type":"Point","coordinates":[122.885687,14.1498083]},"properties":{"Category":"Institutional (INT)","SubCategor":"Chapel","Name":"Old Chapel","Municipali":"Vinzons"}},{"type":"Feature","geometry":{"type":"Point","coordinates":[122.885688,14.1417691]},"properties":{"Category":"Institutional (INT)","SubCategor":"School","Name":"Paaralang Elementarya ng Sto. Domingo","Municipali":"Vinzons"}},{"type":"Feature","geometry":{"type":"Point","coordinates":[122.885215,14.1413953]},"properties":{"Category":"Institutional (INT)","SubCategor":"Chapel","Name":"Chapel","Municipali":"Vinzons"}},{"type":"Feature","geometry":{"type":"Point","coordinates":[122.898709,14.1504062]},"properties":{"Category":"Institutional (INT)","SubCategor":"Chapel","Name":"Chapel","Municipali":"Vinzons"}},{"type":"Feature","geometry":{"type":"Point","coordinates":[122.898667,14.1533284]},"properties":{"Category":"Institutional (INT)","SubCategor":"School","Name":"M. Guinto Elementary School","Municipali":"Vinzons"}},{"type":"Feature","geometry":{"type":"Point","coordinates":[122.895812,14.1460338]},"properties":{"Category":"Institutional (INT)","SubCategor":"Health Center/Station","Name":"Health Center","Municipali":"Vinzons"}},{"type":"Feature","geometry":{"type":"Point","coordinates":[122.870716,14.2228271]},"properties":{"Category":"Institutional (INT)","SubCategor":"School","Name":"Matango National High School","Municipali":"Vinzons"}},{"type":"Feature","geometry":{"type":"Point","coordinates":[122.867628,14.2245097]},"properties":{"Category":"Institutional (INT)","SubCategor":"School","Name":"Matango Elementary School","Municipali":"Vinzons"}},{"type":"Feature","geometry":{"type":"Point","coordinates":[122.867352,14.2238186]},"properties":{"Category":"Institutional (INT)","SubCategor":"Chapel","Name":"Matango Chapel","Municipali":"Vinzons"}},{"type":"Feature","geometry":{"type":"Point","coordinates":[122.865505,14.228624]},"properties":{"Category":"Institutional (INT)","SubCategor":"Chapel","Name":"Chapel","Municipali":"Vinzons"}},{"type":"Feature","geometry":{"type":"Point","coordinates":[122.859938,14.2499971]},"properties":{"Category":"Institutional (INT)","SubCategor":"Chapel","Name":"Chapel","Municipali":"Vinzons"}},{"type":"Feature","geometry":{"type":"Point","coordinates":[122.859834,14.2501872]},"properties":{"Category":"Institutional (INT)","SubCategor":"Barangay Hall","Name":"Manlucugan Barangay Hall","Municipali":"Vinzons"}},{"type":"Feature","geometry":{"type":"Point","coordinates":[122.859173,14.2501104]},"properties":{"Category":"Institutional (INT)","SubCategor":"School","Name":"Don Miguel Elementary School","Municipali":"Vinzons"}},{"type":"Feature","geometry":{"type":"Point","coordinates":[122.902788,14.2224924]},"properties":{"Category":"Institutional (INT)","SubCategor":"School","Name":"Sabang National High School","Municipali":"Vinzons"}},{"type":"Feature","geometry":{"type":"Point","coordinates":[122.906749,14.2209977]},"properties":{"Category":"Institutional (INT)","SubCategor":"Chapel","Name":"Chapel","Municipali":"Vinzons"}},{"type":"Feature","geometry":{"type":"Point","coordinates":[122.910688,14.2200952]},"properties":{"Category":"Institutional (INT)","SubCategor":"School","Name":"Sabang Elementary School","Municipali":"Vinzons"}},{"type":"Feature","geometry":{"type":"Point","coordinates":[122.911254,14.2196891]},"properties":{"Category":"Institutional (INT)","SubCategor":"Barangay Hall","Name":"Sabang Barangay Hall","Municipali":"Vinzons"}},{"type":"Feature","geometry":{"type":"Point","coordinates":[122.911183,14.2195778]},"properties":{"Category":"Institutional (INT)","SubCategor":"Health Center/Station","Name":"Health Center","Municipali":"Vinzons"}},{"type":"Feature","geometry":{"type":"Point","coordinates":[122.911343,14.219834]},"properties":{"Category":"Institutional (INT)","SubCategor":"Church","Name":"Church","Municipali":"Vinzons"}},{"type":"Feature","geometry":{"type":"Point","coordinates":[122.911984,14.2189952]},"properties":{"Category":"Institutional (INT)","SubCategor":"Chapel","Name":"Chapel","Municipali":"Vinzons"}},{"type":"Feature","geometry":{"type":"Point","coordinates":[122.86741,14.198847]},"properties":{"Category":"Institutional (INT)","SubCategor":"School","Name":"G. Jardin Elementary School","Municipali":"Vinzons"}},{"type":"Feature","geometry":{"type":"Point","coordinates":[122.867589,14.2041553]},"properties":{"Category":"Institutional (INT)","SubCategor":"Barangay Hall","Name":"Singi Barangay Hall","Municipali":"Vinzons"}},{"type":"Feature","geometry":{"type":"Point","coordinates":[122.867523,14.2041139]},"properties":{"Category":"Institutional (INT)","SubCategor":"Health Center/Station","Name":"Health Center","Municipali":"Vinzons"}},{"type":"Feature","geometry":{"type":"Point","coordinates":[122.918386,14.2180173]},"properties":{"Category":"Institutional (INT)","SubCategor":"Barangay Hall","Name":"Sula Barangay Hall","Municipali":"Vinzons"}},{"type":"Feature","geometry":{"type":"Point","coordinates":[122.918643,14.2182949]},"properties":{"Category":"Institutional (INT)","SubCategor":"Chapel","Name":"Chapel","Municipali":"Vinzons"}},{"type":"Feature","geometry":{"type":"Point","coordinates":[122.918019,14.2165091]},"properties":{"Category":"Institutional (INT)","SubCategor":"School","Name":"Sula Elementary School","Municipali":"Vinzons"}},{"type":"Feature","geometry":{"type":"Point","coordinates":[122.929703,14.1966447]},"properties":{"Category":"Institutional (INT)","SubCategor":"Chapel","Name":"Chapel","Municipali":"Vinzons"}},{"type":"Feature","geometry":{"type":"Point","coordinates":[122.908262,14.1737049]},"properties":{"Category":"Institutional (INT)","SubCategor":"Pharmacy/ Drug Store","Name":"The Generics Pharmacy","Municipali":"Vinzons"}},{"type":"Feature","geometry":{"type":"Point","coordinates":[122.9093,14.1737185]},"properties":{"Category":"Institutional (INT)","SubCategor":"School","Name":"Vinzons Pilot High School","Municipali":"Vinzons"}},{"type":"Feature","geometry":{"type":"Point","coordinates":[122.909032,14.1757316]},"properties":{"Category":"Institutional (INT)","SubCategor":"School","Name":"Vinzons Pilot Elementary School","Municipali":"Vinzons"}},{"type":"Feature","geometry":{"type":"Point","coordinates":[122.90688,14.1766031]},"properties":{"Category":"Institutional (INT)","SubCategor":"Barangay Hall","Name":"Poblacion I Barangay Hall","Municipali":"Vinzons"}},{"type":"Feature","geometry":{"type":"Point","coordinates":[122.907463,14.1740869]},"properties":{"Category":"Institutional (INT)","SubCategor":"Barangay Hall","Name":"Poblacion II Barangay Hall","Municipali":"Vinzons"}},{"type":"Feature","geometry":{"type":"Point","coordinates":[122.909988,14.1699784]},"properties":{"Category":"Institutional (INT)","SubCategor":"Church","Name":"Iglesia Ni Cristo","Municipali":"Vinzons"}},{"type":"Feature","geometry":{"type":"Point","coordinates":[122.90864,14.1696789]},"properties":{"Category":"Institutional (INT)","SubCategor":"Chapel","Name":"San Lorenzo Ruiz Chapel","Municipali":"Vinzons"}},{"type":"Feature","geometry":{"type":"Point","coordinates":[122.906747,14.1727184]},"properties":{"Category":"Institutional (INT)","SubCategor":"Church","Name":"St. Peter Church","Municipali":"Vinzons"}},{"type":"Feature","geometry":{"type":"Point","coordinates":[122.907208,14.1733318]},"properties":{"Category":"Institutional (INT)","SubCategor":"Police Station","Name":"Police Station","Municipali":"Vinzons"}},{"type":"Feature","geometry":{"type":"Point","coordinates":[122.906997,14.1735723]},"properties":{"Category":"Institutional (INT)","SubCategor":"Health Center/Station","Name":"Health Center","Municipali":"Vinzons"}},{"type":"Feature","geometry":{"type":"Point","coordinates":[122.90811,14.1740448]},"properties":{"Category":"Commercial-2 (C-2)","SubCategor":"Market","Name":"Public Market","Municipali":"Vinzons"}},{"type":"Feature","geometry":{"type":"Point","coordinates":[122.906673,14.1732984]},"properties":{"Category":"Institutional (INT)","SubCategor":"Plaza","Name":"Town Plaza","Municipali":"Vinzons"}},{"type":"Feature","geometry":{"type":"Point","coordinates":[122.907736,14.1738957]},"properties":{"Category":"Institutional (INT)","SubCategor":"Municipal Hall","Name":"Vinzons Municipal Hall","Municipali":"Vinzons"}},{"type":"Feature","geometry":{"type":"Point","coordinates":[122.903107,14.1762398]},"properties":{"Category":"Institutional (INT)","SubCategor":"Barangay Hall","Name":"Poblacion III Barangay Hall","Municipali":"Vinzons"}},{"type":"Feature","geometry":{"type":"Point","coordinates":[122.905986,14.1727166]},"properties":{"Category":"Institutional (INT)","SubCategor":"School","Name":"Vinzons Parochial Elementary School","Municipali":"Vinzons"}},{"type":"Feature","geometry":{"type":"Point","coordinates":[122.889029,14.2090898]},"properties":{"Category":"Institutional (INT)","SubCategor":"Barangay Hall","Name":"Cagbalogo Barangay Hall","Municipali":"Vinzons"}},{"type":"Feature","geometry":{"type":"Point","coordinates":[122.889108,14.2091889]},"properties":{"Category":"Institutional (INT)","SubCategor":"Health Center/Station","Name":"Health Center","Municipali":"Vinzons"}},{"type":"Feature","geometry":{"type":"Point","coordinates":[122.891046,14.2107289]},"properties":{"Category":"Institutional (INT)","SubCategor":"Chapel","Name":"Cagbalogo Chapel","Municipali":"Vinzons"}},{"type":"Feature","geometry":{"type":"Point","coordinates":[122.890677,14.2101245]},"properties":{"Category":"Institutional (INT)","SubCategor":"School","Name":"Cagbalogo Elementary School","Municipali":"Vinzons"}},{"type":"Feature","geometry":{"type":"Point","coordinates":[122.874213,14.2466783]},"properties":{"Category":"Institutional (INT)","SubCategor":"Barangay Hall","Name":"Aguit-it Barangay Hall","Municipali":"Vinzons"}},{"type":"Feature","geometry":{"type":"Point","coordinates":[122.873893,14.2472341]},"properties":{"Category":"Institutional (INT)","SubCategor":"Chapel","Name":"Chapel","Municipali":"Vinzons"}},{"type":"Feature","geometry":{"type":"Point","coordinates":[122.873358,14.2467179]},"properties":{"Category":"Institutional (INT)","SubCategor":"School","Name":"Aguit-it Elementary School","Municipali":"Vinzons"}},{"type":"Feature","geometry":{"type":"Point","coordinates":[122.919181,14.1822432]},"properties":{"Category":"Institutional (INT)","SubCategor":"School","Name":"Calangcawan Norte Elementary School","Municipali":"Vinzons"}},{"type":"Feature","geometry":{"type":"Point","coordinates":[122.91187,14.1760685]},"properties":{"Category":"Institutional (INT)","SubCategor":"Church","Name":"Seventh-Day Adventist Church","Municipali":"Vinzons"}},{"type":"Feature","geometry":{"type":"Point","coordinates":[122.918179,14.1786401]},"properties":{"Category":"Institutional (INT)","SubCategor":"Barangay Hall","Name":"Calangcawan Norte Barangay Hall","Municipali":"Vinzons"}},{"type":"Feature","geometry":{"type":"Point","coordinates":[122.919147,14.183959]},"properties":{"Category":"Institutional (INT)","SubCategor":"Chapel","Name":"Chapel","Municipali":"Vinzons"}},{"type":"Feature","geometry":{"type":"Point","coordinates":[122.907353,14.1814228]},"properties":{"Category":"Institutional (INT)","SubCategor":"Chapel","Name":"Penafrancia Chapel","Municipali":"Vinzons"}},{"type":"Feature","geometry":{"type":"Point","coordinates":[122.921749,14.1697672]},"properties":{"Category":"Institutional (INT)","SubCategor":"Barangay Hall","Name":"Calangcawan Sur Barangay Hall","Municipali":"Vinzons"}},{"type":"Feature","geometry":{"type":"Point","coordinates":[122.922537,14.1701339]},"properties":{"Category":"Institutional (INT)","SubCategor":"Health Center/Station","Name":"Health Center","Municipali":"Vinzons"}},{"type":"Feature","geometry":{"type":"Point","coordinates":[122.92345,14.1691905]},"properties":{"Category":"Institutional (INT)","SubCategor":"School","Name":"Calangcawan Sur Elementary School","Municipali":"Vinzons"}},{"type":"Feature","geometry":{"type":"Point","coordinates":[122.925761,14.1680657]},"properties":{"Category":"Institutional (INT)","SubCategor":"Chapel","Name":"Bliss Chapel","Municipali":"Vinzons"}},{"type":"Feature","geometry":{"type":"Point","coordinates":[122.927571,14.1728323]},"properties":{"Category":"Institutional (INT)","SubCategor":"Chapel","Name":"Chapel","Municipali":"Vinzons"}},{"type":"Feature","geometry":{"type":"Point","coordinates":[122.937692,14.1754665]},"properties":{"Category":"Institutional (INT)","SubCategor":"Chapel","Name":"Chapel","Municipali":"Vinzons"}},{"type":"Feature","geometry":{"type":"Point","coordinates":[122.91465,14.1700581]},"properties":{"Category":"Institutional (INT)","SubCategor":"Church","Name":"IRM - Hope of Glory Evangelical Church","Municipali":"Vinzons"}},{"type":"Feature","geometry":{"type":"Point","coordinates":[122.914699,14.1663429]},"properties":{"Category":"Institutional (INT)","SubCategor":"Chapel","Name":"Divine Mercy Chapel","Municipali":"Vinzons"}},{"type":"Feature","geometry":{"type":"Point","coordinates":[122.913641,14.1679216]},"properties":{"Category":"Institutional (INT)","SubCategor":"School","Name":"Vinzons Christian Academy","Municipali":"Vinzons"}},{"type":"Feature","geometry":{"type":"Point","coordinates":[122.91386,14.1680133]},"properties":{"Category":"Institutional (INT)","SubCategor":"Church","Name":"Baptist Church","Municipali":"Vinzons"}},{"type":"Feature","geometry":{"type":"Point","coordinates":[122.910907,14.1671369]},"properties":{"Category":"Institutional (INT)","SubCategor":"Church","Name":"The Church of the Latter Day Saints","Municipali":"Vinzons"}},{"type":"Feature","geometry":{"type":"Point","coordinates":[122.913105,14.1600415]},"properties":{"Category":"Institutional (INT)","SubCategor":"Chapel","Name":"Chapel","Municipali":"Vinzons"}},{"type":"Feature","geometry":{"type":"Point","coordinates":[122.95439,14.4110146]},"properties":{"Category":"Institutional (INT)","SubCategor":"Health Center/Station","Name":"Banocboc Health Center","Municipali":"Vinzons"}},{"type":"Feature","geometry":{"type":"Point","coordinates":[122.953499,14.4118722]},"properties":{"Category":"Institutional (INT)","SubCategor":"Barangay Hall","Name":"Banocboc Barangay Hall","Municipali":"Vinzons"}},{"type":"Feature","geometry":{"type":"Point","coordinates":[122.953277,14.413199]},"properties":{"Category":"Institutional (INT)","SubCategor":"Chapel","Name":"Dating Daan Chapel","Municipali":"Vinzons"}},{"type":"Feature","geometry":{"type":"Point","coordinates":[122.95437,14.4134732]},"properties":{"Category":"Institutional (INT)","SubCategor":"School","Name":"High School","Municipali":"Vinzons"}},{"type":"Feature","geometry":{"type":"Point","coordinates":[122.953809,14.4121613]},"properties":{"Category":"Institutional (INT)","SubCategor":"Chapel","Name":"Chapel","Municipali":"Vinzons"}},{"type":"Feature","geometry":{"type":"Point","coordinates":[122.953254,14.4126486]},"properties":{"Category":"Institutional (INT)","SubCategor":"School","Name":"Banocboc Elementary School","Municipali":"Vinzons"}},{"type":"Feature","geometry":{"type":"Point","coordinates":[122.970349,14.4130247]},"properties":{"Category":"Institutional (INT)","SubCategor":"Chapel","Name":"Chapel of Biday","Municipali":"Vinzons"}},{"type":"Feature","geometry":{"type":"Point","coordinates":[122.894987,14.1870999]},"properties":{"Category":"Institutional (INT)","SubCategor":"School","Name":"Mangcayo Elementary School","Municipali":"Vinzons"}},{"type":"Feature","geometry":{"type":"Point","coordinates":[122.89545,14.1891488]},"properties":{"Category":"Institutional (INT)","SubCategor":"Barangay Hall","Name":"Mangcayo Barangay Hall","Municipali":"Vinzons"}},{"type":"Feature","geometry":{"type":"Point","coordinates":[122.895413,14.1893726]},"properties":{"Category":"Institutional (INT)","SubCategor":"Chapel","Name":"Chapel","Municipali":"Vinzons"}},{"type":"Feature","geometry":{"type":"Point","coordinates":[122.895316,14.1890505]},"properties":{"Category":"Institutional (INT)","SubCategor":"Health Center/Station","Name":"Health Center","Municipali":"Vinzons"}},{"type":"Feature","geometry":{"type":"Point","coordinates":[122.94789,14.4767601]},"properties":{"Category":"Institutional (INT)","SubCategor":"School","Name":"Mangcawayan Elementary School","Municipali":"Vinzons"}},{"type":"Feature","geometry":{"type":"Point","coordinates":[122.947813,14.4746225]},"properties":{"Category":"Institutional (INT)","SubCategor":"Health Center/Station","Name":"Health Center","Municipali":"Vinzons"}},{"type":"Feature","geometry":{"type":"Point","coordinates":[122.947799,14.4759382]},"properties":{"Category":"Institutional (INT)","SubCategor":"Barangay Hall","Name":"Mangcawayan Barangay Hall","Municipali":"Vinzons"}},{"type":"Feature","geometry":{"type":"Point","coordinates":[122.947306,14.4764381]},"properties":{"Category":"Institutional (INT)","SubCategor":"Chapel","Name":"Chapel","Municipali":"Vinzons"}},{"type":"Feature","geometry":{"type":"Point","coordinates":[122.947404,14.4758604]},"properties":{"Category":"Institutional (INT)","SubCategor":"Church","Name":"United Pentecostal Church","Municipali":"Vinzons"}},{"type":"Feature","geometry":{"type":"Point","coordinates":[122.868758,14.2234067]},"properties":{"Category":"Institutional (INT)","SubCategor":"Barangay Hall","Name":"Matango Barangay Hall","Municipali":"Vinzons"}},{"type":"Feature","geometry":{"type":"Point","coordinates":[122.868739,14.2233359]},"properties":{"Category":"Institutional (INT)","SubCategor":"Health Center/Station","Name":"Health Center","Municipali":"Vinzons"}},{"type":"Feature","geometry":{"type":"Point","coordinates":[122.911361,14.2193645]},"properties":{"Category":"Institutional (INT)","SubCategor":"Church","Name":"Church","Municipali":"Vinzons"}},{"type":"Feature","geometry":{"type":"Point","coordinates":[122.868351,14.2037268]},"properties":{"Category":"Institutional (INT)","SubCategor":"Chapel","Name":"Chapel","Municipali":"Vinzons"}},{"type":"Feature","geometry":{"type":"Point","coordinates":[122.907683,14.1726028]},"properties":{"Category":"Institutional (INT)","SubCategor":"School","Name":"St. Peter Kiddie School","Municipali":"Vinzons"}},{"type":"Feature","geometry":{"type":"Point","coordinates":[122.903125,14.1771928]},"properties":{"Category":"Institutional (INT)","SubCategor":"Chapel","Name":"San Roque Chapel","Municipali":"Vinzons"}},{"type":"Feature","geometry":{"type":"Point","coordinates":[122.911961,14.1275541]},"properties":{"Category":"Institutional (INT)","SubCategor":"Barangay Hall","Name":"Gabon Barangay Hall","Municipali":"Talisay"}},{"type":"Feature","geometry":{"type":"Point","coordinates":[122.911984,14.1277997]},"properties":{"Category":"Institutional (INT)","SubCategor":"Chapel","Name":"St. Fatima Chapel","Municipali":"Talisay"}},{"type":"Feature","geometry":{"type":"Point","coordinates":[122.925269,14.1300996]},"properties":{"Category":"Institutional (INT)","SubCategor":"Barangay Hall","Name":"Calintaan Barangay Hall","Municipali":"Talisay"}},{"type":"Feature","geometry":{"type":"Point","coordinates":[122.92521,14.1301195]},"properties":{"Category":"Institutional (INT)","SubCategor":"Health Center/Station","Name":"Health Center","Municipali":"Talisay"}},{"type":"Feature","geometry":{"type":"Point","coordinates":[122.911962,14.1191028]},"properties":{"Category":"Institutional (INT)","SubCategor":"Chapel","Name":"San Roque Chapel","Municipali":"Talisay"}},{"type":"Feature","geometry":{"type":"Point","coordinates":[122.898576,14.1408383]},"properties":{"Category":"Institutional (INT)","SubCategor":"School","Name":"San Isidro Elementary School","Municipali":"Talisay"}},{"type":"Feature","geometry":{"type":"Point","coordinates":[122.897129,14.1413919]},"properties":{"Category":"Institutional (INT)","SubCategor":"Church","Name":"Iglesia Ni Cristo Church","Municipali":"Talisay"}},{"type":"Feature","geometry":{"type":"Point","coordinates":[122.904642,14.1403356]},"properties":{"Category":"Institutional (INT)","SubCategor":"Chapel","Name":"San Isidro Chapel","Municipali":"Talisay"}},{"type":"Feature","geometry":{"type":"Point","coordinates":[122.906458,14.1398767]},"properties":{"Category":"Institutional (INT)","SubCategor":"Barangay Hall","Name":"San Isidro Barangay Hall","Municipali":"Talisay"}},{"type":"Feature","geometry":{"type":"Point","coordinates":[122.906344,14.1398663]},"properties":{"Category":"Institutional (INT)","SubCategor":"Health Center/Station","Name":"Health Center","Municipali":"Talisay"}},{"type":"Feature","geometry":{"type":"Point","coordinates":[122.901796,14.1414445]},"properties":{"Category":"Institutional (INT)","SubCategor":"Church","Name":"Buenavista Evangelical Church","Municipali":"Talisay"}},{"type":"Feature","geometry":{"type":"Point","coordinates":[122.898015,14.1313909]},"properties":{"Category":"Institutional (INT)","SubCategor":"Chapel","Name":"San Roque Chapel","Municipali":"Talisay"}},{"type":"Feature","geometry":{"type":"Point","coordinates":[122.897831,14.1307246]},"properties":{"Category":"Institutional (INT)","SubCategor":"Barangay Hall","Name":"Caawigan Barangay Hall","Municipali":"Talisay"}},{"type":"Feature","geometry":{"type":"Point","coordinates":[122.893642,14.1213195]},"properties":{"Category":"Institutional (INT)","SubCategor":"School","Name":"Sta. Cruz Elementary School","Municipali":"Talisay"}},{"type":"Feature","geometry":{"type":"Point","coordinates":[122.892347,14.1211293]},"properties":{"Category":"Institutional (INT)","SubCategor":"School","Name":"Gonzales Ascutia Highschool","Municipali":"Talisay"}},{"type":"Feature","geometry":{"type":"Point","coordinates":[122.892877,14.1208983]},"properties":{"Category":"Institutional (INT)","SubCategor":"Chapel","Name":"Sta. Cruz Chapel","Municipali":"Talisay"}},{"type":"Feature","geometry":{"type":"Point","coordinates":[122.89282,14.1207246]},"properties":{"Category":"Institutional (INT)","SubCategor":"Barangay Hall","Name":"Sta. Cruz Barangay Hall","Municipali":"Talisay"}},{"type":"Feature","geometry":{"type":"Point","coordinates":[122.893399,14.1207496]},"properties":{"Category":"Institutional (INT)","SubCategor":"Health Center/Station","Name":"Health Center","Municipali":"Talisay"}},{"type":"Feature","geometry":{"type":"Point","coordinates":[122.916132,14.1190501]},"properties":{"Category":"Institutional (INT)","SubCategor":"School","Name":"Cahabaan Elementary School","Municipali":"Talisay"}},{"type":"Feature","geometry":{"type":"Point","coordinates":[122.91396,14.1189445]},"properties":{"Category":"Institutional (INT)","SubCategor":"Barangay Hall","Name":"Cahabaan Barangay Hall","Municipali":"Talisay"}},{"type":"Feature","geometry":{"type":"Point","coordinates":[122.914106,14.1189035]},"properties":{"Category":"Institutional (INT)","SubCategor":"Health Center/Station","Name":"Health Center","Municipali":"Talisay"}},{"type":"Feature","geometry":{"type":"Point","coordinates":[122.918802,14.1177866]},"properties":{"Category":"Institutional (INT)","SubCategor":"School","Name":"Lazaro Cabezudo Highschool","Municipali":"Talisay"}},{"type":"Feature","geometry":{"type":"Point","coordinates":[122.92692,14.1326952]},"properties":{"Category":"Institutional (INT)","SubCategor":"Church","Name":"Glorious Church","Municipali":"Talisay"}},{"type":"Feature","geometry":{"type":"Point","coordinates":[122.937978,14.1247405]},"properties":{"Category":"Institutional (INT)","SubCategor":"Barangay Hall","Name":"Itomang Barangay Hall","Municipali":"Talisay"}},{"type":"Feature","geometry":{"type":"Point","coordinates":[122.937766,14.1256912]},"properties":{"Category":"Institutional (INT)","SubCategor":"Chapel","Name":"San Roque Chapel","Municipali":"Talisay"}},{"type":"Feature","geometry":{"type":"Point","coordinates":[122.936857,14.1272333]},"properties":{"Category":"Institutional (INT)","SubCategor":"National Government Agency","Name":"Highway Patrol Group","Municipali":"Talisay"}},{"type":"Feature","geometry":{"type":"Point","coordinates":[122.934339,14.128793]},"properties":{"Category":"Institutional (INT)","SubCategor":"School","Name":"Camarines Norte School of Law","Municipali":"Talisay"}},{"type":"Feature","geometry":{"type":"Point","coordinates":[122.937895,14.1258025]},"properties":{"Category":"Institutional (INT)","SubCategor":"Health Center/Station","Name":"Barangay Health Station","Municipali":"Talisay"}},{"type":"Feature","geometry":{"type":"Point","coordinates":[122.940919,14.1378017]},"properties":{"Category":"Institutional (INT)","SubCategor":"Chapel","Name":"San Isidro Chapel","Municipali":"Talisay"}},{"type":"Feature","geometry":{"type":"Point","coordinates":[122.939381,14.1260869]},"properties":{"Category":"Institutional (INT)","SubCategor":"Chapel","Name":"San Isidro Chapel","Municipali":"Talisay"}},{"type":"Feature","geometry":{"type":"Point","coordinates":[122.936538,14.1283548]},"properties":{"Category":"Institutional (INT)","SubCategor":"School","Name":"F. David Elementary School","Municipali":"Talisay"}},{"type":"Feature","geometry":{"type":"Point","coordinates":[122.928575,14.1329236]},"properties":{"Category":"Institutional (INT)","SubCategor":"Church","Name":"Iglesia Ni Cristo","Municipali":"Talisay"}},{"type":"Feature","geometry":{"type":"Point","coordinates":[122.941339,14.1379822]},"properties":{"Category":"Institutional (INT)","SubCategor":"Barangay Hall","Name":"Binanuaan Barangay Hall","Municipali":"Talisay"}},{"type":"Feature","geometry":{"type":"Point","coordinates":[122.919019,14.152104]},"properties":{"Category":"Institutional (INT)","SubCategor":"Chapel","Name":"San Isidro Chapel","Municipali":"Talisay"}},{"type":"Feature","geometry":{"type":"Point","coordinates":[122.918726,14.1476369]},"properties":{"Category":"Institutional (INT)","SubCategor":"Chapel","Name":"Sto. Niño Chapel","Municipali":"Talisay"}},{"type":"Feature","geometry":{"type":"Point","coordinates":[122.917511,14.1465181]},"properties":{"Category":"Institutional (INT)","SubCategor":"Barangay Hall","Name":"Sto. Nino Barangay Hall","Municipali":"Talisay"}},{"type":"Feature","geometry":{"type":"Point","coordinates":[122.931046,14.160602]},"properties":{"Category":"Institutional (INT)","SubCategor":"School","Name":"Sta. Elena Elementary School","Municipali":"Talisay"}},{"type":"Feature","geometry":{"type":"Point","coordinates":[122.935619,14.1594956]},"properties":{"Category":"Institutional (INT)","SubCategor":"Barangay Hall","Name":"Sta. Elena Barangay Hall","Municipali":"Talisay"}},{"type":"Feature","geometry":{"type":"Point","coordinates":[122.935565,14.1599013]},"properties":{"Category":"Institutional (INT)","SubCategor":"Chapel","Name":"Sta. Elena Chapel","Municipali":"Talisay"}},{"type":"Feature","geometry":{"type":"Point","coordinates":[122.928323,14.1414684]},"properties":{"Category":"Institutional (INT)","SubCategor":"Barangay Hall","Name":"San Francisco Barangay Hall","Municipali":"Talisay"}},{"type":"Feature","geometry":{"type":"Point","coordinates":[122.931461,14.1427895]},"properties":{"Category":"Institutional (INT)","SubCategor":"Chapel","Name":"San Francisco Chapel","Municipali":"Talisay"}},{"type":"Feature","geometry":{"type":"Point","coordinates":[122.933003,14.1432168]},"properties":{"Category":"Institutional (INT)","SubCategor":"School","Name":"Zantua Abordo Elementary School","Municipali":"Talisay"}},{"type":"Feature","geometry":{"type":"Point","coordinates":[122.932822,14.1430652]},"properties":{"Category":"Institutional (INT)","SubCategor":"Chapel","Name":"Sto. Nino Chapel","Municipali":"Talisay"}},{"type":"Feature","geometry":{"type":"Point","coordinates":[122.943948,14.1446784]},"properties":{"Category":"Institutional (INT)","SubCategor":"School","Name":"San Francisco National Highschool","Municipali":"Talisay"}},{"type":"Feature","geometry":{"type":"Point","coordinates":[122.911306,14.1286479]},"properties":{"Category":"Institutional (INT)","SubCategor":"School","Name":"Gabon Elementary School","Municipali":"Talisay"}},{"type":"Feature","geometry":{"type":"Point","coordinates":[122.923812,14.1342809]},"properties":{"Category":"Institutional (INT)","SubCategor":"School","Name":"Talisay Elementary School","Municipali":"Talisay"}},{"type":"Feature","geometry":{"type":"Point","coordinates":[122.92478,14.135132]},"properties":{"Category":"Institutional (INT)","SubCategor":"Health Center/Station","Name":"RHU / Lying in Clinic","Municipali":"Talisay"}},{"type":"Feature","geometry":{"type":"Point","coordinates":[122.924449,14.1356661]},"properties":{"Category":"Institutional (INT)","SubCategor":"Municipal Hall","Name":"Talisay Municipal Hall","Municipali":"Talisay"}},{"type":"Feature","geometry":{"type":"Point","coordinates":[122.925169,14.1365665]},"properties":{"Category":"Institutional (INT)","SubCategor":"School","Name":"Magsaysay Elementary School","Municipali":"Talisay"}},{"type":"Feature","geometry":{"type":"Point","coordinates":[122.923405,14.137291]},"properties":{"Category":"Institutional (INT)","SubCategor":"Church","Name":"The Church of the Latter Day Saints","Municipali":"Talisay"}},{"type":"Feature","geometry":{"type":"Point","coordinates":[122.923667,14.1365791]},"properties":{"Category":"Commercial-2 (C-2)","SubCategor":"Market","Name":"Talisay Public Market","Municipali":"Talisay"}},{"type":"Feature","geometry":{"type":"Point","coordinates":[122.924277,14.1351982]},"properties":{"Category":"Institutional (INT)","SubCategor":"Barangay Hall","Name":"Poblacion Barangay Hall","Municipali":"Talisay"}},{"type":"Feature","geometry":{"type":"Point","coordinates":[122.923757,14.1349587]},"properties":{"Category":"Institutional (INT)","SubCategor":"Plaza","Name":"Talisay Town Plaza","Municipali":"Talisay"}},{"type":"Feature","geometry":{"type":"Point","coordinates":[122.923168,14.1343002]},"properties":{"Category":"Institutional (INT)","SubCategor":"Church","Name":"Saint Francis of Assissi Parish Church","Municipali":"Talisay"}},{"type":"Feature","geometry":{"type":"Point","coordinates":[122.923053,14.1340092]},"properties":{"Category":"Institutional (INT)","SubCategor":"School","Name":"Saint Francis Parochial School","Municipali":"Talisay"}},{"type":"Feature","geometry":{"type":"Point","coordinates":[122.923445,14.136617]},"properties":{"Category":"Institutional (INT)","SubCategor":"Police Station","Name":"Talisay Municipal Police Station","Municipali":"Talisay"}},{"type":"Feature","geometry":{"type":"Point","coordinates":[122.944531,14.1652524]},"properties":{"Category":"Institutional (INT)","SubCategor":"Barangay Hall","Name":"Del Carmen Barangay Hall","Municipali":"Talisay"}},{"type":"Feature","geometry":{"type":"Point","coordinates":[122.94445,14.1651011]},"properties":{"Category":"Institutional (INT)","SubCategor":"Chapel","Name":"Nuestra Senora Del Carmen Chapel","Municipali":"Talisay"}},{"type":"Feature","geometry":{"type":"Point","coordinates":[122.946476,14.1506592]},"properties":{"Category":"Institutional (INT)","SubCategor":"Health Center/Station","Name":"Health Center","Municipali":"Talisay"}},{"type":"Feature","geometry":{"type":"Point","coordinates":[122.947712,14.1550365]},"properties":{"Category":"Institutional (INT)","SubCategor":"Barangay Hall","Name":"San Jose Barangay Hall","Municipali":"Talisay"}},{"type":"Feature","geometry":{"type":"Point","coordinates":[122.947767,14.1549847]},"properties":{"Category":"Institutional (INT)","SubCategor":"Church","Name":"San Jose Evacuation  Area","Municipali":"Talisay"}},{"type":"Feature","geometry":{"type":"Point","coordinates":[122.948762,14.155749]},"properties":{"Category":"Institutional (INT)","SubCategor":"Chapel","Name":"San Jose Chapel","Municipali":"Talisay"}},{"type":"Feature","geometry":{"type":"Point","coordinates":[122.948605,14.1619932]},"properties":{"Category":"Institutional (INT)","SubCategor":"School","Name":"M. Cacho Elementary School","Municipali":"Talisay"}},{"type":"Feature","geometry":{"type":"Point","coordinates":[122.956118,14.1459285]},"properties":{"Category":"Institutional (INT)","SubCategor":"Barangay Hall","Name":"San Nicolas Barangay Hall","Municipali":"Talisay"}},{"type":"Feature","geometry":{"type":"Point","coordinates":[122.956196,14.1459882]},"properties":{"Category":"Institutional (INT)","SubCategor":"Chapel","Name":"San Nicolas Chapel","Municipali":"Talisay"}},{"type":"Feature","geometry":{"type":"Point","coordinates":[122.367377,14.2373376]},"properties":{"Category":"Institutional (INT)","SubCategor":"School","Name":"Salvacion Elementary School","Municipali":"Sta. Elena"}},{"type":"Feature","geometry":{"type":"Point","coordinates":[122.36722,14.23648]},"properties":{"Category":"Institutional (INT)","SubCategor":"Health Center/Station","Name":"Barangay Health Center","Municipali":"Sta. Elena"}},{"type":"Feature","geometry":{"type":"Point","coordinates":[122.393244,14.1812908]},"properties":{"Category":"Institutional (INT)","SubCategor":"Barangay Hall","Name":"Barangay Hall","Municipali":"Sta. Elena"}},{"type":"Feature","geometry":{"type":"Point","coordinates":[122.394524,14.1867342]},"properties":{"Category":"Institutional (INT)","SubCategor":"School","Name":"Maria Aurora Academy","Municipali":"Sta. Elena"}},{"type":"Feature","geometry":{"type":"Point","coordinates":[122.393945,14.1863498]},"properties":{"Category":"Institutional (INT)","SubCategor":"Church","Name":"Iglesia Ni Cristo","Municipali":"Sta. Elena"}},{"type":"Feature","geometry":{"type":"Point","coordinates":[122.394494,14.1854419]},"properties":{"Category":"Institutional (INT)","SubCategor":"Hospital","Name":"Holy Rosary Hospital","Municipali":"Sta. Elena"}},{"type":"Feature","geometry":{"type":"Point","coordinates":[122.3929,14.1852628]},"properties":{"Category":"Commercial-2 (C-2)","SubCategor":"Market","Name":"Sta. Elena Public Market","Municipali":"Sta. Elena"}},{"type":"Feature","geometry":{"type":"Point","coordinates":[122.392213,14.1846147]},"properties":{"Category":"Institutional (INT)","SubCategor":"Health Center/Station","Name":"Health Center","Municipali":"Sta. Elena"}},{"type":"Feature","geometry":{"type":"Point","coordinates":[122.393561,14.1818897]},"properties":{"Category":"Institutional (INT)","SubCategor":"School","Name":"Sta. Elena Elementary School","Municipali":"Sta. Elena"}},{"type":"Feature","geometry":{"type":"Point","coordinates":[122.392552,14.1800831]},"properties":{"Category":"Institutional (INT)","SubCategor":"Fire Station","Name":"Sta. Elena Fire Station","Municipali":"Sta. Elena"}},{"type":"Feature","geometry":{"type":"Point","coordinates":[122.391349,14.1797441]},"properties":{"Category":"Institutional (INT)","SubCategor":"Police Station","Name":"Police Station","Municipali":"Sta. Elena"}},{"type":"Feature","geometry":{"type":"Point","coordinates":[122.39188,14.1737893]},"properties":{"Category":"Institutional (INT)","SubCategor":"School","Name":"Sta. Elena Parochial School","Municipali":"Sta. Elena"}},{"type":"Feature","geometry":{"type":"Point","coordinates":[122.393274,14.1804648]},"properties":{"Category":"Institutional (INT)","SubCategor":"Church","Name":"Catholic Church","Municipali":"Sta. Elena"}},{"type":"Feature","geometry":{"type":"Point","coordinates":[122.372589,14.1938513]},"properties":{"Category":"Institutional (INT)","SubCategor":"School","Name":"P. Sarmiento Elementary School","Municipali":"Sta. Elena"}},{"type":"Feature","geometry":{"type":"Point","coordinates":[122.375657,14.2107107]},"properties":{"Category":"Institutional (INT)","SubCategor":"Health Center/Station","Name":"Barangay Health Center","Municipali":"Sta. Elena"}},{"type":"Feature","geometry":{"type":"Point","coordinates":[122.37607,14.2117177]},"properties":{"Category":"Institutional (INT)","SubCategor":"Church","Name":"Catholic Church","Municipali":"Sta. Elena"}},{"type":"Feature","geometry":{"type":"Point","coordinates":[122.375642,14.212439]},"properties":{"Category":"Institutional (INT)","SubCategor":"School","Name":"Pulongguit-guit Elementary School","Municipali":"Sta. Elena"}},{"type":"Feature","geometry":{"type":"Point","coordinates":[122.359254,14.2112543]},"properties":{"Category":"Institutional (INT)","SubCategor":"Barangay Hall","Name":"Barangay Hall","Municipali":"Sta. Elena"}},{"type":"Feature","geometry":{"type":"Point","coordinates":[122.359369,14.211222]},"properties":{"Category":"Institutional (INT)","SubCategor":"Health Center/Station","Name":"Health Center","Municipali":"Sta. Elena"}},{"type":"Feature","geometry":{"type":"Point","coordinates":[122.354052,14.2137462]},"properties":{"Category":"Institutional (INT)","SubCategor":"School","Name":"R. Oquindo Elementary School","Municipali":"Sta. Elena"}},{"type":"Feature","geometry":{"type":"Point","coordinates":[122.351329,14.2129937]},"properties":{"Category":"Institutional (INT)","SubCategor":"Church","Name":"Iglesia Ni Cristo","Municipali":"Sta. Elena"}},{"type":"Feature","geometry":{"type":"Point","coordinates":[122.348804,14.2117821]},"properties":{"Category":"Institutional (INT)","SubCategor":"Church","Name":"Catholic Church","Municipali":"Sta. Elena"}},{"type":"Feature","geometry":{"type":"Point","coordinates":[122.3928,14.220756]},"properties":{"Category":"Institutional (INT)","SubCategor":"Barangay Hall","Name":"Barangay Hall","Municipali":"Sta. Elena"}},{"type":"Feature","geometry":{"type":"Point","coordinates":[122.392796,14.2207059]},"properties":{"Category":"Institutional (INT)","SubCategor":"Health Center/Station","Name":"Health Center","Municipali":"Sta. Elena"}},{"type":"Feature","geometry":{"type":"Point","coordinates":[122.391937,14.2220614]},"properties":{"Category":"Institutional (INT)","SubCategor":"Church","Name":"Iglesia Ni Cristo","Municipali":"Sta. Elena"}},{"type":"Feature","geometry":{"type":"Point","coordinates":[122.390894,14.2221476]},"properties":{"Category":"Institutional (INT)","SubCategor":"Church","Name":"Parish of Saint Lawrence","Municipali":"Sta. Elena"}},{"type":"Feature","geometry":{"type":"Point","coordinates":[122.395249,14.2185724]},"properties":{"Category":"Institutional (INT)","SubCategor":"School","Name":"M. Hebrado Elementary School","Municipali":"Sta. Elena"}},{"type":"Feature","geometry":{"type":"Point","coordinates":[122.402587,14.1969613]},"properties":{"Category":"Institutional (INT)","SubCategor":"School","Name":"Rizal Elementary School","Municipali":"Sta. Elena"}},{"type":"Feature","geometry":{"type":"Point","coordinates":[122.403522,14.1990142]},"properties":{"Category":"Institutional (INT)","SubCategor":"Barangay Hall","Name":"Barangay Hall","Municipali":"Sta. Elena"}},{"type":"Feature","geometry":{"type":"Point","coordinates":[122.403558,14.198858]},"properties":{"Category":"Institutional (INT)","SubCategor":"Health Center/Station","Name":"Health Center","Municipali":"Sta. Elena"}},{"type":"Feature","geometry":{"type":"Point","coordinates":[122.403762,14.2001347]},"properties":{"Category":"Institutional (INT)","SubCategor":"School","Name":"Rizal National High School","Municipali":"Sta. Elena"}},{"type":"Feature","geometry":{"type":"Point","coordinates":[122.404706,14.1956117]},"properties":{"Category":"Institutional (INT)","SubCategor":"Church","Name":"Nuestra Señora Salvacion Church","Municipali":"Sta. Elena"}},{"type":"Feature","geometry":{"type":"Point","coordinates":[122.423313,14.2053598]},"properties":{"Category":"Institutional (INT)","SubCategor":"Chapel","Name":"Kapilya Sto. Niño","Municipali":"Sta. Elena"}},{"type":"Feature","geometry":{"type":"Point","coordinates":[122.444885,14.1977047]},"properties":{"Category":"Institutional (INT)","SubCategor":"Barangay Hall","Name":"Barangay Hall","Municipali":"Sta. Elena"}},{"type":"Feature","geometry":{"type":"Point","coordinates":[122.444842,14.1977343]},"properties":{"Category":"Institutional (INT)","SubCategor":"Health Center/Station","Name":"Health Center","Municipali":"Sta. Elena"}},{"type":"Feature","geometry":{"type":"Point","coordinates":[122.444455,14.1990457]},"properties":{"Category":"Institutional (INT)","SubCategor":"Church","Name":"Iglesia Ni Cristo","Municipali":"Sta. Elena"}},{"type":"Feature","geometry":{"type":"Point","coordinates":[122.446247,14.1983448]},"properties":{"Category":"Institutional (INT)","SubCategor":"School","Name":"Bulala National High School","Municipali":"Sta. Elena"}},{"type":"Feature","geometry":{"type":"Point","coordinates":[122.442262,14.1993223]},"properties":{"Category":"Institutional (INT)","SubCategor":"School","Name":"Bulala Elementary School","Municipali":"Sta. Elena"}},{"type":"Feature","geometry":{"type":"Point","coordinates":[122.401076,14.1535233]},"properties":{"Category":"Institutional (INT)","SubCategor":"Church","Name":"Catholic Church","Municipali":"Sta. Elena"}},{"type":"Feature","geometry":{"type":"Point","coordinates":[122.400891,14.1533426]},"properties":{"Category":"Institutional (INT)","SubCategor":"Barangay Hall","Name":"Barangay Hall","Municipali":"Sta. Elena"}},{"type":"Feature","geometry":{"type":"Point","coordinates":[122.400689,14.1531286]},"properties":{"Category":"Institutional (INT)","SubCategor":"School","Name":"Villa San Isidro Elementary School","Municipali":"Sta. Elena"}},{"type":"Feature","geometry":{"type":"Point","coordinates":[122.380492,14.1677704]},"properties":{"Category":"Institutional (INT)","SubCategor":"Barangay Hall","Name":"Barangay Hall","Municipali":"Sta. Elena"}},{"type":"Feature","geometry":{"type":"Point","coordinates":[122.380565,14.167816]},"properties":{"Category":"Institutional (INT)","SubCategor":"Health Center/Station","Name":"Health Center","Municipali":"Sta. Elena"}},{"type":"Feature","geometry":{"type":"Point","coordinates":[122.380633,14.1676067]},"properties":{"Category":"Institutional (INT)","SubCategor":"Multipurpose Hall","Name":"Multi-Purpose Hall","Municipali":"Sta. Elena"}},{"type":"Feature","geometry":{"type":"Point","coordinates":[122.380652,14.1647801]},"properties":{"Category":"Institutional (INT)","SubCategor":"School","Name":"Dyaico Elementary School","Municipali":"Sta. Elena"}},{"type":"Feature","geometry":{"type":"Point","coordinates":[122.341219,14.1559764]},"properties":{"Category":"Institutional (INT)","SubCategor":"Barangay Hall","Name":"Barangay Hall","Municipali":"Sta. Elena"}},{"type":"Feature","geometry":{"type":"Point","coordinates":[122.341086,14.1559841]},"properties":{"Category":"Institutional (INT)","SubCategor":"Health Center/Station","Name":"Barangay Health Center","Municipali":"Sta. Elena"}},{"type":"Feature","geometry":{"type":"Point","coordinates":[122.341349,14.1560331]},"properties":{"Category":"Institutional (INT)","SubCategor":"Multipurpose Hall","Name":"Multipurpose Hall","Municipali":"Sta. Elena"}},{"type":"Feature","geometry":{"type":"Point","coordinates":[122.339332,14.1562594]},"properties":{"Category":"Institutional (INT)","SubCategor":"Health Center/Station","Name":"Health Center","Municipali":"Sta. Elena"}},{"type":"Feature","geometry":{"type":"Point","coordinates":[122.338617,14.156603]},"properties":{"Category":"Institutional (INT)","SubCategor":"Church","Name":"Catholic Church","Municipali":"Sta. Elena"}},{"type":"Feature","geometry":{"type":"Point","coordinates":[122.338776,14.155711]},"properties":{"Category":"Institutional (INT)","SubCategor":"School","Name":"Basiad Elementary School","Municipali":"Sta. Elena"}},{"type":"Feature","geometry":{"type":"Point","coordinates":[122.354479,14.1675817]},"properties":{"Category":"Institutional (INT)","SubCategor":"Church","Name":"Catholic Church","Municipali":"Sta. Elena"}},{"type":"Feature","geometry":{"type":"Point","coordinates":[122.359788,14.1687752]},"properties":{"Category":"Institutional (INT)","SubCategor":"School","Name":"Earth Bounty Elementary School","Municipali":"Sta. Elena"}},{"type":"Feature","geometry":{"type":"Point","coordinates":[122.350665,14.1743044]},"properties":{"Category":"Institutional (INT)","SubCategor":"Church","Name":"Iglesia Ni Cristo","Municipali":"Sta. Elena"}},{"type":"Feature","geometry":{"type":"Point","coordinates":[122.339293,14.1604017]},"properties":{"Category":"Institutional (INT)","SubCategor":"School","Name":"E.P Borja National High School","Municipali":"Sta. Elena"}},{"type":"Feature","geometry":{"type":"Point","coordinates":[122.345344,14.1460772]},"properties":{"Category":"Institutional (INT)","SubCategor":"Barangay Hall","Name":"Barangay Hall","Municipali":"Sta. Elena"}},{"type":"Feature","geometry":{"type":"Point","coordinates":[122.345336,14.1460273]},"properties":{"Category":"Institutional (INT)","SubCategor":"Health Center/Station","Name":"Health Center","Municipali":"Sta. Elena"}},{"type":"Feature","geometry":{"type":"Point","coordinates":[122.345471,14.1455693]},"properties":{"Category":"Institutional (INT)","SubCategor":"Church","Name":"Catholic Church","Municipali":"Sta. Elena"}},{"type":"Feature","geometry":{"type":"Point","coordinates":[122.375419,14.1642684]},"properties":{"Category":"Institutional (INT)","SubCategor":"School","Name":"Domingo Llarena High School","Municipali":"Sta. Elena"}},{"type":"Feature","geometry":{"type":"Point","coordinates":[122.378635,14.1620003]},"properties":{"Category":"Institutional (INT)","SubCategor":"Church","Name":"Catholic Church","Municipali":"Sta. Elena"}},{"type":"Feature","geometry":{"type":"Point","coordinates":[122.384242,14.1488562]},"properties":{"Category":"Institutional (INT)","SubCategor":"Barangay Hall","Name":"Barangay Hall","Municipali":"Sta. Elena"}},{"type":"Feature","geometry":{"type":"Point","coordinates":[122.384225,14.1488051]},"properties":{"Category":"Institutional (INT)","SubCategor":"Health Center/Station","Name":"Health Center","Municipali":"Sta. Elena"}},{"type":"Feature","geometry":{"type":"Point","coordinates":[122.384412,14.1485258]},"properties":{"Category":"Institutional (INT)","SubCategor":"School","Name":"San Pedro Elementary School","Municipali":"Sta. Elena"}},{"type":"Feature","geometry":{"type":"Point","coordinates":[122.381525,14.125646]},"properties":{"Category":"Institutional (INT)","SubCategor":"Church","Name":"Holy Bible Church","Municipali":"Sta. Elena"}},{"type":"Feature","geometry":{"type":"Point","coordinates":[122.379894,14.1229361]},"properties":{"Category":"Institutional (INT)","SubCategor":"Barangay Hall","Name":"Barangay Hall","Municipali":"Sta. Elena"}},{"type":"Feature","geometry":{"type":"Point","coordinates":[122.380015,14.1229082]},"properties":{"Category":"Institutional (INT)","SubCategor":"Health Center/Station","Name":"Health Center","Municipali":"Sta. Elena"}},{"type":"Feature","geometry":{"type":"Point","coordinates":[122.36716,14.1292679]},"properties":{"Category":"Institutional (INT)","SubCategor":"Church","Name":"Church","Municipali":"Sta. Elena"}},{"type":"Feature","geometry":{"type":"Point","coordinates":[122.383364,14.1420633]},"properties":{"Category":"Institutional (INT)","SubCategor":"Church","Name":"Catholic Church","Municipali":"Sta. Elena"}},{"type":"Feature","geometry":{"type":"Point","coordinates":[122.38065,14.1203169]},"properties":{"Category":"Institutional (INT)","SubCategor":"School","Name":"Southern Tagalog R. High School","Municipali":"Sta. Elena"}},{"type":"Feature","geometry":{"type":"Point","coordinates":[122.380082,14.1192261]},"properties":{"Category":"Institutional (INT)","SubCategor":"School","Name":"Juam Amparo Elementary School","Municipali":"Sta. Elena"}},{"type":"Feature","geometry":{"type":"Point","coordinates":[122.361005,14.1191846]},"properties":{"Category":"Institutional (INT)","SubCategor":"Church","Name":"Church","Municipali":"Sta. Elena"}},{"type":"Feature","geometry":{"type":"Point","coordinates":[122.37921,14.1055514]},"properties":{"Category":"Institutional (INT)","SubCategor":"Church","Name":"Iglesia Ni Cristo","Municipali":"Sta. Elena"}},{"type":"Feature","geometry":{"type":"Point","coordinates":[122.37794,14.104328]},"properties":{"Category":"Institutional (INT)","SubCategor":"Barangay Hall","Name":"Barangay Hall","Municipali":"Sta. Elena"}},{"type":"Feature","geometry":{"type":"Point","coordinates":[122.377846,14.1041066]},"properties":{"Category":"Institutional (INT)","SubCategor":"Church","Name":"Church","Municipali":"Sta. Elena"}},{"type":"Feature","geometry":{"type":"Point","coordinates":[122.368802,14.1040572]},"properties":{"Category":"Institutional (INT)","SubCategor":"Church","Name":"Church","Municipali":"Sta. Elena"}},{"type":"Feature","geometry":{"type":"Point","coordinates":[122.379219,14.1070293]},"properties":{"Category":"Institutional (INT)","SubCategor":"Health Center/Station","Name":"Health Center","Municipali":"Sta. Elena"}},{"type":"Feature","geometry":{"type":"Point","coordinates":[122.380269,14.1178425]},"properties":{"Category":"Commercial-2 (C-2)","SubCategor":"Market","Name":"Kabuluan Public Market","Municipali":"Sta. Elena"}},{"type":"Feature","geometry":{"type":"Point","coordinates":[122.407057,14.1045684]},"properties":{"Category":"Institutional (INT)","SubCategor":"School","Name":"Guitol Elementary School","Municipali":"Sta. Elena"}},{"type":"Feature","geometry":{"type":"Point","coordinates":[122.402213,14.1110628]},"properties":{"Category":"Institutional (INT)","SubCategor":"Barangay Hall","Name":"Barangay Hall","Municipali":"Sta. Elena"}},{"type":"Feature","geometry":{"type":"Point","coordinates":[122.402649,14.1110254]},"properties":{"Category":"Institutional (INT)","SubCategor":"Church","Name":"Church","Municipali":"Sta. Elena"}},{"type":"Feature","geometry":{"type":"Point","coordinates":[122.378567,14.0970938]},"properties":{"Category":"Institutional (INT)","SubCategor":"School","Name":"Don Tomas Elementary School","Municipali":"Sta. Elena"}},{"type":"Feature","geometry":{"type":"Point","coordinates":[122.377465,14.0961602]},"properties":{"Category":"Institutional (INT)","SubCategor":"Barangay Hall","Name":"Barangay Hall","Municipali":"Sta. Elena"}},{"type":"Feature","geometry":{"type":"Point","coordinates":[122.377358,14.0961423]},"properties":{"Category":"Institutional (INT)","SubCategor":"Health Center/Station","Name":"Health Center","Municipali":"Sta. Elena"}},{"type":"Feature","geometry":{"type":"Point","coordinates":[122.377481,14.0959184]},"properties":{"Category":"Institutional (INT)","SubCategor":"Hospital","Name":"Lying-In","Municipali":"Sta. Elena"}},{"type":"Feature","geometry":{"type":"Point","coordinates":[122.376774,14.096121]},"properties":{"Category":"Institutional (INT)","SubCategor":"Church","Name":"Maranatha Church","Municipali":"Sta. Elena"}},{"type":"Feature","geometry":{"type":"Point","coordinates":[122.36784,14.0891137]},"properties":{"Category":"Institutional (INT)","SubCategor":"Church","Name":"Church","Municipali":"Sta. Elena"}},{"type":"Feature","geometry":{"type":"Point","coordinates":[122.378112,14.0953524]},"properties":{"Category":"Institutional (INT)","SubCategor":"Church","Name":"Catholic Church","Municipali":"Sta. Elena"}},{"type":"Feature","geometry":{"type":"Point","coordinates":[122.375969,14.0908553]},"properties":{"Category":"Institutional (INT)","SubCategor":"Church","Name":"Catholic Church","Municipali":"Sta. Elena"}},{"type":"Feature","geometry":{"type":"Point","coordinates":[122.373938,14.0749249]},"properties":{"Category":"Institutional (INT)","SubCategor":"Church","Name":"Catholic Church","Municipali":"Sta. Elena"}},{"type":"Feature","geometry":{"type":"Point","coordinates":[122.373507,14.0743149]},"properties":{"Category":"Institutional (INT)","SubCategor":"Church","Name":"Iglesia Ni Cristo","Municipali":"Sta. Elena"}},{"type":"Feature","geometry":{"type":"Point","coordinates":[122.376537,14.0734862]},"properties":{"Category":"Institutional (INT)","SubCategor":"Barangay Hall","Name":"Barangay Hall","Municipali":"Sta. Elena"}},{"type":"Feature","geometry":{"type":"Point","coordinates":[122.377316,14.073218]},"properties":{"Category":"Institutional (INT)","SubCategor":"Health Center/Station","Name":"Health Center","Municipali":"Sta. Elena"}},{"type":"Feature","geometry":{"type":"Point","coordinates":[122.372656,14.0733039]},"properties":{"Category":"Institutional (INT)","SubCategor":"Church","Name":"Catholic Church","Municipali":"Sta. Elena"}},{"type":"Feature","geometry":{"type":"Point","coordinates":[122.372049,14.073101]},"properties":{"Category":"Institutional (INT)","SubCategor":"National Government Agency","Name":"PNP High Patrol Group","Municipali":"Sta. Elena"}},{"type":"Feature","geometry":{"type":"Point","coordinates":[122.372174,14.0726655]},"properties":{"Category":"Institutional (INT)","SubCategor":"School","Name":"Tabugun Elementary School","Municipali":"Sta. Elena"}},{"type":"Feature","geometry":{"type":"Point","coordinates":[122.368574,14.0706111]},"properties":{"Category":"Institutional (INT)","SubCategor":"National Government Agency","Name":"Department of Agriculture","Municipali":"Sta. Elena"}},{"type":"Feature","geometry":{"type":"Point","coordinates":[122.364067,14.064706]},"properties":{"Category":"Institutional (INT)","SubCategor":"School","Name":"Leocadio Alejo High School","Municipali":"Sta. Elena"}},{"type":"Feature","geometry":{"type":"Point","coordinates":[122.363662,14.0643782]},"properties":{"Category":"Institutional (INT)","SubCategor":"School","Name":"Camarines Norte State College","Municipali":"Sta. Elena"}},{"type":"Feature","geometry":{"type":"Point","coordinates":[122.361356,14.0638242]},"properties":{"Category":"Institutional (INT)","SubCategor":"Church","Name":"Catholic Church","Municipali":"Sta. Elena"}},{"type":"Feature","geometry":{"type":"Point","coordinates":[122.353316,14.0768419]},"properties":{"Category":"Institutional (INT)","SubCategor":"Church","Name":"Catholic Church","Municipali":"Sta. Elena"}},{"type":"Feature","geometry":{"type":"Point","coordinates":[122.345842,14.0864329]},"properties":{"Category":"Institutional (INT)","SubCategor":"Church","Name":"Catholic Church","Municipali":"Sta. Elena"}},{"type":"Feature","geometry":{"type":"Point","coordinates":[122.336886,14.0910933]},"properties":{"Category":"Institutional (INT)","SubCategor":"Church","Name":"Catholic Church","Municipali":"Sta. Elena"}},{"type":"Feature","geometry":{"type":"Point","coordinates":[122.336312,14.0919914]},"properties":{"Category":"Institutional (INT)","SubCategor":"Barangay Hall","Name":"Barangay Hall","Municipali":"Sta. Elena"}},{"type":"Feature","geometry":{"type":"Point","coordinates":[122.335962,14.0924656]},"properties":{"Category":"Institutional (INT)","SubCategor":"School","Name":"Maulawin Elementary School","Municipali":"Sta. Elena"}},{"type":"Feature","geometry":{"type":"Point","coordinates":[122.33462,14.0948346]},"properties":{"Category":"Institutional (INT)","SubCategor":"Health Center/Station","Name":"Health Center","Municipali":"Sta. Elena"}},{"type":"Feature","geometry":{"type":"Point","coordinates":[122.333397,14.1084072]},"properties":{"Category":"Institutional (INT)","SubCategor":"Church","Name":"Catholic Church","Municipali":"Sta. Elena"}},{"type":"Feature","geometry":{"type":"Point","coordinates":[122.337676,14.1106122]},"properties":{"Category":"Institutional (INT)","SubCategor":"Church","Name":"Catholic Church","Municipali":"Sta. Elena"}},{"type":"Feature","geometry":{"type":"Point","coordinates":[122.337436,14.1106292]},"properties":{"Category":"Institutional (INT)","SubCategor":"Chapel","Name":"Chapel","Municipali":"Sta. Elena"}},{"type":"Feature","geometry":{"type":"Point","coordinates":[122.336877,14.0886754]},"properties":{"Category":"Institutional (INT)","SubCategor":"School","Name":"Maulawin National High School","Municipali":"Sta. Elena"}},{"type":"Feature","geometry":{"type":"Point","coordinates":[122.321229,14.0982555]},"properties":{"Category":"Institutional (INT)","SubCategor":"Chapel","Name":"Chapel","Municipali":"Sta. Elena"}},{"type":"Feature","geometry":{"type":"Point","coordinates":[122.316043,14.0851273]},"properties":{"Category":"Institutional (INT)","SubCategor":"School","Name":"Patag-Ibaba Elementary School","Municipali":"Sta. Elena"}},{"type":"Feature","geometry":{"type":"Point","coordinates":[122.316527,14.0859438]},"properties":{"Category":"Institutional (INT)","SubCategor":"Barangay Hall","Name":"Barangay Hall","Municipali":"Sta. Elena"}},{"type":"Feature","geometry":{"type":"Point","coordinates":[122.332425,14.0647458]},"properties":{"Category":"Institutional (INT)","SubCategor":"Barangay Hall","Name":"Barangay Hall","Municipali":"Sta. Elena"}},{"type":"Feature","geometry":{"type":"Point","coordinates":[122.332632,14.0647391]},"properties":{"Category":"Institutional (INT)","SubCategor":"Church","Name":"Church","Municipali":"Sta. Elena"}},{"type":"Feature","geometry":{"type":"Point","coordinates":[122.332262,14.0647692]},"properties":{"Category":"Institutional (INT)","SubCategor":"Health Center/Station","Name":"Health Center","Municipali":"Sta. Elena"}},{"type":"Feature","geometry":{"type":"Point","coordinates":[122.332935,14.0645185]},"properties":{"Category":"Institutional (INT)","SubCategor":"School","Name":"Patag-Ilaya Elementary School","Municipali":"Sta. Elena"}},{"type":"Feature","geometry":{"type":"Point","coordinates":[122.815742,14.3887956]},"properties":{"Category":"Institutional (INT)","SubCategor":"Barangay Hall","Name":"Macolabo Barangay Hall","Municipali":"Paracale"}},{"type":"Feature","geometry":{"type":"Point","coordinates":[122.81263,14.3909625]},"properties":{"Category":"Institutional (INT)","SubCategor":"School","Name":"Macolabo Elementary School","Municipali":"Paracale"}},{"type":"Feature","geometry":{"type":"Point","coordinates":[122.787434,14.2798579]},"properties":{"Category":"Institutional (INT)","SubCategor":"Police Station","Name":"Paracale Police Station","Municipali":"Paracale"}},{"type":"Feature","geometry":{"type":"Point","coordinates":[122.786754,14.2806191]},"properties":{"Category":"Institutional (INT)","SubCategor":"Health Center/Station","Name":"Municipal Health Center","Municipali":"Paracale"}},{"type":"Feature","geometry":{"type":"Point","coordinates":[122.786966,14.2850514]},"properties":{"Category":"Institutional (INT)","SubCategor":"Military/Armed Forces","Name":"Philippine Coast Guard Headquarters (PCG)","Municipali":"Paracale"}},{"type":"Feature","geometry":{"type":"Point","coordinates":[122.787399,14.2815459]},"properties":{"Category":"Institutional (INT)","SubCategor":"Barangay Hall","Name":"Poblacion Norte Barangay Hall","Municipali":"Paracale"}},{"type":"Feature","geometry":{"type":"Point","coordinates":[122.787521,14.2819973]},"properties":{"Category":"Commercial-2 (C-2)","SubCategor":"Market","Name":"Public Market","Municipali":"Paracale"}},{"type":"Feature","geometry":{"type":"Point","coordinates":[122.788085,14.2832022]},"properties":{"Category":"Institutional (INT)","SubCategor":"Chapel","Name":"Sta. Rosa Chapel","Municipali":"Paracale"}},{"type":"Feature","geometry":{"type":"Point","coordinates":[122.785296,14.2802011]},"properties":{"Category":"Institutional (INT)","SubCategor":"School","Name":"Paracale Elementary School","Municipali":"Paracale"}},{"type":"Feature","geometry":{"type":"Point","coordinates":[122.785866,14.2800467]},"properties":{"Category":"Institutional (INT)","SubCategor":"Church","Name":"Ang Dating Daan Church","Municipali":"Paracale"}},{"type":"Feature","geometry":{"type":"Point","coordinates":[122.787349,14.279341]},"properties":{"Category":"Institutional (INT)","SubCategor":"Chapel","Name":"Paracale Chapel","Municipali":"Paracale"}},{"type":"Feature","geometry":{"type":"Point","coordinates":[122.78771,14.2792854]},"properties":{"Category":"Institutional (INT)","SubCategor":"School","Name":"Mabini Elementary School (Annex)","Municipali":"Paracale"}},{"type":"Feature","geometry":{"type":"Point","coordinates":[122.787574,14.2790858]},"properties":{"Category":"Institutional (INT)","SubCategor":"Barangay Hall","Name":"Poblacion Sur Barangay Hall","Municipali":"Paracale"}},{"type":"Feature","geometry":{"type":"Point","coordinates":[122.786951,14.2794627]},"properties":{"Category":"Institutional (INT)","SubCategor":"Fire Station","Name":"Fire Station","Municipali":"Paracale"}},{"type":"Feature","geometry":{"type":"Point","coordinates":[122.79108,14.2795104]},"properties":{"Category":"Institutional (INT)","SubCategor":"Chapel","Name":"Palanas Chapel","Municipali":"Paracale"}},{"type":"Feature","geometry":{"type":"Point","coordinates":[122.790539,14.2788235]},"properties":{"Category":"Institutional (INT)","SubCategor":"Barangay Hall","Name":"Barangay Hall","Municipali":"Paracale"}},{"type":"Feature","geometry":{"type":"Point","coordinates":[122.784089,14.2812348]},"properties":{"Category":"Institutional (INT)","SubCategor":"School","Name":"Paracale National High School","Municipali":"Paracale"}},{"type":"Feature","geometry":{"type":"Point","coordinates":[122.783469,14.2813221]},"properties":{"Category":"Institutional (INT)","SubCategor":"Chapel","Name":"Padanlan Chapel","Municipali":"Paracale"}},{"type":"Feature","geometry":{"type":"Point","coordinates":[122.785244,14.28162]},"properties":{"Category":"Institutional (INT)","SubCategor":"Chapel","Name":"Bagumbayan Chapel","Municipali":"Paracale"}},{"type":"Feature","geometry":{"type":"Point","coordinates":[122.785867,14.2819177]},"properties":{"Category":"Institutional (INT)","SubCategor":"Barangay Hall","Name":"Bagumbayan Barangay Hall","Municipali":"Paracale"}},{"type":"Feature","geometry":{"type":"Point","coordinates":[122.785545,14.2821117]},"properties":{"Category":"Institutional (INT)","SubCategor":"Health Center/Station","Name":"Barangay Health Station","Municipali":"Paracale"}},{"type":"Feature","geometry":{"type":"Point","coordinates":[122.783385,14.2898949]},"properties":{"Category":"Institutional (INT)","SubCategor":"School","Name":"Bagumbayan Elementary School","Municipali":"Paracale"}},{"type":"Feature","geometry":{"type":"Point","coordinates":[122.784226,14.2895369]},"properties":{"Category":"Institutional (INT)","SubCategor":"Chapel","Name":"Holy Cross Chapel","Municipali":"Paracale"}},{"type":"Feature","geometry":{"type":"Point","coordinates":[122.787374,14.2971666]},"properties":{"Category":"Institutional (INT)","SubCategor":"Chapel","Name":"Munting Buhangin Chapel","Municipali":"Paracale"}},{"type":"Feature","geometry":{"type":"Point","coordinates":[122.784398,14.2921123]},"properties":{"Category":"Institutional (INT)","SubCategor":"Health Center/Station","Name":"Health Station","Municipali":"Paracale"}},{"type":"Feature","geometry":{"type":"Point","coordinates":[122.785374,14.276019]},"properties":{"Category":"Institutional (INT)","SubCategor":"Chapel","Name":"Holy Chapel","Municipali":"Paracale"}},{"type":"Feature","geometry":{"type":"Point","coordinates":[122.785617,14.2761159]},"properties":{"Category":"Institutional (INT)","SubCategor":"Health Center/Station","Name":"Health Center","Municipali":"Paracale"}},{"type":"Feature","geometry":{"type":"Point","coordinates":[122.782885,14.2736166]},"properties":{"Category":"Institutional (INT)","SubCategor":"National Government Agency","Name":"TESDA","Municipali":"Paracale"}},{"type":"Feature","geometry":{"type":"Point","coordinates":[122.78236,14.2734193]},"properties":{"Category":"Institutional (INT)","SubCategor":"Church","Name":"Jehova's Church","Municipali":"Paracale"}},{"type":"Feature","geometry":{"type":"Point","coordinates":[122.781363,14.2733947]},"properties":{"Category":"Institutional (INT)","SubCategor":"Church","Name":"Iglesia Ni Cristo","Municipali":"Paracale"}},{"type":"Feature","geometry":{"type":"Point","coordinates":[122.780439,14.2711567]},"properties":{"Category":"Institutional (INT)","SubCategor":"School","Name":"Tugos Elementary School","Municipali":"Paracale"}},{"type":"Feature","geometry":{"type":"Point","coordinates":[122.780302,14.2708991]},"properties":{"Category":"Institutional (INT)","SubCategor":"Chapel","Name":"Maligat Family Chapel","Municipali":"Paracale"}},{"type":"Feature","geometry":{"type":"Point","coordinates":[122.774886,14.2647692]},"properties":{"Category":"Institutional (INT)","SubCategor":"Church","Name":"Bethany Bible Church","Municipali":"Paracale"}},{"type":"Feature","geometry":{"type":"Point","coordinates":[122.779014,14.2629169]},"properties":{"Category":"Institutional (INT)","SubCategor":"Police Station","Name":"Barangay Police Station","Municipali":"Paracale"}},{"type":"Feature","geometry":{"type":"Point","coordinates":[122.763061,14.2806198]},"properties":{"Category":"Institutional (INT)","SubCategor":"School","Name":"Casalugan Elementary School","Municipali":"Paracale"}},{"type":"Feature","geometry":{"type":"Point","coordinates":[122.762473,14.2806731]},"properties":{"Category":"Institutional (INT)","SubCategor":"Chapel","Name":"Casalugan Chapel","Municipali":"Paracale"}},{"type":"Feature","geometry":{"type":"Point","coordinates":[122.761041,14.2807801]},"properties":{"Category":"Institutional (INT)","SubCategor":"Barangay Hall","Name":"Barangay Hall","Municipali":"Paracale"}},{"type":"Feature","geometry":{"type":"Point","coordinates":[122.761022,14.2806651]},"properties":{"Category":"Institutional (INT)","SubCategor":"Health Center/Station","Name":"Health Station","Municipali":"Paracale"}},{"type":"Feature","geometry":{"type":"Point","coordinates":[122.736895,14.3085865]},"properties":{"Category":"Institutional (INT)","SubCategor":"Chapel","Name":"Purok 6 Chapel","Municipali":"Paracale"}},{"type":"Feature","geometry":{"type":"Point","coordinates":[122.733435,14.308937]},"properties":{"Category":"Institutional (INT)","SubCategor":"Chapel","Name":"Purok 7 Chapel","Municipali":"Paracale"}},{"type":"Feature","geometry":{"type":"Point","coordinates":[122.73158,14.3013012]},"properties":{"Category":"Institutional (INT)","SubCategor":"School","Name":"Gumaus Elementary School","Municipali":"Paracale"}},{"type":"Feature","geometry":{"type":"Point","coordinates":[122.733549,14.3010034]},"properties":{"Category":"Institutional (INT)","SubCategor":"Barangay Hall","Name":"Barangay Hall","Municipali":"Paracale"}},{"type":"Feature","geometry":{"type":"Point","coordinates":[122.733721,14.3010696]},"properties":{"Category":"Institutional (INT)","SubCategor":"Health Center/Station","Name":"Health Center","Municipali":"Paracale"}},{"type":"Feature","geometry":{"type":"Point","coordinates":[122.733286,14.3011459]},"properties":{"Category":"Institutional (INT)","SubCategor":"Chapel","Name":"Purok 4 Chapel","Municipali":"Paracale"}},{"type":"Feature","geometry":{"type":"Point","coordinates":[122.728557,14.2989651]},"properties":{"Category":"Institutional (INT)","SubCategor":"Chapel","Name":"Purok 3 Chapel","Municipali":"Paracale"}},{"type":"Feature","geometry":{"type":"Point","coordinates":[122.730464,14.2965854]},"properties":{"Category":"Institutional (INT)","SubCategor":"Chapel","Name":"Purok 2 Chapel","Municipali":"Paracale"}},{"type":"Feature","geometry":{"type":"Point","coordinates":[122.728578,14.275027]},"properties":{"Category":"Institutional (INT)","SubCategor":"Chapel","Name":"Purok 1 Chapel","Municipali":"Paracale"}},{"type":"Feature","geometry":{"type":"Point","coordinates":[122.819422,14.2537324]},"properties":{"Category":"Institutional (INT)","SubCategor":"Barangay Hall","Name":"Mangkasay Barangay Hall","Municipali":"Paracale"}},{"type":"Feature","geometry":{"type":"Point","coordinates":[122.820044,14.2541133]},"properties":{"Category":"Institutional (INT)","SubCategor":"Church","Name":"Bible Christian Church Fellowship","Municipali":"Paracale"}},{"type":"Feature","geometry":{"type":"Point","coordinates":[122.819503,14.2552152]},"properties":{"Category":"Institutional (INT)","SubCategor":"School","Name":"Sta. Catalina Elementary School","Municipali":"Paracale"}},{"type":"Feature","geometry":{"type":"Point","coordinates":[122.819737,14.2536592]},"properties":{"Category":"Institutional (INT)","SubCategor":"Health Center/Station","Name":"Health Center","Municipali":"Paracale"}},{"type":"Feature","geometry":{"type":"Point","coordinates":[122.808396,14.2452637]},"properties":{"Category":"Institutional (INT)","SubCategor":"Barangay Hall","Name":"Barangay Hall","Municipali":"Paracale"}},{"type":"Feature","geometry":{"type":"Point","coordinates":[122.809269,14.2446976]},"properties":{"Category":"Institutional (INT)","SubCategor":"Chapel","Name":"Iglesia ni Cristo Chapel","Municipali":"Paracale"}},{"type":"Feature","geometry":{"type":"Point","coordinates":[122.808215,14.2443707]},"properties":{"Category":"Institutional (INT)","SubCategor":"School","Name":"Calaburnay Elementary School","Municipali":"Paracale"}},{"type":"Feature","geometry":{"type":"Point","coordinates":[122.807549,14.245359]},"properties":{"Category":"Institutional (INT)","SubCategor":"Health Center/Station","Name":"Health Center","Municipali":"Paracale"}},{"type":"Feature","geometry":{"type":"Point","coordinates":[122.808018,14.2448715]},"properties":{"Category":"Institutional (INT)","SubCategor":"Chapel","Name":"Calaburnay Chapel","Municipali":"Paracale"}},{"type":"Feature","geometry":{"type":"Point","coordinates":[122.808437,14.2407181]},"properties":{"Category":"Institutional (INT)","SubCategor":"School","Name":"Calaburnay High School","Municipali":"Paracale"}},{"type":"Feature","geometry":{"type":"Point","coordinates":[122.799156,14.2737235]},"properties":{"Category":"Institutional (INT)","SubCategor":"Barangay Hall","Name":"Barangay Hall","Municipali":"Paracale"}},{"type":"Feature","geometry":{"type":"Point","coordinates":[122.798457,14.2730189]},"properties":{"Category":"Institutional (INT)","SubCategor":"School","Name":"Pedro V. Moreno Elementary School","Municipali":"Paracale"}},{"type":"Feature","geometry":{"type":"Point","coordinates":[122.798277,14.2750674]},"properties":{"Category":"Institutional (INT)","SubCategor":"Chapel","Name":"Malaguit Chapel","Municipali":"Paracale"}},{"type":"Feature","geometry":{"type":"Point","coordinates":[122.858331,14.2178566]},"properties":{"Category":"Institutional (INT)","SubCategor":"Chapel","Name":"Rosa Mystica Chapel","Municipali":"Paracale"}},{"type":"Feature","geometry":{"type":"Point","coordinates":[122.858079,14.2178475]},"properties":{"Category":"Institutional (INT)","SubCategor":"Barangay Hall","Name":"Barangay Hall","Municipali":"Paracale"}},{"type":"Feature","geometry":{"type":"Point","coordinates":[122.854298,14.2305653]},"properties":{"Category":"Institutional (INT)","SubCategor":"Health Center/Station","Name":"Health Center and Lying Inn","Municipali":"Paracale"}},{"type":"Feature","geometry":{"type":"Point","coordinates":[122.85339,14.2326139]},"properties":{"Category":"Institutional (INT)","SubCategor":"School","Name":"Dancalan Elementary School","Municipali":"Paracale"}},{"type":"Feature","geometry":{"type":"Point","coordinates":[122.853457,14.2315189]},"properties":{"Category":"Institutional (INT)","SubCategor":"Barangay Hall","Name":"Barangay Hall","Municipali":"Paracale"}},{"type":"Feature","geometry":{"type":"Point","coordinates":[122.8539,14.2314826]},"properties":{"Category":"Institutional (INT)","SubCategor":"Chapel","Name":"San Isidro Labrador Chapel","Municipali":"Paracale"}},{"type":"Feature","geometry":{"type":"Point","coordinates":[122.854078,14.2305591]},"properties":{"Category":"Institutional (INT)","SubCategor":"School","Name":"Dancalan Elementary School","Municipali":"Paracale"}},{"type":"Feature","geometry":{"type":"Point","coordinates":[122.860185,14.2387589]},"properties":{"Category":"Institutional (INT)","SubCategor":"Chapel","Name":"San Isidro Chapel","Municipali":"Paracale"}},{"type":"Feature","geometry":{"type":"Point","coordinates":[122.859356,14.2379056]},"properties":{"Category":"Institutional (INT)","SubCategor":"School","Name":"Mampungo Elementary School","Municipali":"Paracale"}},{"type":"Feature","geometry":{"type":"Point","coordinates":[122.860203,14.238367]},"properties":{"Category":"Institutional (INT)","SubCategor":"Barangay Hall","Name":"Barangay Hall","Municipali":"Paracale"}},{"type":"Feature","geometry":{"type":"Point","coordinates":[122.858083,14.2454774]},"properties":{"Category":"Institutional (INT)","SubCategor":"Church","Name":"Iglesia Ni Cristo","Municipali":"Paracale"}},{"type":"Feature","geometry":{"type":"Point","coordinates":[122.809919,14.2740261]},"properties":{"Category":"Institutional (INT)","SubCategor":"School","Name":"Labnig Elementary School","Municipali":"Paracale"}},{"type":"Feature","geometry":{"type":"Point","coordinates":[122.813698,14.2728598]},"properties":{"Category":"Institutional (INT)","SubCategor":"Barangay Hall","Name":"Barangay Hall","Municipali":"Paracale"}},{"type":"Feature","geometry":{"type":"Point","coordinates":[122.814967,14.2727844]},"properties":{"Category":"Institutional (INT)","SubCategor":"Chapel","Name":"San Isidro Labrador Chapel","Municipali":"Paracale"}},{"type":"Feature","geometry":{"type":"Point","coordinates":[122.837445,14.2559981]},"properties":{"Category":"Institutional (INT)","SubCategor":"School","Name":"Tabas National  High School","Municipali":"Paracale"}},{"type":"Feature","geometry":{"type":"Point","coordinates":[122.835313,14.2556998]},"properties":{"Category":"Institutional (INT)","SubCategor":"School","Name":"S. Basilio Elementary School","Municipali":"Paracale"}},{"type":"Feature","geometry":{"type":"Point","coordinates":[122.835723,14.2547719]},"properties":{"Category":"Institutional (INT)","SubCategor":"Chapel","Name":"San Roque Chapel","Municipali":"Paracale"}},{"type":"Feature","geometry":{"type":"Point","coordinates":[122.834713,14.2542432]},"properties":{"Category":"Institutional (INT)","SubCategor":"Barangay Hall","Name":"Barangay Hall","Municipali":"Paracale"}},{"type":"Feature","geometry":{"type":"Point","coordinates":[122.834488,14.2541419]},"properties":{"Category":"Institutional (INT)","SubCategor":"Health Center/Station","Name":"Health Center","Municipali":"Paracale"}},{"type":"Feature","geometry":{"type":"Point","coordinates":[122.85153,14.2722335]},"properties":{"Category":"Institutional (INT)","SubCategor":"Chapel","Name":"Corazon De Jesus Chapel","Municipali":"Paracale"}},{"type":"Feature","geometry":{"type":"Point","coordinates":[122.851703,14.2722542]},"properties":{"Category":"Institutional (INT)","SubCategor":"Barangay Hall","Name":"Barangay Hall","Municipali":"Paracale"}},{"type":"Feature","geometry":{"type":"Point","coordinates":[122.85105,14.2721726]},"properties":{"Category":"Institutional (INT)","SubCategor":"School","Name":"Mera Elementary School","Municipali":"Paracale"}},{"type":"Feature","geometry":{"type":"Point","coordinates":[122.777607,14.2059657]},"properties":{"Category":"Institutional (INT)","SubCategor":"Health Center/Station","Name":"Health Center","Municipali":"Paracale"}},{"type":"Feature","geometry":{"type":"Point","coordinates":[122.770562,14.2096184]},"properties":{"Category":"Institutional (INT)","SubCategor":"Barangay Hall","Name":"Barangay Hall","Municipali":"Paracale"}},{"type":"Feature","geometry":{"type":"Point","coordinates":[122.771049,14.2088846]},"properties":{"Category":"Institutional (INT)","SubCategor":"Chapel","Name":"Dalnac Chapel","Municipali":"Paracale"}},{"type":"Feature","geometry":{"type":"Point","coordinates":[122.771743,14.2086993]},"properties":{"Category":"Institutional (INT)","SubCategor":"School","Name":"Dalnac Elementary School","Municipali":"Paracale"}},{"type":"Feature","geometry":{"type":"Point","coordinates":[122.759035,14.2203127]},"properties":{"Category":"Institutional (INT)","SubCategor":"Military/Armed Forces","Name":"2nd Manuever Platon","Municipali":"Paracale"}},{"type":"Feature","geometry":{"type":"Point","coordinates":[122.762334,14.2184408]},"properties":{"Category":"Institutional (INT)","SubCategor":"Church","Name":"Iglesia ni Cristo","Municipali":"Paracale"}},{"type":"Feature","geometry":{"type":"Point","coordinates":[122.762424,14.2181295]},"properties":{"Category":"Institutional (INT)","SubCategor":"Chapel","Name":"Most Sacred Heart of Jesus Chapel","Municipali":"Paracale"}},{"type":"Feature","geometry":{"type":"Point","coordinates":[122.75062,14.2288451]},"properties":{"Category":"Institutional (INT)","SubCategor":"Chapel","Name":"Sto. Niño Chapel","Municipali":"Paracale"}},{"type":"Feature","geometry":{"type":"Point","coordinates":[122.751555,14.2286932]},"properties":{"Category":"Institutional (INT)","SubCategor":"Church","Name":"Ang Dating Daan","Municipali":"Paracale"}},{"type":"Feature","geometry":{"type":"Point","coordinates":[122.750748,14.2291221]},"properties":{"Category":"Institutional (INT)","SubCategor":"Barangay Hall","Name":"Barangay Hall","Municipali":"Paracale"}},{"type":"Feature","geometry":{"type":"Point","coordinates":[122.750853,14.22905]},"properties":{"Category":"Institutional (INT)","SubCategor":"Health Center/Station","Name":"Health Center","Municipali":"Paracale"}},{"type":"Feature","geometry":{"type":"Point","coordinates":[122.787583,14.2066558]},"properties":{"Category":"Institutional (INT)","SubCategor":"Barangay Hall","Name":"Barangay Hall","Municipali":"Paracale"}},{"type":"Feature","geometry":{"type":"Point","coordinates":[122.788445,14.2072871]},"properties":{"Category":"Institutional (INT)","SubCategor":"Chapel","Name":"San Isidro Chapel","Municipali":"Paracale"}},{"type":"Feature","geometry":{"type":"Point","coordinates":[122.787199,14.2079879]},"properties":{"Category":"Institutional (INT)","SubCategor":"School","Name":"Ignacio Español Elementary School","Municipali":"Paracale"}},{"type":"Feature","geometry":{"type":"Point","coordinates":[122.779688,14.2017821]},"properties":{"Category":"Institutional (INT)","SubCategor":"Chapel","Name":"San Isidro Labrador Chapel","Municipali":"Paracale"}},{"type":"Feature","geometry":{"type":"Point","coordinates":[122.760546,14.2416412]},"properties":{"Category":"Institutional (INT)","SubCategor":"School","Name":"Dagang Elementary School","Municipali":"Paracale"}},{"type":"Feature","geometry":{"type":"Point","coordinates":[122.761034,14.2412886]},"properties":{"Category":"Institutional (INT)","SubCategor":"Chapel","Name":"San Roque Chapel","Municipali":"Paracale"}},{"type":"Feature","geometry":{"type":"Point","coordinates":[122.761066,14.2407601]},"properties":{"Category":"Institutional (INT)","SubCategor":"Barangay Hall","Name":"Barangay Hall","Municipali":"Paracale"}},{"type":"Feature","geometry":{"type":"Point","coordinates":[122.768745,14.2464136]},"properties":{"Category":"Institutional (INT)","SubCategor":"Chapel","Name":"San Roque Chapel","Municipali":"Paracale"}},{"type":"Feature","geometry":{"type":"Point","coordinates":[122.768634,14.2472095]},"properties":{"Category":"Institutional (INT)","SubCategor":"Barangay Hall","Name":"Barangay Hall","Municipali":"Paracale"}},{"type":"Feature","geometry":{"type":"Point","coordinates":[122.768699,14.2472506]},"properties":{"Category":"Institutional (INT)","SubCategor":"Health Center/Station","Name":"Health Center","Municipali":"Paracale"}},{"type":"Feature","geometry":{"type":"Point","coordinates":[122.789738,14.2428026]},"properties":{"Category":"Institutional (INT)","SubCategor":"School","Name":"Pinagbirayan Munti Elementary School","Municipali":"Paracale"}},{"type":"Feature","geometry":{"type":"Point","coordinates":[122.789229,14.242979]},"properties":{"Category":"Institutional (INT)","SubCategor":"Barangay Hall","Name":"Barangay Hall","Municipali":"Paracale"}},{"type":"Feature","geometry":{"type":"Point","coordinates":[122.789349,14.2430381]},"properties":{"Category":"Institutional (INT)","SubCategor":"Health Center/Station","Name":"Health Center","Municipali":"Paracale"}},{"type":"Feature","geometry":{"type":"Point","coordinates":[122.768825,14.2610653]},"properties":{"Category":"Institutional (INT)","SubCategor":"Health Center/Station","Name":"Health Center","Municipali":"Paracale"}},{"type":"Feature","geometry":{"type":"Point","coordinates":[122.768737,14.2619536]},"properties":{"Category":"Institutional (INT)","SubCategor":"Chapel","Name":"Mother of Perpetual Help Chapel","Municipali":"Paracale"}},{"type":"Feature","geometry":{"type":"Point","coordinates":[122.761556,14.2633877]},"properties":{"Category":"Institutional (INT)","SubCategor":"Chapel","Name":"Big Vien Chapel","Municipali":"Paracale"}},{"type":"Feature","geometry":{"type":"Point","coordinates":[122.756447,14.2548485]},"properties":{"Category":"Institutional (INT)","SubCategor":"School","Name":"Tawig Elementary School","Municipali":"Paracale"}},{"type":"Feature","geometry":{"type":"Point","coordinates":[122.752801,14.2506312]},"properties":{"Category":"Institutional (INT)","SubCategor":"Health Center/Station","Name":"Health Center","Municipali":"Paracale"}},{"type":"Feature","geometry":{"type":"Point","coordinates":[122.753258,14.2505391]},"properties":{"Category":"Institutional (INT)","SubCategor":"Chapel","Name":"San Roque Chapel","Municipali":"Paracale"}},{"type":"Feature","geometry":{"type":"Point","coordinates":[122.7531,14.2509013]},"properties":{"Category":"Institutional (INT)","SubCategor":"Barangay Hall","Name":"Barangay Hall","Municipali":"Paracale"}},{"type":"Feature","geometry":{"type":"Point","coordinates":[122.745205,14.2352508]},"properties":{"Category":"Institutional (INT)","SubCategor":"School","Name":"Batobalani Elementary School","Municipali":"Paracale"}},{"type":"Feature","geometry":{"type":"Point","coordinates":[122.743129,14.2359111]},"properties":{"Category":"Institutional (INT)","SubCategor":"Chapel","Name":"I am a Leader and Master Chapel (Born Again)","Municipali":"Paracale"}},{"type":"Feature","geometry":{"type":"Point","coordinates":[122.740005,14.2367966]},"properties":{"Category":"Institutional (INT)","SubCategor":"Church","Name":"Iglesia ni Cristo","Municipali":"Paracale"}},{"type":"Feature","geometry":{"type":"Point","coordinates":[122.691676,14.2304455]},"properties":{"Category":"Institutional (INT)","SubCategor":"Chapel","Name":"Black Nazarene Chapel","Municipali":"Paracale"}},{"type":"Feature","geometry":{"type":"Point","coordinates":[122.692186,14.2307594]},"properties":{"Category":"Institutional (INT)","SubCategor":"School","Name":"Igang Elementary School","Municipali":"Paracale"}},{"type":"Feature","geometry":{"type":"Point","coordinates":[122.709576,14.227094]},"properties":{"Category":"Institutional (INT)","SubCategor":"Chapel","Name":"San Isidro Labrador Chapel","Municipali":"Paracale"}},{"type":"Feature","geometry":{"type":"Point","coordinates":[122.739446,14.2340462]},"properties":{"Category":"Institutional (INT)","SubCategor":"School","Name":"Batobalani National High School","Municipali":"Paracale"}},{"type":"Feature","geometry":{"type":"Point","coordinates":[122.739843,14.23385]},"properties":{"Category":"Institutional (INT)","SubCategor":"Chapel","Name":"Saint Roche Chapel","Municipali":"Paracale"}},{"type":"Feature","geometry":{"type":"Point","coordinates":[122.740677,14.2349369]},"properties":{"Category":"Institutional (INT)","SubCategor":"Barangay Hall","Name":"Barangay Hall","Municipali":"Paracale"}},{"type":"Feature","geometry":{"type":"Point","coordinates":[122.733477,14.2338865]},"properties":{"Category":"Institutional (INT)","SubCategor":"Chapel","Name":"Mother Perpetual Help Chapel","Municipali":"Paracale"}},{"type":"Feature","geometry":{"type":"Point","coordinates":[122.767395,14.2230855]},"properties":{"Category":"Institutional (INT)","SubCategor":"Barangay Hall","Name":"Barangay Hall","Municipali":"Paracale"}},{"type":"Feature","geometry":{"type":"Point","coordinates":[122.769533,14.2366848]},"properties":{"Category":"Institutional (INT)","SubCategor":"Chapel","Name":"San Roque Chapel","Municipali":"Paracale"}},{"type":"Feature","geometry":{"type":"Point","coordinates":[122.767389,14.2228556]},"properties":{"Category":"Institutional (INT)","SubCategor":"Chapel","Name":"San Isidro Labrador Chapel","Municipali":"Paracale"}},{"type":"Feature","geometry":{"type":"Point","coordinates":[122.735678,14.2478082]},"properties":{"Category":"Institutional (INT)","SubCategor":"Barangay Hall","Name":"Barangay Hall","Municipali":"Paracale"}},{"type":"Feature","geometry":{"type":"Point","coordinates":[122.734881,14.2478266]},"properties":{"Category":"Institutional (INT)","SubCategor":"School","Name":"Capacuan Elementary School","Municipali":"Paracale"}},{"type":"Feature","geometry":{"type":"Point","coordinates":[122.735059,14.2472241]},"properties":{"Category":"Institutional (INT)","SubCategor":"Chapel","Name":"San Roque Chapel","Municipali":"Paracale"}},{"type":"Feature","geometry":{"type":"Point","coordinates":[122.738236,14.2387607]},"properties":{"Category":"Institutional (INT)","SubCategor":"Chapel","Name":"Sto. Niño Chapel","Municipali":"Paracale"}},{"type":"Feature","geometry":{"type":"Point","coordinates":[123.086182,13.9222302]},"properties":{"Category":"Institutional (INT)","SubCategor":"Church","Name":"San Nicolas Church","Municipali":"Mercedes"}},{"type":"Feature","geometry":{"type":"Point","coordinates":[123.009441,14.1095757]},"properties":{"Category":"Institutional (INT)","SubCategor":"Police Station","Name":"Philippine National Police  Station","Municipali":"Mercedes"}},{"type":"Feature","geometry":{"type":"Point","coordinates":[123.003886,14.1109505]},"properties":{"Category":"Institutional (INT)","SubCategor":"Barangay Hall","Name":"Barangay I Barangay Hall","Municipali":"Mercedes"}},{"type":"Feature","geometry":{"type":"Point","coordinates":[123.003901,14.111012]},"properties":{"Category":"Institutional (INT)","SubCategor":"Health Center/Station","Name":"Health Center","Municipali":"Mercedes"}},{"type":"Feature","geometry":{"type":"Point","coordinates":[123.003829,14.1109064]},"properties":{"Category":"Institutional (INT)","SubCategor":"Chapel","Name":"Sta. Elena Chapel","Municipali":"Mercedes"}},{"type":"Feature","geometry":{"type":"Point","coordinates":[123.001525,14.1082082]},"properties":{"Category":"Institutional (INT)","SubCategor":"Barangay Hall","Name":"Brgy. II Barangay Hall","Municipali":"Mercedes"}},{"type":"Feature","geometry":{"type":"Point","coordinates":[123.001715,14.108163]},"properties":{"Category":"Institutional (INT)","SubCategor":"Health Center/Station","Name":"Barangay II Health Center","Municipali":"Mercedes"}},{"type":"Feature","geometry":{"type":"Point","coordinates":[123.001987,14.1082911]},"properties":{"Category":"Institutional (INT)","SubCategor":"Chapel","Name":"Our Mother of Perpetual Help Chapel","Municipali":"Mercedes"}},{"type":"Feature","geometry":{"type":"Point","coordinates":[123.002744,14.1106392]},"properties":{"Category":"Institutional (INT)","SubCategor":"Church","Name":"Iglesia Ni Cristo Church","Municipali":"Mercedes"}},{"type":"Feature","geometry":{"type":"Point","coordinates":[123.001756,14.109577]},"properties":{"Category":"Institutional (INT)","SubCategor":"Church","Name":"Extension Building of Our Lady of Holy Bible Learn","Municipali":"Mercedes"}},{"type":"Feature","geometry":{"type":"Point","coordinates":[123.008981,14.1108448]},"properties":{"Category":"Institutional (INT)","SubCategor":"Military/Armed Forces","Name":"Coast Guard Building","Municipali":"Mercedes"}},{"type":"Feature","geometry":{"type":"Point","coordinates":[123.008042,14.1109842]},"properties":{"Category":"Institutional (INT)","SubCategor":"Barangay Hall","Name":"Barangay Hall","Municipali":"Mercedes"}},{"type":"Feature","geometry":{"type":"Point","coordinates":[123.008051,14.1110241]},"properties":{"Category":"Institutional (INT)","SubCategor":"Health Center/Station","Name":"Health Center","Municipali":"Mercedes"}},{"type":"Feature","geometry":{"type":"Point","coordinates":[123.008417,14.1109813]},"properties":{"Category":"Institutional (INT)","SubCategor":"Chapel","Name":"Saint Therese Chapel","Municipali":"Mercedes"}},{"type":"Feature","geometry":{"type":"Point","coordinates":[123.009024,14.1077092]},"properties":{"Category":"Institutional (INT)","SubCategor":"Barangay Hall","Name":"Barangay Hall","Municipali":"Mercedes"}},{"type":"Feature","geometry":{"type":"Point","coordinates":[123.009012,14.107906]},"properties":{"Category":"Institutional (INT)","SubCategor":"Chapel","Name":"San Agustin Chapel","Municipali":"Mercedes"}},{"type":"Feature","geometry":{"type":"Point","coordinates":[123.010694,14.1088693]},"properties":{"Category":"Institutional (INT)","SubCategor":"Barangay Hall","Name":"Barangay Hall","Municipali":"Mercedes"}},{"type":"Feature","geometry":{"type":"Point","coordinates":[123.010827,14.1088509]},"properties":{"Category":"Institutional (INT)","SubCategor":"Police Station","Name":"Maritime Police Station","Municipali":"Mercedes"}},{"type":"Feature","geometry":{"type":"Point","coordinates":[123.096727,14.0400573]},"properties":{"Category":"Institutional (INT)","SubCategor":"Barangay Hall","Name":"Barangay Hall","Municipali":"Mercedes"}},{"type":"Feature","geometry":{"type":"Point","coordinates":[123.011187,14.109334]},"properties":{"Category":"Institutional (INT)","SubCategor":"Church","Name":"San Antonio de Padua Church","Municipali":"Mercedes"}},{"type":"Feature","geometry":{"type":"Point","coordinates":[123.009313,14.1099423]},"properties":{"Category":"Institutional (INT)","SubCategor":"Municipal Hall","Name":"Municipal Hall","Municipali":"Mercedes"}},{"type":"Feature","geometry":{"type":"Point","coordinates":[123.009331,14.1107931]},"properties":{"Category":"Institutional (INT)","SubCategor":"Health Center/Station","Name":"Municipal Health Office","Municipali":"Mercedes"}},{"type":"Feature","geometry":{"type":"Point","coordinates":[123.009557,14.1107399]},"properties":{"Category":"Institutional (INT)","SubCategor":"Fire Station","Name":"Bureau of Fire Protection","Municipali":"Mercedes"}},{"type":"Feature","geometry":{"type":"Point","coordinates":[123.010531,14.1099284]},"properties":{"Category":"Institutional (INT)","SubCategor":"School","Name":"Mercedes Elementary School","Municipali":"Mercedes"}},{"type":"Feature","geometry":{"type":"Point","coordinates":[123.011438,14.1103679]},"properties":{"Category":"Institutional (INT)","SubCategor":"Barangay Hall","Name":"Barangay Hall","Municipali":"Mercedes"}},{"type":"Feature","geometry":{"type":"Point","coordinates":[123.011726,14.108955]},"properties":{"Category":"Commercial-2 (C-2)","SubCategor":"Market","Name":"Mercedes Market","Municipali":"Mercedes"}},{"type":"Feature","geometry":{"type":"Point","coordinates":[123.012127,14.1094893]},"properties":{"Category":"Institutional (INT)","SubCategor":"Barangay Hall","Name":"Barangay Hall","Municipali":"Mercedes"}},{"type":"Feature","geometry":{"type":"Point","coordinates":[123.013405,14.1107935]},"properties":{"Category":"Institutional (INT)","SubCategor":"Chapel","Name":"Holy Famliy Chapel","Municipali":"Mercedes"}},{"type":"Feature","geometry":{"type":"Point","coordinates":[123.095968,14.0402005]},"properties":{"Category":"Institutional (INT)","SubCategor":"Chapel","Name":"Santa Veronica Chapel","Municipali":"Mercedes"}},{"type":"Feature","geometry":{"type":"Point","coordinates":[123.09923,14.0417396]},"properties":{"Category":"Institutional (INT)","SubCategor":"School","Name":"Caringo High School","Municipali":"Mercedes"}},{"type":"Feature","geometry":{"type":"Point","coordinates":[123.095767,14.0408616]},"properties":{"Category":"Institutional (INT)","SubCategor":"School","Name":"Caringo Elementary School","Municipali":"Mercedes"}},{"type":"Feature","geometry":{"type":"Point","coordinates":[123.041635,14.0695123]},"properties":{"Category":"Institutional (INT)","SubCategor":"Barangay Hall","Name":"Barangay Hall","Municipali":"Mercedes"}},{"type":"Feature","geometry":{"type":"Point","coordinates":[123.043055,14.0695199]},"properties":{"Category":"Institutional (INT)","SubCategor":"Chapel","Name":"Chapel","Municipali":"Mercedes"}},{"type":"Feature","geometry":{"type":"Point","coordinates":[123.041517,14.0708343]},"properties":{"Category":"Institutional (INT)","SubCategor":"School","Name":"Cayucyucan Elementary School","Municipali":"Mercedes"}},{"type":"Feature","geometry":{"type":"Point","coordinates":[123.043065,14.0698455]},"properties":{"Category":"Institutional (INT)","SubCategor":"Health Center/Station","Name":"Health Center","Municipali":"Mercedes"}},{"type":"Feature","geometry":{"type":"Point","coordinates":[122.99032,14.1101508]},"properties":{"Category":"Institutional (INT)","SubCategor":"School","Name":"Mercedes Technical Vocational High School","Municipali":"Mercedes"}},{"type":"Feature","geometry":{"type":"Point","coordinates":[122.987438,14.1112117]},"properties":{"Category":"Institutional (INT)","SubCategor":"School","Name":"San Roque National High School","Municipali":"Mercedes"}},{"type":"Feature","geometry":{"type":"Point","coordinates":[122.9856,14.1129015]},"properties":{"Category":"Institutional (INT)","SubCategor":"Barangay Hall","Name":"Barangay Hall","Municipali":"Mercedes"}},{"type":"Feature","geometry":{"type":"Point","coordinates":[122.983325,14.1138736]},"properties":{"Category":"Institutional (INT)","SubCategor":"Chapel","Name":"Nuestra Seniora Del Rosario Chapel","Municipali":"Mercedes"}},{"type":"Feature","geometry":{"type":"Point","coordinates":[123.024134,14.0826403]},"properties":{"Category":"Institutional (INT)","SubCategor":"Church","Name":"Church","Municipali":"Mercedes"}},{"type":"Feature","geometry":{"type":"Point","coordinates":[123.024797,14.0825201]},"properties":{"Category":"Institutional (INT)","SubCategor":"School","Name":"Gaboc Elementary School","Municipali":"Mercedes"}},{"type":"Feature","geometry":{"type":"Point","coordinates":[123.02429,14.0822606]},"properties":{"Category":"Institutional (INT)","SubCategor":"Barangay Hall","Name":"Barangay Hall","Municipali":"Mercedes"}},{"type":"Feature","geometry":{"type":"Point","coordinates":[123.024412,14.0822987]},"properties":{"Category":"Institutional (INT)","SubCategor":"Health Center/Station","Name":"Health Center","Municipali":"Mercedes"}},{"type":"Feature","geometry":{"type":"Point","coordinates":[123.043022,14.0043655]},"properties":{"Category":"Institutional (INT)","SubCategor":"Chapel","Name":"Chapel","Municipali":"Mercedes"}},{"type":"Feature","geometry":{"type":"Point","coordinates":[123.047715,14.0034115]},"properties":{"Category":"Institutional (INT)","SubCategor":"Chapel","Name":"Chapel","Municipali":"Mercedes"}},{"type":"Feature","geometry":{"type":"Point","coordinates":[123.049484,14.0028558]},"properties":{"Category":"Institutional (INT)","SubCategor":"School","Name":"Hinipaan Elementary School","Municipali":"Mercedes"}},{"type":"Feature","geometry":{"type":"Point","coordinates":[123.065912,13.8689508]},"properties":{"Category":"Institutional (INT)","SubCategor":"Barangay Hall","Name":"Barangay Hall","Municipali":"Mercedes"}},{"type":"Feature","geometry":{"type":"Point","coordinates":[123.06556,13.8677635]},"properties":{"Category":"Institutional (INT)","SubCategor":"Chapel","Name":"Salvacion Chapel","Municipali":"Mercedes"}},{"type":"Feature","geometry":{"type":"Point","coordinates":[123.058179,13.869076]},"properties":{"Category":"Institutional (INT)","SubCategor":"School","Name":"Lalawigan National High School","Municipali":"Mercedes"}},{"type":"Feature","geometry":{"type":"Point","coordinates":[123.065454,13.8717398]},"properties":{"Category":"Institutional (INT)","SubCategor":"School","Name":"Lalawigan Elementay School","Municipali":"Mercedes"}},{"type":"Feature","geometry":{"type":"Point","coordinates":[123.064462,13.8737619]},"properties":{"Category":"Institutional (INT)","SubCategor":"Chapel","Name":"Salvacion Chapel","Municipali":"Mercedes"}},{"type":"Feature","geometry":{"type":"Point","coordinates":[123.042683,14.091895]},"properties":{"Category":"Institutional (INT)","SubCategor":"Barangay Hall","Name":"Barangay Hall","Municipali":"Mercedes"}},{"type":"Feature","geometry":{"type":"Point","coordinates":[123.041905,14.0902151]},"properties":{"Category":"Institutional (INT)","SubCategor":"Chapel","Name":"San Roque Chapel","Municipali":"Mercedes"}},{"type":"Feature","geometry":{"type":"Point","coordinates":[123.041838,14.0907626]},"properties":{"Category":"Institutional (INT)","SubCategor":"School","Name":"Don Manuel Lopez Elementary School","Municipali":"Mercedes"}},{"type":"Feature","geometry":{"type":"Point","coordinates":[123.038205,14.0939072]},"properties":{"Category":"Institutional (INT)","SubCategor":"Chapel","Name":"Living Water Chapel","Municipali":"Mercedes"}},{"type":"Feature","geometry":{"type":"Point","coordinates":[123.017771,14.1054741]},"properties":{"Category":"Institutional (INT)","SubCategor":"Barangay Hall","Name":"Barangay Hall","Municipali":"Mercedes"}},{"type":"Feature","geometry":{"type":"Point","coordinates":[123.017861,14.105946]},"properties":{"Category":"Institutional (INT)","SubCategor":"Health Center/Station","Name":"Health Center","Municipali":"Mercedes"}},{"type":"Feature","geometry":{"type":"Point","coordinates":[123.019062,14.105476]},"properties":{"Category":"Institutional (INT)","SubCategor":"Church","Name":"Iglesia Ni Cristo","Municipali":"Mercedes"}},{"type":"Feature","geometry":{"type":"Point","coordinates":[123.017179,14.1038481]},"properties":{"Category":"Institutional (INT)","SubCategor":"Church","Name":"Parish Of Saint Isidro","Municipali":"Mercedes"}},{"type":"Feature","geometry":{"type":"Point","coordinates":[123.082982,13.8851507]},"properties":{"Category":"Institutional (INT)","SubCategor":"Chapel","Name":"Hamoraon Chapel","Municipali":"Mercedes"}},{"type":"Feature","geometry":{"type":"Point","coordinates":[123.083431,13.8847759]},"properties":{"Category":"Institutional (INT)","SubCategor":"School","Name":"Hamoraon Elementary School","Municipali":"Mercedes"}},{"type":"Feature","geometry":{"type":"Point","coordinates":[123.082853,13.8848444]},"properties":{"Category":"Institutional (INT)","SubCategor":"Barangay Hall","Name":"Barangay Hall","Municipali":"Mercedes"}},{"type":"Feature","geometry":{"type":"Point","coordinates":[123.082253,13.9622625]},"properties":{"Category":"Institutional (INT)","SubCategor":"Chapel","Name":"San Isidro Chapel","Municipali":"Mercedes"}},{"type":"Feature","geometry":{"type":"Point","coordinates":[123.08366,13.9728631]},"properties":{"Category":"Institutional (INT)","SubCategor":"Chapel","Name":"San Roque Chapel","Municipali":"Mercedes"}},{"type":"Feature","geometry":{"type":"Point","coordinates":[123.084043,13.9719063]},"properties":{"Category":"Institutional (INT)","SubCategor":"Hospital","Name":"Lying-In Clinic","Municipali":"Mercedes"}},{"type":"Feature","geometry":{"type":"Point","coordinates":[123.080463,13.9826227]},"properties":{"Category":"Institutional (INT)","SubCategor":"Military/Armed Forces","Name":"Army Headquarters","Municipali":"Mercedes"}},{"type":"Feature","geometry":{"type":"Point","coordinates":[123.083817,13.9751664]},"properties":{"Category":"Institutional (INT)","SubCategor":"School","Name":"Pambuhan National Elementary School","Municipali":"Mercedes"}},{"type":"Feature","geometry":{"type":"Point","coordinates":[123.069515,14.0681542]},"properties":{"Category":"Institutional (INT)","SubCategor":"Chapel","Name":"San Vicente Ferrer Chapel","Municipali":"Mercedes"}},{"type":"Feature","geometry":{"type":"Point","coordinates":[123.070342,14.0670823]},"properties":{"Category":"Institutional (INT)","SubCategor":"School","Name":"Quinapaguian Elementary School","Municipali":"Mercedes"}},{"type":"Feature","geometry":{"type":"Point","coordinates":[123.069776,14.0684322]},"properties":{"Category":"Institutional (INT)","SubCategor":"Barangay Hall","Name":"Barangay Hall","Municipali":"Mercedes"}},{"type":"Feature","geometry":{"type":"Point","coordinates":[123.069886,14.0684959]},"properties":{"Category":"Institutional (INT)","SubCategor":"Health Center/Station","Name":"Health Center","Municipali":"Mercedes"}},{"type":"Feature","geometry":{"type":"Point","coordinates":[123.000446,14.0822546]},"properties":{"Category":"Institutional (INT)","SubCategor":"Chapel","Name":"San Antonio Chapel","Municipali":"Mercedes"}},{"type":"Feature","geometry":{"type":"Point","coordinates":[122.999911,14.0823466]},"properties":{"Category":"Institutional (INT)","SubCategor":"Health Center/Station","Name":"Health Center","Municipali":"Mercedes"}},{"type":"Feature","geometry":{"type":"Point","coordinates":[122.999797,14.0822413]},"properties":{"Category":"Institutional (INT)","SubCategor":"Barangay Hall","Name":"Barangay Hall","Municipali":"Mercedes"}},{"type":"Feature","geometry":{"type":"Point","coordinates":[123.095138,14.0804789]},"properties":{"Category":"Institutional (INT)","SubCategor":"Chapel","Name":"Chapel","Municipali":"Mercedes"}},{"type":"Feature","geometry":{"type":"Point","coordinates":[123.094007,14.0811677]},"properties":{"Category":"Institutional (INT)","SubCategor":"School","Name":"Lope Manlangit Elementary School","Municipali":"Mercedes"}},{"type":"Feature","geometry":{"type":"Point","coordinates":[123.094134,14.0807469]},"properties":{"Category":"Institutional (INT)","SubCategor":"Health Center/Station","Name":"Health Center","Municipali":"Mercedes"}},{"type":"Feature","geometry":{"type":"Point","coordinates":[123.094178,14.0807336]},"properties":{"Category":"Institutional (INT)","SubCategor":"Barangay Hall","Name":"Barangay Hall","Municipali":"Mercedes"}},{"type":"Feature","geometry":{"type":"Point","coordinates":[123.094478,14.0804805]},"properties":{"Category":"Institutional (INT)","SubCategor":"Multipurpose Hall","Name":"Multipurpose Hall","Municipali":"Mercedes"}},{"type":"Feature","geometry":{"type":"Point","coordinates":[123.083921,13.9739377]},"properties":{"Category":"Institutional (INT)","SubCategor":"Health Center/Station","Name":"Health Center","Municipali":"Mercedes"}},{"type":"Feature","geometry":{"type":"Point","coordinates":[123.078953,13.9465543]},"properties":{"Category":"Institutional (INT)","SubCategor":"School","Name":"Tarum Elementray School","Municipali":"Mercedes"}},{"type":"Feature","geometry":{"type":"Point","coordinates":[123.079392,13.9471252]},"properties":{"Category":"Institutional (INT)","SubCategor":"Barangay Hall","Name":"Barangay Hall","Municipali":"Mercedes"}},{"type":"Feature","geometry":{"type":"Point","coordinates":[123.079132,13.9474868]},"properties":{"Category":"Institutional (INT)","SubCategor":"Church","Name":"San Nicolas De Tolentino","Municipali":"Mercedes"}},{"type":"Feature","geometry":{"type":"Point","coordinates":[123.076157,13.9368666]},"properties":{"Category":"Institutional (INT)","SubCategor":"Chapel","Name":"Hinaradaan Chapel","Municipali":"Mercedes"}},{"type":"Feature","geometry":{"type":"Point","coordinates":[123.084373,13.9340633]},"properties":{"Category":"Institutional (INT)","SubCategor":"Chapel","Name":"Naburtot Chapel","Municipali":"Mercedes"}},{"type":"Feature","geometry":{"type":"Point","coordinates":[123.086664,13.9219024]},"properties":{"Category":"Institutional (INT)","SubCategor":"Barangay Hall","Name":"Barangay Hall","Municipali":"Mercedes"}},{"type":"Feature","geometry":{"type":"Point","coordinates":[123.086658,13.9219864]},"properties":{"Category":"Institutional (INT)","SubCategor":"Health Center/Station","Name":"Health Center","Municipali":"Mercedes"}},{"type":"Feature","geometry":{"type":"Point","coordinates":[123.08677,13.9224699]},"properties":{"Category":"Institutional (INT)","SubCategor":"School","Name":"Colasi Elementary School","Municipali":"Mercedes"}},{"type":"Feature","geometry":{"type":"Point","coordinates":[123.08645,13.9216625]},"properties":{"Category":"Institutional (INT)","SubCategor":"School","Name":"Colasi Elementary School","Municipali":"Mercedes"}},{"type":"Feature","geometry":{"type":"Point","coordinates":[123.08869,13.9056752]},"properties":{"Category":"Institutional (INT)","SubCategor":"Chapel","Name":"Mangaras Chapel","Municipali":"Mercedes"}},{"type":"Feature","geometry":{"type":"Point","coordinates":[123.089569,13.8850042]},"properties":{"Category":"Institutional (INT)","SubCategor":"Chapel","Name":"Batohan Chapel","Municipali":"Mercedes"}},{"type":"Feature","geometry":{"type":"Point","coordinates":[123.058388,13.850918]},"properties":{"Category":"Institutional (INT)","SubCategor":"School","Name":"Lanot Elementary School","Municipali":"Mercedes"}},{"type":"Feature","geometry":{"type":"Point","coordinates":[123.058913,13.8508879]},"properties":{"Category":"Institutional (INT)","SubCategor":"Health Center/Station","Name":"Health Center","Municipali":"Mercedes"}},{"type":"Feature","geometry":{"type":"Point","coordinates":[123.059178,13.8510078]},"properties":{"Category":"Institutional (INT)","SubCategor":"Barangay Hall","Name":"Barangay Hall","Municipali":"Mercedes"}},{"type":"Feature","geometry":{"type":"Point","coordinates":[123.059785,13.8470268]},"properties":{"Category":"Institutional (INT)","SubCategor":"Chapel","Name":"Chapel","Municipali":"Mercedes"}},{"type":"Feature","geometry":{"type":"Point","coordinates":[123.059575,13.8458267]},"properties":{"Category":"Institutional (INT)","SubCategor":"Chapel","Name":"Chapel","Municipali":"Mercedes"}},{"type":"Feature","geometry":{"type":"Point","coordinates":[122.995362,14.1129973]},"properties":{"Category":"Commercial-2 (C-2)","SubCategor":"Market","Name":"Market","Municipali":"Mercedes"}},{"type":"Feature","geometry":{"type":"Point","coordinates":[122.995807,14.1128937]},"properties":{"Category":"Institutional (INT)","SubCategor":"Barangay Hall","Name":"Barangay Hall","Municipali":"Mercedes"}},{"type":"Feature","geometry":{"type":"Point","coordinates":[122.995832,14.1128637]},"properties":{"Category":"Institutional (INT)","SubCategor":"Health Center/Station","Name":"Health Center","Municipali":"Mercedes"}},{"type":"Feature","geometry":{"type":"Point","coordinates":[123.002056,14.1113052]},"properties":{"Category":"Institutional (INT)","SubCategor":"Hospital","Name":"Perpetual Help Lying-In","Municipali":"Mercedes"}},{"type":"Feature","geometry":{"type":"Point","coordinates":[123.002063,14.1128359]},"properties":{"Category":"Institutional (INT)","SubCategor":"Church","Name":"Methodist Church","Municipali":"Mercedes"}},{"type":"Feature","geometry":{"type":"Point","coordinates":[123.036576,14.0248883]},"properties":{"Category":"Institutional (INT)","SubCategor":"Barangay Hall","Name":"Barangay Hall","Municipali":"Mercedes"}},{"type":"Feature","geometry":{"type":"Point","coordinates":[123.036473,14.0249697]},"properties":{"Category":"Institutional (INT)","SubCategor":"Health Center/Station","Name":"Health Center","Municipali":"Mercedes"}},{"type":"Feature","geometry":{"type":"Point","coordinates":[123.039826,14.0204176]},"properties":{"Category":"Institutional (INT)","SubCategor":"School","Name":"Claro E. Ibasco Elementary School","Municipali":"Mercedes"}},{"type":"Feature","geometry":{"type":"Point","coordinates":[123.038573,14.0226227]},"properties":{"Category":"Institutional (INT)","SubCategor":"Church","Name":"Matoog-Toog Church","Municipali":"Mercedes"}},{"type":"Feature","geometry":{"type":"Point","coordinates":[123.037223,14.0238414]},"properties":{"Category":"Institutional (INT)","SubCategor":"Chapel","Name":"Matoog-Toog Chapel","Municipali":"Mercedes"}},{"type":"Feature","geometry":{"type":"Point","coordinates":[123.038513,14.0118829]},"properties":{"Category":"Institutional (INT)","SubCategor":"School","Name":"Don Pablo S. Villalfuerte High School","Municipali":"Mercedes"}},{"type":"Feature","geometry":{"type":"Point","coordinates":[123.040351,14.0097285]},"properties":{"Category":"Institutional (INT)","SubCategor":"Chapel","Name":"Chapel","Municipali":"Mercedes"}},{"type":"Feature","geometry":{"type":"Point","coordinates":[123.047923,14.0035634]},"properties":{"Category":"Institutional (INT)","SubCategor":"Barangay Hall","Name":"Barangay Hall","Municipali":"Mercedes"}},{"type":"Feature","geometry":{"type":"Point","coordinates":[123.062103,13.9905154]},"properties":{"Category":"Institutional (INT)","SubCategor":"Barangay Hall","Name":"Barangay Hall","Municipali":"Mercedes"}},{"type":"Feature","geometry":{"type":"Point","coordinates":[123.064101,13.989361]},"properties":{"Category":"Institutional (INT)","SubCategor":"School","Name":"Masalong-Salong Elementary School","Municipali":"Mercedes"}},{"type":"Feature","geometry":{"type":"Point","coordinates":[123.074369,13.9867861]},"properties":{"Category":"Institutional (INT)","SubCategor":"Chapel","Name":"Nuestra Señora De Salvacion Chapel","Municipali":"Mercedes"}},{"type":"Feature","geometry":{"type":"Point","coordinates":[123.064529,13.8712256]},"properties":{"Category":"Institutional (INT)","SubCategor":"School","Name":"Lalawigan Elementary School","Municipali":"Mercedes"}},{"type":"Feature","geometry":{"type":"Point","coordinates":[123.009499,14.1104219]},"properties":{"Category":"Institutional (INT)","SubCategor":"National Government Agency","Name":"Bureau of Fisheries and Aquatic Resources","Municipali":"Mercedes"}},{"type":"Feature","geometry":{"type":"Point","coordinates":[123.018402,14.1034485]},"properties":{"Category":"Institutional (INT)","SubCategor":"School","Name":"Manguisoc National High School","Municipali":"Mercedes"}},{"type":"Feature","geometry":{"type":"Point","coordinates":[123.021518,14.1048157]},"properties":{"Category":"Institutional (INT)","SubCategor":"School","Name":"Manguisoc Elementary School","Municipali":"Mercedes"}},{"type":"Feature","geometry":{"type":"Point","coordinates":[123.001565,14.1139558]},"properties":{"Category":"Institutional (INT)","SubCategor":"Church","Name":"Jesus Our Hope Church","Municipali":"Mercedes"}},{"type":"Feature","geometry":{"type":"Point","coordinates":[123.042075,14.0916178]},"properties":{"Category":"Institutional (INT)","SubCategor":"Pharmacy/ Drug Store","Name":"Barangay Drug Store","Municipali":"Mercedes"}},{"type":"Feature","geometry":{"type":"Point","coordinates":[123.063146,13.9899355]},"properties":{"Category":"Institutional (INT)","SubCategor":"Church","Name":"Masalong-Salong Church","Municipali":"Mercedes"}},{"type":"Feature","geometry":{"type":"Point","coordinates":[123.058214,13.8519348]},"properties":{"Category":"Institutional (INT)","SubCategor":"Chapel","Name":"Chapel","Municipali":"Mercedes"}},{"type":"Feature","geometry":{"type":"Point","coordinates":[123.082812,13.8847322]},"properties":{"Category":"Institutional (INT)","SubCategor":"Health Center/Station","Name":"Health Center","Municipali":"Mercedes"}},{"type":"Feature","geometry":{"type":"Point","coordinates":[122.641739,14.1131308]},"properties":{"Category":"Institutional (INT)","SubCategor":"Chapel","Name":"Chapel","Municipali":"Labo"}},{"type":"Feature","geometry":{"type":"Point","coordinates":[122.502096,14.1888364]},"properties":{"Category":"Institutional (INT)","SubCategor":"Church","Name":"7th Day Adventist Church","Municipali":"Labo"}},{"type":"Feature","geometry":{"type":"Point","coordinates":[122.824729,14.1125716]},"properties":{"Category":"Institutional (INT)","SubCategor":"Chapel","Name":"San Antonio De Padua Chapel","Municipali":"Labo"}},{"type":"Feature","geometry":{"type":"Point","coordinates":[122.781483,14.1769737]},"properties":{"Category":"Institutional (INT)","SubCategor":"School","Name":"Talobatib High School","Municipali":"Labo"}},{"type":"Feature","geometry":{"type":"Point","coordinates":[122.783456,14.1823669]},"properties":{"Category":"Institutional (INT)","SubCategor":"Church","Name":"Iglesia Ni Cristo","Municipali":"Labo"}},{"type":"Feature","geometry":{"type":"Point","coordinates":[122.785024,14.1817833]},"properties":{"Category":"Institutional (INT)","SubCategor":"Barangay Hall","Name":"Talobatib Barangay Hall","Municipali":"Labo"}},{"type":"Feature","geometry":{"type":"Point","coordinates":[122.785366,14.181654]},"properties":{"Category":"Institutional (INT)","SubCategor":"School","Name":"Claudio Villagen Elementary School","Municipali":"Labo"}},{"type":"Feature","geometry":{"type":"Point","coordinates":[122.787586,14.181905]},"properties":{"Category":"Institutional (INT)","SubCategor":"School","Name":"CNSC - College of Agriculture","Municipali":"Labo"}},{"type":"Feature","geometry":{"type":"Point","coordinates":[122.784991,14.1841565]},"properties":{"Category":"Institutional (INT)","SubCategor":"Hospital","Name":"Cam. Norte Provincial Hospital Annex","Municipali":"Labo"}},{"type":"Feature","geometry":{"type":"Point","coordinates":[122.784106,14.1835985]},"properties":{"Category":"Institutional (INT)","SubCategor":"Church","Name":"Holy Family Parish Churh","Municipali":"Labo"}},{"type":"Feature","geometry":{"type":"Point","coordinates":[122.765526,14.1325088]},"properties":{"Category":"Institutional (INT)","SubCategor":"School","Name":"Matanlang Elementary School","Municipali":"Labo"}},{"type":"Feature","geometry":{"type":"Point","coordinates":[122.765134,14.1318522]},"properties":{"Category":"Institutional (INT)","SubCategor":"Chapel","Name":"San Roque Chapel","Municipali":"Labo"}},{"type":"Feature","geometry":{"type":"Point","coordinates":[122.76595,14.1323117]},"properties":{"Category":"Institutional (INT)","SubCategor":"Barangay Hall","Name":"Matanlang Barangay Hall","Municipali":"Labo"}},{"type":"Feature","geometry":{"type":"Point","coordinates":[122.765912,14.1323366]},"properties":{"Category":"Institutional (INT)","SubCategor":"Health Center/Station","Name":"Health Center","Municipali":"Labo"}},{"type":"Feature","geometry":{"type":"Point","coordinates":[122.7804,14.1166734]},"properties":{"Category":"Institutional (INT)","SubCategor":"Barangay Hall","Name":"Napaod Barangay Hall","Municipali":"Labo"}},{"type":"Feature","geometry":{"type":"Point","coordinates":[122.780302,14.1160674]},"properties":{"Category":"Institutional (INT)","SubCategor":"Health Center/Station","Name":"Health Center","Municipali":"Labo"}},{"type":"Feature","geometry":{"type":"Point","coordinates":[122.781595,14.1188386]},"properties":{"Category":"Institutional (INT)","SubCategor":"School","Name":"Litordan Elementary School","Municipali":"Labo"}},{"type":"Feature","geometry":{"type":"Point","coordinates":[122.781292,14.1181774]},"properties":{"Category":"Institutional (INT)","SubCategor":"Chapel","Name":"San Roque Chapel","Municipali":"Labo"}},{"type":"Feature","geometry":{"type":"Point","coordinates":[122.790702,14.1296081]},"properties":{"Category":"Institutional (INT)","SubCategor":"School","Name":"Napaod Elementary School","Municipali":"Labo"}},{"type":"Feature","geometry":{"type":"Point","coordinates":[122.789328,14.1324287]},"properties":{"Category":"Institutional (INT)","SubCategor":"Barangay Hall","Name":"Benit Barangay Hall","Municipali":"Labo"}},{"type":"Feature","geometry":{"type":"Point","coordinates":[122.789345,14.1325487]},"properties":{"Category":"Institutional (INT)","SubCategor":"Health Center/Station","Name":"Health Center","Municipali":"Labo"}},{"type":"Feature","geometry":{"type":"Point","coordinates":[122.789232,14.1323549]},"properties":{"Category":"Institutional (INT)","SubCategor":"Chapel","Name":"San Isidro Chapel","Municipali":"Labo"}},{"type":"Feature","geometry":{"type":"Point","coordinates":[122.748418,14.091875]},"properties":{"Category":"Institutional (INT)","SubCategor":"Health Center/Station","Name":"Health Center","Municipali":"Labo"}},{"type":"Feature","geometry":{"type":"Point","coordinates":[122.748271,14.0921362]},"properties":{"Category":"Institutional (INT)","SubCategor":"Barangay Hall","Name":"Baay Barangay Hall","Municipali":"Labo"}},{"type":"Feature","geometry":{"type":"Point","coordinates":[122.747433,14.0947716]},"properties":{"Category":"Institutional (INT)","SubCategor":"Chapel","Name":"San Isidro Labrador Chapel","Municipali":"Labo"}},{"type":"Feature","geometry":{"type":"Point","coordinates":[122.747482,14.0910384]},"properties":{"Category":"Institutional (INT)","SubCategor":"School","Name":"Baay Elementary School","Municipali":"Labo"}},{"type":"Feature","geometry":{"type":"Point","coordinates":[122.763847,14.1043886]},"properties":{"Category":"Institutional (INT)","SubCategor":"Barangay Hall","Name":"Bayan Bayan Barangay Hall","Municipali":"Labo"}},{"type":"Feature","geometry":{"type":"Point","coordinates":[122.763792,14.1038133]},"properties":{"Category":"Institutional (INT)","SubCategor":"Chapel","Name":"San Antonio De Padua Chapel","Municipali":"Labo"}},{"type":"Feature","geometry":{"type":"Point","coordinates":[122.762504,14.1072913]},"properties":{"Category":"Institutional (INT)","SubCategor":"School","Name":"Bayan Bayan Elementary School","Municipali":"Labo"}},{"type":"Feature","geometry":{"type":"Point","coordinates":[122.716093,14.1212738]},"properties":{"Category":"Institutional (INT)","SubCategor":"School","Name":"San Francisco Elementary School","Municipali":"Labo"}},{"type":"Feature","geometry":{"type":"Point","coordinates":[122.715788,14.1206051]},"properties":{"Category":"Institutional (INT)","SubCategor":"Chapel","Name":"Chapel","Municipali":"Labo"}},{"type":"Feature","geometry":{"type":"Point","coordinates":[122.715471,14.1208867]},"properties":{"Category":"Institutional (INT)","SubCategor":"Barangay Hall","Name":"Pag-Asa Barangay Hall","Municipali":"Labo"}},{"type":"Feature","geometry":{"type":"Point","coordinates":[122.715493,14.1205795]},"properties":{"Category":"Institutional (INT)","SubCategor":"School","Name":"Pag-Asa National High School","Municipali":"Labo"}},{"type":"Feature","geometry":{"type":"Point","coordinates":[122.759521,14.1539809]},"properties":{"Category":"Institutional (INT)","SubCategor":"Barangay Hall","Name":"Calabasa Barangay Hall","Municipali":"Labo"}},{"type":"Feature","geometry":{"type":"Point","coordinates":[122.759754,14.1549945]},"properties":{"Category":"Institutional (INT)","SubCategor":"Chapel","Name":"Chapel","Municipali":"Labo"}},{"type":"Feature","geometry":{"type":"Point","coordinates":[122.759527,14.1537324]},"properties":{"Category":"Institutional (INT)","SubCategor":"School","Name":"Calabasa Elementary School","Municipali":"Labo"}},{"type":"Feature","geometry":{"type":"Point","coordinates":[122.735957,14.1605802]},"properties":{"Category":"Institutional (INT)","SubCategor":"Barangay Hall","Name":"Maot Barangay Hall","Municipali":"Labo"}},{"type":"Feature","geometry":{"type":"Point","coordinates":[122.735626,14.1607344]},"properties":{"Category":"Institutional (INT)","SubCategor":"Health Center/Station","Name":"Health Center","Municipali":"Labo"}},{"type":"Feature","geometry":{"type":"Point","coordinates":[122.734422,14.1599747]},"properties":{"Category":"Institutional (INT)","SubCategor":"Chapel","Name":"Chapel","Municipali":"Labo"}},{"type":"Feature","geometry":{"type":"Point","coordinates":[122.734734,14.159745]},"properties":{"Category":"Institutional (INT)","SubCategor":"School","Name":"Maot Elementary School","Municipali":"Labo"}},{"type":"Feature","geometry":{"type":"Point","coordinates":[122.786595,14.1609982]},"properties":{"Category":"Institutional (INT)","SubCategor":"Barangay Hall","Name":"Pang Pang Barangay Hall","Municipali":"Labo"}},{"type":"Feature","geometry":{"type":"Point","coordinates":[122.787041,14.161191]},"properties":{"Category":"Institutional (INT)","SubCategor":"School","Name":"Pang-Pang Elementary School","Municipali":"Labo"}},{"type":"Feature","geometry":{"type":"Point","coordinates":[122.786659,14.1609117]},"properties":{"Category":"Institutional (INT)","SubCategor":"Chapel","Name":"Chapel","Municipali":"Labo"}},{"type":"Feature","geometry":{"type":"Point","coordinates":[122.744874,14.1828915]},"properties":{"Category":"Institutional (INT)","SubCategor":"Military/Armed Forces","Name":"Malangcao Basud Detachment","Municipali":"Labo"}},{"type":"Feature","geometry":{"type":"Point","coordinates":[122.749912,14.1850205]},"properties":{"Category":"Institutional (INT)","SubCategor":"Barangay Hall","Name":"Malangcao-Basud Barangay Hall","Municipali":"Labo"}},{"type":"Feature","geometry":{"type":"Point","coordinates":[122.755423,14.1846847]},"properties":{"Category":"Institutional (INT)","SubCategor":"School","Name":"Cleofas Dando Elemntary School","Municipali":"Labo"}},{"type":"Feature","geometry":{"type":"Point","coordinates":[122.755922,14.1847205]},"properties":{"Category":"Institutional (INT)","SubCategor":"Chapel","Name":"San Roque Chapel","Municipali":"Labo"}},{"type":"Feature","geometry":{"type":"Point","coordinates":[122.80022,14.1994217]},"properties":{"Category":"Institutional (INT)","SubCategor":"Barangay Hall","Name":"Mahawan-Hawan Barangay Hall","Municipali":"Labo"}},{"type":"Feature","geometry":{"type":"Point","coordinates":[122.800093,14.1989662]},"properties":{"Category":"Institutional (INT)","SubCategor":"Health Center/Station","Name":"Health Center","Municipali":"Labo"}},{"type":"Feature","geometry":{"type":"Point","coordinates":[122.79966,14.1988676]},"properties":{"Category":"Institutional (INT)","SubCategor":"Chapel","Name":"Chapel","Municipali":"Labo"}},{"type":"Feature","geometry":{"type":"Point","coordinates":[122.799625,14.1979071]},"properties":{"Category":"Institutional (INT)","SubCategor":"School","Name":"Mahawan-Hawan Elementary School","Municipali":"Labo"}},{"type":"Feature","geometry":{"type":"Point","coordinates":[122.807637,14.1692586]},"properties":{"Category":"Institutional (INT)","SubCategor":"Barangay Hall","Name":"Masalong Barangay Hall","Municipali":"Labo"}},{"type":"Feature","geometry":{"type":"Point","coordinates":[122.807687,14.1693144]},"properties":{"Category":"Institutional (INT)","SubCategor":"Health Center/Station","Name":"Health Center","Municipali":"Labo"}},{"type":"Feature","geometry":{"type":"Point","coordinates":[122.807617,14.1688474]},"properties":{"Category":"Institutional (INT)","SubCategor":"School","Name":"Marcos Elementary School","Municipali":"Labo"}},{"type":"Feature","geometry":{"type":"Point","coordinates":[122.807005,14.169209]},"properties":{"Category":"Institutional (INT)","SubCategor":"Church","Name":"Bethany Baptist Church","Municipali":"Labo"}},{"type":"Feature","geometry":{"type":"Point","coordinates":[122.815282,14.1665944]},"properties":{"Category":"Institutional (INT)","SubCategor":"School","Name":"Texas Sibol School","Municipali":"Labo"}},{"type":"Feature","geometry":{"type":"Point","coordinates":[122.787452,14.0938376]},"properties":{"Category":"Institutional (INT)","SubCategor":"School","Name":"Tulay Na Lupa National High School","Municipali":"Labo"}},{"type":"Feature","geometry":{"type":"Point","coordinates":[122.787409,14.0932006]},"properties":{"Category":"Commercial-2 (C-2)","SubCategor":"Market","Name":"Tulay Na Lupa Public Market","Municipali":"Labo"}},{"type":"Feature","geometry":{"type":"Point","coordinates":[122.785614,14.0936931]},"properties":{"Category":"Institutional (INT)","SubCategor":"Barangay Hall","Name":"Tulay Na Lupa Barangay Hall","Municipali":"Labo"}},{"type":"Feature","geometry":{"type":"Point","coordinates":[122.786702,14.0928007]},"properties":{"Category":"Institutional (INT)","SubCategor":"Health Center/Station","Name":"Health Center","Municipali":"Labo"}},{"type":"Feature","geometry":{"type":"Point","coordinates":[122.785787,14.0926409]},"properties":{"Category":"Institutional (INT)","SubCategor":"School","Name":"Tulay Na Lupa Elementary School","Municipali":"Labo"}},{"type":"Feature","geometry":{"type":"Point","coordinates":[122.784796,14.0926013]},"properties":{"Category":"Institutional (INT)","SubCategor":"Church","Name":"Saint Cajetan Parish Church","Municipali":"Labo"}},{"type":"Feature","geometry":{"type":"Point","coordinates":[122.78886,14.0916165]},"properties":{"Category":"Institutional (INT)","SubCategor":"Military/Armed Forces","Name":"902nd Infantry Batallion Brigade","Municipali":"Labo"}},{"type":"Feature","geometry":{"type":"Point","coordinates":[122.802609,14.1000053]},"properties":{"Category":"Institutional (INT)","SubCategor":"Church","Name":"Nuestra Senora Church","Municipali":"Labo"}},{"type":"Feature","geometry":{"type":"Point","coordinates":[122.801531,14.0997912]},"properties":{"Category":"Institutional (INT)","SubCategor":"Health Center/Station","Name":"Health Center","Municipali":"Labo"}},{"type":"Feature","geometry":{"type":"Point","coordinates":[122.801544,14.0998795]},"properties":{"Category":"Institutional (INT)","SubCategor":"Barangay Hall","Name":"Lugui Barangay Hall","Municipali":"Labo"}},{"type":"Feature","geometry":{"type":"Point","coordinates":[122.793028,14.0952993]},"properties":{"Category":"Institutional (INT)","SubCategor":"Church","Name":"Iglesia Ni Cristo","Municipali":"Labo"}},{"type":"Feature","geometry":{"type":"Point","coordinates":[122.80492,14.0718095]},"properties":{"Category":"Institutional (INT)","SubCategor":"Chapel","Name":"Chapel","Municipali":"Labo"}},{"type":"Feature","geometry":{"type":"Point","coordinates":[122.821354,14.1186834]},"properties":{"Category":"Institutional (INT)","SubCategor":"Chapel","Name":"San Roque Chapel","Municipali":"Labo"}},{"type":"Feature","geometry":{"type":"Point","coordinates":[122.821492,14.1182599]},"properties":{"Category":"Institutional (INT)","SubCategor":"Barangay Hall","Name":"Mabilo I Barangay Hall","Municipali":"Labo"}},{"type":"Feature","geometry":{"type":"Point","coordinates":[122.815676,14.1128104]},"properties":{"Category":"Institutional (INT)","SubCategor":"School","Name":"Mabilo I Elementary School","Municipali":"Labo"}},{"type":"Feature","geometry":{"type":"Point","coordinates":[122.832222,14.1421123]},"properties":{"Category":"Institutional (INT)","SubCategor":"Chapel","Name":"Saint Peregrine Chapel","Municipali":"Labo"}},{"type":"Feature","geometry":{"type":"Point","coordinates":[122.831062,14.135252]},"properties":{"Category":"Institutional (INT)","SubCategor":"Chapel","Name":"San Isidro Labrador Chapel","Municipali":"Labo"}},{"type":"Feature","geometry":{"type":"Point","coordinates":[122.830666,14.134838]},"properties":{"Category":"Institutional (INT)","SubCategor":"Barangay Hall","Name":"Mabilo II Barangay  Hall","Municipali":"Labo"}},{"type":"Feature","geometry":{"type":"Point","coordinates":[122.830312,14.1342338]},"properties":{"Category":"Institutional (INT)","SubCategor":"School","Name":"Don Miguel Lukban Elementary School","Municipali":"Labo"}},{"type":"Feature","geometry":{"type":"Point","coordinates":[122.830012,14.1342588]},"properties":{"Category":"Institutional (INT)","SubCategor":"Health Center/Station","Name":"Health Center","Municipali":"Labo"}},{"type":"Feature","geometry":{"type":"Point","coordinates":[122.819309,14.1137097]},"properties":{"Category":"Institutional (INT)","SubCategor":"School","Name":"Anecita De lara Pimentel High School","Municipali":"Labo"}},{"type":"Feature","geometry":{"type":"Point","coordinates":[122.823385,14.1139876]},"properties":{"Category":"Institutional (INT)","SubCategor":"Military/Armed Forces","Name":"San Antonio Detachment","Municipali":"Labo"}},{"type":"Feature","geometry":{"type":"Point","coordinates":[122.825465,14.1105815]},"properties":{"Category":"Institutional (INT)","SubCategor":"Barangay Hall","Name":"San Antonio Barangay Hall","Municipali":"Labo"}},{"type":"Feature","geometry":{"type":"Point","coordinates":[122.825531,14.1105037]},"properties":{"Category":"Institutional (INT)","SubCategor":"Health Center/Station","Name":"Health Center","Municipali":"Labo"}},{"type":"Feature","geometry":{"type":"Point","coordinates":[122.826668,14.1112403]},"properties":{"Category":"Institutional (INT)","SubCategor":"School","Name":"G. Palado Elementary School","Municipali":"Labo"}},{"type":"Feature","geometry":{"type":"Point","coordinates":[122.859547,14.1398248]},"properties":{"Category":"Institutional (INT)","SubCategor":"Chapel","Name":"San Antonio Chapel","Municipali":"Labo"}},{"type":"Feature","geometry":{"type":"Point","coordinates":[122.860078,14.1384682]},"properties":{"Category":"Institutional (INT)","SubCategor":"Barangay Hall","Name":"Iberica Barangay Hall","Municipali":"Labo"}},{"type":"Feature","geometry":{"type":"Point","coordinates":[122.859552,14.1341213]},"properties":{"Category":"Institutional (INT)","SubCategor":"School","Name":"Gavino Vinzons Elementary School","Municipali":"Labo"}},{"type":"Feature","geometry":{"type":"Point","coordinates":[122.844781,14.1452403]},"properties":{"Category":"Institutional (INT)","SubCategor":"National Government Agency","Name":"National Irrigation Administration (NIA)","Municipali":"Labo"}},{"type":"Feature","geometry":{"type":"Point","coordinates":[122.840833,14.1482381]},"properties":{"Category":"Institutional (INT)","SubCategor":"National Government Agency","Name":"Department of Agrarian Reform (DAR) Labo","Municipali":"Labo"}},{"type":"Feature","geometry":{"type":"Point","coordinates":[122.845703,14.1445272]},"properties":{"Category":"Institutional (INT)","SubCategor":"School","Name":"Bautista Elementary School","Municipali":"Labo"}},{"type":"Feature","geometry":{"type":"Point","coordinates":[122.848354,14.1437857]},"properties":{"Category":"Institutional (INT)","SubCategor":"Chapel","Name":"San Santiago Chapel","Municipali":"Labo"}},{"type":"Feature","geometry":{"type":"Point","coordinates":[122.848732,14.1418451]},"properties":{"Category":"Institutional (INT)","SubCategor":"School","Name":"Holy Trinity College Seminary","Municipali":"Labo"}},{"type":"Feature","geometry":{"type":"Point","coordinates":[122.849831,14.1428957]},"properties":{"Category":"Institutional (INT)","SubCategor":"Barangay Hall","Name":"Bautista Barangay Hall","Municipali":"Labo"}},{"type":"Feature","geometry":{"type":"Point","coordinates":[122.849821,14.1430038]},"properties":{"Category":"Institutional (INT)","SubCategor":"Health Center/Station","Name":"Health Center","Municipali":"Labo"}},{"type":"Feature","geometry":{"type":"Point","coordinates":[122.859403,14.1562416]},"properties":{"Category":"Institutional (INT)","SubCategor":"Chapel","Name":"San Roque Chapel","Municipali":"Labo"}},{"type":"Feature","geometry":{"type":"Point","coordinates":[122.859857,14.1566559]},"properties":{"Category":"Institutional (INT)","SubCategor":"Barangay Hall","Name":"Guinacutan Barangay Hall","Municipali":"Labo"}},{"type":"Feature","geometry":{"type":"Point","coordinates":[122.845626,14.1536437]},"properties":{"Category":"Institutional (INT)","SubCategor":"Barangay Hall","Name":"Malasugui Barangay Hall","Municipali":"Labo"}},{"type":"Feature","geometry":{"type":"Point","coordinates":[122.845947,14.1542303]},"properties":{"Category":"Institutional (INT)","SubCategor":"School","Name":"Malasugui Elementary School","Municipali":"Labo"}},{"type":"Feature","geometry":{"type":"Point","coordinates":[122.851328,14.153386]},"properties":{"Category":"Institutional (INT)","SubCategor":"Chapel","Name":"San Pedro Chapel","Municipali":"Labo"}},{"type":"Feature","geometry":{"type":"Point","coordinates":[122.832544,14.1679533]},"properties":{"Category":"Institutional (INT)","SubCategor":"Chapel","Name":"Saint Lucy Chapel","Municipali":"Labo"}},{"type":"Feature","geometry":{"type":"Point","coordinates":[122.832266,14.1680756]},"properties":{"Category":"Institutional (INT)","SubCategor":"Barangay Hall","Name":"Bulhao Barangay Hall","Municipali":"Labo"}},{"type":"Feature","geometry":{"type":"Point","coordinates":[122.834219,14.1669144]},"properties":{"Category":"Institutional (INT)","SubCategor":"Health Center/Station","Name":"Health Center","Municipali":"Labo"}},{"type":"Feature","geometry":{"type":"Point","coordinates":[122.8323,14.1618436]},"properties":{"Category":"Institutional (INT)","SubCategor":"School","Name":"Bulhao Elementary School","Municipali":"Labo"}},{"type":"Feature","geometry":{"type":"Point","coordinates":[122.829586,14.15809]},"properties":{"Category":"Institutional (INT)","SubCategor":"Barangay Hall","Name":"Kalamunding Barangay Hall","Municipali":"Labo"}},{"type":"Feature","geometry":{"type":"Point","coordinates":[122.829598,14.158143]},"properties":{"Category":"Institutional (INT)","SubCategor":"Health Center/Station","Name":"Health Center","Municipali":"Labo"}},{"type":"Feature","geometry":{"type":"Point","coordinates":[122.830676,14.154418]},"properties":{"Category":"Institutional (INT)","SubCategor":"Hospital","Name":"St. John Hospital","Municipali":"Labo"}},{"type":"Feature","geometry":{"type":"Point","coordinates":[122.83073,14.1548029]},"properties":{"Category":"Institutional (INT)","SubCategor":"School","Name":"St. Martin School","Municipali":"Labo"}},{"type":"Feature","geometry":{"type":"Point","coordinates":[122.832017,14.1566067]},"properties":{"Category":"Institutional (INT)","SubCategor":"School","Name":"Saint John the Apostles Academy","Municipali":"Labo"}},{"type":"Feature","geometry":{"type":"Point","coordinates":[122.830984,14.1575571]},"properties":{"Category":"Institutional (INT)","SubCategor":"Church","Name":"Jehova's Witnesses Church","Municipali":"Labo"}},{"type":"Feature","geometry":{"type":"Point","coordinates":[122.831952,14.1579632]},"properties":{"Category":"Institutional (INT)","SubCategor":"Church","Name":"Labo Christian Church","Municipali":"Labo"}},{"type":"Feature","geometry":{"type":"Point","coordinates":[122.83261,14.1597555]},"properties":{"Category":"Institutional (INT)","SubCategor":"Barangay Hall","Name":"Gumamela Barangay Hall","Municipali":"Labo"}},{"type":"Feature","geometry":{"type":"Point","coordinates":[122.832544,14.1594949]},"properties":{"Category":"Institutional (INT)","SubCategor":"Health Center/Station","Name":"Health Center","Municipali":"Labo"}},{"type":"Feature","geometry":{"type":"Point","coordinates":[122.830192,14.1540504]},"properties":{"Category":"Institutional (INT)","SubCategor":"Municipal Hall","Name":"Labo Municipal Hall","Municipali":"Labo"}},{"type":"Feature","geometry":{"type":"Point","coordinates":[122.829982,14.1543656]},"properties":{"Category":"Institutional (INT)","SubCategor":"Hospital","Name":"Dr. Miguel Alegre Hospital","Municipali":"Labo"}},{"type":"Feature","geometry":{"type":"Point","coordinates":[122.832296,14.1604175]},"properties":{"Category":"Institutional (INT)","SubCategor":"Police Station","Name":"Labo Police Station","Municipali":"Labo"}},{"type":"Feature","geometry":{"type":"Point","coordinates":[122.82999,14.1534934]},"properties":{"Category":"Institutional (INT)","SubCategor":"Church","Name":"Saint John the Apostle Parish Church","Municipali":"Labo"}},{"type":"Feature","geometry":{"type":"Point","coordinates":[122.831027,14.1531453]},"properties":{"Category":"Institutional (INT)","SubCategor":"Barangay Hall","Name":"San Francisco Barangay Hall","Municipali":"Labo"}},{"type":"Feature","geometry":{"type":"Point","coordinates":[122.83977,14.1488823]},"properties":{"Category":"Institutional (INT)","SubCategor":"Fire Station","Name":"Bureau of Fire Protection","Municipali":"Labo"}},{"type":"Feature","geometry":{"type":"Point","coordinates":[122.836527,14.1502324]},"properties":{"Category":"Institutional (INT)","SubCategor":"Chapel","Name":"Chapel","Municipali":"Labo"}},{"type":"Feature","geometry":{"type":"Point","coordinates":[122.834564,14.151136]},"properties":{"Category":"Institutional (INT)","SubCategor":"Barangay Hall","Name":"Anahaw Barangay Hall","Municipali":"Labo"}},{"type":"Feature","geometry":{"type":"Point","coordinates":[122.84619,14.1706096]},"properties":{"Category":"Institutional (INT)","SubCategor":"Chapel","Name":"Senora Guadalupe Chapel","Municipali":"Labo"}},{"type":"Feature","geometry":{"type":"Point","coordinates":[122.846351,14.1706447]},"properties":{"Category":"Institutional (INT)","SubCategor":"Barangay Hall","Name":"Bakiad Barangay Hall","Municipali":"Labo"}},{"type":"Feature","geometry":{"type":"Point","coordinates":[122.846533,14.1708209]},"properties":{"Category":"Institutional (INT)","SubCategor":"Health Center/Station","Name":"Health Center","Municipali":"Labo"}},{"type":"Feature","geometry":{"type":"Point","coordinates":[122.856469,14.1761322]},"properties":{"Category":"Institutional (INT)","SubCategor":"School","Name":"E. Obmana Elemetary School","Municipali":"Labo"}},{"type":"Feature","geometry":{"type":"Point","coordinates":[122.856643,14.1778147]},"properties":{"Category":"Institutional (INT)","SubCategor":"Barangay Hall","Name":"Santa Cruz Barangay Hall","Municipali":"Labo"}},{"type":"Feature","geometry":{"type":"Point","coordinates":[122.857828,14.1832156]},"properties":{"Category":"Institutional (INT)","SubCategor":"Chapel","Name":"San Isidro Labrador Chapel","Municipali":"Labo"}},{"type":"Feature","geometry":{"type":"Point","coordinates":[122.828199,14.1503631]},"properties":{"Category":"Institutional (INT)","SubCategor":"School","Name":"Labo Central Elementary School","Municipali":"Labo"}},{"type":"Feature","geometry":{"type":"Point","coordinates":[122.829258,14.1529644]},"properties":{"Category":"Institutional (INT)","SubCategor":"Barangay Hall","Name":"Pinya Barangay Hall","Municipali":"Labo"}},{"type":"Feature","geometry":{"type":"Point","coordinates":[122.82104,14.1457485]},"properties":{"Category":"Institutional (INT)","SubCategor":"School","Name":"Labo Science and Technology High School","Municipali":"Labo"}},{"type":"Feature","geometry":{"type":"Point","coordinates":[122.827143,14.1499829]},"properties":{"Category":"Institutional (INT)","SubCategor":"Church","Name":"Iglesia Ni Cristo","Municipali":"Labo"}},{"type":"Feature","geometry":{"type":"Point","coordinates":[122.823446,14.1468547]},"properties":{"Category":"Institutional (INT)","SubCategor":"Chapel","Name":"Black Nazarene Chapel","Municipali":"Labo"}},{"type":"Feature","geometry":{"type":"Point","coordinates":[122.8234,14.1472583]},"properties":{"Category":"Institutional (INT)","SubCategor":"Barangay Hall","Name":"Dalas Barangay Hall","Municipali":"Labo"}},{"type":"Feature","geometry":{"type":"Point","coordinates":[122.839631,14.1819797]},"properties":{"Category":"Institutional (INT)","SubCategor":"Barangay Hall","Name":"Cabusay Barangay Hall","Municipali":"Labo"}},{"type":"Feature","geometry":{"type":"Point","coordinates":[122.839531,14.1822519]},"properties":{"Category":"Institutional (INT)","SubCategor":"Chapel","Name":"Saint Holy Family Chapel","Municipali":"Labo"}},{"type":"Feature","geometry":{"type":"Point","coordinates":[122.840911,14.1869947]},"properties":{"Category":"Institutional (INT)","SubCategor":"Church","Name":"Emmanuel Espiritual Church","Municipali":"Labo"}},{"type":"Feature","geometry":{"type":"Point","coordinates":[122.839644,14.1888266]},"properties":{"Category":"Institutional (INT)","SubCategor":"School","Name":"Labo National High School","Municipali":"Labo"}},{"type":"Feature","geometry":{"type":"Point","coordinates":[122.841428,14.1895479]},"properties":{"Category":"Institutional (INT)","SubCategor":"School","Name":"Fundado Elementary School","Municipali":"Labo"}},{"type":"Feature","geometry":{"type":"Point","coordinates":[122.843269,14.1903981]},"properties":{"Category":"Institutional (INT)","SubCategor":"Chapel","Name":"Holy Cross Chapel","Municipali":"Labo"}},{"type":"Feature","geometry":{"type":"Point","coordinates":[122.846042,14.1929642]},"properties":{"Category":"Institutional (INT)","SubCategor":"Barangay Hall","Name":"Fundado Barangay Hall","Municipali":"Labo"}},{"type":"Feature","geometry":{"type":"Point","coordinates":[122.846598,14.1942244]},"properties":{"Category":"Institutional (INT)","SubCategor":"Church","Name":"Iglesia Ni Cristo","Municipali":"Labo"}},{"type":"Feature","geometry":{"type":"Point","coordinates":[122.846942,14.1945187]},"properties":{"Category":"Institutional (INT)","SubCategor":"Hospital","Name":"Lying In Clinic","Municipali":"Labo"}},{"type":"Feature","geometry":{"type":"Point","coordinates":[122.851783,14.1989078]},"properties":{"Category":"Institutional (INT)","SubCategor":"Barangay Hall","Name":"Bagacay Barangay Hall","Municipali":"Labo"}},{"type":"Feature","geometry":{"type":"Point","coordinates":[122.853489,14.205458]},"properties":{"Category":"Institutional (INT)","SubCategor":"Chapel","Name":"San Isidro Labrador Chapel","Municipali":"Labo"}},{"type":"Feature","geometry":{"type":"Point","coordinates":[122.855345,14.2104283]},"properties":{"Category":"Institutional (INT)","SubCategor":"School","Name":"L. Villamonte Elementary School","Municipali":"Labo"}},{"type":"Feature","geometry":{"type":"Point","coordinates":[122.859161,14.2138601]},"properties":{"Category":"Institutional (INT)","SubCategor":"Barangay Hall","Name":"Awitan Barangay Hall","Municipali":"Labo"}},{"type":"Feature","geometry":{"type":"Point","coordinates":[122.858863,14.2139864]},"properties":{"Category":"Institutional (INT)","SubCategor":"Chapel","Name":"San Isidro Chapel","Municipali":"Labo"}},{"type":"Feature","geometry":{"type":"Point","coordinates":[122.722572,14.1894891]},"properties":{"Category":"Institutional (INT)","SubCategor":"Barangay Hall","Name":"Daguit Barangay Hall","Municipali":"Labo"}},{"type":"Feature","geometry":{"type":"Point","coordinates":[122.724865,14.1895783]},"properties":{"Category":"Institutional (INT)","SubCategor":"Chapel","Name":"Del Rosario Chapel","Municipali":"Labo"}},{"type":"Feature","geometry":{"type":"Point","coordinates":[122.725858,14.189595]},"properties":{"Category":"Institutional (INT)","SubCategor":"School","Name":"Daguit Elementary School","Municipali":"Labo"}},{"type":"Feature","geometry":{"type":"Point","coordinates":[122.728491,14.1890502]},"properties":{"Category":"Institutional (INT)","SubCategor":"School","Name":"Daguit National Highschool","Municipali":"Labo"}},{"type":"Feature","geometry":{"type":"Point","coordinates":[122.704788,14.1917342]},"properties":{"Category":"Institutional (INT)","SubCategor":"Chapel","Name":"San Isidro Chapel","Municipali":"Labo"}},{"type":"Feature","geometry":{"type":"Point","coordinates":[122.683537,14.1883954]},"properties":{"Category":"Institutional (INT)","SubCategor":"Chapel","Name":"San Roque Chapel","Municipali":"Labo"}},{"type":"Feature","geometry":{"type":"Point","coordinates":[122.66872,14.1820306]},"properties":{"Category":"Institutional (INT)","SubCategor":"Chapel","Name":"San Isidro Chapel","Municipali":"Labo"}},{"type":"Feature","geometry":{"type":"Point","coordinates":[122.672436,14.1829326]},"properties":{"Category":"Institutional (INT)","SubCategor":"School","Name":"Macogon Elementary School","Municipali":"Labo"}},{"type":"Feature","geometry":{"type":"Point","coordinates":[122.670469,14.1830494]},"properties":{"Category":"Institutional (INT)","SubCategor":"Barangay Hall","Name":"Macogon Barangay Hall","Municipali":"Labo"}},{"type":"Feature","geometry":{"type":"Point","coordinates":[122.670167,14.182963]},"properties":{"Category":"Institutional (INT)","SubCategor":"Health Center/Station","Name":"Health Station","Municipali":"Labo"}},{"type":"Feature","geometry":{"type":"Point","coordinates":[122.690626,14.1667444]},"properties":{"Category":"Institutional (INT)","SubCategor":"School","Name":"Maligaya Elementary School","Municipali":"Labo"}},{"type":"Feature","geometry":{"type":"Point","coordinates":[122.691238,14.1666654]},"properties":{"Category":"Institutional (INT)","SubCategor":"Barangay Hall","Name":"Submakin Barangay Hall","Municipali":"Labo"}},{"type":"Feature","geometry":{"type":"Point","coordinates":[122.647377,14.1751701]},"properties":{"Category":"Institutional (INT)","SubCategor":"Chapel","Name":"Sto. Nino Chapel","Municipali":"Labo"}},{"type":"Feature","geometry":{"type":"Point","coordinates":[122.657129,14.181764]},"properties":{"Category":"Institutional (INT)","SubCategor":"Chapel","Name":"Our Lady of Salvacion Chapel","Municipali":"Labo"}},{"type":"Feature","geometry":{"type":"Point","coordinates":[122.658583,14.1816241]},"properties":{"Category":"Institutional (INT)","SubCategor":"Health Center/Station","Name":"Health Center","Municipali":"Labo"}},{"type":"Feature","geometry":{"type":"Point","coordinates":[122.658697,14.1821268]},"properties":{"Category":"Institutional (INT)","SubCategor":"Barangay Hall","Name":"Exciban Barangay Hall","Municipali":"Labo"}},{"type":"Feature","geometry":{"type":"Point","coordinates":[122.656053,14.1840935]},"properties":{"Category":"Institutional (INT)","SubCategor":"School","Name":"A. Racelis Elementary School","Municipali":"Labo"}},{"type":"Feature","geometry":{"type":"Point","coordinates":[122.622923,14.1787092]},"properties":{"Category":"Institutional (INT)","SubCategor":"Barangay Hall","Name":"Bagong Silang II Barangay Hall","Municipali":"Labo"}},{"type":"Feature","geometry":{"type":"Point","coordinates":[122.624044,14.1777877]},"properties":{"Category":"Institutional (INT)","SubCategor":"School","Name":"Vineyard Asia Tecnological College","Municipali":"Labo"}},{"type":"Feature","geometry":{"type":"Point","coordinates":[122.62626,14.177192]},"properties":{"Category":"Institutional (INT)","SubCategor":"Health Center/Station","Name":"Rural Health Unit","Municipali":"Labo"}},{"type":"Feature","geometry":{"type":"Point","coordinates":[122.627479,14.1758004]},"properties":{"Category":"Institutional (INT)","SubCategor":"School","Name":"Manila South Road Academy","Municipali":"Labo"}},{"type":"Feature","geometry":{"type":"Point","coordinates":[122.62539,14.1740754]},"properties":{"Category":"Institutional (INT)","SubCategor":"Military/Armed Forces","Name":"Bagong Silang Detachment","Municipali":"Labo"}},{"type":"Feature","geometry":{"type":"Point","coordinates":[122.626765,14.1755602]},"properties":{"Category":"Institutional (INT)","SubCategor":"Church","Name":"Saint Didachus of Alcala Parish Church","Municipali":"Labo"}},{"type":"Feature","geometry":{"type":"Point","coordinates":[122.627112,14.1743065]},"properties":{"Category":"Commercial-2 (C-2)","SubCategor":"Market","Name":"Public Market","Municipali":"Labo"}},{"type":"Feature","geometry":{"type":"Point","coordinates":[122.627597,14.1727887]},"properties":{"Category":"Institutional (INT)","SubCategor":"Church","Name":"Iglesia Ni Cristo","Municipali":"Labo"}},{"type":"Feature","geometry":{"type":"Point","coordinates":[122.640731,14.1748944]},"properties":{"Category":"Institutional (INT)","SubCategor":"Chapel","Name":"San Roque Chapel","Municipali":"Labo"}},{"type":"Feature","geometry":{"type":"Point","coordinates":[122.64432,14.1742657]},"properties":{"Category":"Institutional (INT)","SubCategor":"School","Name":"Bagong Silang I High School","Municipali":"Labo"}},{"type":"Feature","geometry":{"type":"Point","coordinates":[122.625345,14.1767096]},"properties":{"Category":"Institutional (INT)","SubCategor":"School","Name":"Felix Asis Elementary School","Municipali":"Labo"}},{"type":"Feature","geometry":{"type":"Point","coordinates":[122.624895,14.1775275]},"properties":{"Category":"Institutional (INT)","SubCategor":"School","Name":"Camarines Norte College of Arts & Business","Municipali":"Labo"}},{"type":"Feature","geometry":{"type":"Point","coordinates":[122.616727,14.1635126]},"properties":{"Category":"Institutional (INT)","SubCategor":"Barangay Hall","Name":"Malatap Barangay Hall","Municipali":"Labo"}},{"type":"Feature","geometry":{"type":"Point","coordinates":[122.617423,14.1643066]},"properties":{"Category":"Institutional (INT)","SubCategor":"School","Name":"Malatap Elementary School","Municipali":"Labo"}},{"type":"Feature","geometry":{"type":"Point","coordinates":[122.619002,14.1643749]},"properties":{"Category":"Institutional (INT)","SubCategor":"Chapel","Name":"Perpetual Help Chapel","Municipali":"Labo"}},{"type":"Feature","geometry":{"type":"Point","coordinates":[122.595649,14.1596069]},"properties":{"Category":"Institutional (INT)","SubCategor":"Barangay Hall","Name":"Anameam Barangay Hall","Municipali":"Labo"}},{"type":"Feature","geometry":{"type":"Point","coordinates":[122.59788,14.1648222]},"properties":{"Category":"Institutional (INT)","SubCategor":"School","Name":"Glicerio Zabala Bilaulio Placido Elementary School","Municipali":"Labo"}},{"type":"Feature","geometry":{"type":"Point","coordinates":[122.597734,14.1651283]},"properties":{"Category":"Institutional (INT)","SubCategor":"Chapel","Name":"Corazon de Maria Chapel","Municipali":"Labo"}},{"type":"Feature","geometry":{"type":"Point","coordinates":[122.584593,14.1498188]},"properties":{"Category":"Institutional (INT)","SubCategor":"School","Name":"Malibago Elementary School","Municipali":"Labo"}},{"type":"Feature","geometry":{"type":"Point","coordinates":[122.584429,14.1490854]},"properties":{"Category":"Institutional (INT)","SubCategor":"Health Center/Station","Name":"Rural Health Center Unit 3","Municipali":"Labo"}},{"type":"Feature","geometry":{"type":"Point","coordinates":[122.584438,14.1491416]},"properties":{"Category":"Institutional (INT)","SubCategor":"Chapel","Name":"San Isidro Chapel","Municipali":"Labo"}},{"type":"Feature","geometry":{"type":"Point","coordinates":[122.585552,14.1469683]},"properties":{"Category":"Institutional (INT)","SubCategor":"School","Name":"Malibago Elementary School","Municipali":"Labo"}},{"type":"Feature","geometry":{"type":"Point","coordinates":[122.591801,14.1022404]},"properties":{"Category":"Institutional (INT)","SubCategor":"Barangay Hall","Name":"Malaya Barangay Hall","Municipali":"Labo"}},{"type":"Feature","geometry":{"type":"Point","coordinates":[122.591435,14.1013082]},"properties":{"Category":"Institutional (INT)","SubCategor":"School","Name":"Malaya Elementary School","Municipali":"Labo"}},{"type":"Feature","geometry":{"type":"Point","coordinates":[122.589566,14.1025014]},"properties":{"Category":"Institutional (INT)","SubCategor":"Chapel","Name":"San Roque Chapel","Municipali":"Labo"}},{"type":"Feature","geometry":{"type":"Point","coordinates":[122.642212,14.1299752]},"properties":{"Category":"Institutional (INT)","SubCategor":"Chapel","Name":"Chapel","Municipali":"Labo"}},{"type":"Feature","geometry":{"type":"Point","coordinates":[122.649369,14.139934]},"properties":{"Category":"Institutional (INT)","SubCategor":"Chapel","Name":"Chapel","Municipali":"Labo"}},{"type":"Feature","geometry":{"type":"Point","coordinates":[122.653088,14.1725526]},"properties":{"Category":"Institutional (INT)","SubCategor":"School","Name":"Palali Elementary School","Municipali":"Labo"}},{"type":"Feature","geometry":{"type":"Point","coordinates":[122.635292,14.098872]},"properties":{"Category":"Institutional (INT)","SubCategor":"Chapel","Name":"Chapel","Municipali":"Labo"}},{"type":"Feature","geometry":{"type":"Point","coordinates":[122.628042,14.0897072]},"properties":{"Category":"Institutional (INT)","SubCategor":"School","Name":"Dumagmang Integrated School","Municipali":"Labo"}},{"type":"Feature","geometry":{"type":"Point","coordinates":[122.629031,14.0886309]},"properties":{"Category":"Institutional (INT)","SubCategor":"Barangay Hall","Name":"Dumagmang Barangay Hall","Municipali":"Labo"}},{"type":"Feature","geometry":{"type":"Point","coordinates":[122.635585,14.097525]},"properties":{"Category":"Institutional (INT)","SubCategor":"Health Center/Station","Name":"Health Center","Municipali":"Labo"}},{"type":"Feature","geometry":{"type":"Point","coordinates":[122.58019,14.2088722]},"properties":{"Category":"Institutional (INT)","SubCategor":"School","Name":"Camarines Norte College of Arts & Business","Municipali":"Labo"}},{"type":"Feature","geometry":{"type":"Point","coordinates":[122.586988,14.2049167]},"properties":{"Category":"Institutional (INT)","SubCategor":"School","Name":"Bagong Silang National High School","Municipali":"Labo"}},{"type":"Feature","geometry":{"type":"Point","coordinates":[122.596305,14.2045795]},"properties":{"Category":"Institutional (INT)","SubCategor":"Chapel","Name":"San Rafael Chapel","Municipali":"Labo"}},{"type":"Feature","geometry":{"type":"Point","coordinates":[122.597729,14.2034692]},"properties":{"Category":"Institutional (INT)","SubCategor":"School","Name":"Bagong Silang II Elementary School","Municipali":"Labo"}},{"type":"Feature","geometry":{"type":"Point","coordinates":[122.600151,14.2001652]},"properties":{"Category":"Institutional (INT)","SubCategor":"Barangay Hall","Name":"Bagong Silang II Barangay Hall","Municipali":"Labo"}},{"type":"Feature","geometry":{"type":"Point","coordinates":[122.600287,14.2003047]},"properties":{"Category":"Institutional (INT)","SubCategor":"Health Center/Station","Name":"Health Center","Municipali":"Labo"}},{"type":"Feature","geometry":{"type":"Point","coordinates":[122.465352,14.1898909]},"properties":{"Category":"Institutional (INT)","SubCategor":"Church","Name":"Iglesia Ni Cristo","Municipali":"Labo"}},{"type":"Feature","geometry":{"type":"Point","coordinates":[122.466671,14.18917]},"properties":{"Category":"Institutional (INT)","SubCategor":"Barangay Hall","Name":"Bayabas Barangay Hall","Municipali":"Labo"}},{"type":"Feature","geometry":{"type":"Point","coordinates":[122.46908,14.1871624]},"properties":{"Category":"Institutional (INT)","SubCategor":"Chapel","Name":"San Roque Chapel","Municipali":"Labo"}},{"type":"Feature","geometry":{"type":"Point","coordinates":[122.469275,14.1856394]},"properties":{"Category":"Institutional (INT)","SubCategor":"School","Name":"Bayabas Elementary School","Municipali":"Labo"}},{"type":"Feature","geometry":{"type":"Point","coordinates":[122.486302,14.1907428]},"properties":{"Category":"Institutional (INT)","SubCategor":"Church","Name":"Iglesia Ni Cristo","Municipali":"Labo"}},{"type":"Feature","geometry":{"type":"Point","coordinates":[122.489337,14.1911506]},"properties":{"Category":"Institutional (INT)","SubCategor":"Health Center/Station","Name":"Health Center","Municipali":"Labo"}},{"type":"Feature","geometry":{"type":"Point","coordinates":[122.490616,14.1894234]},"properties":{"Category":"Institutional (INT)","SubCategor":"Barangay Hall","Name":"Guisican Barangay Hall","Municipali":"Labo"}},{"type":"Feature","geometry":{"type":"Point","coordinates":[122.492204,14.1923018]},"properties":{"Category":"Institutional (INT)","SubCategor":"School","Name":"Florence Elementary School","Municipali":"Labo"}},{"type":"Feature","geometry":{"type":"Point","coordinates":[122.51738,14.1891751]},"properties":{"Category":"Institutional (INT)","SubCategor":"Barangay Hall","Name":"Tigbinan Barangay Hall","Municipali":"Labo"}},{"type":"Feature","geometry":{"type":"Point","coordinates":[122.517036,14.1898497]},"properties":{"Category":"Institutional (INT)","SubCategor":"School","Name":"Tigbinan National High School","Municipali":"Labo"}},{"type":"Feature","geometry":{"type":"Point","coordinates":[122.511841,14.1874817]},"properties":{"Category":"Institutional (INT)","SubCategor":"Church","Name":"Our Lady of Fatima Church","Municipali":"Labo"}},{"type":"Feature","geometry":{"type":"Point","coordinates":[122.512117,14.1877564]},"properties":{"Category":"Institutional (INT)","SubCategor":"Military/Armed Forces","Name":"Tigbinan Detachment","Municipali":"Labo"}},{"type":"Feature","geometry":{"type":"Point","coordinates":[122.515174,14.1885305]},"properties":{"Category":"Institutional (INT)","SubCategor":"Church","Name":"Iglesia Ni Cristo","Municipali":"Labo"}},{"type":"Feature","geometry":{"type":"Point","coordinates":[122.517698,14.1872563]},"properties":{"Category":"Institutional (INT)","SubCategor":"School","Name":"F. Caudilla Elementary School","Municipali":"Labo"}},{"type":"Feature","geometry":{"type":"Point","coordinates":[122.620674,14.1967736]},"properties":{"Category":"Institutional (INT)","SubCategor":"School","Name":"Bagong Silang III Elementary School","Municipali":"Labo"}},{"type":"Feature","geometry":{"type":"Point","coordinates":[122.620497,14.197402]},"properties":{"Category":"Institutional (INT)","SubCategor":"Barangay Hall","Name":"Bagong Silang III Barangay Hall","Municipali":"Labo"}},{"type":"Feature","geometry":{"type":"Point","coordinates":[122.620201,14.1974395]},"properties":{"Category":"Institutional (INT)","SubCategor":"Chapel","Name":"San Roque Chapel","Municipali":"Labo"}},{"type":"Feature","geometry":{"type":"Point","coordinates":[122.571174,14.1657966]},"properties":{"Category":"Institutional (INT)","SubCategor":"Barangay Hall","Name":"Canapawan Barangay Hall","Municipali":"Labo"}},{"type":"Feature","geometry":{"type":"Point","coordinates":[122.571573,14.1646306]},"properties":{"Category":"Institutional (INT)","SubCategor":"School","Name":"Canapawan Elementary School","Municipali":"Labo"}},{"type":"Feature","geometry":{"type":"Point","coordinates":[122.572414,14.164699]},"properties":{"Category":"Institutional (INT)","SubCategor":"Chapel","Name":"San Diego Chapel","Municipali":"Labo"}},{"type":"Feature","geometry":{"type":"Point","coordinates":[122.53801,14.1183728]},"properties":{"Category":"Institutional (INT)","SubCategor":"Barangay Hall","Name":"Cabatuhan Barangay Hall","Municipali":"Labo"}},{"type":"Feature","geometry":{"type":"Point","coordinates":[122.538047,14.1185994]},"properties":{"Category":"Institutional (INT)","SubCategor":"Health Center/Station","Name":"Health Center","Municipali":"Labo"}},{"type":"Feature","geometry":{"type":"Point","coordinates":[122.538668,14.1197503]},"properties":{"Category":"Institutional (INT)","SubCategor":"Chapel","Name":"San Roque Chapel","Municipali":"Labo"}},{"type":"Feature","geometry":{"type":"Point","coordinates":[122.538419,14.1244521]},"properties":{"Category":"Institutional (INT)","SubCategor":"Church","Name":"Iglesia Ni Cristo","Municipali":"Labo"}},{"type":"Feature","geometry":{"type":"Point","coordinates":[122.511985,14.1404659]},"properties":{"Category":"Institutional (INT)","SubCategor":"Chapel","Name":"San Isidro Chapel","Municipali":"Labo"}},{"type":"Feature","geometry":{"type":"Point","coordinates":[122.511389,14.1397876]},"properties":{"Category":"Institutional (INT)","SubCategor":"School","Name":"Patag Elementary School","Municipali":"Labo"}},{"type":"Feature","geometry":{"type":"Point","coordinates":[122.544857,14.1677593]},"properties":{"Category":"Institutional (INT)","SubCategor":"School","Name":"Cabatuhan Elementary School","Municipali":"Labo"}},{"type":"Feature","geometry":{"type":"Point","coordinates":[122.542223,14.169046]},"properties":{"Category":"Institutional (INT)","SubCategor":"Church","Name":"Iglesia Ni Cristo","Municipali":"Labo"}},{"type":"Feature","geometry":{"type":"Point","coordinates":[122.54464,14.1680842]},"properties":{"Category":"Institutional (INT)","SubCategor":"Chapel","Name":"San Isidro Chapel","Municipali":"Labo"}},{"type":"Feature","geometry":{"type":"Point","coordinates":[122.696289,14.2886722]},"properties":{"Category":"Institutional (INT)","SubCategor":"School","Name":"Camarines Norte State College - Jose Panganiban Ca","Municipali":"Jose Panganiban"}},{"type":"Feature","geometry":{"type":"Point","coordinates":[122.694065,14.2879592]},"properties":{"Category":"Institutional (INT)","SubCategor":"School","Name":"Wonder Kids Science Montessori School","Municipali":"Jose Panganiban"}},{"type":"Feature","geometry":{"type":"Point","coordinates":[122.694661,14.2877812]},"properties":{"Category":"Institutional (INT)","SubCategor":"School","Name":"Jose Panganiban Central Elementary School","Municipali":"Jose Panganiban"}},{"type":"Feature","geometry":{"type":"Point","coordinates":[122.694218,14.2855129]},"properties":{"Category":"Institutional (INT)","SubCategor":"Fire Station","Name":"Bureau of Fire Protection","Municipali":"Jose Panganiban"}},{"type":"Feature","geometry":{"type":"Point","coordinates":[122.692397,14.2881488]},"properties":{"Category":"Institutional (INT)","SubCategor":"Health Center/Station","Name":"Municipal Health Center","Municipali":"Jose Panganiban"}},{"type":"Feature","geometry":{"type":"Point","coordinates":[122.69246,14.2880539]},"properties":{"Category":"Institutional (INT)","SubCategor":"Health Center/Station","Name":"Rural Health Unit I","Municipali":"Jose Panganiban"}},{"type":"Feature","geometry":{"type":"Point","coordinates":[122.692538,14.2879653]},"properties":{"Category":"Institutional (INT)","SubCategor":"Hospital","Name":"Lying-In","Municipali":"Jose Panganiban"}},{"type":"Feature","geometry":{"type":"Point","coordinates":[122.692608,14.2878899]},"properties":{"Category":"Institutional (INT)","SubCategor":"National Government Agency","Name":"DSWD","Municipali":"Jose Panganiban"}},{"type":"Feature","geometry":{"type":"Point","coordinates":[122.692659,14.2882443]},"properties":{"Category":"Institutional (INT)","SubCategor":"Barangay Hall","Name":"Barangay Hall","Municipali":"Jose Panganiban"}},{"type":"Feature","geometry":{"type":"Point","coordinates":[122.693805,14.2864976]},"properties":{"Category":"Commercial-2 (C-2)","SubCategor":"Market","Name":"Jose Panganiban Public Market","Municipali":"Jose Panganiban"}},{"type":"Feature","geometry":{"type":"Point","coordinates":[122.691559,14.2892652]},"properties":{"Category":"Institutional (INT)","SubCategor":"Police Station","Name":"PNP Jose Panganiban Municipal Police Station","Municipali":"Jose Panganiban"}},{"type":"Feature","geometry":{"type":"Point","coordinates":[122.691658,14.2893782]},"properties":{"Category":"Institutional (INT)","SubCategor":"Barangay Hall","Name":"Barangay North Poblacion Barangay Hall","Municipali":"Jose Panganiban"}},{"type":"Feature","geometry":{"type":"Point","coordinates":[122.69203,14.2905536]},"properties":{"Category":"Institutional (INT)","SubCategor":"Church","Name":"Jose Panganiban Catholic Church","Municipali":"Jose Panganiban"}},{"type":"Feature","geometry":{"type":"Point","coordinates":[122.691013,14.2918783]},"properties":{"Category":"Institutional (INT)","SubCategor":"Church","Name":"Ang Dating Daan","Municipali":"Jose Panganiban"}},{"type":"Feature","geometry":{"type":"Point","coordinates":[122.694677,14.2855548]},"properties":{"Category":"Institutional (INT)","SubCategor":"Church","Name":"Good Shepherd Baptist Church","Municipali":"Jose Panganiban"}},{"type":"Feature","geometry":{"type":"Point","coordinates":[122.695001,14.2843444]},"properties":{"Category":"Institutional (INT)","SubCategor":"Church","Name":"Jose Panganiban Christian Baptist Church","Municipali":"Jose Panganiban"}},{"type":"Feature","geometry":{"type":"Point","coordinates":[122.696317,14.2835235]},"properties":{"Category":"Institutional (INT)","SubCategor":"Health Center/Station","Name":"Barangay Health Center","Municipali":"Jose Panganiban"}},{"type":"Feature","geometry":{"type":"Point","coordinates":[122.695838,14.2839205]},"properties":{"Category":"Institutional (INT)","SubCategor":"Church","Name":"Barangay Plaridel Church","Municipali":"Jose Panganiban"}},{"type":"Feature","geometry":{"type":"Point","coordinates":[122.695723,14.2838363]},"properties":{"Category":"Institutional (INT)","SubCategor":"Barangay Hall","Name":"Barangay Hall of Plaridel","Municipali":"Jose Panganiban"}},{"type":"Feature","geometry":{"type":"Point","coordinates":[122.680194,14.2834247]},"properties":{"Category":"Institutional (INT)","SubCategor":"Church","Name":"Jesus Christ the Blessed Hope Church","Municipali":"Jose Panganiban"}},{"type":"Feature","geometry":{"type":"Point","coordinates":[122.6793,14.2865856]},"properties":{"Category":"Institutional (INT)","SubCategor":"School","Name":"Calero Elementary School","Municipali":"Jose Panganiban"}},{"type":"Feature","geometry":{"type":"Point","coordinates":[122.678738,14.2861062]},"properties":{"Category":"Institutional (INT)","SubCategor":"Barangay Hall","Name":"Barangay Hall","Municipali":"Jose Panganiban"}},{"type":"Feature","geometry":{"type":"Point","coordinates":[122.678773,14.2860797]},"properties":{"Category":"Institutional (INT)","SubCategor":"Health Center/Station","Name":"Health Center","Municipali":"Jose Panganiban"}},{"type":"Feature","geometry":{"type":"Point","coordinates":[122.678459,14.2857289]},"properties":{"Category":"Institutional (INT)","SubCategor":"Church","Name":"Señor San Vicente Ferrer Church","Municipali":"Jose Panganiban"}},{"type":"Feature","geometry":{"type":"Point","coordinates":[122.669818,14.2890703]},"properties":{"Category":"Institutional (INT)","SubCategor":"Church","Name":"Coramdeo Christian Church","Municipali":"Jose Panganiban"}},{"type":"Feature","geometry":{"type":"Point","coordinates":[122.666794,14.29056]},"properties":{"Category":"Institutional (INT)","SubCategor":"Barangay Hall","Name":"Barangay Hall","Municipali":"Jose Panganiban"}},{"type":"Feature","geometry":{"type":"Point","coordinates":[122.666492,14.2902335]},"properties":{"Category":"Institutional (INT)","SubCategor":"Health Center/Station","Name":"Barangay Health Center","Municipali":"Jose Panganiban"}},{"type":"Feature","geometry":{"type":"Point","coordinates":[122.665374,14.2890886]},"properties":{"Category":"Institutional (INT)","SubCategor":"School","Name":"Sta. Milagrosa Elementary School","Municipali":"Jose Panganiban"}},{"type":"Feature","geometry":{"type":"Point","coordinates":[122.666209,14.2955954]},"properties":{"Category":"Institutional (INT)","SubCategor":"School","Name":"Pag-asa ELementary School","Municipali":"Jose Panganiban"}},{"type":"Feature","geometry":{"type":"Point","coordinates":[122.66644,14.2961243]},"properties":{"Category":"Institutional (INT)","SubCategor":"Health Center/Station","Name":"Pag-asa Health Center","Municipali":"Jose Panganiban"}},{"type":"Feature","geometry":{"type":"Point","coordinates":[122.66696,14.2961406]},"properties":{"Category":"Institutional (INT)","SubCategor":"Barangay Hall","Name":"Barangay Hall","Municipali":"Jose Panganiban"}},{"type":"Feature","geometry":{"type":"Point","coordinates":[122.666756,14.2961832]},"properties":{"Category":"Institutional (INT)","SubCategor":"Chapel","Name":"Pag-asa Barangay Chapel","Municipali":"Jose Panganiban"}},{"type":"Feature","geometry":{"type":"Point","coordinates":[122.649073,14.2985139]},"properties":{"Category":"Institutional (INT)","SubCategor":"Barangay Hall","Name":"Barangay Larap Hall","Municipali":"Jose Panganiban"}},{"type":"Feature","geometry":{"type":"Point","coordinates":[122.650695,14.2996662]},"properties":{"Category":"Institutional (INT)","SubCategor":"School","Name":"Saint Roch Childrens Center","Municipali":"Jose Panganiban"}},{"type":"Feature","geometry":{"type":"Point","coordinates":[122.651201,14.3005825]},"properties":{"Category":"Institutional (INT)","SubCategor":"Church","Name":"Parish of Saint Roch","Municipali":"Jose Panganiban"}},{"type":"Feature","geometry":{"type":"Point","coordinates":[122.64851,14.3016578]},"properties":{"Category":"Institutional (INT)","SubCategor":"Church","Name":"Iglesia Ni Cristo","Municipali":"Jose Panganiban"}},{"type":"Feature","geometry":{"type":"Point","coordinates":[122.648239,14.3006545]},"properties":{"Category":"Institutional (INT)","SubCategor":"School","Name":"Larap National High School","Municipali":"Jose Panganiban"}},{"type":"Feature","geometry":{"type":"Point","coordinates":[122.649596,14.3001081]},"properties":{"Category":"Institutional (INT)","SubCategor":"School","Name":"Larap Elementary School","Municipali":"Jose Panganiban"}},{"type":"Feature","geometry":{"type":"Point","coordinates":[122.650261,14.3002841]},"properties":{"Category":"Institutional (INT)","SubCategor":"Health Center/Station","Name":"Municipal Health Office and RHU II","Municipali":"Jose Panganiban"}},{"type":"Feature","geometry":{"type":"Point","coordinates":[122.651941,14.2821833]},"properties":{"Category":"Institutional (INT)","SubCategor":"Church","Name":"Jesus The Gospel Church","Municipali":"Jose Panganiban"}},{"type":"Feature","geometry":{"type":"Point","coordinates":[122.65335,14.2806769]},"properties":{"Category":"Institutional (INT)","SubCategor":"Barangay Hall","Name":"Barangay Hall","Municipali":"Jose Panganiban"}},{"type":"Feature","geometry":{"type":"Point","coordinates":[122.653645,14.2804998]},"properties":{"Category":"Institutional (INT)","SubCategor":"Health Center/Station","Name":"Health Center","Municipali":"Jose Panganiban"}},{"type":"Feature","geometry":{"type":"Point","coordinates":[122.656197,14.2770715]},"properties":{"Category":"Institutional (INT)","SubCategor":"School","Name":"Sta. Elena Elementary School","Municipali":"Jose Panganiban"}},{"type":"Feature","geometry":{"type":"Point","coordinates":[122.65719,14.2741753]},"properties":{"Category":"Institutional (INT)","SubCategor":"Chapel","Name":"Barangay Sta. Elena Chapel","Municipali":"Jose Panganiban"}},{"type":"Feature","geometry":{"type":"Point","coordinates":[122.65836,14.27202]},"properties":{"Category":"Institutional (INT)","SubCategor":"Military/Armed Forces","Name":"3rs Platoon 5th Camarines Norte CAA COY Headquarte","Municipali":"Jose Panganiban"}},{"type":"Feature","geometry":{"type":"Point","coordinates":[122.654493,14.2558719]},"properties":{"Category":"Institutional (INT)","SubCategor":"Chapel","Name":"San Isidro Chapel","Municipali":"Jose Panganiban"}},{"type":"Feature","geometry":{"type":"Point","coordinates":[122.654602,14.2558461]},"properties":{"Category":"Institutional (INT)","SubCategor":"School","Name":"San Isidro Elementary School","Municipali":"Jose Panganiban"}},{"type":"Feature","geometry":{"type":"Point","coordinates":[122.676366,14.3130839]},"properties":{"Category":"Institutional (INT)","SubCategor":"Chapel","Name":"Barangay Osmena Chapel","Municipali":"Jose Panganiban"}},{"type":"Feature","geometry":{"type":"Point","coordinates":[122.67622,14.3131537]},"properties":{"Category":"Institutional (INT)","SubCategor":"Barangay Hall","Name":"Barangay Osmena Hall","Municipali":"Jose Panganiban"}},{"type":"Feature","geometry":{"type":"Point","coordinates":[122.674954,14.3147535]},"properties":{"Category":"Institutional (INT)","SubCategor":"Plaza","Name":"Barangay Osmena Plaza","Municipali":"Jose Panganiban"}},{"type":"Feature","geometry":{"type":"Point","coordinates":[122.675304,14.3142156]},"properties":{"Category":"Institutional (INT)","SubCategor":"Health Center/Station","Name":"Barangay Health Center","Municipali":"Jose Panganiban"}},{"type":"Feature","geometry":{"type":"Point","coordinates":[122.677307,14.3149491]},"properties":{"Category":"Institutional (INT)","SubCategor":"School","Name":"Barangay Osmeña Elementary School","Municipali":"Jose Panganiban"}},{"type":"Feature","geometry":{"type":"Point","coordinates":[122.678743,14.318396]},"properties":{"Category":"Institutional (INT)","SubCategor":"School","Name":"Gawad Kalinga High School","Municipali":"Jose Panganiban"}},{"type":"Feature","geometry":{"type":"Point","coordinates":[122.673427,14.3239567]},"properties":{"Category":"Institutional (INT)","SubCategor":"Chapel","Name":"Purok 3 Chapel","Municipali":"Jose Panganiban"}},{"type":"Feature","geometry":{"type":"Point","coordinates":[122.678853,14.316906]},"properties":{"Category":"Institutional (INT)","SubCategor":"Chapel","Name":"Gawad Kalinga Chapel","Municipali":"Jose Panganiban"}},{"type":"Feature","geometry":{"type":"Point","coordinates":[122.676072,14.3135144]},"properties":{"Category":"Institutional (INT)","SubCategor":"Military/Armed Forces","Name":"Philippie Coast Guard Detachmen of Jose Panganiban","Municipali":"Jose Panganiban"}},{"type":"Feature","geometry":{"type":"Point","coordinates":[122.626024,14.257856]},"properties":{"Category":"Institutional (INT)","SubCategor":"Barangay Hall","Name":"Sta. Cruz Barangay Hall","Municipali":"Jose Panganiban"}},{"type":"Feature","geometry":{"type":"Point","coordinates":[122.626478,14.2578959]},"properties":{"Category":"Institutional (INT)","SubCategor":"Health Center/Station","Name":"Health Center","Municipali":"Jose Panganiban"}},{"type":"Feature","geometry":{"type":"Point","coordinates":[122.627364,14.2569201]},"properties":{"Category":"Institutional (INT)","SubCategor":"Chapel","Name":"Chapel","Municipali":"Jose Panganiban"}},{"type":"Feature","geometry":{"type":"Point","coordinates":[122.626846,14.2569261]},"properties":{"Category":"Institutional (INT)","SubCategor":"School","Name":"Sta. Cruz Elementary School","Municipali":"Jose Panganiban"}},{"type":"Feature","geometry":{"type":"Point","coordinates":[122.630543,14.2494977]},"properties":{"Category":"Institutional (INT)","SubCategor":"School","Name":"Sta. Cruz National High School","Municipali":"Jose Panganiban"}},{"type":"Feature","geometry":{"type":"Point","coordinates":[122.645294,14.2272677]},"properties":{"Category":"Institutional (INT)","SubCategor":"School","Name":"V. Gabo Elementary School","Municipali":"Jose Panganiban"}},{"type":"Feature","geometry":{"type":"Point","coordinates":[122.645502,14.2279008]},"properties":{"Category":"Institutional (INT)","SubCategor":"Chapel","Name":"Sta. Magdalena Chapel","Municipali":"Jose Panganiban"}},{"type":"Feature","geometry":{"type":"Point","coordinates":[122.661205,14.2136895]},"properties":{"Category":"Institutional (INT)","SubCategor":"Chapel","Name":"Purok 3 Chapel","Municipali":"Jose Panganiban"}},{"type":"Feature","geometry":{"type":"Point","coordinates":[122.675488,14.1958261]},"properties":{"Category":"Institutional (INT)","SubCategor":"School","Name":"D. Albonia Elementary School","Municipali":"Jose Panganiban"}},{"type":"Feature","geometry":{"type":"Point","coordinates":[122.675798,14.1955417]},"properties":{"Category":"Institutional (INT)","SubCategor":"Health Center/Station","Name":"Health Center","Municipali":"Jose Panganiban"}},{"type":"Feature","geometry":{"type":"Point","coordinates":[122.675945,14.1954668]},"properties":{"Category":"Institutional (INT)","SubCategor":"Barangay Hall","Name":"Barangay Hall","Municipali":"Jose Panganiban"}},{"type":"Feature","geometry":{"type":"Point","coordinates":[122.676081,14.1953871]},"properties":{"Category":"Institutional (INT)","SubCategor":"Chapel","Name":"Chapel","Municipali":"Jose Panganiban"}},{"type":"Feature","geometry":{"type":"Point","coordinates":[122.620489,14.2809959]},"properties":{"Category":"Institutional (INT)","SubCategor":"Barangay Hall","Name":"Barangay Hall","Municipali":"Jose Panganiban"}},{"type":"Feature","geometry":{"type":"Point","coordinates":[122.618855,14.2806046]},"properties":{"Category":"Institutional (INT)","SubCategor":"School","Name":"San Jose Elementary School","Municipali":"Jose Panganiban"}},{"type":"Feature","geometry":{"type":"Point","coordinates":[122.619538,14.2811449]},"properties":{"Category":"Institutional (INT)","SubCategor":"Health Center/Station","Name":"Health Center","Municipali":"Jose Panganiban"}},{"type":"Feature","geometry":{"type":"Point","coordinates":[122.619407,14.281672]},"properties":{"Category":"Institutional (INT)","SubCategor":"Chapel","Name":"Barangay Chapel","Municipali":"Jose Panganiban"}},{"type":"Feature","geometry":{"type":"Point","coordinates":[122.60265,14.2977855]},"properties":{"Category":"Institutional (INT)","SubCategor":"Chapel","Name":"Sitio Tabajak Chapel","Municipali":"Jose Panganiban"}},{"type":"Feature","geometry":{"type":"Point","coordinates":[122.607979,14.3120971]},"properties":{"Category":"Institutional (INT)","SubCategor":"Chapel","Name":"Purok Chapel","Municipali":"Jose Panganiban"}},{"type":"Feature","geometry":{"type":"Point","coordinates":[122.6023,14.31024]},"properties":{"Category":"Institutional (INT)","SubCategor":"Chapel","Name":"Barangay Chapel","Municipali":"Jose Panganiban"}},{"type":"Feature","geometry":{"type":"Point","coordinates":[122.602345,14.3106062]},"properties":{"Category":"Institutional (INT)","SubCategor":"Barangay Hall","Name":"Dahican Barangay Hall","Municipali":"Jose Panganiban"}},{"type":"Feature","geometry":{"type":"Point","coordinates":[122.601874,14.3109413]},"properties":{"Category":"Institutional (INT)","SubCategor":"School","Name":"Dahican Elementary School","Municipali":"Jose Panganiban"}},{"type":"Feature","geometry":{"type":"Point","coordinates":[122.586498,14.3192742]},"properties":{"Category":"Institutional (INT)","SubCategor":"School","Name":"Ulipanan Elementary School","Municipali":"Jose Panganiban"}},{"type":"Feature","geometry":{"type":"Point","coordinates":[122.58584,14.3195842]},"properties":{"Category":"Institutional (INT)","SubCategor":"Chapel","Name":"Ulipanan Chapel","Municipali":"Jose Panganiban"}},{"type":"Feature","geometry":{"type":"Point","coordinates":[122.632002,14.3103847]},"properties":{"Category":"Institutional (INT)","SubCategor":"Chapel","Name":"Salvacion Chapel","Municipali":"Jose Panganiban"}},{"type":"Feature","geometry":{"type":"Point","coordinates":[122.631536,14.3109344]},"properties":{"Category":"Institutional (INT)","SubCategor":"Health Center/Station","Name":"Health Center","Municipali":"Jose Panganiban"}},{"type":"Feature","geometry":{"type":"Point","coordinates":[122.631564,14.3108784]},"properties":{"Category":"Institutional (INT)","SubCategor":"Barangay Hall","Name":"Barangay Hall","Municipali":"Jose Panganiban"}},{"type":"Feature","geometry":{"type":"Point","coordinates":[122.631218,14.3063757]},"properties":{"Category":"Institutional (INT)","SubCategor":"School","Name":"Salvacion Elementary School","Municipali":"Jose Panganiban"}},{"type":"Feature","geometry":{"type":"Point","coordinates":[122.628365,14.2924027]},"properties":{"Category":"Institutional (INT)","SubCategor":"Barangay Hall","Name":"Dayhagan Barangay Hall","Municipali":"Jose Panganiban"}},{"type":"Feature","geometry":{"type":"Point","coordinates":[122.628393,14.2920054]},"properties":{"Category":"Institutional (INT)","SubCategor":"School","Name":"L.D. Bamba Elementary School","Municipali":"Jose Panganiban"}},{"type":"Feature","geometry":{"type":"Point","coordinates":[122.627677,14.2921427]},"properties":{"Category":"Institutional (INT)","SubCategor":"Chapel","Name":"Chapel","Municipali":"Jose Panganiban"}},{"type":"Feature","geometry":{"type":"Point","coordinates":[122.614145,14.2284502]},"properties":{"Category":"Institutional (INT)","SubCategor":"Health Center/Station","Name":"Health Center","Municipali":"Jose Panganiban"}},{"type":"Feature","geometry":{"type":"Point","coordinates":[122.613929,14.2283967]},"properties":{"Category":"Institutional (INT)","SubCategor":"Barangay Hall","Name":"Barangay Hall","Municipali":"Jose Panganiban"}},{"type":"Feature","geometry":{"type":"Point","coordinates":[122.615809,14.2287922]},"properties":{"Category":"Institutional (INT)","SubCategor":"Church","Name":"Iglesia Ni Cristo","Municipali":"Jose Panganiban"}},{"type":"Feature","geometry":{"type":"Point","coordinates":[122.615345,14.2269264]},"properties":{"Category":"Institutional (INT)","SubCategor":"Chapel","Name":"San Pedro Chapel","Municipali":"Jose Panganiban"}},{"type":"Feature","geometry":{"type":"Point","coordinates":[122.613997,14.2291288]},"properties":{"Category":"Institutional (INT)","SubCategor":"School","Name":"San Pedro Elementary School","Municipali":"Jose Panganiban"}},{"type":"Feature","geometry":{"type":"Point","coordinates":[122.591698,14.2395021]},"properties":{"Category":"Institutional (INT)","SubCategor":"Barangay Hall","Name":"Barangay Hall","Municipali":"Jose Panganiban"}},{"type":"Feature","geometry":{"type":"Point","coordinates":[122.591664,14.2394971]},"properties":{"Category":"Institutional (INT)","SubCategor":"Health Center/Station","Name":"Health Center","Municipali":"Jose Panganiban"}},{"type":"Feature","geometry":{"type":"Point","coordinates":[122.591935,14.239981]},"properties":{"Category":"Institutional (INT)","SubCategor":"School","Name":"San Martin Elementary School","Municipali":"Jose Panganiban"}},{"type":"Feature","geometry":{"type":"Point","coordinates":[122.59268,14.2400558]},"properties":{"Category":"Institutional (INT)","SubCategor":"Chapel","Name":"Chapel","Municipali":"Jose Panganiban"}},{"type":"Feature","geometry":{"type":"Point","coordinates":[122.722217,14.2607812]},"properties":{"Category":"Institutional (INT)","SubCategor":"School","Name":"Roman Heraldo Elementary School","Municipali":"Jose Panganiban"}},{"type":"Feature","geometry":{"type":"Point","coordinates":[122.723032,14.2614682]},"properties":{"Category":"Institutional (INT)","SubCategor":"Chapel","Name":"San Roque Chapel","Municipali":"Jose Panganiban"}},{"type":"Feature","geometry":{"type":"Point","coordinates":[122.724271,14.2600946]},"properties":{"Category":"Institutional (INT)","SubCategor":"Health Center/Station","Name":"Health Center","Municipali":"Jose Panganiban"}},{"type":"Feature","geometry":{"type":"Point","coordinates":[122.72421,14.2595698]},"properties":{"Category":"Institutional (INT)","SubCategor":"Barangay Hall","Name":"Barangay Hall","Municipali":"Jose Panganiban"}},{"type":"Feature","geometry":{"type":"Point","coordinates":[122.723834,14.2523573]},"properties":{"Category":"Institutional (INT)","SubCategor":"Chapel","Name":"Purok Chapel","Municipali":"Jose Panganiban"}},{"type":"Feature","geometry":{"type":"Point","coordinates":[122.714172,14.2548694]},"properties":{"Category":"Institutional (INT)","SubCategor":"Chapel","Name":"Purok Chapel","Municipali":"Jose Panganiban"}},{"type":"Feature","geometry":{"type":"Point","coordinates":[122.699122,14.2567172]},"properties":{"Category":"Institutional (INT)","SubCategor":"Chapel","Name":"Sitio Tumbaga Chapel","Municipali":"Jose Panganiban"}},{"type":"Feature","geometry":{"type":"Point","coordinates":[122.684188,14.2559773]},"properties":{"Category":"Institutional (INT)","SubCategor":"Barangay Hall","Name":"Barangay Hall","Municipali":"Jose Panganiban"}},{"type":"Feature","geometry":{"type":"Point","coordinates":[122.684192,14.2561926]},"properties":{"Category":"Institutional (INT)","SubCategor":"Health Center/Station","Name":"Health Center","Municipali":"Jose Panganiban"}},{"type":"Feature","geometry":{"type":"Point","coordinates":[122.684072,14.2562109]},"properties":{"Category":"Institutional (INT)","SubCategor":"Chapel","Name":"San Rafael Chapel","Municipali":"Jose Panganiban"}},{"type":"Feature","geometry":{"type":"Point","coordinates":[122.684082,14.2566449]},"properties":{"Category":"Institutional (INT)","SubCategor":"School","Name":"San Rafael Elementary School","Municipali":"Jose Panganiban"}},{"type":"Feature","geometry":{"type":"Point","coordinates":[122.721367,14.2936688]},"properties":{"Category":"Institutional (INT)","SubCategor":"School","Name":"Luna Elementary School","Municipali":"Jose Panganiban"}},{"type":"Feature","geometry":{"type":"Point","coordinates":[122.704833,14.2760586]},"properties":{"Category":"Institutional (INT)","SubCategor":"School","Name":"Sugundo Aguirre ELementary School","Municipali":"Jose Panganiban"}},{"type":"Feature","geometry":{"type":"Point","coordinates":[122.70523,14.276705]},"properties":{"Category":"Institutional (INT)","SubCategor":"Chapel","Name":"Barangay Sta. Rosa Norte Chapel","Municipali":"Jose Panganiban"}},{"type":"Feature","geometry":{"type":"Point","coordinates":[122.705086,14.2768087]},"properties":{"Category":"Institutional (INT)","SubCategor":"Health Center/Station","Name":"Barangay Sta. Rosa Norte Health Center","Municipali":"Jose Panganiban"}},{"type":"Feature","geometry":{"type":"Point","coordinates":[122.705121,14.2771325]},"properties":{"Category":"Institutional (INT)","SubCategor":"Barangay Hall","Name":"Barangay Sta. Rosa Norte Hall","Municipali":"Jose Panganiban"}},{"type":"Feature","geometry":{"type":"Point","coordinates":[122.698305,14.2816642]},"properties":{"Category":"Institutional (INT)","SubCategor":"Church","Name":"Iglesia Ni Cristo","Municipali":"Jose Panganiban"}},{"type":"Feature","geometry":{"type":"Point","coordinates":[122.700046,14.2819377]},"properties":{"Category":"Institutional (INT)","SubCategor":"Church","Name":"Seventh Day Adventist Church","Municipali":"Jose Panganiban"}},{"type":"Feature","geometry":{"type":"Point","coordinates":[122.697231,14.2810153]},"properties":{"Category":"Institutional (INT)","SubCategor":"Church","Name":"Mormons Church","Municipali":"Jose Panganiban"}},{"type":"Feature","geometry":{"type":"Point","coordinates":[122.688585,14.2968395]},"properties":{"Category":"Institutional (INT)","SubCategor":"School","Name":"San Mauricio Elementary School","Municipali":"Jose Panganiban"}},{"type":"Feature","geometry":{"type":"Point","coordinates":[122.687186,14.2971236]},"properties":{"Category":"Institutional (INT)","SubCategor":"Health Center/Station","Name":"Bagong Bayan Health Center","Municipali":"Jose Panganiban"}},{"type":"Feature","geometry":{"type":"Point","coordinates":[122.687114,14.2971427]},"properties":{"Category":"Institutional (INT)","SubCategor":"Barangay Hall","Name":"Bagong Bayan Barangay Hall","Municipali":"Jose Panganiban"}},{"type":"Feature","geometry":{"type":"Point","coordinates":[122.68138,14.3042852]},"properties":{"Category":"Institutional (INT)","SubCategor":"Chapel","Name":"Purok Chapel","Municipali":"Jose Panganiban"}},{"type":"Feature","geometry":{"type":"Point","coordinates":[122.673286,14.2742044]},"properties":{"Category":"Institutional (INT)","SubCategor":"Barangay Hall","Name":"Nakalaya Barangay Hall","Municipali":"Jose Panganiban"}},{"type":"Feature","geometry":{"type":"Point","coordinates":[122.672427,14.2740744]},"properties":{"Category":"Institutional (INT)","SubCategor":"School","Name":"Nakalaya Elementary School","Municipali":"Jose Panganiban"}},{"type":"Feature","geometry":{"type":"Point","coordinates":[122.665415,14.2786524]},"properties":{"Category":"Institutional (INT)","SubCategor":"Chapel","Name":"Purok Chapel","Municipali":"Jose Panganiban"}},{"type":"Feature","geometry":{"type":"Point","coordinates":[122.673576,14.2739449]},"properties":{"Category":"Institutional (INT)","SubCategor":"Chapel","Name":"Nakalaya Chapel","Municipali":"Jose Panganiban"}},{"type":"Feature","geometry":{"type":"Point","coordinates":[122.693372,14.2821712]},"properties":{"Category":"Institutional (INT)","SubCategor":"Barangay Hall","Name":"Parang Barangay Hall","Municipali":"Jose Panganiban"}},{"type":"Feature","geometry":{"type":"Point","coordinates":[122.693553,14.2819824]},"properties":{"Category":"Institutional (INT)","SubCategor":"Health Center/Station","Name":"Parang Health Center","Municipali":"Jose Panganiban"}},{"type":"Feature","geometry":{"type":"Point","coordinates":[122.694107,14.2817934]},"properties":{"Category":"Institutional (INT)","SubCategor":"School","Name":"Parang Elementry School","Municipali":"Jose Panganiban"}},{"type":"Feature","geometry":{"type":"Point","coordinates":[122.692006,14.2797774]},"properties":{"Category":"Institutional (INT)","SubCategor":"School","Name":"Jose Panganiban National High School","Municipali":"Jose Panganiban"}},{"type":"Feature","geometry":{"type":"Point","coordinates":[122.691765,14.2800065]},"properties":{"Category":"Institutional (INT)","SubCategor":"Chapel","Name":"Parang Chapel","Municipali":"Jose Panganiban"}},{"type":"Feature","geometry":{"type":"Point","coordinates":[122.664666,14.2901156]},"properties":{"Category":"Institutional (INT)","SubCategor":"Church","Name":"Sta. Milagrosa Church","Municipali":"Jose Panganiban"}},{"type":"Feature","geometry":{"type":"Point","coordinates":[122.862293,14.0350452]},"properties":{"Category":"Commercial-2 (C-2)","SubCategor":"Market","Name":"Public Market","Municipali":"San Lorenzo Ruiz"}},{"type":"Feature","geometry":{"type":"Point","coordinates":[122.863138,14.0348805]},"properties":{"Category":"Institutional (INT)","SubCategor":"Chapel","Name":"Nuestra De Lapaz Y Buenviaje Chapel","Municipali":"San Lorenzo Ruiz"}},{"type":"Feature","geometry":{"type":"Point","coordinates":[122.869196,14.0366254]},"properties":{"Category":"Institutional (INT)","SubCategor":"Church","Name":"San Lorenzo Church","Municipali":"San Lorenzo Ruiz"}},{"type":"Feature","geometry":{"type":"Point","coordinates":[122.868859,14.0372106]},"properties":{"Category":"Institutional (INT)","SubCategor":"Municipal Hall","Name":"Municipal Hall of San Lorenzo Ruiz","Municipali":"San Lorenzo Ruiz"}},{"type":"Feature","geometry":{"type":"Point","coordinates":[122.920252,13.9676135]},"properties":{"Category":"Institutional (INT)","SubCategor":"Barangay Hall","Name":"Manlimonsito Barangay Hall","Municipali":"San Lorenzo Ruiz"}},{"type":"Feature","geometry":{"type":"Point","coordinates":[122.920372,13.9675093]},"properties":{"Category":"Institutional (INT)","SubCategor":"Chapel","Name":"Chapel","Municipali":"San Lorenzo Ruiz"}},{"type":"Feature","geometry":{"type":"Point","coordinates":[122.920057,13.9489151]},"properties":{"Category":"Institutional (INT)","SubCategor":"School","Name":"Salvacion Elementary School","Municipali":"San Lorenzo Ruiz"}},{"type":"Feature","geometry":{"type":"Point","coordinates":[122.91968,13.9487832]},"properties":{"Category":"Institutional (INT)","SubCategor":"Health Center/Station","Name":"Barangay Health Center","Municipali":"San Lorenzo Ruiz"}},{"type":"Feature","geometry":{"type":"Point","coordinates":[122.919876,13.9492174]},"properties":{"Category":"Institutional (INT)","SubCategor":"Barangay Hall","Name":"Salvacion Barangay Hall","Municipali":"San Lorenzo Ruiz"}},{"type":"Feature","geometry":{"type":"Point","coordinates":[122.919666,13.9492627]},"properties":{"Category":"Institutional (INT)","SubCategor":"Chapel","Name":"Chapel","Municipali":"San Lorenzo Ruiz"}},{"type":"Feature","geometry":{"type":"Point","coordinates":[122.90446,13.9406411]},"properties":{"Category":"Institutional (INT)","SubCategor":"Barangay Hall","Name":"San Antonio Barangay Hall","Municipali":"San Lorenzo Ruiz"}},{"type":"Feature","geometry":{"type":"Point","coordinates":[122.904298,13.9407391]},"properties":{"Category":"Institutional (INT)","SubCategor":"Health Center/Station","Name":"Barangay Health Center","Municipali":"San Lorenzo Ruiz"}},{"type":"Feature","geometry":{"type":"Point","coordinates":[122.904188,13.940687]},"properties":{"Category":"Institutional (INT)","SubCategor":"Chapel","Name":"Saint Anthony Chapel","Municipali":"San Lorenzo Ruiz"}},{"type":"Feature","geometry":{"type":"Point","coordinates":[122.903078,13.9410031]},"properties":{"Category":"Institutional (INT)","SubCategor":"School","Name":"Pulantuna Elementary School","Municipali":"San Lorenzo Ruiz"}},{"type":"Feature","geometry":{"type":"Point","coordinates":[122.884484,14.0458215]},"properties":{"Category":"Institutional (INT)","SubCategor":"School","Name":"Paaralang Elementarya ng Mampurog","Municipali":"San Lorenzo Ruiz"}},{"type":"Feature","geometry":{"type":"Point","coordinates":[122.885497,14.046062]},"properties":{"Category":"Institutional (INT)","SubCategor":"Health Center/Station","Name":"Mampurog Health Office","Municipali":"San Lorenzo Ruiz"}},{"type":"Feature","geometry":{"type":"Point","coordinates":[122.885885,14.0462443]},"properties":{"Category":"Institutional (INT)","SubCategor":"Barangay Hall","Name":"Barangay Hall","Municipali":"San Lorenzo Ruiz"}},{"type":"Feature","geometry":{"type":"Point","coordinates":[122.885688,14.0461896]},"properties":{"Category":"Institutional (INT)","SubCategor":"Chapel","Name":"Saint Joseph Chapel","Municipali":"San Lorenzo Ruiz"}},{"type":"Feature","geometry":{"type":"Point","coordinates":[122.865972,14.035933]},"properties":{"Category":"Institutional (INT)","SubCategor":"School","Name":"Paaralang Elementarya ng Imelda","Municipali":"San Lorenzo Ruiz"}},{"type":"Feature","geometry":{"type":"Point","coordinates":[122.849416,14.0081816]},"properties":{"Category":"Institutional (INT)","SubCategor":"School","Name":"Resettlement Elementary School","Municipali":"San Lorenzo Ruiz"}},{"type":"Feature","geometry":{"type":"Point","coordinates":[122.864617,14.0345315]},"properties":{"Category":"Institutional (INT)","SubCategor":"Church","Name":"Imelda Bible Chruch","Municipali":"San Lorenzo Ruiz"}},{"type":"Feature","geometry":{"type":"Point","coordinates":[122.911132,14.0707549]},"properties":{"Category":"Institutional (INT)","SubCategor":"Barangay Hall","Name":"Daculang Bolo Barangay Hall","Municipali":"San Lorenzo Ruiz"}},{"type":"Feature","geometry":{"type":"Point","coordinates":[122.909251,14.0678731]},"properties":{"Category":"Institutional (INT)","SubCategor":"Chapel","Name":"Nuestra Sra. Del Rosario Chapel","Municipali":"San Lorenzo Ruiz"}},{"type":"Feature","geometry":{"type":"Point","coordinates":[122.910492,14.0692753]},"properties":{"Category":"Institutional (INT)","SubCategor":"School","Name":"Salvacion Elementary School","Municipali":"San Lorenzo Ruiz"}},{"type":"Feature","geometry":{"type":"Point","coordinates":[122.914929,14.0759882]},"properties":{"Category":"Institutional (INT)","SubCategor":"Health Center/Station","Name":"Barangay Health Station","Municipali":"San Lorenzo Ruiz"}},{"type":"Feature","geometry":{"type":"Point","coordinates":[122.895134,14.059116]},"properties":{"Category":"Institutional (INT)","SubCategor":"Barangay Hall","Name":"Dagotdotan Barangay Hall","Municipali":"San Lorenzo Ruiz"}},{"type":"Feature","geometry":{"type":"Point","coordinates":[122.896899,14.0605032]},"properties":{"Category":"Institutional (INT)","SubCategor":"Chapel","Name":"San Roque Chapel","Municipali":"San Lorenzo Ruiz"}},{"type":"Feature","geometry":{"type":"Point","coordinates":[122.900712,14.0443798]},"properties":{"Category":"Institutional (INT)","SubCategor":"School","Name":"School","Municipali":"San Lorenzo Ruiz"}},{"type":"Feature","geometry":{"type":"Point","coordinates":[122.900958,14.0444641]},"properties":{"Category":"Institutional (INT)","SubCategor":"Chapel","Name":"Chapel","Municipali":"San Lorenzo Ruiz"}},{"type":"Feature","geometry":{"type":"Point","coordinates":[122.901333,14.0445519]},"properties":{"Category":"Institutional (INT)","SubCategor":"Barangay Hall","Name":"Langga Barangay Hall","Municipali":"San Lorenzo Ruiz"}},{"type":"Feature","geometry":{"type":"Point","coordinates":[122.917448,14.0603453]},"properties":{"Category":"Institutional (INT)","SubCategor":"Chapel","Name":"Couples for Christ Chapel","Municipali":"San Lorenzo Ruiz"}},{"type":"Feature","geometry":{"type":"Point","coordinates":[122.917273,14.060238]},"properties":{"Category":"Institutional (INT)","SubCategor":"Barangay Hall","Name":"Laniton Barangay Hall","Municipali":"San Lorenzo Ruiz"}},{"type":"Feature","geometry":{"type":"Point","coordinates":[122.883276,14.0490407]},"properties":{"Category":"Institutional (INT)","SubCategor":"Chapel","Name":"Chapel","Municipali":"San Lorenzo Ruiz"}},{"type":"Feature","geometry":{"type":"Point","coordinates":[122.881052,14.0527312]},"properties":{"Category":"Institutional (INT)","SubCategor":"School","Name":"Maisog Elementary School","Municipali":"San Lorenzo Ruiz"}},{"type":"Feature","geometry":{"type":"Point","coordinates":[122.863525,13.9868732]},"properties":{"Category":"Institutional (INT)","SubCategor":"School","Name":"San Isidro Alcantara High School","Municipali":"San Lorenzo Ruiz"}},{"type":"Feature","geometry":{"type":"Point","coordinates":[122.856541,13.9922519]},"properties":{"Category":"Institutional (INT)","SubCategor":"Chapel","Name":"San Isidro Chapel","Municipali":"San Lorenzo Ruiz"}},{"type":"Feature","geometry":{"type":"Point","coordinates":[122.868171,13.9855161]},"properties":{"Category":"Institutional (INT)","SubCategor":"School","Name":"San Isidro Elementary School","Municipali":"San Lorenzo Ruiz"}},{"type":"Feature","geometry":{"type":"Point","coordinates":[122.869179,13.985067]},"properties":{"Category":"Institutional (INT)","SubCategor":"Chapel","Name":"San Isidro Chapel","Municipali":"San Lorenzo Ruiz"}},{"type":"Feature","geometry":{"type":"Point","coordinates":[122.869387,13.9849129]},"properties":{"Category":"Institutional (INT)","SubCategor":"Barangay Hall","Name":"San Isidro Barangay Hall","Municipali":"San Lorenzo Ruiz"}},{"type":"Feature","geometry":{"type":"Point","coordinates":[122.892955,13.9745945]},"properties":{"Category":"Institutional (INT)","SubCategor":"Chapel","Name":"San Ramon Chapel","Municipali":"San Lorenzo Ruiz"}},{"type":"Feature","geometry":{"type":"Point","coordinates":[122.894645,13.9749459]},"properties":{"Category":"Institutional (INT)","SubCategor":"Barangay Hall","Name":"San Ramon Barangay Hall","Municipali":"San Lorenzo Ruiz"}},{"type":"Feature","geometry":{"type":"Point","coordinates":[122.901715,13.9564145]},"properties":{"Category":"Institutional (INT)","SubCategor":"School","Name":"Kindergarten School","Municipali":"San Lorenzo Ruiz"}},{"type":"Feature","geometry":{"type":"Point","coordinates":[122.895104,13.9751844]},"properties":{"Category":"Institutional (INT)","SubCategor":"School","Name":"San Ramon Elementary School","Municipali":"San Lorenzo Ruiz"}},{"type":"Feature","geometry":{"type":"Point","coordinates":[122.863537,14.0350165]},"properties":{"Category":"Institutional (INT)","SubCategor":"Barangay Hall","Name":"Matacong Barangay Hall","Municipali":"San Lorenzo Ruiz"}},{"type":"Feature","geometry":{"type":"Point","coordinates":[122.878569,14.0428302]},"properties":{"Category":"Institutional (INT)","SubCategor":"Church","Name":"Jesus the Light Church","Municipali":"San Lorenzo Ruiz"}},{"type":"Feature","geometry":{"type":"Point","coordinates":[122.876508,14.0406161]},"properties":{"Category":"Institutional (INT)","SubCategor":"School","Name":"San Lorenzo Ruiz National High School","Municipali":"San Lorenzo Ruiz"}},{"type":"Feature","geometry":{"type":"Point","coordinates":[122.864386,14.0338774]},"properties":{"Category":"Institutional (INT)","SubCategor":"Church","Name":"Iglesia ni Cristo","Municipali":"San Lorenzo Ruiz"}},{"type":"Feature","geometry":{"type":"Point","coordinates":[122.960122,14.115422]},"properties":{"Category":"Institutional (INT)","SubCategor":"Fire Station","Name":"Bureau Of Fire Protection","Municipali":"Daet"}},{"type":"Feature","geometry":{"type":"Point","coordinates":[122.962417,14.138809]},"properties":{"Category":"Institutional (INT)","SubCategor":"School","Name":"Vicente I. Basit Memorial High School","Municipali":"Daet"}},{"type":"Feature","geometry":{"type":"Point","coordinates":[122.96219,14.1378912]},"properties":{"Category":"Institutional (INT)","SubCategor":"Barangay Hall","Name":"Barangay Hall","Municipali":"Daet"}},{"type":"Feature","geometry":{"type":"Point","coordinates":[122.957872,14.1394068]},"properties":{"Category":"Institutional (INT)","SubCategor":"School","Name":"Mahabang Paaralan ng Awitan","Municipali":"Daet"}},{"type":"Feature","geometry":{"type":"Point","coordinates":[122.92819,14.0971369]},"properties":{"Category":"Institutional (INT)","SubCategor":"Church","Name":"Salvacion Church","Municipali":"Daet"}},{"type":"Feature","geometry":{"type":"Point","coordinates":[122.921474,14.0936386]},"properties":{"Category":"Institutional (INT)","SubCategor":"School","Name":"Bibirao Elementary School","Municipali":"Daet"}},{"type":"Feature","geometry":{"type":"Point","coordinates":[122.928031,14.0970879]},"properties":{"Category":"Institutional (INT)","SubCategor":"Barangay Hall","Name":"Bibirao Barangay Hall","Municipali":"Daet"}},{"type":"Feature","geometry":{"type":"Point","coordinates":[122.959355,14.123998]},"properties":{"Category":"Institutional (INT)","SubCategor":"Church","Name":"Iglesia Ni Cristo","Municipali":"Daet"}},{"type":"Feature","geometry":{"type":"Point","coordinates":[122.962482,14.1261963]},"properties":{"Category":"Institutional (INT)","SubCategor":"Church","Name":"Mosque","Municipali":"Daet"}},{"type":"Feature","geometry":{"type":"Point","coordinates":[122.964407,14.1267419]},"properties":{"Category":"Institutional (INT)","SubCategor":"School","Name":"A. Pabico Abordo Elementary School","Municipali":"Daet"}},{"type":"Feature","geometry":{"type":"Point","coordinates":[122.96051,14.1254226]},"properties":{"Category":"Institutional (INT)","SubCategor":"School","Name":"Lady of Penafrancia College","Municipali":"Daet"}},{"type":"Feature","geometry":{"type":"Point","coordinates":[122.963696,14.1123809]},"properties":{"Category":"Institutional (INT)","SubCategor":"School","Name":"Zurbano Elementary School","Municipali":"Daet"}},{"type":"Feature","geometry":{"type":"Point","coordinates":[122.959915,14.1109148]},"properties":{"Category":"Institutional (INT)","SubCategor":"Chapel","Name":"San Roque Chapel","Municipali":"Daet"}},{"type":"Feature","geometry":{"type":"Point","coordinates":[122.958656,14.1105252]},"properties":{"Category":"Institutional (INT)","SubCategor":"Chapel","Name":"Santo Inteiro Chapel","Municipali":"Daet"}},{"type":"Feature","geometry":{"type":"Point","coordinates":[122.957031,14.1125834]},"properties":{"Category":"Institutional (INT)","SubCategor":"Health Center/Station","Name":"Rural Health Unit-II (Barangay Health Station)","Municipali":"Daet"}},{"type":"Feature","geometry":{"type":"Point","coordinates":[122.956793,14.1125924]},"properties":{"Category":"Institutional (INT)","SubCategor":"Barangay Hall","Name":"Brgy. I Barangay Hall","Municipali":"Daet"}},{"type":"Feature","geometry":{"type":"Point","coordinates":[122.956582,14.1116489]},"properties":{"Category":"Institutional (INT)","SubCategor":"School","Name":"La Consolacion College Daet","Municipali":"Daet"}},{"type":"Feature","geometry":{"type":"Point","coordinates":[122.956418,14.1122021]},"properties":{"Category":"Institutional (INT)","SubCategor":"Church","Name":"Church","Municipali":"Daet"}},{"type":"Feature","geometry":{"type":"Point","coordinates":[122.955736,14.1048528]},"properties":{"Category":"Institutional (INT)","SubCategor":"National Government Agency","Name":"DPWH","Municipali":"Daet"}},{"type":"Feature","geometry":{"type":"Point","coordinates":[122.955641,14.1055134]},"properties":{"Category":"Institutional (INT)","SubCategor":"Church","Name":"Daet First Church of The Nazarene","Municipali":"Daet"}},{"type":"Feature","geometry":{"type":"Point","coordinates":[122.95511,14.1049844]},"properties":{"Category":"Institutional (INT)","SubCategor":"Barangay Hall","Name":"Barangay II Barangay Hall","Municipali":"Daet"}},{"type":"Feature","geometry":{"type":"Point","coordinates":[122.955725,14.1060865]},"properties":{"Category":"Institutional (INT)","SubCategor":"Health Center/Station","Name":"Barangay Health Center","Municipali":"Daet"}},{"type":"Feature","geometry":{"type":"Point","coordinates":[122.955902,14.1061125]},"properties":{"Category":"Institutional (INT)","SubCategor":"Chapel","Name":"St. Louie The King Chapel","Municipali":"Daet"}},{"type":"Feature","geometry":{"type":"Point","coordinates":[122.953232,14.1055054]},"properties":{"Category":"Institutional (INT)","SubCategor":"School","Name":"Sunny Graden School For Kids","Municipali":"Daet"}},{"type":"Feature","geometry":{"type":"Point","coordinates":[122.955656,14.1063451]},"properties":{"Category":"Institutional (INT)","SubCategor":"Church","Name":"Daet Bible Church","Municipali":"Daet"}},{"type":"Feature","geometry":{"type":"Point","coordinates":[122.954264,14.1064025]},"properties":{"Category":"Institutional (INT)","SubCategor":"School","Name":"Abano Laboratory High School","Municipali":"Daet"}},{"type":"Feature","geometry":{"type":"Point","coordinates":[122.953414,14.106159]},"properties":{"Category":"Institutional (INT)","SubCategor":"School","Name":"San Luis Elementary School","Municipali":"Daet"}},{"type":"Feature","geometry":{"type":"Point","coordinates":[122.956418,14.109402]},"properties":{"Category":"Institutional (INT)","SubCategor":"School","Name":"Camarines Norte State College","Municipali":"Daet"}},{"type":"Feature","geometry":{"type":"Point","coordinates":[122.953278,14.1133395]},"properties":{"Category":"Institutional (INT)","SubCategor":"Chapel","Name":"Black Nazareth Chapel","Municipali":"Daet"}},{"type":"Feature","geometry":{"type":"Point","coordinates":[122.954614,14.1122317]},"properties":{"Category":"Institutional (INT)","SubCategor":"National Government Agency","Name":"GSIS","Municipali":"Daet"}},{"type":"Feature","geometry":{"type":"Point","coordinates":[122.95317,14.112888]},"properties":{"Category":"Institutional (INT)","SubCategor":"Barangay Hall","Name":"Brgy. III Barangay Hall","Municipali":"Daet"}},{"type":"Feature","geometry":{"type":"Point","coordinates":[122.953154,14.1130527]},"properties":{"Category":"Institutional (INT)","SubCategor":"Health Center/Station","Name":"Brgy. III Health Center","Municipali":"Daet"}},{"type":"Feature","geometry":{"type":"Point","coordinates":[122.952903,14.1131196]},"properties":{"Category":"Institutional (INT)","SubCategor":"National Government Agency","Name":"PAG-IBIG","Municipali":"Daet"}},{"type":"Feature","geometry":{"type":"Point","coordinates":[122.953001,14.1131196]},"properties":{"Category":"Institutional (INT)","SubCategor":"National Government Agency","Name":"Bureau of Treasury","Municipali":"Daet"}},{"type":"Feature","geometry":{"type":"Point","coordinates":[122.952814,14.1131115]},"properties":{"Category":"Institutional (INT)","SubCategor":"National Government Agency","Name":"DAR","Municipali":"Daet"}},{"type":"Feature","geometry":{"type":"Point","coordinates":[122.952716,14.1131196]},"properties":{"Category":"Institutional (INT)","SubCategor":"National Government Agency","Name":"NCIP","Municipali":"Daet"}},{"type":"Feature","geometry":{"type":"Point","coordinates":[122.955727,14.111536]},"properties":{"Category":"Institutional (INT)","SubCategor":"National Government Agency","Name":"Bureau of Internal Revenue","Municipali":"Daet"}},{"type":"Feature","geometry":{"type":"Point","coordinates":[122.954919,14.1123915]},"properties":{"Category":"Institutional (INT)","SubCategor":"National Government Agency","Name":"Camarines Norte Provincial Capitol","Municipali":"Daet"}},{"type":"Feature","geometry":{"type":"Point","coordinates":[122.955157,14.1115313]},"properties":{"Category":"Institutional (INT)","SubCategor":"School","Name":"Microsystems College Foundation","Municipali":"Daet"}},{"type":"Feature","geometry":{"type":"Point","coordinates":[122.954829,14.1115728]},"properties":{"Category":"Institutional (INT)","SubCategor":"National Government Agency","Name":"SSS","Municipali":"Daet"}},{"type":"Feature","geometry":{"type":"Point","coordinates":[122.954731,14.1115636]},"properties":{"Category":"Institutional (INT)","SubCategor":"National Government Agency","Name":"Philippine Statistics Authority (NSO)","Municipali":"Daet"}},{"type":"Feature","geometry":{"type":"Point","coordinates":[122.955161,14.1118877]},"properties":{"Category":"Institutional (INT)","SubCategor":"National Government Agency","Name":"Provincial Social Welfare Development","Municipali":"Daet"}},{"type":"Feature","geometry":{"type":"Point","coordinates":[122.954856,14.1118154]},"properties":{"Category":"Institutional (INT)","SubCategor":"National Government Agency","Name":"Bureau of Jail Management and Penology","Municipali":"Daet"}},{"type":"Feature","geometry":{"type":"Point","coordinates":[122.950918,14.1186414]},"properties":{"Category":"Institutional (INT)","SubCategor":"Police Station","Name":"Police Station","Municipali":"Daet"}},{"type":"Feature","geometry":{"type":"Point","coordinates":[122.948748,14.1158478]},"properties":{"Category":"Institutional (INT)","SubCategor":"Chapel","Name":"Saint Jude Chapel","Municipali":"Daet"}},{"type":"Feature","geometry":{"type":"Point","coordinates":[122.949123,14.1169497]},"properties":{"Category":"Institutional (INT)","SubCategor":"School","Name":"Mantagbac Elementary School","Municipali":"Daet"}},{"type":"Feature","geometry":{"type":"Point","coordinates":[122.949336,14.1169947]},"properties":{"Category":"Institutional (INT)","SubCategor":"Health Center/Station","Name":"Mantagbac Health Center","Municipali":"Daet"}},{"type":"Feature","geometry":{"type":"Point","coordinates":[122.948741,14.1174555]},"properties":{"Category":"Institutional (INT)","SubCategor":"Barangay Hall","Name":"Barangay Hall","Municipali":"Daet"}},{"type":"Feature","geometry":{"type":"Point","coordinates":[122.953738,14.1161136]},"properties":{"Category":"Institutional (INT)","SubCategor":"School","Name":"Chung Hua High School","Municipali":"Daet"}},{"type":"Feature","geometry":{"type":"Point","coordinates":[122.953314,14.1145693]},"properties":{"Category":"Institutional (INT)","SubCategor":"Chapel","Name":"Sta. Cruz Chapel","Municipali":"Daet"}},{"type":"Feature","geometry":{"type":"Point","coordinates":[122.950768,14.1158405]},"properties":{"Category":"Institutional (INT)","SubCategor":"Church","Name":"Church of Christ","Municipali":"Daet"}},{"type":"Feature","geometry":{"type":"Point","coordinates":[122.955002,14.1147688]},"properties":{"Category":"Institutional (INT)","SubCategor":"School","Name":"Vineyarad Asia Technological College","Municipali":"Daet"}},{"type":"Feature","geometry":{"type":"Point","coordinates":[122.955918,14.114866]},"properties":{"Category":"Institutional (INT)","SubCategor":"School","Name":"Philippine Women University","Municipali":"Daet"}},{"type":"Feature","geometry":{"type":"Point","coordinates":[122.955362,14.1158404]},"properties":{"Category":"Institutional (INT)","SubCategor":"Plaza","Name":"Elevated Town Plaza","Municipali":"Daet"}},{"type":"Feature","geometry":{"type":"Point","coordinates":[122.955918,14.1170285]},"properties":{"Category":"Commercial-2 (C-2)","SubCategor":"Market","Name":"Daet Public Market","Municipali":"Daet"}},{"type":"Feature","geometry":{"type":"Point","coordinates":[122.957347,14.1175953]},"properties":{"Category":"Institutional (INT)","SubCategor":"Chapel","Name":"San Jose Chapel","Municipali":"Daet"}},{"type":"Feature","geometry":{"type":"Point","coordinates":[122.958341,14.1189985]},"properties":{"Category":"Institutional (INT)","SubCategor":"Barangay Hall","Name":"Brgy. VI Barangay Hall","Municipali":"Daet"}},{"type":"Feature","geometry":{"type":"Point","coordinates":[122.96267,14.1141591]},"properties":{"Category":"Institutional (INT)","SubCategor":"School","Name":"Moreno Integrated School","Municipali":"Daet"}},{"type":"Feature","geometry":{"type":"Point","coordinates":[122.961749,14.114935]},"properties":{"Category":"Institutional (INT)","SubCategor":"Church","Name":"Daet Evangelical Church","Municipali":"Daet"}},{"type":"Feature","geometry":{"type":"Point","coordinates":[122.959617,14.1136351]},"properties":{"Category":"Institutional (INT)","SubCategor":"Chapel","Name":"Nuestra Senora De Penafrancia Chapel","Municipali":"Daet"}},{"type":"Feature","geometry":{"type":"Point","coordinates":[122.958646,14.1140452]},"properties":{"Category":"Institutional (INT)","SubCategor":"School","Name":"Howard Montessori School","Municipali":"Daet"}},{"type":"Feature","geometry":{"type":"Point","coordinates":[122.95808,14.1136473]},"properties":{"Category":"Institutional (INT)","SubCategor":"Barangay Hall","Name":"Barangay Hall","Municipali":"Daet"}},{"type":"Feature","geometry":{"type":"Point","coordinates":[122.95696,14.1146717]},"properties":{"Category":"Institutional (INT)","SubCategor":"Hospital","Name":"Leon D. Hernandez Memorial Hospital","Municipali":"Daet"}},{"type":"Feature","geometry":{"type":"Point","coordinates":[122.958415,14.1152152]},"properties":{"Category":"Institutional (INT)","SubCategor":"National Government Agency","Name":"Philhealth","Municipali":"Daet"}},{"type":"Feature","geometry":{"type":"Point","coordinates":[122.941935,14.0916714]},"properties":{"Category":"Institutional (INT)","SubCategor":"School","Name":"Zion Montessori School","Municipali":"Daet"}},{"type":"Feature","geometry":{"type":"Point","coordinates":[122.934736,14.0853453]},"properties":{"Category":"Institutional (INT)","SubCategor":"National Government Agency","Name":"Department of Agriculture","Municipali":"Daet"}},{"type":"Feature","geometry":{"type":"Point","coordinates":[122.92455,14.0801445]},"properties":{"Category":"Institutional (INT)","SubCategor":"Chapel","Name":"St. James Chapel","Municipali":"Daet"}},{"type":"Feature","geometry":{"type":"Point","coordinates":[122.937027,14.0854309]},"properties":{"Category":"Institutional (INT)","SubCategor":"School","Name":"Calasgasn Elementary School","Municipali":"Daet"}},{"type":"Feature","geometry":{"type":"Point","coordinates":[122.937112,14.0847325]},"properties":{"Category":"Institutional (INT)","SubCategor":"Barangay Hall","Name":"Calasgasan Barangay Hall","Municipali":"Daet"}},{"type":"Feature","geometry":{"type":"Point","coordinates":[122.95974,14.1077259]},"properties":{"Category":"Institutional (INT)","SubCategor":"School","Name":"Mary's Bright Montissory School","Municipali":"Daet"}},{"type":"Feature","geometry":{"type":"Point","coordinates":[122.960132,14.1056165]},"properties":{"Category":"Institutional (INT)","SubCategor":"School","Name":"Cobangbang Elementary School","Municipali":"Daet"}},{"type":"Feature","geometry":{"type":"Point","coordinates":[122.962782,14.1041103]},"properties":{"Category":"Institutional (INT)","SubCategor":"Health Center/Station","Name":"Health Center","Municipali":"Daet"}},{"type":"Feature","geometry":{"type":"Point","coordinates":[122.962884,14.1041149]},"properties":{"Category":"Institutional (INT)","SubCategor":"Barangay Hall","Name":"Cobangbang Barangay Hall","Municipali":"Daet"}},{"type":"Feature","geometry":{"type":"Point","coordinates":[122.914874,14.1068589]},"properties":{"Category":"Institutional (INT)","SubCategor":"Police Station","Name":"PNP Camp","Municipali":"Daet"}},{"type":"Feature","geometry":{"type":"Point","coordinates":[122.913188,14.1061676]},"properties":{"Category":"Institutional (INT)","SubCategor":"National Government Agency","Name":"Provincial Environment and Natural Resources Offic","Municipali":"Daet"}},{"type":"Feature","geometry":{"type":"Point","coordinates":[122.906172,14.1030767]},"properties":{"Category":"Institutional (INT)","SubCategor":"Barangay Hall","Name":"Dogongan Barangay Hall","Municipali":"Daet"}},{"type":"Feature","geometry":{"type":"Point","coordinates":[122.90266,14.1029497]},"properties":{"Category":"Institutional (INT)","SubCategor":"School","Name":"Dogongan Elementary School","Municipali":"Daet"}},{"type":"Feature","geometry":{"type":"Point","coordinates":[122.90642,14.102684]},"properties":{"Category":"Institutional (INT)","SubCategor":"Chapel","Name":"San Roque Chapel","Municipali":"Daet"}},{"type":"Feature","geometry":{"type":"Point","coordinates":[122.946492,14.1247772]},"properties":{"Category":"Institutional (INT)","SubCategor":"Chapel","Name":"Saint Joseph the Walke Chapel","Municipali":"Daet"}},{"type":"Feature","geometry":{"type":"Point","coordinates":[122.947991,14.124223]},"properties":{"Category":"Institutional (INT)","SubCategor":"Church","Name":"Holy Trinity Cathedral","Municipali":"Daet"}},{"type":"Feature","geometry":{"type":"Point","coordinates":[122.955164,14.130968]},"properties":{"Category":"Institutional (INT)","SubCategor":"School","Name":"Paliano A. Magana  Elementary School","Municipali":"Daet"}},{"type":"Feature","geometry":{"type":"Point","coordinates":[122.94865,14.1228985]},"properties":{"Category":"Institutional (INT)","SubCategor":"Barangay Hall","Name":"Gahonon Barangay Hall","Municipali":"Daet"}},{"type":"Feature","geometry":{"type":"Point","coordinates":[122.973845,14.1137649]},"properties":{"Category":"Institutional (INT)","SubCategor":"Chapel","Name":"Salvacion Chapel","Municipali":"Daet"}},{"type":"Feature","geometry":{"type":"Point","coordinates":[122.980088,14.1208471]},"properties":{"Category":"Institutional (INT)","SubCategor":"Chapel","Name":"Fatima Chapel","Municipali":"Daet"}},{"type":"Feature","geometry":{"type":"Point","coordinates":[122.981068,14.1219894]},"properties":{"Category":"Institutional (INT)","SubCategor":"School","Name":"Julia B. Abilgos Elementary School","Municipali":"Daet"}},{"type":"Feature","geometry":{"type":"Point","coordinates":[122.947779,14.1206197]},"properties":{"Category":"Institutional (INT)","SubCategor":"School","Name":"St. Lukes School","Municipali":"Daet"}},{"type":"Feature","geometry":{"type":"Point","coordinates":[122.941639,14.1229661]},"properties":{"Category":"Institutional (INT)","SubCategor":"School","Name":"Our Lady of Lourdes College Foundation","Municipali":"Daet"}},{"type":"Feature","geometry":{"type":"Point","coordinates":[122.941792,14.115606]},"properties":{"Category":"Institutional (INT)","SubCategor":"National Government Agency","Name":"National Food Authority","Municipali":"Daet"}},{"type":"Feature","geometry":{"type":"Point","coordinates":[122.942646,14.1167224]},"properties":{"Category":"Institutional (INT)","SubCategor":"Church","Name":"Ang Dating Daan Church","Municipali":"Daet"}},{"type":"Feature","geometry":{"type":"Point","coordinates":[122.945816,14.1177196]},"properties":{"Category":"Institutional (INT)","SubCategor":"Church","Name":"Saint Joseph Husband of Mary","Municipali":"Daet"}},{"type":"Feature","geometry":{"type":"Point","coordinates":[122.945717,14.1182244]},"properties":{"Category":"Institutional (INT)","SubCategor":"National Government Agency","Name":"Camarines Norte Provincial Internal Affairs Servic","Municipali":"Daet"}},{"type":"Feature","geometry":{"type":"Point","coordinates":[122.947009,14.1188706]},"properties":{"Category":"Institutional (INT)","SubCategor":"National Government Agency","Name":"Department of Trade and Industry","Municipali":"Daet"}},{"type":"Feature","geometry":{"type":"Point","coordinates":[122.948286,14.1200958]},"properties":{"Category":"Institutional (INT)","SubCategor":"Church","Name":"United Methodist Church","Municipali":"Daet"}},{"type":"Feature","geometry":{"type":"Point","coordinates":[122.94784,14.1206659]},"properties":{"Category":"Institutional (INT)","SubCategor":"Church","Name":"St. Luke United Methodist Church","Municipali":"Daet"}},{"type":"Feature","geometry":{"type":"Point","coordinates":[122.947124,14.1210009]},"properties":{"Category":"Institutional (INT)","SubCategor":"Hospital","Name":"Our Lady of Lourdes Hospital","Municipali":"Daet"}},{"type":"Feature","geometry":{"type":"Point","coordinates":[122.943829,14.1188418]},"properties":{"Category":"Institutional (INT)","SubCategor":"Barangay Hall","Name":"Barangay Hall","Municipali":"Daet"}},{"type":"Feature","geometry":{"type":"Point","coordinates":[122.945649,14.0983081]},"properties":{"Category":"Institutional (INT)","SubCategor":"School","Name":"Bliss Magang Elementary School","Municipali":"Daet"}},{"type":"Feature","geometry":{"type":"Point","coordinates":[122.955913,14.1038374]},"properties":{"Category":"Institutional (INT)","SubCategor":"Church","Name":"Iglesia Ni Cristo","Municipali":"Daet"}},{"type":"Feature","geometry":{"type":"Point","coordinates":[122.95443,14.1019903]},"properties":{"Category":"Institutional (INT)","SubCategor":"National Government Agency","Name":"Department of Deeds","Municipali":"Daet"}},{"type":"Feature","geometry":{"type":"Point","coordinates":[122.954,14.1022999]},"properties":{"Category":"Institutional (INT)","SubCategor":"Church","Name":"The Church of Jesus Christ of Latter Dat Saints","Municipali":"Daet"}},{"type":"Feature","geometry":{"type":"Point","coordinates":[122.953592,14.0986746]},"properties":{"Category":"Institutional (INT)","SubCategor":"Barangay Hall","Name":"Magang Barangay Hall","Municipali":"Daet"}},{"type":"Feature","geometry":{"type":"Point","coordinates":[122.983158,14.0902863]},"properties":{"Category":"Institutional (INT)","SubCategor":"Barangay Hall","Name":"Mambalite Barangay Hall","Municipali":"Daet"}},{"type":"Feature","geometry":{"type":"Point","coordinates":[122.982742,14.0914014]},"properties":{"Category":"Institutional (INT)","SubCategor":"School","Name":"Mambalite Elementary School","Municipali":"Daet"}},{"type":"Feature","geometry":{"type":"Point","coordinates":[122.956811,14.0894876]},"properties":{"Category":"Institutional (INT)","SubCategor":"National Government Agency","Name":"Department of Environment and Natural Resources -","Municipali":"Daet"}},{"type":"Feature","geometry":{"type":"Point","coordinates":[122.955826,14.0964276]},"properties":{"Category":"Institutional (INT)","SubCategor":"Health Center/Station","Name":"Health Center","Municipali":"Daet"}},{"type":"Feature","geometry":{"type":"Point","coordinates":[122.955104,14.0920844]},"properties":{"Category":"Institutional (INT)","SubCategor":"Church","Name":"St. Jude Church","Municipali":"Daet"}},{"type":"Feature","geometry":{"type":"Point","coordinates":[122.955733,14.096379]},"properties":{"Category":"Institutional (INT)","SubCategor":"Barangay Hall","Name":"Mancruz Barangay Hall","Municipali":"Daet"}},{"type":"Feature","geometry":{"type":"Point","coordinates":[122.955202,14.0963652]},"properties":{"Category":"Institutional (INT)","SubCategor":"School","Name":"Mancruz Elementary School","Municipali":"Daet"}},{"type":"Feature","geometry":{"type":"Point","coordinates":[122.956874,14.0964507]},"properties":{"Category":"Institutional (INT)","SubCategor":"National Government Agency","Name":"Land Transportation Office","Municipali":"Daet"}},{"type":"Feature","geometry":{"type":"Point","coordinates":[122.959145,14.0899208]},"properties":{"Category":"Institutional (INT)","SubCategor":"Barangay Hall","Name":"Pamorangin Barangay Hall","Municipali":"Daet"}},{"type":"Feature","geometry":{"type":"Point","coordinates":[122.957346,14.0911032]},"properties":{"Category":"Institutional (INT)","SubCategor":"School","Name":"Pamorangon Elementary School","Municipali":"Daet"}},{"type":"Feature","geometry":{"type":"Point","coordinates":[122.958401,14.092823]},"properties":{"Category":"Institutional (INT)","SubCategor":"Health Center/Station","Name":"Rural Health Unit","Municipali":"Daet"}},{"type":"Feature","geometry":{"type":"Point","coordinates":[122.957378,14.0924125]},"properties":{"Category":"Institutional (INT)","SubCategor":"Municipal Hall","Name":"Daet Municipal Building","Municipali":"Daet"}},{"type":"Feature","geometry":{"type":"Point","coordinates":[122.950355,14.1048301]},"properties":{"Category":"Institutional (INT)","SubCategor":"Church","Name":"Bible Baptist Church","Municipali":"Daet"}},{"type":"Feature","geometry":{"type":"Point","coordinates":[122.948014,14.1041474]},"properties":{"Category":"Institutional (INT)","SubCategor":"School","Name":"Camarines Norte National High School","Municipali":"Daet"}},{"type":"Feature","geometry":{"type":"Point","coordinates":[122.949462,14.1064529]},"properties":{"Category":"Institutional (INT)","SubCategor":"Hospital","Name":"Santisima Trinidad Hospital","Municipali":"Daet"}},{"type":"Feature","geometry":{"type":"Point","coordinates":[122.947483,14.10722]},"properties":{"Category":"Institutional (INT)","SubCategor":"School","Name":"F. Baldovino Elementary School","Municipali":"Daet"}},{"type":"Feature","geometry":{"type":"Point","coordinates":[122.949757,14.1085529]},"properties":{"Category":"Institutional (INT)","SubCategor":"Chapel","Name":"Black Nazareth Chapel","Municipali":"Daet"}},{"type":"Feature","geometry":{"type":"Point","coordinates":[122.950471,14.1078477]},"properties":{"Category":"Institutional (INT)","SubCategor":"National Government Agency","Name":"Civil Service Commision Building","Municipali":"Daet"}},{"type":"Feature","geometry":{"type":"Point","coordinates":[122.950251,14.1081982]},"properties":{"Category":"Institutional (INT)","SubCategor":"Barangay Hall","Name":"Camambugan Barangay Hall","Municipali":"Daet"}},{"type":"Feature","geometry":{"type":"Point","coordinates":[122.946055,14.1102964]},"properties":{"Category":"Institutional (INT)","SubCategor":"Church","Name":"Daet Baptist Church","Municipali":"Daet"}},{"type":"Feature","geometry":{"type":"Point","coordinates":[122.957188,14.1217244]},"properties":{"Category":"Institutional (INT)","SubCategor":"Hospital","Name":"Camarines Norte Provincial Hospital","Municipali":"Daet"}},{"type":"Feature","geometry":{"type":"Point","coordinates":[122.95587,14.1204314]},"properties":{"Category":"Institutional (INT)","SubCategor":"Chapel","Name":"Sto. Cristo Chapel","Municipali":"Daet"}},{"type":"Feature","geometry":{"type":"Point","coordinates":[122.952103,14.122081]},"properties":{"Category":"Institutional (INT)","SubCategor":"School","Name":"Deoneda's Special School","Municipali":"Daet"}},{"type":"Feature","geometry":{"type":"Point","coordinates":[122.950575,14.1213094]},"properties":{"Category":"Institutional (INT)","SubCategor":"Chapel","Name":"San Roque Chapel","Municipali":"Daet"}},{"type":"Feature","geometry":{"type":"Point","coordinates":[122.95494,14.1181329]},"properties":{"Category":"Institutional (INT)","SubCategor":"School","Name":"MCE Academy","Municipali":"Daet"}},{"type":"Feature","geometry":{"type":"Point","coordinates":[122.949957,14.1210146]},"properties":{"Category":"Institutional (INT)","SubCategor":"School","Name":"Pandan Elementary School","Municipali":"Daet"}},{"type":"Feature","geometry":{"type":"Point","coordinates":[122.957637,14.1219004]},"properties":{"Category":"Institutional (INT)","SubCategor":"Red Cross","Name":"Red Cross","Municipali":"Daet"}},{"type":"Feature","geometry":{"type":"Point","coordinates":[122.922292,14.1078498]},"properties":{"Category":"Institutional (INT)","SubCategor":"School","Name":"Alawihao National High School","Municipali":"Daet"}},{"type":"Feature","geometry":{"type":"Point","coordinates":[122.922913,14.1077695]},"properties":{"Category":"Institutional (INT)","SubCategor":"School","Name":"Teacher's Village Elementary School","Municipali":"Daet"}},{"type":"Feature","geometry":{"type":"Point","coordinates":[122.924714,14.1083717]},"properties":{"Category":"Institutional (INT)","SubCategor":"Church","Name":"San Antonio De Padua Church","Municipali":"Daet"}},{"type":"Feature","geometry":{"type":"Point","coordinates":[122.930222,14.1096767]},"properties":{"Category":"Institutional (INT)","SubCategor":"School","Name":"Alawihao Elementary School","Municipali":"Daet"}},{"type":"Feature","geometry":{"type":"Point","coordinates":[122.929407,14.1091933]},"properties":{"Category":"Institutional (INT)","SubCategor":"Health Center/Station","Name":"Health Center","Municipali":"Daet"}},{"type":"Feature","geometry":{"type":"Point","coordinates":[122.92614,14.1047662]},"properties":{"Category":"Institutional (INT)","SubCategor":"Church","Name":"Divine Mercy Church","Municipali":"Daet"}},{"type":"Feature","geometry":{"type":"Point","coordinates":[122.926284,14.106739]},"properties":{"Category":"Institutional (INT)","SubCategor":"Chapel","Name":"Chapel","Municipali":"Daet"}},{"type":"Feature","geometry":{"type":"Point","coordinates":[122.928189,14.107956]},"properties":{"Category":"Institutional (INT)","SubCategor":"Church","Name":"Iglesia Ni Cristo Church","Municipali":"Daet"}},{"type":"Feature","geometry":{"type":"Point","coordinates":[122.929316,14.1092764]},"properties":{"Category":"Institutional (INT)","SubCategor":"Barangay Hall","Name":"Alawihao Barangay Hall","Municipali":"Daet"}},{"type":"Feature","geometry":{"type":"Point","coordinates":[122.917406,14.1068456]},"properties":{"Category":"Institutional (INT)","SubCategor":"Church","Name":"Jesus The Christ Church","Municipali":"Daet"}},{"type":"Feature","geometry":{"type":"Point","coordinates":[122.918736,14.1107019]},"properties":{"Category":"Institutional (INT)","SubCategor":"School","Name":"Gawad Kalinga Elementary School","Municipali":"Daet"}},{"type":"Feature","geometry":{"type":"Point","coordinates":[122.961354,14.1168165]},"properties":{"Category":"Institutional (INT)","SubCategor":"Chapel","Name":"Black Nazareth Chapel","Municipali":"Daet"}},{"type":"Feature","geometry":{"type":"Point","coordinates":[122.961371,14.1168681]},"properties":{"Category":"Institutional (INT)","SubCategor":"Barangay Hall","Name":"Barangay VII Barangay Hall","Municipali":"Daet"}},{"type":"Feature","geometry":{"type":"Point","coordinates":[122.963751,14.1155023]},"properties":{"Category":"Institutional (INT)","SubCategor":"Hospital","Name":"Sto. Nino Hospital -","Municipali":"Daet"}},{"type":"Feature","geometry":{"type":"Point","coordinates":[122.961043,14.1171384]},"properties":{"Category":"Institutional (INT)","SubCategor":"Church","Name":"The Church of Jesus Christ Latter Day Saints","Municipali":"Daet"}},{"type":"Feature","geometry":{"type":"Point","coordinates":[122.95974,14.115761]},"properties":{"Category":"Institutional (INT)","SubCategor":"School","Name":"Mabini Colleges","Municipali":"Daet"}},{"type":"Feature","geometry":{"type":"Point","coordinates":[122.957913,14.1164015]},"properties":{"Category":"Institutional (INT)","SubCategor":"School","Name":"Daet Elementary School","Municipali":"Daet"}},{"type":"Feature","geometry":{"type":"Point","coordinates":[122.956155,14.1162822]},"properties":{"Category":"Institutional (INT)","SubCategor":"Pharmacy/ Drug Store","Name":"Generic Pharmacy","Municipali":"Daet"}},{"type":"Feature","geometry":{"type":"Point","coordinates":[122.956413,14.1157307]},"properties":{"Category":"Institutional (INT)","SubCategor":"Pharmacy/ Drug Store","Name":"South Star Drug Store","Municipali":"Daet"}},{"type":"Feature","geometry":{"type":"Point","coordinates":[122.956026,14.1158671]},"properties":{"Category":"Institutional (INT)","SubCategor":"Pharmacy/ Drug Store","Name":"Pharmacy","Municipali":"Daet"}},{"type":"Feature","geometry":{"type":"Point","coordinates":[122.957659,14.0922306]},"properties":{"Category":"Institutional (INT)","SubCategor":"National Government Agency","Name":"COMELEC","Municipali":"Daet"}},{"type":"Feature","geometry":{"type":"Point","coordinates":[122.955447,14.117419]},"properties":{"Category":"Institutional (INT)","SubCategor":"Pharmacy/ Drug Store","Name":"Mercury Drugs Store","Municipali":"Daet"}},{"type":"Feature","geometry":{"type":"Point","coordinates":[122.954672,14.1087592]},"properties":{"Category":"Institutional (INT)","SubCategor":"School","Name":"Maria Gardner Academy","Municipali":"Daet"}},{"type":"Feature","geometry":{"type":"Point","coordinates":[122.958137,14.1137118]},"properties":{"Category":"Institutional (INT)","SubCategor":"Health Center/Station","Name":"Rural Health Unit II","Municipali":"Daet"}},{"type":"Feature","geometry":{"type":"Point","coordinates":[122.956287,14.1074936]},"properties":{"Category":"Institutional (INT)","SubCategor":"National Government Agency","Name":"BPSO","Municipali":"Daet"}},{"type":"Feature","geometry":{"type":"Point","coordinates":[122.956595,14.1144738]},"properties":{"Category":"Institutional (INT)","SubCategor":"Pharmacy/ Drug Store","Name":"Generika Pharmacy","Municipali":"Daet"}},{"type":"Feature","geometry":{"type":"Point","coordinates":[122.957817,14.1153374]},"properties":{"Category":"Institutional (INT)","SubCategor":"School","Name":"Northhills College Of Asia","Municipali":"Daet"}},{"type":"Feature","geometry":{"type":"Point","coordinates":[122.963228,14.1149836]},"properties":{"Category":"Institutional (INT)","SubCategor":"Health Center/Station","Name":"Health and Nutrition Post","Municipali":"Daet"}},{"type":"Feature","geometry":{"type":"Point","coordinates":[122.955025,14.1109354]},"properties":{"Category":"Institutional (INT)","SubCategor":"Church","Name":"Sovereigh Grace Bible Baptist Church","Municipali":"Daet"}},{"type":"Feature","geometry":{"type":"Point","coordinates":[122.948678,14.1078206]},"properties":{"Category":"Institutional (INT)","SubCategor":"Police Station","Name":"Barangay Police Sation","Municipali":"Daet"}},{"type":"Feature","geometry":{"type":"Point","coordinates":[122.951364,14.1134883]},"properties":{"Category":"Institutional (INT)","SubCategor":"Hospital","Name":"Dr. Moises V. Cacawa Polyclinic","Municipali":"Daet"}},{"type":"Feature","geometry":{"type":"Point","coordinates":[122.948293,14.1124757]},"properties":{"Category":"Institutional (INT)","SubCategor":"Church","Name":"Church Of Christ","Municipali":"Daet"}},{"type":"Feature","geometry":{"type":"Point","coordinates":[122.946263,14.1138297]},"properties":{"Category":"Institutional (INT)","SubCategor":"Chapel","Name":"Penafrancia Chapel","Municipali":"Daet"}},{"type":"Feature","geometry":{"type":"Point","coordinates":[122.94255,14.1052851]},"properties":{"Category":"Institutional (INT)","SubCategor":"School","Name":"Camarines Norte  National High School (Annex)","Municipali":"Daet"}},{"type":"Feature","geometry":{"type":"Point","coordinates":[122.949876,14.1155649]},"properties":{"Category":"Institutional (INT)","SubCategor":"Health Center/Station","Name":"P-8 Health and Nutrition Post","Municipali":"Daet"}},{"type":"Feature","geometry":{"type":"Point","coordinates":[122.954092,14.1167531]},"properties":{"Category":"Institutional (INT)","SubCategor":"National Government Agency","Name":"Philippine Charity Sweeptakes Office","Municipali":"Daet"}},{"type":"Feature","geometry":{"type":"Point","coordinates":[122.95831,14.1205984]},"properties":{"Category":"Institutional (INT)","SubCategor":"Health Center/Station","Name":"Daet X-Ray","Municipali":"Daet"}},{"type":"Feature","geometry":{"type":"Point","coordinates":[122.960985,14.1156014]},"properties":{"Category":"Institutional (INT)","SubCategor":"Church","Name":"Jesus Is Our Shield Church","Municipali":"Daet"}},{"type":"Feature","geometry":{"type":"Point","coordinates":[122.962771,14.1382149]},"properties":{"Category":"Institutional (INT)","SubCategor":"Chapel","Name":"San Isidro Labrador Chapel","Municipali":"Daet"}},{"type":"Feature","geometry":{"type":"Point","coordinates":[122.969572,14.1304918]},"properties":{"Category":"Institutional (INT)","SubCategor":"Barangay Hall","Name":"Borabod Barangay Hall","Municipali":"Daet"}},{"type":"Feature","geometry":{"type":"Point","coordinates":[122.98116,14.1361557]},"properties":{"Category":"Institutional (INT)","SubCategor":"Military/Armed Forces","Name":"1st Camarines Norte Ready Reserve Infantry Battall","Municipali":"Daet"}},{"type":"Feature","geometry":{"type":"Point","coordinates":[122.982047,14.1374169]},"properties":{"Category":"Institutional (INT)","SubCategor":"Barangay Hall","Name":"Barangay Hall","Municipali":"Daet"}},{"type":"Feature","geometry":{"type":"Point","coordinates":[122.980806,14.1371196]},"properties":{"Category":"Institutional (INT)","SubCategor":"Chapel","Name":"Sagrada Famila Chapel","Municipali":"Daet"}},{"type":"Feature","geometry":{"type":"Point","coordinates":[122.979128,14.1360626]},"properties":{"Category":"Institutional (INT)","SubCategor":"School","Name":"Paaralang Elementarya ng Bagasbas","Municipali":"Daet"}},{"type":"Feature","geometry":{"type":"Point","coordinates":[122.964478,14.1153608]},"properties":{"Category":"Institutional (INT)","SubCategor":"Church","Name":"Seventh Day Adventist Church","Municipali":"Daet"}},{"type":"Feature","geometry":{"type":"Point","coordinates":[122.975566,14.1140372]},"properties":{"Category":"Institutional (INT)","SubCategor":"Barangay Hall","Name":"Barangay Hall","Municipali":"Daet"}},{"type":"Feature","geometry":{"type":"Point","coordinates":[122.946337,14.1181553]},"properties":{"Category":"Institutional (INT)","SubCategor":"Health Center/Station","Name":"Rural Health Unit III","Municipali":"Daet"}},{"type":"Feature","geometry":{"type":"Point","coordinates":[122.94424,14.1173523]},"properties":{"Category":"Institutional (INT)","SubCategor":"National Government Agency","Name":"NIA Irrigation Management Office","Municipali":"Daet"}},{"type":"Feature","geometry":{"type":"Point","coordinates":[122.936436,14.109725]},"properties":{"Category":"Institutional (INT)","SubCategor":"Chapel","Name":"Fatima Chapel","Municipali":"Daet"}},{"type":"Feature","geometry":{"type":"Point","coordinates":[122.942138,14.1182962]},"properties":{"Category":"Institutional (INT)","SubCategor":"School","Name":"Don Emiliano L. Pabico Elementary School","Municipali":"Daet"}},{"type":"Feature","geometry":{"type":"Point","coordinates":[122.946625,14.0952233]},"properties":{"Category":"Institutional (INT)","SubCategor":"Church","Name":"Church","Municipali":"Daet"}},{"type":"Feature","geometry":{"type":"Point","coordinates":[122.911964,14.1065972]},"properties":{"Category":"Institutional (INT)","SubCategor":"Barangay Hall","Name":"Barangay Hall","Municipali":"Daet"}},{"type":"Feature","geometry":{"type":"Point","coordinates":[122.956237,14.0999878]},"properties":{"Category":"Institutional (INT)","SubCategor":"Plaza","Name":"Houseware Plaza","Municipali":"Daet"}},{"type":"Feature","geometry":{"type":"Point","coordinates":[122.970526,14.109929]},"properties":{"Category":"Institutional (INT)","SubCategor":"Chapel","Name":"San Isidro Labrador Chapel","Municipali":"Daet"}},{"type":"Feature","geometry":{"type":"Point","coordinates":[122.972736,14.1093033]},"properties":{"Category":"Institutional (INT)","SubCategor":"Barangay Hall","Name":"Barangay Hall","Municipali":"Daet"}},{"type":"Feature","geometry":{"type":"Point","coordinates":[122.982062,14.0926862]},"properties":{"Category":"Institutional (INT)","SubCategor":"School","Name":"Pofirio R. Ponayo High School","Municipali":"Daet"}},{"type":"Feature","geometry":{"type":"Point","coordinates":[122.929821,14.1153037]},"properties":{"Category":"Institutional (INT)","SubCategor":"National Government Agency","Name":"Department of Environment and Natural Resources","Municipali":"Daet"}},{"type":"Feature","geometry":{"type":"Point","coordinates":[122.922573,14.1080559]},"properties":{"Category":"Institutional (INT)","SubCategor":"Church","Name":"Church","Municipali":"Daet"}},{"type":"Feature","geometry":{"type":"Point","coordinates":[122.914327,14.1070383]},"properties":{"Category":"Institutional (INT)","SubCategor":"Police Station","Name":"PNP Office","Municipali":"Daet"}},{"type":"Feature","geometry":{"type":"Point","coordinates":[122.914428,14.1066753]},"properties":{"Category":"Institutional (INT)","SubCategor":"Church","Name":"San Machiel Church","Municipali":"Daet"}},{"type":"Feature","geometry":{"type":"Point","coordinates":[122.959451,14.1082628]},"properties":{"Category":"Institutional (INT)","SubCategor":"Church","Name":"Daet Fresbyterian Church","Municipali":"Daet"}},{"type":"Feature","geometry":{"type":"Point","coordinates":[122.963793,14.1037576]},"properties":{"Category":"Institutional (INT)","SubCategor":"Pharmacy/ Drug Store","Name":"Botica Ng Bayan","Municipali":"Daet"}},{"type":"Feature","geometry":{"type":"Point","coordinates":[122.969263,14.0990048]},"properties":{"Category":"Institutional (INT)","SubCategor":"Church","Name":"New Apostolic Church","Municipali":"Daet"}},{"type":"Feature","geometry":{"type":"Point","coordinates":[122.958316,14.0927396]},"properties":{"Category":"Institutional (INT)","SubCategor":"Police Station","Name":"PNP Police Station","Municipali":"Daet"}},{"type":"Feature","geometry":{"type":"Point","coordinates":[122.959316,14.0898285]},"properties":{"Category":"Institutional (INT)","SubCategor":"Church","Name":"Church","Municipali":"Daet"}},{"type":"Feature","geometry":{"type":"Point","coordinates":[122.95656,14.0967616]},"properties":{"Category":"Institutional (INT)","SubCategor":"National Government Agency","Name":"Land Transportation Franchising and Regulatory Boa","Municipali":"Daet"}},{"type":"Feature","geometry":{"type":"Point","coordinates":[122.950699,13.9683435]},"properties":{"Category":"Institutional (INT)","SubCategor":"Barangay Hall","Name":"Tuaca Barangay Hall","Municipali":"Basud"}},{"type":"Feature","geometry":{"type":"Point","coordinates":[122.938191,14.0318243]},"properties":{"Category":"Institutional (INT)","SubCategor":"Church","Name":"Church Of Chirst","Municipali":"Basud"}},{"type":"Feature","geometry":{"type":"Point","coordinates":[122.946997,14.0755436]},"properties":{"Category":"Institutional (INT)","SubCategor":"Barangay Hall","Name":"Matnog Barangay Hall","Municipali":"Basud"}},{"type":"Feature","geometry":{"type":"Point","coordinates":[122.945306,14.0762653]},"properties":{"Category":"Institutional (INT)","SubCategor":"Chapel","Name":"San Roque Chapel","Municipali":"Basud"}},{"type":"Feature","geometry":{"type":"Point","coordinates":[122.944567,14.0755436]},"properties":{"Category":"Institutional (INT)","SubCategor":"School","Name":"Matnog Elementary School","Municipali":"Basud"}},{"type":"Feature","geometry":{"type":"Point","coordinates":[122.981465,14.0725739]},"properties":{"Category":"Institutional (INT)","SubCategor":"Church","Name":"Light and Glory Christian Fellowship","Municipali":"Basud"}},{"type":"Feature","geometry":{"type":"Point","coordinates":[122.944277,13.9923265]},"properties":{"Category":"Institutional (INT)","SubCategor":"Chapel","Name":"Sagrada Familia Chapel","Municipali":"Basud"}},{"type":"Feature","geometry":{"type":"Point","coordinates":[122.958666,14.0811693]},"properties":{"Category":"Institutional (INT)","SubCategor":"Chapel","Name":"San Isidro Chapel","Municipali":"Basud"}},{"type":"Feature","geometry":{"type":"Point","coordinates":[122.959724,14.0776409]},"properties":{"Category":"Institutional (INT)","SubCategor":"Chapel","Name":"Nazareno Chapel","Municipali":"Basud"}},{"type":"Feature","geometry":{"type":"Point","coordinates":[122.996488,14.0584987]},"properties":{"Category":"Institutional (INT)","SubCategor":"School","Name":"Dominador Narido High School","Municipali":"Basud"}},{"type":"Feature","geometry":{"type":"Point","coordinates":[122.998743,14.0633472]},"properties":{"Category":"Institutional (INT)","SubCategor":"Health Center/Station","Name":"Health Center","Municipali":"Basud"}},{"type":"Feature","geometry":{"type":"Point","coordinates":[122.967511,13.9986787]},"properties":{"Category":"Institutional (INT)","SubCategor":"School","Name":"Caayunan Elementary School","Municipali":"Basud"}},{"type":"Feature","geometry":{"type":"Point","coordinates":[122.951585,13.9679469]},"properties":{"Category":"Institutional (INT)","SubCategor":"School","Name":"Tuaca High School","Municipali":"Basud"}},{"type":"Feature","geometry":{"type":"Point","coordinates":[122.963001,14.0642992]},"properties":{"Category":"Institutional (INT)","SubCategor":"Barangay Hall","Name":"Poblacion 1 Barangay Hall","Municipali":"Basud"}},{"type":"Feature","geometry":{"type":"Point","coordinates":[122.96344,14.0644108]},"properties":{"Category":"Institutional (INT)","SubCategor":"School","Name":"Basud National High School","Municipali":"Basud"}},{"type":"Feature","geometry":{"type":"Point","coordinates":[122.963607,14.0642556]},"properties":{"Category":"Institutional (INT)","SubCategor":"Church","Name":"San Rafael Church","Municipali":"Basud"}},{"type":"Feature","geometry":{"type":"Point","coordinates":[122.963344,14.0637786]},"properties":{"Category":"Institutional (INT)","SubCategor":"Health Center/Station","Name":"Municipal Health Office","Municipali":"Basud"}},{"type":"Feature","geometry":{"type":"Point","coordinates":[122.966891,14.0619011]},"properties":{"Category":"Institutional (INT)","SubCategor":"School","Name":"Basud National High School Annex","Municipali":"Basud"}},{"type":"Feature","geometry":{"type":"Point","coordinates":[122.962872,14.0700545]},"properties":{"Category":"Institutional (INT)","SubCategor":"Barangay Hall","Name":"Poblacion 2 Barangay Hall","Municipali":"Basud"}},{"type":"Feature","geometry":{"type":"Point","coordinates":[122.963404,14.0698018]},"properties":{"Category":"Institutional (INT)","SubCategor":"Chapel","Name":"Saint Joseph Chapel","Municipali":"Basud"}},{"type":"Feature","geometry":{"type":"Point","coordinates":[122.930386,14.0262207]},"properties":{"Category":"Institutional (INT)","SubCategor":"Barangay Hall","Name":"Mantugawe Barangay Hall","Municipali":"Basud"}},{"type":"Feature","geometry":{"type":"Point","coordinates":[122.958379,14.0646946]},"properties":{"Category":"Institutional (INT)","SubCategor":"Church","Name":"Iglesia Ni Cristo","Municipali":"Basud"}},{"type":"Feature","geometry":{"type":"Point","coordinates":[122.958023,14.0652288]},"properties":{"Category":"Institutional (INT)","SubCategor":"Church","Name":"Seventh Day Adventist Church","Municipali":"Basud"}},{"type":"Feature","geometry":{"type":"Point","coordinates":[122.96043,14.0712328]},"properties":{"Category":"Institutional (INT)","SubCategor":"Fire Station","Name":"Basud Fire Station","Municipali":"Basud"}},{"type":"Feature","geometry":{"type":"Point","coordinates":[122.960975,14.0711857]},"properties":{"Category":"Institutional (INT)","SubCategor":"Municipal Hall","Name":"Basud Municipal Hall","Municipali":"Basud"}},{"type":"Feature","geometry":{"type":"Point","coordinates":[122.960853,14.0713416]},"properties":{"Category":"Institutional (INT)","SubCategor":"Police Station","Name":"Basud Police Station","Municipali":"Basud"}},{"type":"Feature","geometry":{"type":"Point","coordinates":[122.963153,14.0670015]},"properties":{"Category":"Institutional (INT)","SubCategor":"School","Name":"Basud Elementary School","Municipali":"Basud"}},{"type":"Feature","geometry":{"type":"Point","coordinates":[122.963601,14.0670761]},"properties":{"Category":"Institutional (INT)","SubCategor":"Church","Name":"Ang Dating Daan","Municipali":"Basud"}},{"type":"Feature","geometry":{"type":"Point","coordinates":[122.947501,14.0560508]},"properties":{"Category":"Institutional (INT)","SubCategor":"Barangay Hall","Name":"Laniton Barangay Hall","Municipali":"Basud"}},{"type":"Feature","geometry":{"type":"Point","coordinates":[122.947398,14.0551602]},"properties":{"Category":"Institutional (INT)","SubCategor":"School","Name":"Sibol Elementary School","Municipali":"Basud"}},{"type":"Feature","geometry":{"type":"Point","coordinates":[122.940151,14.0483474]},"properties":{"Category":"Institutional (INT)","SubCategor":"School","Name":"Langga Elementary School","Municipali":"Basud"}},{"type":"Feature","geometry":{"type":"Point","coordinates":[122.939934,14.0442853]},"properties":{"Category":"Institutional (INT)","SubCategor":"Barangay Hall","Name":"Langga Barangay Hall","Municipali":"Basud"}},{"type":"Feature","geometry":{"type":"Point","coordinates":[122.939809,14.044434]},"properties":{"Category":"Institutional (INT)","SubCategor":"Health Center/Station","Name":"Langga Health Center","Municipali":"Basud"}},{"type":"Feature","geometry":{"type":"Point","coordinates":[123.017008,14.0462721]},"properties":{"Category":"Institutional (INT)","SubCategor":"Barangay Hall","Name":"Angas Barangay Hall","Municipali":"Basud"}},{"type":"Feature","geometry":{"type":"Point","coordinates":[123.017727,14.0458916]},"properties":{"Category":"Institutional (INT)","SubCategor":"School","Name":"Angas Elementary School","Municipali":"Basud"}},{"type":"Feature","geometry":{"type":"Point","coordinates":[123.015712,14.0457265]},"properties":{"Category":"Institutional (INT)","SubCategor":"Church","Name":"Iglesia Ni Cristo","Municipali":"Basud"}},{"type":"Feature","geometry":{"type":"Point","coordinates":[123.017217,14.0324755]},"properties":{"Category":"Institutional (INT)","SubCategor":"Church","Name":"Saint Francis De Asis","Municipali":"Basud"}},{"type":"Feature","geometry":{"type":"Point","coordinates":[123.01731,14.0323824]},"properties":{"Category":"Institutional (INT)","SubCategor":"Barangay Hall","Name":"Mandazo Barangay Hall","Municipali":"Basud"}},{"type":"Feature","geometry":{"type":"Point","coordinates":[123.020369,14.0288601]},"properties":{"Category":"Institutional (INT)","SubCategor":"School","Name":"Mandazo Elementary School","Municipali":"Basud"}},{"type":"Feature","geometry":{"type":"Point","coordinates":[123.01347,14.0344951]},"properties":{"Category":"Institutional (INT)","SubCategor":"Health Center/Station","Name":"Mandazo Health Center","Municipali":"Basud"}},{"type":"Feature","geometry":{"type":"Point","coordinates":[123.008807,14.0495217]},"properties":{"Category":"Institutional (INT)","SubCategor":"Chapel","Name":"Birhen Del Carmen Chapel","Municipali":"Basud"}},{"type":"Feature","geometry":{"type":"Point","coordinates":[122.99739,14.0477902]},"properties":{"Category":"Institutional (INT)","SubCategor":"School","Name":"Taizan Elementary  School","Municipali":"Basud"}},{"type":"Feature","geometry":{"type":"Point","coordinates":[122.981009,14.0449994]},"properties":{"Category":"Institutional (INT)","SubCategor":"Barangay Hall","Name":"Pinagwarasan Barangay Hall","Municipali":"Basud"}},{"type":"Feature","geometry":{"type":"Point","coordinates":[122.979646,14.0464055]},"properties":{"Category":"Institutional (INT)","SubCategor":"School","Name":"Pinagwarasan Elementary School","Municipali":"Basud"}},{"type":"Feature","geometry":{"type":"Point","coordinates":[122.979318,14.0628259]},"properties":{"Category":"Institutional (INT)","SubCategor":"School","Name":"Mocong Elementary School","Municipali":"Basud"}},{"type":"Feature","geometry":{"type":"Point","coordinates":[122.980203,14.062481]},"properties":{"Category":"Institutional (INT)","SubCategor":"Chapel","Name":"San Roque Chapel","Municipali":"Basud"}},{"type":"Feature","geometry":{"type":"Point","coordinates":[122.959074,14.079906]},"properties":{"Category":"Institutional (INT)","SubCategor":"School","Name":"Don Juan Pimentel Elementary School","Municipali":"Basud"}},{"type":"Feature","geometry":{"type":"Point","coordinates":[122.95847,14.0801524]},"properties":{"Category":"Institutional (INT)","SubCategor":"Barangay Hall","Name":"Bactas Barangay Hall","Municipali":"Basud"}},{"type":"Feature","geometry":{"type":"Point","coordinates":[122.996601,14.0643191]},"properties":{"Category":"Institutional (INT)","SubCategor":"Church","Name":"Church Ermita","Municipali":"Basud"}},{"type":"Feature","geometry":{"type":"Point","coordinates":[122.995855,14.0644662]},"properties":{"Category":"Institutional (INT)","SubCategor":"School","Name":"Tacad Elementary School","Municipali":"Basud"}},{"type":"Feature","geometry":{"type":"Point","coordinates":[123.006242,14.0797221]},"properties":{"Category":"Institutional (INT)","SubCategor":"School","Name":"Hinampacan Elementary School","Municipali":"Basud"}},{"type":"Feature","geometry":{"type":"Point","coordinates":[123.005327,14.0760234]},"properties":{"Category":"Institutional (INT)","SubCategor":"Chapel","Name":"Salvacion Chapel","Municipali":"Basud"}},{"type":"Feature","geometry":{"type":"Point","coordinates":[123.005389,14.0762083]},"properties":{"Category":"Institutional (INT)","SubCategor":"Barangay Hall","Name":"Hinamacan Barangay Hall","Municipali":"Basud"}},{"type":"Feature","geometry":{"type":"Point","coordinates":[123.024544,14.0573162]},"properties":{"Category":"Institutional (INT)","SubCategor":"Chapel","Name":"Our Lady Of Fatima Chapel","Municipali":"Basud"}},{"type":"Feature","geometry":{"type":"Point","coordinates":[123.023574,14.0577245]},"properties":{"Category":"Institutional (INT)","SubCategor":"School","Name":"Taba-Taba Elementary School","Municipali":"Basud"}},{"type":"Feature","geometry":{"type":"Point","coordinates":[123.022855,14.0578523]},"properties":{"Category":"Institutional (INT)","SubCategor":"Barangay Hall","Name":"Taba-Taba Barangay Hall","Municipali":"Basud"}},{"type":"Feature","geometry":{"type":"Point","coordinates":[123.02288,14.057944]},"properties":{"Category":"Institutional (INT)","SubCategor":"Health Center/Station","Name":"Health Center","Municipali":"Basud"}},{"type":"Feature","geometry":{"type":"Point","coordinates":[123.027121,14.0419074]},"properties":{"Category":"Institutional (INT)","SubCategor":"School","Name":"Mancamagong Elementary School","Municipali":"Basud"}},{"type":"Feature","geometry":{"type":"Point","coordinates":[123.0274,14.0419988]},"properties":{"Category":"Institutional (INT)","SubCategor":"Barangay Hall","Name":"Mancamagong Barangay Hall","Municipali":"Basud"}},{"type":"Feature","geometry":{"type":"Point","coordinates":[122.974138,14.0458507]},"properties":{"Category":"Institutional (INT)","SubCategor":"School","Name":"Manmuntay  Elementary School","Municipali":"Basud"}},{"type":"Feature","geometry":{"type":"Point","coordinates":[122.974578,14.0468118]},"properties":{"Category":"Institutional (INT)","SubCategor":"Barangay Hall","Name":"Manmuntay Barangay  Hall","Municipali":"Basud"}},{"type":"Feature","geometry":{"type":"Point","coordinates":[122.974668,14.0462948]},"properties":{"Category":"Institutional (INT)","SubCategor":"Chapel","Name":"San Roque Chapel","Municipali":"Basud"}},{"type":"Feature","geometry":{"type":"Point","coordinates":[122.997154,14.0129409]},"properties":{"Category":"Institutional (INT)","SubCategor":"School","Name":"Oliva Elementary School","Municipali":"Basud"}},{"type":"Feature","geometry":{"type":"Point","coordinates":[122.996651,14.0130887]},"properties":{"Category":"Institutional (INT)","SubCategor":"Barangay Hall","Name":"Oliva Barangay Hall","Municipali":"Basud"}},{"type":"Feature","geometry":{"type":"Point","coordinates":[123.000039,14.0550643]},"properties":{"Category":"Institutional (INT)","SubCategor":"Church","Name":"Quasi - Parish Church","Municipali":"Basud"}},{"type":"Feature","geometry":{"type":"Point","coordinates":[122.962544,14.0681416]},"properties":{"Category":"Commercial-2 (C-2)","SubCategor":"Market","Name":"Basud Public Market","Municipali":"Basud"}},{"type":"Feature","geometry":{"type":"Point","coordinates":[122.978853,14.0724979]},"properties":{"Category":"Institutional (INT)","SubCategor":"Chapel","Name":"San Isidro Labrador Chapel","Municipali":"Basud"}},{"type":"Feature","geometry":{"type":"Point","coordinates":[122.97875,14.0721976]},"properties":{"Category":"Institutional (INT)","SubCategor":"Barangay Hall","Name":"Barangay Hall","Municipali":"Basud"}},{"type":"Feature","geometry":{"type":"Point","coordinates":[122.978402,14.0723694]},"properties":{"Category":"Institutional (INT)","SubCategor":"School","Name":"Mampili Elementary School","Municipali":"Basud"}},{"type":"Feature","geometry":{"type":"Point","coordinates":[122.951172,14.0573749]},"properties":{"Category":"Institutional (INT)","SubCategor":"School","Name":"Primo R. Samonte Elementary School","Municipali":"Basud"}},{"type":"Feature","geometry":{"type":"Point","coordinates":[122.950341,14.0575114]},"properties":{"Category":"Institutional (INT)","SubCategor":"Chapel","Name":"Laniton Chapel","Municipali":"Basud"}},{"type":"Feature","geometry":{"type":"Point","coordinates":[122.960921,14.0328802]},"properties":{"Category":"Institutional (INT)","SubCategor":"Barangay Hall","Name":"Barangay Hall","Municipali":"Basud"}},{"type":"Feature","geometry":{"type":"Point","coordinates":[122.960507,14.0326469]},"properties":{"Category":"Institutional (INT)","SubCategor":"Chapel","Name":"San Jose Chapel","Municipali":"Basud"}},{"type":"Feature","geometry":{"type":"Point","coordinates":[122.955434,14.0543826]},"properties":{"Category":"Institutional (INT)","SubCategor":"Chapel","Name":"Chapel","Municipali":"Basud"}},{"type":"Feature","geometry":{"type":"Point","coordinates":[122.961862,14.0469141]},"properties":{"Category":"Institutional (INT)","SubCategor":"School","Name":"San Jose Elementary School","Municipali":"Basud"}},{"type":"Feature","geometry":{"type":"Point","coordinates":[122.996825,14.0556337]},"properties":{"Category":"Institutional (INT)","SubCategor":"Barangay Hall","Name":"Taisan Barangay Hall","Municipali":"Basud"}},{"type":"Feature","geometry":{"type":"Point","coordinates":[122.997132,14.0556333]},"properties":{"Category":"Institutional (INT)","SubCategor":"Health Center/Station","Name":"Health Center","Municipali":"Basud"}},{"type":"Feature","geometry":{"type":"Point","coordinates":[122.980311,14.0484657]},"properties":{"Category":"Institutional (INT)","SubCategor":"Health Center/Station","Name":"Health Center","Municipali":"Basud"}},{"type":"Feature","geometry":{"type":"Point","coordinates":[122.996495,14.0130073]},"properties":{"Category":"Institutional (INT)","SubCategor":"Chapel","Name":"San Roque Chapel","Municipali":"Basud"}},{"type":"Feature","geometry":{"type":"Point","coordinates":[122.999294,14.0638756]},"properties":{"Category":"Institutional (INT)","SubCategor":"Barangay Hall","Name":"Tacad Barangay Hall","Municipali":"Basud"}},{"type":"Feature","geometry":{"type":"Point","coordinates":[123.010437,14.0642137]},"properties":{"Category":"Institutional (INT)","SubCategor":"Chapel","Name":"San Roque Chapel","Municipali":"Basud"}},{"type":"Feature","geometry":{"type":"Point","coordinates":[123.014298,14.0031277]},"properties":{"Category":"Institutional (INT)","SubCategor":"Barangay Hall","Name":"Lidong Barangay Hall","Municipali":"Basud"}},{"type":"Feature","geometry":{"type":"Point","coordinates":[123.014128,14.0030882]},"properties":{"Category":"Institutional (INT)","SubCategor":"Health Center/Station","Name":"Health Center","Municipali":"Basud"}},{"type":"Feature","geometry":{"type":"Point","coordinates":[123.013861,14.0042429]},"properties":{"Category":"Institutional (INT)","SubCategor":"School","Name":"Fulgueras Elementary School","Municipali":"Basud"}},{"type":"Feature","geometry":{"type":"Point","coordinates":[123.013863,14.0045234]},"properties":{"Category":"Institutional (INT)","SubCategor":"Chapel","Name":"San Roque Chapel","Municipali":"Basud"}},{"type":"Feature","geometry":{"type":"Point","coordinates":[122.940451,14.0442297]},"properties":{"Category":"Institutional (INT)","SubCategor":"Chapel","Name":"Fatima Chapel","Municipali":"Basud"}},{"type":"Feature","geometry":{"type":"Point","coordinates":[122.937562,14.032155]},"properties":{"Category":"Institutional (INT)","SubCategor":"Barangay Hall","Name":"Pagsangahan Barangay Hall","Municipali":"Basud"}},{"type":"Feature","geometry":{"type":"Point","coordinates":[122.937822,14.0333711]},"properties":{"Category":"Institutional (INT)","SubCategor":"Chapel","Name":"San Roque Chapel","Municipali":"Basud"}},{"type":"Feature","geometry":{"type":"Point","coordinates":[122.932933,14.0284457]},"properties":{"Category":"Institutional (INT)","SubCategor":"School","Name":"Pagsangahan Elementary School","Municipali":"Basud"}},{"type":"Feature","geometry":{"type":"Point","coordinates":[122.918531,14.0241946]},"properties":{"Category":"Institutional (INT)","SubCategor":"Barangay Hall","Name":"Binatagan Barangay Hall","Municipali":"Basud"}},{"type":"Feature","geometry":{"type":"Point","coordinates":[122.918375,14.0244736]},"properties":{"Category":"Institutional (INT)","SubCategor":"Health Center/Station","Name":"Health Center","Municipali":"Basud"}},{"type":"Feature","geometry":{"type":"Point","coordinates":[122.930401,14.0260485]},"properties":{"Category":"Institutional (INT)","SubCategor":"Health Center/Station","Name":"Health Center","Municipali":"Basud"}},{"type":"Feature","geometry":{"type":"Point","coordinates":[122.930185,14.021754]},"properties":{"Category":"Institutional (INT)","SubCategor":"Chapel","Name":"San Roque Chapel","Municipali":"Basud"}},{"type":"Feature","geometry":{"type":"Point","coordinates":[122.930958,14.0145237]},"properties":{"Category":"Institutional (INT)","SubCategor":"Barangay Hall","Name":"San Felipe Barangay Hall","Municipali":"Basud"}},{"type":"Feature","geometry":{"type":"Point","coordinates":[122.933808,14.0022564]},"properties":{"Category":"Institutional (INT)","SubCategor":"Chapel","Name":"Chapel","Municipali":"Basud"}},{"type":"Feature","geometry":{"type":"Point","coordinates":[122.93165,14.0131219]},"properties":{"Category":"Institutional (INT)","SubCategor":"Church","Name":"Iglesia Ni Cristo","Municipali":"Basud"}},{"type":"Feature","geometry":{"type":"Point","coordinates":[122.93101,14.0136406]},"properties":{"Category":"Institutional (INT)","SubCategor":"Church","Name":"Saint Phillip The Apostle","Municipali":"Basud"}},{"type":"Feature","geometry":{"type":"Point","coordinates":[122.930652,14.0140518]},"properties":{"Category":"Commercial-2 (C-2)","SubCategor":"Market","Name":"San Felipe Public Market","Municipali":"Basud"}},{"type":"Feature","geometry":{"type":"Point","coordinates":[122.928851,14.011861]},"properties":{"Category":"Institutional (INT)","SubCategor":"School","Name":"San Felipe National High School","Municipali":"Basud"}},{"type":"Feature","geometry":{"type":"Point","coordinates":[122.930443,14.0123541]},"properties":{"Category":"Institutional (INT)","SubCategor":"School","Name":"San Felipe Elementary School","Municipali":"Basud"}},{"type":"Feature","geometry":{"type":"Point","coordinates":[122.898808,13.9921126]},"properties":{"Category":"Institutional (INT)","SubCategor":"Barangay Hall","Name":"Guinatungan Barangay Hall","Municipali":"Basud"}},{"type":"Feature","geometry":{"type":"Point","coordinates":[122.898721,13.9920441]},"properties":{"Category":"Institutional (INT)","SubCategor":"Health Center/Station","Name":"Guinatungan Health Center","Municipali":"Basud"}},{"type":"Feature","geometry":{"type":"Point","coordinates":[122.899923,13.9914647]},"properties":{"Category":"Institutional (INT)","SubCategor":"Chapel","Name":"Chapel","Municipali":"Basud"}},{"type":"Feature","geometry":{"type":"Point","coordinates":[122.899838,13.9911658]},"properties":{"Category":"Institutional (INT)","SubCategor":"School","Name":"Guinatungan Elementary School","Municipali":"Basud"}},{"type":"Feature","geometry":{"type":"Point","coordinates":[122.929346,13.980545]},"properties":{"Category":"Institutional (INT)","SubCategor":"Chapel","Name":"San Isidro Chapel","Municipali":"Basud"}},{"type":"Feature","geometry":{"type":"Point","coordinates":[122.934206,13.9831796]},"properties":{"Category":"Institutional (INT)","SubCategor":"School","Name":"Plaridel Elementary School","Municipali":"Basud"}},{"type":"Feature","geometry":{"type":"Point","coordinates":[122.934539,13.9819302]},"properties":{"Category":"Institutional (INT)","SubCategor":"Chapel","Name":"Penafrancia Chapel","Municipali":"Basud"}},{"type":"Feature","geometry":{"type":"Point","coordinates":[122.934537,13.9819985]},"properties":{"Category":"Institutional (INT)","SubCategor":"Health Center/Station","Name":"Plaridel Barangay Health Center","Municipali":"Basud"}},{"type":"Feature","geometry":{"type":"Point","coordinates":[122.934512,13.9818071]},"properties":{"Category":"Institutional (INT)","SubCategor":"Barangay Hall","Name":"Plaridel Barangay Hall","Municipali":"Basud"}},{"type":"Feature","geometry":{"type":"Point","coordinates":[122.946425,13.9912302]},"properties":{"Category":"Institutional (INT)","SubCategor":"Barangay Hall","Name":"Caayunan Barangay Hall","Municipali":"Basud"}},{"type":"Feature","geometry":{"type":"Point","coordinates":[122.967528,13.9949374]},"properties":{"Category":"Institutional (INT)","SubCategor":"Chapel","Name":"Salvacion Chapel","Municipali":"Basud"}},{"type":"Feature","geometry":{"type":"Point","coordinates":[122.946662,13.9918068]},"properties":{"Category":"Institutional (INT)","SubCategor":"School","Name":"Balce Elementary School","Municipali":"Basud"}},{"type":"Feature","geometry":{"type":"Point","coordinates":[122.939624,13.9911873]},"properties":{"Category":"Institutional (INT)","SubCategor":"Church","Name":"Iglesia Ni Cristo","Municipali":"Basud"}},{"type":"Feature","geometry":{"type":"Point","coordinates":[122.946073,13.9917541]},"properties":{"Category":"Institutional (INT)","SubCategor":"Chapel","Name":"Chapel","Municipali":"Basud"}},{"type":"Feature","geometry":{"type":"Point","coordinates":[122.946494,13.991331]},"properties":{"Category":"Institutional (INT)","SubCategor":"Health Center/Station","Name":"Caayunan Health Center","Municipali":"Basud"}},{"type":"Feature","geometry":{"type":"Point","coordinates":[122.95011,13.9671976]},"properties":{"Category":"Institutional (INT)","SubCategor":"School","Name":"Tuaca Elementary School","Municipali":"Basud"}},{"type":"Feature","geometry":{"type":"Point","coordinates":[122.952503,13.9607733]},"properties":{"Category":"Institutional (INT)","SubCategor":"Military/Armed Forces","Name":"1st Camarines Norte CAA Camp","Municipali":"Basud"}},{"type":"Feature","geometry":{"type":"Point","coordinates":[122.950919,13.9675833]},"properties":{"Category":"Institutional (INT)","SubCategor":"Chapel","Name":"Lady of Immaculate Conception Chapel","Municipali":"Basud"}},{"type":"Feature","geometry":{"type":"Point","coordinates":[122.972824,13.9734946]},"properties":{"Category":"Institutional (INT)","SubCategor":"Barangay Hall","Name":"San Pascual Barangay Hall","Municipali":"Basud"}},{"type":"Feature","geometry":{"type":"Point","coordinates":[122.97274,13.9733472]},"properties":{"Category":"Institutional (INT)","SubCategor":"Health Center/Station","Name":"Health Center","Municipali":"Basud"}},{"type":"Feature","geometry":{"type":"Point","coordinates":[122.972583,13.9733168]},"properties":{"Category":"Institutional (INT)","SubCategor":"Chapel","Name":"Salvacion Chapel","Municipali":"Basud"}},{"type":"Feature","geometry":{"type":"Point","coordinates":[122.97314,13.9723111]},"properties":{"Category":"Institutional (INT)","SubCategor":"Church","Name":"Iglesia Ni Cristo","Municipali":"Basud"}},{"type":"Feature","geometry":{"type":"Point","coordinates":[122.969404,13.9718246]},"properties":{"Category":"Institutional (INT)","SubCategor":"School","Name":"Pedro S. Rada Elementary School","Municipali":"Basud"}},{"type":"Feature","geometry":{"type":"Point","coordinates":[122.98011,14.0625552]},"properties":{"Category":"Institutional (INT)","SubCategor":"Barangay Hall","Name":"Mocong Barangay Hall","Municipali":"Basud"}},{"type":"Feature","geometry":{"type":"Point","coordinates":[122.866466,14.0726564]},"properties":{"Category":"Institutional (INT)","SubCategor":"Barangay Hall","Name":"Barangay Hall","Municipali":"San Vicente"}},{"type":"Feature","geometry":{"type":"Point","coordinates":[122.85863,14.0731952]},"properties":{"Category":"Institutional (INT)","SubCategor":"School","Name":"Fabrica High School","Municipali":"San Vicente"}},{"type":"Feature","geometry":{"type":"Point","coordinates":[122.883625,14.1191735]},"properties":{"Category":"Institutional (INT)","SubCategor":"Barangay Hall","Name":"Barangay Hall","Municipali":"San Vicente"}},{"type":"Feature","geometry":{"type":"Point","coordinates":[122.873763,14.1204156]},"properties":{"Category":"Institutional (INT)","SubCategor":"Chapel","Name":"Calabagas Chapel","Municipali":"San Vicente"}},{"type":"Feature","geometry":{"type":"Point","coordinates":[122.852451,14.0732793]},"properties":{"Category":"Institutional (INT)","SubCategor":"Barangay Hall","Name":"Barangay Hall","Municipali":"San Vicente"}},{"type":"Feature","geometry":{"type":"Point","coordinates":[122.852941,14.0733834]},"properties":{"Category":"Institutional (INT)","SubCategor":"School","Name":"B.U Olis Elementary School","Municipali":"San Vicente"}},{"type":"Feature","geometry":{"type":"Point","coordinates":[122.867591,14.0728243]},"properties":{"Category":"Institutional (INT)","SubCategor":"Chapel","Name":"Saint Joseph Chapel","Municipali":"San Vicente"}},{"type":"Feature","geometry":{"type":"Point","coordinates":[122.867082,14.072737]},"properties":{"Category":"Institutional (INT)","SubCategor":"Health Center/Station","Name":"Health Center","Municipali":"San Vicente"}},{"type":"Feature","geometry":{"type":"Point","coordinates":[122.866888,14.0731849]},"properties":{"Category":"Institutional (INT)","SubCategor":"School","Name":"L. Opeda Elementary School","Municipali":"San Vicente"}},{"type":"Feature","geometry":{"type":"Point","coordinates":[122.866698,14.0733984]},"properties":{"Category":"Institutional (INT)","SubCategor":"Chapel","Name":"Saint Joseph Chapel 2","Municipali":"San Vicente"}},{"type":"Feature","geometry":{"type":"Point","coordinates":[122.868142,14.073767]},"properties":{"Category":"Institutional (INT)","SubCategor":"School","Name":"Hilton Foundation Sibol School","Municipali":"San Vicente"}},{"type":"Feature","geometry":{"type":"Point","coordinates":[122.871611,14.103999]},"properties":{"Category":"Commercial-2 (C-2)","SubCategor":"Market","Name":"Pamilihang Bayan ng San Vicente","Municipali":"San Vicente"}},{"type":"Feature","geometry":{"type":"Point","coordinates":[122.85387,14.0628775]},"properties":{"Category":"Institutional (INT)","SubCategor":"Barangay Hall","Name":"Barangay Hall","Municipali":"San Vicente"}},{"type":"Feature","geometry":{"type":"Point","coordinates":[122.85401,14.0630525]},"properties":{"Category":"Institutional (INT)","SubCategor":"Chapel","Name":"Barangay Chapel","Municipali":"San Vicente"}},{"type":"Feature","geometry":{"type":"Point","coordinates":[122.882962,14.106739]},"properties":{"Category":"Institutional (INT)","SubCategor":"Health Center/Station","Name":"Health Center","Municipali":"San Vicente"}},{"type":"Feature","geometry":{"type":"Point","coordinates":[122.873327,14.1063479]},"properties":{"Category":"Institutional (INT)","SubCategor":"Barangay Hall","Name":"Barangay Hall","Municipali":"San Vicente"}},{"type":"Feature","geometry":{"type":"Point","coordinates":[122.881607,14.120947]},"properties":{"Category":"Institutional (INT)","SubCategor":"School","Name":"Cabanbanan Elementary School","Municipali":"San Vicente"}},{"type":"Feature","geometry":{"type":"Point","coordinates":[122.883544,14.1192579]},"properties":{"Category":"Institutional (INT)","SubCategor":"Health Center/Station","Name":"Health Center","Municipali":"San Vicente"}},{"type":"Feature","geometry":{"type":"Point","coordinates":[122.851371,14.1042924]},"properties":{"Category":"Institutional (INT)","SubCategor":"School","Name":"V. Ricafrente Elementary School","Municipali":"San Vicente"}},{"type":"Feature","geometry":{"type":"Point","coordinates":[122.854665,14.1047221]},"properties":{"Category":"Institutional (INT)","SubCategor":"Barangay Hall","Name":"Barangay Hall","Municipali":"San Vicente"}},{"type":"Feature","geometry":{"type":"Point","coordinates":[122.852342,14.0730919]},"properties":{"Category":"Institutional (INT)","SubCategor":"Health Center/Station","Name":"Health Center","Municipali":"San Vicente"}},{"type":"Feature","geometry":{"type":"Point","coordinates":[122.872895,14.1062512]},"properties":{"Category":"Institutional (INT)","SubCategor":"Church","Name":"San Vicente Ferrer Parish Church","Municipali":"San Vicente"}},{"type":"Feature","geometry":{"type":"Point","coordinates":[122.875082,14.1069918]},"properties":{"Category":"Institutional (INT)","SubCategor":"School","Name":"San Vicente Elementary School","Municipali":"San Vicente"}},{"type":"Feature","geometry":{"type":"Point","coordinates":[122.877237,14.1077391]},"properties":{"Category":"Institutional (INT)","SubCategor":"Church","Name":"The Church of Jesus Christ of Later Day Saints","Municipali":"San Vicente"}},{"type":"Feature","geometry":{"type":"Point","coordinates":[122.874688,14.1204182]},"properties":{"Category":"Institutional (INT)","SubCategor":"School","Name":"V. Orendain Elementaru School","Municipali":"San Vicente"}},{"type":"Feature","geometry":{"type":"Point","coordinates":[122.871074,14.1197948]},"properties":{"Category":"Institutional (INT)","SubCategor":"Barangay Hall","Name":"Barangay Hall","Municipali":"San Vicente"}},{"type":"Feature","geometry":{"type":"Point","coordinates":[122.882623,14.1065419]},"properties":{"Category":"Institutional (INT)","SubCategor":"Barangay Hall","Name":"Barangay Hall","Municipali":"San Vicente"}},{"type":"Feature","geometry":{"type":"Point","coordinates":[122.884721,14.1080663]},"properties":{"Category":"Institutional (INT)","SubCategor":"School","Name":"Froilan Lopez High School","Municipali":"San Vicente"}},{"type":"Feature","geometry":{"type":"Point","coordinates":[122.874437,14.105394]},"properties":{"Category":"Institutional (INT)","SubCategor":"Barangay Hall","Name":"Barangay Hall","Municipali":"San Vicente"}},{"type":"Feature","geometry":{"type":"Point","coordinates":[122.874124,14.1052977]},"properties":{"Category":"Institutional (INT)","SubCategor":"Health Center/Station","Name":"Health Center","Municipali":"San Vicente"}},{"type":"Feature","geometry":{"type":"Point","coordinates":[122.873402,14.1057948]},"properties":{"Category":"Institutional (INT)","SubCategor":"School","Name":"San Vicente Paraochial School","Municipali":"San Vicente"}},{"type":"Feature","geometry":{"type":"Point","coordinates":[122.873637,14.105166]},"properties":{"Category":"Institutional (INT)","SubCategor":"Church","Name":"Iglesia ni Cristo","Municipali":"San Vicente"}},{"type":"Feature","geometry":{"type":"Point","coordinates":[122.873142,14.1048585]},"properties":{"Category":"Institutional (INT)","SubCategor":"Pharmacy/ Drug Store","Name":"Kings Pharmacy","Municipali":"San Vicente"}},{"type":"Feature","geometry":{"type":"Point","coordinates":[122.982204,14.1323779]},"properties":{"Category":"Infrastructure, Utilities, Transportation and Services (INF)","SubCategor":"Transportation: Port, Airport","Name":"Daet Airport","Municipali":"Daet"}},{"type":"Feature","geometry":{"type":"Point","coordinates":[122.645536,14.2944705]},"properties":{"Category":"Infrastructure, Utilities, Transportation and Services (INF)","SubCategor":"Transportation: Port, Airport","Name":"Larap Airport","Municipali":"Jose Panganiban"}},{"type":"Feature","geometry":{"type":"Point","coordinates":[122.800754,14.2881377]},"properties":{"Category":"Infrastructure, Utilities, Transportation and Services (INF)","SubCategor":"Transportation: Port, Airport","Name":"Paracale Airstrip","Municipali":"Paracale"}},{"type":"Feature","geometry":{"type":"Point","coordinates":[123.092345,14.0882048]},"properties":{"Category":"Infrastructure, Utilities, Transportation and Services (INF)","SubCategor":"Transportation: Port, Airport","Name":"Apuao Grande Air Strip","Municipali":"Mercedes"}},{"type":"Feature","geometry":{"type":"Point","coordinates":[123.102325,14.0848616]},"properties":{"Category":"Infrastructure, Utilities, Transportation and Services (INF)","SubCategor":"Transportation: Port, Fishlanding/Dock/Pier","Name":"Mercedes","Municipali":"Mercedes"}},{"type":"Feature","geometry":{"type":"Point","coordinates":[122.942489,14.4235657]},"properties":{"Category":"Infrastructure, Utilities, Transportation and Services (INF)","SubCategor":"Transportation: Port, Fishlanding/Dock/Pier","Name":"Banocboc","Municipali":"Vinzons"}},{"type":"Feature","geometry":{"type":"Point","coordinates":[122.954803,14.4148305]},"properties":{"Category":"Infrastructure, Utilities, Transportation and Services (INF)","SubCategor":"Transportation: Port, Fishlanding/Dock/Pier","Name":"Banocboc","Municipali":"Vinzons"}},{"type":"Feature","geometry":{"type":"Point","coordinates":[123.100317,14.0414127]},"properties":{"Category":"Infrastructure, Utilities, Transportation and Services (INF)","SubCategor":"Transportation: Port, Fishlanding/Dock/Pier","Name":"Caringo","Municipali":"Mercedes"}},{"type":"Feature","geometry":{"type":"Point","coordinates":[122.939967,14.4754007]},"properties":{"Category":"Infrastructure, Utilities, Transportation and Services (INF)","SubCategor":"Transportation: Port, Fishlanding/Dock/Pier","Name":"Mangkawayan","Municipali":"Vinzons"}},{"type":"Feature","geometry":{"type":"Point","coordinates":[122.949457,14.473956]},"properties":{"Category":"Infrastructure, Utilities, Transportation and Services (INF)","SubCategor":"Transportation: Port, Fishlanding/Dock/Pier","Name":"Mangkawayan Port","Municipali":"Vinzons"}},{"type":"Feature","geometry":{"type":"Point","coordinates":[122.912814,14.4527001]},"properties":{"Category":"Infrastructure, Utilities, Transportation and Services (INF)","SubCategor":"Transportation: Port, Fishlanding/Dock/Pier","Name":"Pinagtigasan","Municipali":"Vinzons"}},{"type":"Feature","geometry":{"type":"Point","coordinates":[122.979806,14.1463075]},"properties":{"Category":"Infrastructure, Utilities, Transportation and Services (INF)","SubCategor":"Transportation: Port, Fishlanding/Dock/Pier","Name":"Bagasbas Port","Municipali":"Daet"}},{"type":"Feature","geometry":{"type":"Point","coordinates":[122.684758,14.3029007]},"properties":{"Category":"Infrastructure, Utilities, Transportation and Services (INF)","SubCategor":"Transportation: Port, Fishlanding/Dock/Pier","Name":"Bagong Bayan Port","Municipali":"Jose Panganiban"}},{"type":"Feature","geometry":{"type":"Point","coordinates":[122.348062,14.2112124]},"properties":{"Category":"Infrastructure, Utilities, Transportation and Services (INF)","SubCategor":"Transportation: Port, Fishlanding/Dock/Pier","Name":"Basiad Port","Municipali":"Sta. Elena"}},{"type":"Feature","geometry":{"type":"Point","coordinates":[122.414039,14.2884785]},"properties":{"Category":"Infrastructure, Utilities, Transportation and Services (INF)","SubCategor":"Transportation: Port, Fishlanding/Dock/Pier","Name":"Binawanga","Municipali":"Capalonga"}},{"type":"Feature","geometry":{"type":"Point","coordinates":[122.91773,14.2181818]},"properties":{"Category":"Infrastructure, Utilities, Transportation and Services (INF)","SubCategor":"Transportation: Port, Fishlanding/Dock/Pier","Name":"Cagbalogo","Municipali":"Vinzons"}},{"type":"Feature","geometry":{"type":"Point","coordinates":[122.917656,14.2217556]},"properties":{"Category":"Infrastructure, Utilities, Transportation and Services (INF)","SubCategor":"Transportation: Port, Fishlanding/Dock/Pier","Name":"Cagbalogo","Municipali":"Vinzons"}},{"type":"Feature","geometry":{"type":"Point","coordinates":[122.924003,14.1987756]},"properties":{"Category":"Infrastructure, Utilities, Transportation and Services (INF)","SubCategor":"Transportation: Port, Fishlanding/Dock/Pier","Name":"Calangcawan Norte","Municipali":"Vinzons"}},{"type":"Feature","geometry":{"type":"Point","coordinates":[122.508495,14.3293686]},"properties":{"Category":"Infrastructure, Utilities, Transportation and Services (INF)","SubCategor":"Transportation: Port, Fishlanding/Dock/Pier","Name":"Catioan","Municipali":"Capalonga"}},{"type":"Feature","geometry":{"type":"Point","coordinates":[123.042173,14.0757568]},"properties":{"Category":"Infrastructure, Utilities, Transportation and Services (INF)","SubCategor":"Transportation: Port, Fishlanding/Dock/Pier","Name":"Cayucyucan","Municipali":"Mercedes"}},{"type":"Feature","geometry":{"type":"Point","coordinates":[123.090237,13.9187698]},"properties":{"Category":"Infrastructure, Utilities, Transportation and Services (INF)","SubCategor":"Transportation: Port, Fishlanding/Dock/Pier","Name":"Colasi","Municipali":"Mercedes"}},{"type":"Feature","geometry":{"type":"Point","coordinates":[123.083763,13.9502046]},"properties":{"Category":"Infrastructure, Utilities, Transportation and Services (INF)","SubCategor":"Transportation: Port, Fishlanding/Dock/Pier","Name":"Colasi","Municipali":"Mercedes"}},{"type":"Feature","geometry":{"type":"Point","coordinates":[122.594042,14.3093745]},"properties":{"Category":"Infrastructure, Utilities, Transportation and Services (INF)","SubCategor":"Transportation: Port, Fishlanding/Dock/Pier","Name":"Dahican","Municipali":"Jose Panganiban"}},{"type":"Feature","geometry":{"type":"Point","coordinates":[122.58433,14.3204858]},"properties":{"Category":"Infrastructure, Utilities, Transportation and Services (INF)","SubCategor":"Transportation: Port, Fishlanding/Dock/Pier","Name":"Dahican","Municipali":"Jose Panganiban"}},{"type":"Feature","geometry":{"type":"Point","coordinates":[123.065403,13.8759057]},"properties":{"Category":"Infrastructure, Utilities, Transportation and Services (INF)","SubCategor":"Transportation: Port, Fishlanding/Dock/Pier","Name":"Hamoraon","Municipali":"Mercedes"}},{"type":"Feature","geometry":{"type":"Point","coordinates":[123.086247,13.887848]},"properties":{"Category":"Infrastructure, Utilities, Transportation and Services (INF)","SubCategor":"Transportation: Port, Fishlanding/Dock/Pier","Name":"Hamoraon","Municipali":"Mercedes"}},{"type":"Feature","geometry":{"type":"Point","coordinates":[123.089445,13.9060649]},"properties":{"Category":"Infrastructure, Utilities, Transportation and Services (INF)","SubCategor":"Transportation: Port, Fishlanding/Dock/Pier","Name":"Hamoraon","Municipali":"Mercedes"}},{"type":"Feature","geometry":{"type":"Point","coordinates":[122.672379,14.3230398]},"properties":{"Category":"Infrastructure, Utilities, Transportation and Services (INF)","SubCategor":"Transportation: Port, Fishlanding/Dock/Pier","Name":"Jose Panganiban Port","Municipali":"Jose Panganiban"}},{"type":"Feature","geometry":{"type":"Point","coordinates":[123.062682,13.8691279]},"properties":{"Category":"Infrastructure, Utilities, Transportation and Services (INF)","SubCategor":"Transportation: Port, Fishlanding/Dock/Pier","Name":"Lalawigan","Municipali":"Mercedes"}},{"type":"Feature","geometry":{"type":"Point","coordinates":[123.06047,13.8495433]},"properties":{"Category":"Infrastructure, Utilities, Transportation and Services (INF)","SubCategor":"Transportation: Port, Fishlanding/Dock/Pier","Name":"Lanot","Municipali":"Mercedes"}},{"type":"Feature","geometry":{"type":"Point","coordinates":[122.656325,14.2990017]},"properties":{"Category":"Infrastructure, Utilities, Transportation and Services (INF)","SubCategor":"Transportation: Port, Fishlanding/Dock/Pier","Name":"Larap","Municipali":"Jose Panganiban"}},{"type":"Feature","geometry":{"type":"Point","coordinates":[122.640197,14.3010863]},"properties":{"Category":"Infrastructure, Utilities, Transportation and Services (INF)","SubCategor":"Transportation: Port, Fishlanding/Dock/Pier","Name":"Larap","Municipali":"Jose Panganiban"}},{"type":"Feature","geometry":{"type":"Point","coordinates":[122.649275,14.3075326]},"properties":{"Category":"Infrastructure, Utilities, Transportation and Services (INF)","SubCategor":"Transportation: Port, Fishlanding/Dock/Pier","Name":"Larap Port","Municipali":"Jose Panganiban"}},{"type":"Feature","geometry":{"type":"Point","coordinates":[122.806342,14.2806946]},"properties":{"Category":"Infrastructure, Utilities, Transportation and Services (INF)","SubCategor":"Transportation: Port, Fishlanding/Dock/Pier","Name":"Malaguit","Municipali":"Paracale"}},{"type":"Feature","geometry":{"type":"Point","coordinates":[123.043073,14.0900074]},"properties":{"Category":"Infrastructure, Utilities, Transportation and Services (INF)","SubCategor":"Transportation: Port, Fishlanding/Dock/Pier","Name":"Mambungalon","Municipali":"Mercedes"}},{"type":"Feature","geometry":{"type":"Point","coordinates":[123.030612,14.0356643]},"properties":{"Category":"Infrastructure, Utilities, Transportation and Services (INF)","SubCategor":"Transportation: Port, Fishlanding/Dock/Pier","Name":"Mangcamaggong","Municipali":"Basud"}},{"type":"Feature","geometry":{"type":"Point","coordinates":[123.017948,14.1139376]},"properties":{"Category":"Infrastructure, Utilities, Transportation and Services (INF)","SubCategor":"Transportation: Port, Fishlanding/Dock/Pier","Name":"Manguisoc Port","Municipali":"Mercedes"}},{"type":"Feature","geometry":{"type":"Point","coordinates":[123.063703,13.9909013]},"properties":{"Category":"Infrastructure, Utilities, Transportation and Services (INF)","SubCategor":"Transportation: Port, Fishlanding/Dock/Pier","Name":"Masalong salong","Municipali":"Mercedes"}},{"type":"Feature","geometry":{"type":"Point","coordinates":[123.038977,14.0234573]},"properties":{"Category":"Infrastructure, Utilities, Transportation and Services (INF)","SubCategor":"Transportation: Port, Fishlanding/Dock/Pier","Name":"Matoog toog","Municipali":"Mercedes"}},{"type":"Feature","geometry":{"type":"Point","coordinates":[123.01262,14.1162073]},"properties":{"Category":"Infrastructure, Utilities, Transportation and Services (INF)","SubCategor":"Transportation: Port, Fishlanding/Dock/Pier","Name":"Mercedes Port","Municipali":"Mercedes"}},{"type":"Feature","geometry":{"type":"Point","coordinates":[122.936714,14.1938141]},"properties":{"Category":"Infrastructure, Utilities, Transportation and Services (INF)","SubCategor":"Transportation: Port, Fishlanding/Dock/Pier","Name":"Minaogan Port","Municipali":"Vinzons"}},{"type":"Feature","geometry":{"type":"Point","coordinates":[122.685809,14.2853192]},"properties":{"Category":"Infrastructure, Utilities, Transportation and Services (INF)","SubCategor":"Transportation: Port, Fishlanding/Dock/Pier","Name":"Nakalaya","Municipali":"Jose Panganiban"}},{"type":"Feature","geometry":{"type":"Point","coordinates":[122.692654,14.2910819]},"properties":{"Category":"Infrastructure, Utilities, Transportation and Services (INF)","SubCategor":"Transportation: Port, Fishlanding/Dock/Pier","Name":"North Poblacion","Municipali":"Jose Panganiban"}},{"type":"Feature","geometry":{"type":"Point","coordinates":[122.677412,14.3143983]},"properties":{"Category":"Infrastructure, Utilities, Transportation and Services (INF)","SubCategor":"Transportation: Port, Fishlanding/Dock/Pier","Name":"Osmena Port","Municipali":"Jose Panganiban"}},{"type":"Feature","geometry":{"type":"Point","coordinates":[123.085567,13.9736532]},"properties":{"Category":"Infrastructure, Utilities, Transportation and Services (INF)","SubCategor":"Transportation: Port, Fishlanding/Dock/Pier","Name":"Pambuhan","Municipali":"Mercedes"}},{"type":"Feature","geometry":{"type":"Point","coordinates":[122.789992,14.2873995]},"properties":{"Category":"Infrastructure, Utilities, Transportation and Services (INF)","SubCategor":"Transportation: Port, Fishlanding/Dock/Pier","Name":"San Lorenzo","Municipali":"Paracale"}},{"type":"Feature","geometry":{"type":"Point","coordinates":[122.68896,14.2858237]},"properties":{"Category":"Infrastructure, Utilities, Transportation and Services (INF)","SubCategor":"Transportation: Port, Fishlanding/Dock/Pier","Name":"Parang","Municipali":"Jose Panganiban"}},{"type":"Feature","geometry":{"type":"Point","coordinates":[122.498045,14.3375094]},"properties":{"Category":"Infrastructure, Utilities, Transportation and Services (INF)","SubCategor":"Transportation: Port, Fishlanding/Dock/Pier","Name":"Poblacion","Municipali":"Capalonga"}},{"type":"Feature","geometry":{"type":"Point","coordinates":[122.495388,14.3367243]},"properties":{"Category":"Infrastructure, Utilities, Transportation and Services (INF)","SubCategor":"Transportation: Port, Fishlanding/Dock/Pier","Name":"Poblacion","Municipali":"Capalonga"}},{"type":"Feature","geometry":{"type":"Point","coordinates":[122.492071,14.3318779]},"properties":{"Category":"Infrastructure, Utilities, Transportation and Services (INF)","SubCategor":"Transportation: Port, Fishlanding/Dock/Pier","Name":"Poblacion","Municipali":"Capalonga"}},{"type":"Feature","geometry":{"type":"Point","coordinates":[122.376419,14.2166682]},"properties":{"Category":"Infrastructure, Utilities, Transportation and Services (INF)","SubCategor":"Transportation: Port, Fishlanding/Dock/Pier","Name":"Pulonguit guit","Municipali":"Sta. Elena"}},{"type":"Feature","geometry":{"type":"Point","coordinates":[122.373744,14.2169471]},"properties":{"Category":"Infrastructure, Utilities, Transportation and Services (INF)","SubCategor":"Transportation: Port, Fishlanding/Dock/Pier","Name":"Pulonguit guit","Municipali":"Sta. Elena"}},{"type":"Feature","geometry":{"type":"Point","coordinates":[122.631789,14.3103294]},"properties":{"Category":"Infrastructure, Utilities, Transportation and Services (INF)","SubCategor":"Transportation: Port, Fishlanding/Dock/Pier","Name":"Salvacion","Municipali":"Jose Panganiban"}},{"type":"Feature","geometry":{"type":"Point","coordinates":[122.627434,14.3066417]},"properties":{"Category":"Infrastructure, Utilities, Transportation and Services (INF)","SubCategor":"Transportation: Port, Fishlanding/Dock/Pier","Name":"Salvacion","Municipali":"Jose Panganiban"}},{"type":"Feature","geometry":{"type":"Point","coordinates":[122.532474,14.3368464]},"properties":{"Category":"Infrastructure, Utilities, Transportation and Services (INF)","SubCategor":"Transportation: Port, Fishlanding/Dock/Pier","Name":"San Isidro","Municipali":"Capalonga"}},{"type":"Feature","geometry":{"type":"Point","coordinates":[122.60428,14.3016011]},"properties":{"Category":"Infrastructure, Utilities, Transportation and Services (INF)","SubCategor":"Transportation: Port, Fishlanding/Dock/Pier","Name":"San Jose","Municipali":"Jose Panganiban"}},{"type":"Feature","geometry":{"type":"Point","coordinates":[122.960366,14.1599035]},"properties":{"Category":"Infrastructure, Utilities, Transportation and Services (INF)","SubCategor":"Transportation: Port, Fishlanding/Dock/Pier","Name":"San Jose","Municipali":"Talisay"}},{"type":"Feature","geometry":{"type":"Point","coordinates":[122.691375,14.2885071]},"properties":{"Category":"Infrastructure, Utilities, Transportation and Services (INF)","SubCategor":"Transportation: Port, Fishlanding/Dock/Pier","Name":"South Poblacion Port","Municipali":"Jose Panganiban"}},{"type":"Feature","geometry":{"type":"Point","coordinates":[122.917658,14.2164306]},"properties":{"Category":"Infrastructure, Utilities, Transportation and Services (INF)","SubCategor":"Transportation: Port, Fishlanding/Dock/Pier","Name":"Sula","Municipali":"Vinzons"}},{"type":"Feature","geometry":{"type":"Point","coordinates":[123.070363,14.0702663]},"properties":{"Category":"Infrastructure, Utilities, Transportation and Services (INF)","SubCategor":"Transportation: Port, Fishlanding/Dock/Pier","Name":"Quinapaguian","Municipali":"Mercedes"}},{"type":"Feature","geometry":{"type":"Point","coordinates":[122.80918,14.3983717]},"properties":{"Category":"Infrastructure, Utilities, Transportation and Services (INF)","SubCategor":"Transportation: Port, Fishlanding/Dock/Pier","Name":"Maculabo Island","Municipali":"Paracale"}},{"type":"Feature","geometry":{"type":"Point","coordinates":[122.933204,14.4936826]},"properties":{"Category":"Infrastructure, Utilities, Transportation and Services (INF)","SubCategor":"Transportation: Port, Fishlanding/Dock/Pier","Name":"Balagbag Landing Area","Municipali":"Vinzons"}},{"type":"Feature","geometry":{"type":"Point","coordinates":[122.931322,14.4949402]},"properties":{"Category":"Infrastructure, Utilities, Transportation and Services (INF)","SubCategor":"Transportation: Port, Fishlanding/Dock/Pier","Name":"Balagbag Landing Area 2","Municipali":"Vinzons"}},{"type":"Feature","geometry":{"type":"Point","coordinates":[122.953645,14.3749425]},"properties":{"Category":"Infrastructure, Utilities, Transportation and Services (INF)","SubCategor":"Transportation: Port, Fishlanding/Dock/Pier","Name":"Ingalan Landing Area","Municipali":"Vinzons"}},{"type":"Feature","geometry":{"type":"Point","coordinates":[122.997779,14.4314721]},"properties":{"Category":"Infrastructure, Utilities, Transportation and Services (INF)","SubCategor":"Transportation: Port, Fishlanding/Dock/Pier","Name":"Huag Landing Area","Municipali":"Vinzons"}},{"type":"Feature","geometry":{"type":"Point","coordinates":[122.991612,14.4468944]},"properties":{"Category":"Infrastructure, Utilities, Transportation and Services (INF)","SubCategor":"Transportation: Port, Fishlanding/Dock/Pier","Name":"Siapa Landing Area","Municipali":"Vinzons"}},{"type":"Feature","geometry":{"type":"Point","coordinates":[122.906257,14.4494653]},"properties":{"Category":"Infrastructure, Utilities, Transportation and Services (INF)","SubCategor":"Transportation: Port, Fishlanding/Dock/Pier","Name":"Ephire Resort","Municipali":"Vinzons"}},{"type":"Feature","geometry":{"type":"Point","coordinates":[122.927286,14.4183526]},"properties":{"Category":"Infrastructure, Utilities, Transportation and Services (INF)","SubCategor":"Transportation: Port, Fishlanding/Dock/Pier","Name":"Comlasag","Municipali":"Vinzons"}},{"type":"Feature","geometry":{"type":"Point","coordinates":[122.988244,14.4300883]},"properties":{"Category":"Infrastructure, Utilities, Transportation and Services (INF)","SubCategor":"Transportation: Port, Fishlanding/Dock/Pier","Name":"Macalanot Landing Area","Municipali":"Vinzons"}},{"type":"Feature","geometry":{"type":"Point","coordinates":[122.97111,14.4519084]},"properties":{"Category":"Infrastructure, Utilities, Transportation and Services (INF)","SubCategor":"Transportation: Port, Fishlanding/Dock/Pier","Name":"Cagbolisay Landing Area","Municipali":"Vinzons"}},{"type":"Feature","geometry":{"type":"Point","coordinates":[122.919405,14.2014879]},"properties":{"Category":"Infrastructure, Utilities, Transportation and Services (INF)","SubCategor":"Transportation: Port, Fishlanding/Dock/Pier","Name":"Quinamuca Landing Area","Municipali":"Vinzons"}},{"type":"Feature","geometry":{"type":"Point","coordinates":[123.065487,14.1054462]},"properties":{"Category":"Infrastructure, Utilities, Transportation and Services (INF)","SubCategor":"Transportation: Port, Fishlanding/Dock/Pier","Name":"Canimog Landing Area","Municipali":"Mercedes"}},{"type":"Feature","geometry":{"type":"Point","coordinates":[123.089997,14.0886772]},"properties":{"Category":"Infrastructure, Utilities, Transportation and Services (INF)","SubCategor":"Transportation: Port, Fishlanding/Dock/Pier","Name":"Apuao Landing Area","Municipali":"Mercedes"}},{"type":"Feature","geometry":{"type":"Point","coordinates":[122.586566,14.3288926]},"properties":{"Category":"Infrastructure, Utilities, Transportation and Services (INF)","SubCategor":"Transportation: Port, Fishlanding/Dock/Pier","Name":"Fermo Landing Area","Municipali":"Jose Panganiban"}},{"type":"Feature","geometry":{"type":"Point","coordinates":[122.606722,14.3468168]},"properties":{"Category":"Infrastructure, Utilities, Transportation and Services (INF)","SubCategor":"Transportation: Port, Fishlanding/Dock/Pier","Name":"Caleleuag Landing Area","Municipali":"Jose Panganiban"}},{"type":"Feature","geometry":{"type":"Point","coordinates":[122.668771,14.4114566]},"properties":{"Category":"Infrastructure, Utilities, Transportation and Services (INF)","SubCategor":"Transportation: Port, Fishlanding/Dock/Pier","Name":"Tailon Landing Area","Municipali":"Jose Panganiban"}},{"type":"Feature","geometry":{"type":"Point","coordinates":[122.831079,14.48048]},"properties":{"Category":"Infrastructure, Utilities, Transportation and Services (INF)","SubCategor":"Transportation: Port, Fishlanding/Dock/Pier","Name":"Samur Landing Area","Municipali":"Paracale"}},{"type":"Feature","geometry":{"type":"Point","coordinates":[122.904247,14.4960282]},"properties":{"Category":"Infrastructure, Utilities, Transportation and Services (INF)","SubCategor":"Transportation: Port, Fishlanding/Dock/Pier","Name":"Puacuapan Landing Area","Municipali":"Vinzons"}},{"type":"Feature","geometry":{"type":"Point","coordinates":[122.641244,14.3499183]},"properties":{"Category":"Infrastructure, Utilities, Transportation and Services (INF)","SubCategor":"Transportation: Port, Fishlanding/Dock/Pier","Name":"Tabusao Landing Area","Municipali":"Jose Panganiban"}},{"type":"Feature","geometry":{"type":"Point","coordinates":[122.446854,14.3394104]},"properties":{"Category":"Infrastructure, Utilities, Transportation and Services (INF)","SubCategor":"Transportation: Port, Fishlanding/Dock/Pier","Name":"Jualo Landing Area","Municipali":"Capalonga"}},{"type":"Feature","geometry":{"type":"Point","coordinates":[122.898859,14.2246376]},"properties":{"Category":"Infrastructure, Utilities, Transportation and Services (INF)","SubCategor":"Transportation: Port, Fishlanding/Dock/Pier","Name":"Sabang Fish Landing","Municipali":"Vinzons"}},{"type":"Feature","geometry":{"type":"Point","coordinates":[123.089541,14.0547331]},"properties":{"Category":"Infrastructure, Utilities, Transportation and Services (INF)","SubCategor":"Transportation: Port, Fishlanding/Dock/Pier","Name":"Malasgqui Landing Area","Municipali":"Mercedes"}},{"type":"Feature","geometry":{"type":"Point","coordinates":[122.919029,14.1924986]},"properties":{"Category":"Infrastructure, Utilities, Transportation and Services (INF)","SubCategor":"Transportation: Port, Fishlanding/Dock/Pier","Name":"Port Long Pond","Municipali":"Vinzons"}},{"type":"Feature","geometry":{"type":"Point","coordinates":[122.908319,14.1837277]},"properties":{"Category":"Infrastructure, Utilities, Transportation and Services (INF)","SubCategor":"Transportation: Port, Fishlanding/Dock/Pier","Name":"Vinzons Calaguas Port","Municipali":"Vinzons"}},{"type":"Feature","geometry":{"type":"Point","coordinates":[122.67763,14.2900238]},"properties":{"Category":"Infrastructure, Utilities, Transportation and Services (INF)","SubCategor":"Transportation: Port, Fishlanding/Dock/Pier","Name":"Calero","Municipali":"Jose Panganiban"}},{"type":"Feature","geometry":{"type":"Point","coordinates":[122.382059,14.2208141]},"properties":{"Category":"Infrastructure, Utilities, Transportation and Services (INF)","SubCategor":"Transportation: Port, Fishlanding/Dock/Pier","Name":"San Lorenzo","Municipali":"Sta. Elena"}},{"type":"Feature","geometry":{"type":"Point","coordinates":[122.873278,14.2533727]},"properties":{"Category":"Infrastructure, Utilities, Transportation and Services (INF)","SubCategor":"Transportation: Port, Fishlanding/Dock/Pier","Name":"Aguit-it Fish Landing","Municipali":"Vinzons"}},{"type":"Feature","geometry":{"type":"Point","coordinates":[123.057569,13.8509973]},"properties":{"Category":"Infrastructure, Utilities, Transportation and Services (INF)","SubCategor":"Transportation: Terminal, PUV/Bus","Name":"Lanot Pick-up and Drop-off Point","Municipali":"Mercedes"}},{"type":"Feature","geometry":{"type":"Point","coordinates":[122.626409,14.1758447]},"properties":{"Category":"Infrastructure, Utilities, Transportation and Services (INF)","SubCategor":"Transportation: Terminal, PUV/Bus","Name":"Bagong Silang Pick-up and Drop-off Point","Municipali":"Labo"}},{"type":"Feature","geometry":{"type":"Point","coordinates":[123.083994,13.9745761]},"properties":{"Category":"Infrastructure, Utilities, Transportation and Services (INF)","SubCategor":"Transportation: Terminal, PUV/Bus","Name":"Barana Pick-up and Drop-off Point","Municipali":"Mercedes"}},{"type":"Feature","geometry":{"type":"Point","coordinates":[122.962761,14.069071]},"properties":{"Category":"Infrastructure, Utilities, Transportation and Services (INF)","SubCategor":"Transportation: Terminal, PUV/Bus","Name":"Basud Drop-off - Pick-up Point","Municipali":"Basud"}},{"type":"Feature","geometry":{"type":"Point","coordinates":[122.742852,14.2358567]},"properties":{"Category":"Infrastructure, Utilities, Transportation and Services (INF)","SubCategor":"Transportation: Terminal, PUV/Bus","Name":"Batobalani Pick-up and Drop-off Site","Municipali":"Paracale"}},{"type":"Feature","geometry":{"type":"Point","coordinates":[122.950633,14.1056454]},"properties":{"Category":"Infrastructure, Utilities, Transportation and Services (INF)","SubCategor":"Transportation: Terminal, PUV/Bus","Name":"Camambugan Terminal","Municipali":"Daet"}},{"type":"Feature","geometry":{"type":"Point","coordinates":[122.50162,14.3286766]},"properties":{"Category":"Infrastructure, Utilities, Transportation and Services (INF)","SubCategor":"Transportation: Terminal, PUV/Bus","Name":"Capalonga Bus Terminal","Municipali":"Capalonga"}},{"type":"Feature","geometry":{"type":"Point","coordinates":[122.495894,14.3293614]},"properties":{"Category":"Infrastructure, Utilities, Transportation and Services (INF)","SubCategor":"Transportation: Terminal, PUV/Bus","Name":"Capalonga Van and Jeepney Terminal","Municipali":"Capalonga"}},{"type":"Feature","geometry":{"type":"Point","coordinates":[123.080029,13.9475935]},"properties":{"Category":"Infrastructure, Utilities, Transportation and Services (INF)","SubCategor":"Transportation: Terminal, PUV/Bus","Name":"Colasi Pick-up and Drop-off Point","Municipali":"Mercedes"}},{"type":"Feature","geometry":{"type":"Point","coordinates":[122.955953,14.1180621]},"properties":{"Category":"Infrastructure, Utilities, Transportation and Services (INF)","SubCategor":"Transportation: Terminal, PUV/Bus","Name":"Daculang Bolo Terminal","Municipali":"Daet"}},{"type":"Feature","geometry":{"type":"Point","coordinates":[122.947201,14.1091685]},"properties":{"Category":"Infrastructure, Utilities, Transportation and Services (INF)","SubCategor":"Transportation: Terminal, PUV/Bus","Name":"Daet Bus Terminal","Municipali":"Daet"}},{"type":"Feature","geometry":{"type":"Point","coordinates":[122.945192,14.1226581]},"properties":{"Category":"Infrastructure, Utilities, Transportation and Services (INF)","SubCategor":"Transportation: Terminal, PUV/Bus","Name":"Gahonon Terminal","Municipali":"Daet"}},{"type":"Feature","geometry":{"type":"Point","coordinates":[122.695118,14.2870437]},"properties":{"Category":"Infrastructure, Utilities, Transportation and Services (INF)","SubCategor":"Transportation: Terminal, PUV/Bus","Name":"Jose Panganiban Terminal","Municipali":"Jose Panganiban"}},{"type":"Feature","geometry":{"type":"Point","coordinates":[122.826789,14.1586606]},"properties":{"Category":"Infrastructure, Utilities, Transportation and Services (INF)","SubCategor":"Transportation: Terminal, PUV/Bus","Name":"Labo Central Terminal","Municipali":"Labo"}},{"type":"Feature","geometry":{"type":"Point","coordinates":[122.946018,14.1183161]},"properties":{"Category":"Infrastructure, Utilities, Transportation and Services (INF)","SubCategor":"Transportation: Terminal, PUV/Bus","Name":"Lag-On Terminal","Municipali":"Daet"}},{"type":"Feature","geometry":{"type":"Point","coordinates":[123.011081,14.1089153]},"properties":{"Category":"Infrastructure, Utilities, Transportation and Services (INF)","SubCategor":"Transportation: Terminal, PUV/Bus","Name":"Mercedes Pick-up and Drop-off Point","Municipali":"Mercedes"}},{"type":"Feature","geometry":{"type":"Point","coordinates":[123.06248,13.9905776]},"properties":{"Category":"Infrastructure, Utilities, Transportation and Services (INF)","SubCategor":"Transportation: Terminal, PUV/Bus","Name":"Pambuhan Pick-up and Drop-Off Point","Municipali":"Mercedes"}},{"type":"Feature","geometry":{"type":"Point","coordinates":[122.783156,14.2733289]},"properties":{"Category":"Infrastructure, Utilities, Transportation and Services (INF)","SubCategor":"Transportation: Terminal, PUV/Bus","Name":"Paracale Terminal","Municipali":"Paracale"}},{"type":"Feature","geometry":{"type":"Point","coordinates":[122.785686,14.2772283]},"properties":{"Category":"Infrastructure, Utilities, Transportation and Services (INF)","SubCategor":"Transportation: Terminal, PUV/Bus","Name":"Paracale Van Terminal","Municipali":"Paracale"}},{"type":"Feature","geometry":{"type":"Point","coordinates":[122.862459,14.0352789]},"properties":{"Category":"Infrastructure, Utilities, Transportation and Services (INF)","SubCategor":"Transportation: Terminal, PUV/Bus","Name":"San Lorenzo Ruiz Pick-Up and Drop-off Point","Municipali":"San Lorenzo Ruiz"}},{"type":"Feature","geometry":{"type":"Point","coordinates":[122.87383,14.1068447]},"properties":{"Category":"Infrastructure, Utilities, Transportation and Services (INF)","SubCategor":"Transportation: Terminal, PUV/Bus","Name":"San Vicente Pick-up and Drop Off Point","Municipali":"San Vicente"}},{"type":"Feature","geometry":{"type":"Point","coordinates":[122.394075,14.1823769]},"properties":{"Category":"Infrastructure, Utilities, Transportation and Services (INF)","SubCategor":"Transportation: Terminal, PUV/Bus","Name":"Sta. Elena Bus Terminal","Municipali":"Sta. Elena"}},{"type":"Feature","geometry":{"type":"Point","coordinates":[122.394107,14.1833462]},"properties":{"Category":"Infrastructure, Utilities, Transportation and Services (INF)","SubCategor":"Transportation: Terminal, PUV/Bus","Name":"Sta. Elena Bus Terminal","Municipali":"Sta. Elena"}},{"type":"Feature","geometry":{"type":"Point","coordinates":[122.394096,14.1845693]},"properties":{"Category":"Infrastructure, Utilities, Transportation and Services (INF)","SubCategor":"Transportation: Terminal, PUV/Bus","Name":"Sta. Elena Drop-off and Pick-up Point","Municipali":"Sta. Elena"}},{"type":"Feature","geometry":{"type":"Point","coordinates":[122.393311,14.185403]},"properties":{"Category":"Infrastructure, Utilities, Transportation and Services (INF)","SubCategor":"Transportation: Terminal, PUV/Bus","Name":"Sta. Elena Terminal","Municipali":"Sta. Elena"}},{"type":"Feature","geometry":{"type":"Point","coordinates":[122.923512,14.1363675]},"properties":{"Category":"Infrastructure, Utilities, Transportation and Services (INF)","SubCategor":"Transportation: Terminal, PUV/Bus","Name":"Talisay Pick-Up and Drop-Off Point","Municipali":"Talisay"}},{"type":"Feature","geometry":{"type":"Point","coordinates":[122.784169,14.1826831]},"properties":{"Category":"Infrastructure, Utilities, Transportation and Services (INF)","SubCategor":"Transportation: Terminal, PUV/Bus","Name":"Talobatib Pick-up and Drop-off Point","Municipali":"Labo"}},{"type":"Feature","geometry":{"type":"Point","coordinates":[122.907584,14.1741556]},"properties":{"Category":"Infrastructure, Utilities, Transportation and Services (INF)","SubCategor":"Transportation: Terminal, PUV/Bus","Name":"Vinzons Terminal","Municipali":"Vinzons"}},{"type":"Feature","geometry":{"type":"Point","coordinates":[122.849885,14.0082809]},"properties":{"Category":"Infrastructure, Utilities, Transportation and Services (INF)","SubCategor":"Transportation: Terminal, PUV/Bus","Name":"San Isidr","Municipali":"San Lorenzo Ruiz"}},{"type":"Feature","geometry":{"type":"Point","coordinates":[122.855489,13.9931385]},"properties":{"Category":"Infrastructure, Utilities, Transportation and Services (INF)","SubCategor":"Transportation: Terminal, PUV/Bus","Name":"San Isidro II","Municipali":"San Lorenzo Ruiz"}},{"type":"Feature","geometry":{"type":"Point","coordinates":[122.929819,14.0133771]},"properties":{"Category":"Infrastructure, Utilities, Transportation and Services (INF)","SubCategor":"Transportation: Terminal, PUV/Bus","Name":"San Filipe","Municipali":"Basud"}},{"type":"Feature","geometry":{"type":"Point","coordinates":[122.947719,13.9651112]},"properties":{"Category":"Infrastructure, Utilities, Transportation and Services (INF)","SubCategor":"Transportation: Terminal, PUV/Bus","Name":"Alanao","Municipali":"Basud"}},{"type":"Feature","geometry":{"type":"Point","coordinates":[122.785305,14.0936365]},"properties":{"Category":"Infrastructure, Utilities, Transportation and Services (INF)","SubCategor":"Transportation: Terminal, PUV/Bus","Name":"Tulay Na Lupa","Municipali":"Labo"}}]}