{"type":"FeatureCollection","features":[{"type":"Feature","properties":{"Liq_Class":"Generally Susceptible"},"geometry":{"type":"MultiPolygon","coordinates":[[[[122.3088074,14.069419899999998],[122.30782320000002,14.0686903],[122.30683130000001,14.0691996],[122.304863,14.068079999999998],[122.30324099999999,14.068061099999998],[122.3032713,14.0671706],[122.30332080000001,14.0670153],[122.30349299999999,14.0667825],[122.30357280000001,14.066728900000001],[122.30368980000001,14.066549799999997],[122.3037094,14.0661312],[122.30374049999999,14.065999699999999],[122.30380199999999,14.0659042],[122.30419190000002,14.0655331],[122.3044469,14.065373800000001],[122.304539,14.065284299999998],[122.3046438,14.065075299999998],[122.3046203,14.0647642],[122.3047026,14.064601399999999],[122.30487819999999,14.064561599999998],[122.30503740000002,14.064579999999994],[122.30517189999999,14.0646701],[122.305257,14.0648857],[122.3053485,14.065023499999999],[122.30546470000002,14.065101599999997],[122.3055626,14.065137799999999],[122.30571580000002,14.0651382],[122.3059119,14.065096899999999],[122.30599670000001,14.065127499999997],[122.3060149,14.065236299999999],[122.30599489999999,14.0654983],[122.3060434,14.065641899999996],[122.30613130000002,14.0657666],[122.30631710000002,14.0658915],[122.3066308,14.0659116],[122.3067877,14.065883300000001],[122.3069843,14.065702099999998],[122.30733780000001,14.065502099999998],[122.3074457,14.065454600000002],[122.30761239999998,14.065455099999998],[122.30765150000002,14.065474299999998],[122.30765130000002,14.065531699999998],[122.30754279999998,14.065780199999999],[122.3075425,14.065866300000001],[122.30759120000002,14.0659622],[122.30772809999999,14.0660678],[122.30807080000001,14.066193199999999],[122.308463,14.0661656],[122.3086004,14.066118199999996],[122.3087774,14.0659273],[122.30889520000001,14.0658606],[122.30949349999999,14.0657667],[122.3095917,14.065699999999998],[122.30981809999999,14.0653848],[122.3098872,14.065212799999998],[122.30995759999999,14.0646919],[122.31001669999999,14.0645241],[122.3101345,14.0644766],[122.31038690000001,14.0645498],[122.3105551,14.0647553],[122.31118110000001,14.065206900000003],[122.3114654,14.065188599999995],[122.3116325,14.065035899999996],[122.3117901,14.064787599999997],[122.31186910000001,14.064586799999999],[122.3120168,14.064376699999999],[122.31257340000002,14.0639241],[122.3127627,14.063720500000002],[122.313072,14.063549099999998],[122.31319699999999,14.063549499999997],[122.3133144,14.063614399999995],[122.3133501,14.0639805],[122.3134099,14.064082499999998],[122.3135105,14.064135599999997],[122.3136054,14.0641288],[122.3137273,14.0640639],[122.314248,14.063631400000002],[122.3143143,14.063602899999996],[122.31459350000002,14.0636468],[122.31485730000001,14.063956099999999],[122.3150186,14.0641001],[122.31515070000002,14.0641507],[122.31530520000001,14.0641368],[122.31550140000002,14.064041700000002],[122.31557709999998,14.063899899999997],[122.3155541,14.0637914],[122.315527,14.063721199999998],[122.3152521,14.063412599999996],[122.3151529,14.063227099999997],[122.3150954,14.062980700000004],[122.3151858,14.0622417],[122.31525999999998,14.0620266],[122.3153707,14.061869099999997],[122.3155033,14.061776099999994],[122.31589320000002,14.061712599999998],[122.31607000000001,14.0615696],[122.31620980000001,14.0615269],[122.3165217,14.0615393],[122.31714370000002,14.0613527],[122.31736010000002,14.0612133],[122.3176108,14.0609418],[122.3178072,14.060810799999999],[122.3179788,14.060787299999996],[122.3181502,14.0608357],[122.3182358,14.0608957],[122.3183045,14.061011400000003],[122.318321,14.0611095],[122.31824909999999,14.061709499999997],[122.31829670000002,14.0620301],[122.31845420000002,14.062441899999998],[122.31862230000002,14.062626800000002],[122.3187986,14.062706299999999],[122.3190635,14.0627641],[122.319149,14.062847999999999],[122.3192706,14.063159399999998],[122.3193438,14.0632553],[122.3195028,14.063351400000004],[122.31958830000002,14.0634474],[122.3196247,14.063578999999999],[122.3196242,14.0637465],[122.3195385,14.063981399999996],[122.31874910000002,14.064016700000002],[122.31860100000002,14.0654883],[122.31833820000001,14.0652602],[122.3182114,14.065058899999999],[122.31791810000001,14.064771000000002],[122.3171832,14.064701899999998],[122.31694820000001,14.064624699999998],[122.31671290000001,14.064623999999998],[122.3165166,14.064709600000002],[122.31612280000002,14.0652731],[122.3157989,14.0654444],[122.315605,14.0654812],[122.3152091,14.064917],[122.3140494,14.065507399999998],[122.31402050000001,14.0666903],[122.31379520000002,14.066778399999999],[122.31364789999999,14.0668737],[122.31345110000001,14.067112399999996],[122.3133624,14.067274799999998],[122.31334220000001,14.0674948],[122.31336769999999,14.067774599999996],[122.31222880000001,14.067904600000002],[122.31220510000001,14.067995200000002],[122.3120282,14.0676442],[122.3119109,14.0675386],[122.31178359999998,14.067509499999998],[122.3114108,14.0676042],[122.31120450000002,14.067737500000002],[122.310964,14.068030199999999],[122.31012719999998,14.06814],[122.3088074,14.069419899999998]]],[[[122.3002708,14.086828099999998],[122.3002708,14.087238199999998],[122.30047680000001,14.087588299999998],[122.3003023,14.0874777],[122.30019969999998,14.087369699999998],[122.3001266,14.087218799999999],[122.3000254,14.086665899999996],[122.2998215,14.086004999999998],[122.2996093,14.085695799999998],[122.2995878,14.085492000000002],[122.29961940000001,14.0851095],[122.2995379,14.084977900000002],[122.29950890000002,14.084848600000003],[122.2995242,14.084669199999999],[122.2996204,14.0844398],[122.29977690000001,14.0829646],[122.2998508,14.082845199999996],[122.2999196,14.082797099999997],[122.3000909,14.082731999999998],[122.3002556,14.082708799999999],[122.300366,14.0826493],[122.30054760000002,14.082447299999997],[122.3006504,14.082124],[122.3006513,14.081830799999999],[122.30060319999998,14.0816102],[122.3003945,14.081147999999995],[122.30021610000001,14.080988399999999],[122.30002830000001,14.0809891],[122.2996291,14.081103300000002],[122.2993053,14.0812731],[122.29915729999999,14.081287],[122.29890410000002,14.081236799999996],[122.29864730000001,14.081098399999998],[122.2980095,14.0806724],[122.29785049999998,14.0806002],[122.2976238,14.0806055],[122.29707750000001,14.080926899999998],[122.2969785,14.0812436],[122.29698390000001,14.0814948],[122.29686660000002,14.081767999999997],[122.29619150000002,14.079993799999999],[122.2943922,14.074147199999999],[122.2946707,14.074099499999997],[122.2949868,14.074114799999998],[122.2953325,14.0740512],[122.29552400000001,14.0739297],[122.2957305,14.073743700000001],[122.2960912,14.073594099999996],[122.2962754,14.0734439],[122.29637430000001,14.073231],[122.29636460000002,14.0731427],[122.2962669,14.073046800000004],[122.2961149,14.073034299999998],[122.2959529,14.073134299999996],[122.29546019999998,14.073161599999999],[122.29504069999999,14.073311099999996],[122.2946217,14.0733027],[122.29433540000001,14.073165499999998],[122.29408810000001,14.072898199999996],[122.29403529999999,14.0725013],[122.29407360000002,14.072462499999997],[122.29421080000002,14.0724364],[122.29434490000001,14.072462199999999],[122.29454350000002,14.0724269],[122.294905,14.0722899],[122.2949781,14.0721482],[122.29496380000002,14.072033399999997],[122.2946997,14.071838799999998],[122.29467050000001,14.071774099999997],[122.29470010000001,14.0716881],[122.2948769,14.0716025],[122.2950166,14.071595699999998],[122.2951491,14.071517200000002],[122.29527470000001,14.071485600000003],[122.2953673,14.071509899999999],[122.2955317,14.071611599999999],[122.29563860000002,14.0716119],[122.2957446,14.071540399999998],[122.2960547,14.0710892],[122.2962017,14.071103999999997],[122.29626030000001,14.0711759],[122.29625210000002,14.0714558],[122.2961782,14.0715848],[122.2961378,14.0717542],[122.2961921,14.071843199999998],[122.29633170000001,14.071872299999997],[122.29647150000001,14.071829600000001],[122.2965379,14.071750899999998],[122.2965181,14.071025999999996],[122.2967093,14.070997799999999],[122.29679039999999,14.0709406],[122.29686429999998,14.0708117],[122.29682499999998,14.070673699999999],[122.2967299,14.070529899999999],[122.2967228,14.070436599999997],[122.29678980000001,14.070156899999997],[122.2967756,14.069991799999999],[122.29669500000001,14.069912599999999],[122.2965626,14.0699194],[122.2964738,14.070105699999996],[122.2963195,14.0700981],[122.2962535,14.0700261],[122.2961434,14.0699756],[122.2960183,14.0700039],[122.29582679999999,14.0701397],[122.2956798,14.0701249],[122.2955697,14.07006],[122.2955186,14.069937899999998],[122.29551920000002,14.0697369],[122.29543160000001,14.069550100000003],[122.29527019999999,14.0694491],[122.2951011,14.0694414],[122.2947774,14.0694979],[122.29462639999998,14.0694661],[122.2950819,14.068731200000002],[122.29560950000001,14.067999899999998],[122.2959427,14.067627],[122.29652780000002,14.067081400000001],[122.29688039999999,14.066820999999994],[122.29745290000001,14.066457600000001],[122.29745850000002,14.0666406],[122.29757700000002,14.066713699999998],[122.29767220000001,14.0667113],[122.2979438,14.0666062],[122.2980468,14.066606499999997],[122.29814980000002,14.066563699999998],[122.2982163,14.0664634],[122.29823869999998,14.0663271],[122.2982979,14.066205299999996],[122.2985486,14.065983799999998],[122.299042,14.065869599999996],[122.2990485,14.065963399999996],[122.29901149999999,14.0660638],[122.29889360000001,14.066142400000002],[122.2988785,14.0662859],[122.29902509999998,14.066429899999997],[122.2992382,14.0664449],[122.2992896,14.066488099999999],[122.2993407,14.066581499999998],[122.2994011,14.067055799999997],[122.29938110000002,14.067109399999998],[122.29922630000002,14.0672674],[122.29914620000001,14.0674167],[122.299054,14.067512099999997],[122.2989804,14.0675358],[122.2989376,14.067517700000002],[122.298895,14.067415899999999],[122.2988832,14.067266399999996],[122.2988101,14.0671406],[122.2986029,14.0671318],[122.29848520000002,14.067199399999996],[122.2984419,14.067342899999998],[122.2984228,14.067576100000002],[122.2984408,14.067713700000002],[122.2985872,14.0678995],[122.2986114,14.0680132],[122.29856800000002,14.068186499999996],[122.29859210000001,14.068306200000002],[122.29888550000001,14.0685343],[122.29893410000001,14.068684],[122.2990194,14.0688218],[122.29914169999999,14.068917800000001],[122.29930700000001,14.068930299999998],[122.29950929999998,14.068888999999999],[122.29957079999998,14.068823399999998],[122.29959590000001,14.068632099999997],[122.2995595,14.0684944],[122.2992729,14.068050999999997],[122.299261,14.067949299999999],[122.299292,14.067835799999997],[122.299427,14.067752399999998],[122.2996846,14.067657499999997],[122.2999017,14.067431699999998],[122.3000653,14.067365499999998],[122.3002553,14.0673601],[122.30035960000001,14.067300599999998],[122.30050749999998,14.0670319],[122.3006547,14.0669665],[122.3008383,14.0670209],[122.3009542,14.067182700000002],[122.30095390000001,14.067308299999999],[122.30090410000001,14.067565299999996],[122.3008903,14.0680677],[122.30079160000001,14.0682946],[122.30079729999999,14.0684203],[122.30085220000001,14.0684982],[122.3010111,14.0686242],[122.30104150000001,14.068707999999997],[122.300998,14.0689172],[122.3009426,14.069000799999998],[122.3008382,14.0690842],[122.3007033,14.0691317],[122.3005748,14.0692553],[122.300457,14.0695138],[122.30048100000002,14.069687299999998],[122.30057860000001,14.069831099999998],[122.3007131,14.069921199999998],[122.3009151,14.069981600000002],[122.3010989,14.069970199999998],[122.3013198,14.069869100000002],[122.3014242,14.0697857],[122.30150419999998,14.069660299999999],[122.30154130000001,14.0695408],[122.3015438,14.069348399999997],[122.30160379999998,14.069152299999999],[122.3017329,14.068997099999999],[122.30196020000001,14.0688064],[122.30219329999998,14.0687054],[122.30276399999998,14.068378099999999],[122.30310380000002,14.0681254],[122.3014908,14.0711498],[122.2994995,14.070170399999999],[122.29929350000002,14.076049799999998],[122.29943970000001,14.076457899999998],[122.2991619,14.076911599999999],[122.29903319999998,14.0773036],[122.2989546,14.077379899999997],[122.2988659,14.077532799999997],[122.298747,14.0779439],[122.298678,14.0780586],[122.2983453,14.0783223],[122.2983044,14.078421099999998],[122.29829329999998,14.0788517],[122.29834090000001,14.0793016],[122.2983894,14.079474],[122.2986531,14.079809699999998],[122.298927,14.080001799999998],[122.29907350000002,14.080174499999998],[122.2992007,14.0802419],[122.2992988,14.0802326],[122.30006460000001,14.079832900000001],[122.30018280000002,14.079670599999998],[122.3001832,14.0795366],[122.30009529999998,14.0794024],[122.2995275,14.079180600000003],[122.2994103,14.079027200000002],[122.29937149999999,14.078902699999997],[122.2991272,14.0786436],[122.2990497,14.078337099999999],[122.2989814,14.078222100000001],[122.2990114,14.078049999999998],[122.2991389,14.078002500000002],[122.2993444,14.0781179],[122.2994718,14.0781374],[122.2996092,14.0780804],[122.2998719,14.0777339],[122.3016365,14.082718500000004],[122.30104140000002,14.082718499999999],[122.3007591,14.082788099999998],[122.30061420000001,14.083198199999998],[122.30061420000001,14.084018400000001],[122.3006904,14.0841586],[122.3009651,14.084428500000001],[122.30104140000002,14.0850485],[122.3008964,14.085668399999998],[122.3009651,14.086078499999998],[122.3007591,14.086417999999995],[122.3004082,14.086417999999997],[122.3002708,14.086828099999998]],[[122.2977603,14.076840599999999],[122.2977266,14.077135500000002],[122.2978179,14.0772331],[122.29803250000002,14.077597299999999],[122.29815970000001,14.077674300000002],[122.2983165,14.077674699999998],[122.29845440000001,14.077474199999997],[122.2984942,14.077273299999996],[122.29849460000001,14.077129799999998],[122.29845580000001,14.076986100000001],[122.2982016,14.076793999999998],[122.2979958,14.076774299999999],[122.2977603,14.076840599999999]],[[122.2967581,14.074580499999998],[122.296582,14.074686099999996],[122.2965143,14.074787599999999],[122.29650770000002,14.0749252],[122.2965865,14.0751217],[122.29675200000001,14.075188999999998],[122.2968929,14.0751775],[122.2970034,14.07513],[122.2972246,14.0748914],[122.29731100000001,14.074853],[122.29754949999999,14.0748504],[122.2978248,14.074988799999996],[122.2979958,14.0750359],[122.29826590000002,14.0749961],[122.2983459,14.0748707],[122.2983531,14.074499899999996],[122.2984954,14.074069699999999],[122.29852670000001,14.073848499999999],[122.2985458,14.073615299999998],[122.29852180000002,14.073447799999999],[122.29844260000002,14.073292],[122.2983509,14.073231999999999],[122.2981947,14.0731959],[122.29789149999999,14.0732067],[122.2977626,14.0732721],[122.2976949,14.073367600000001],[122.2976639,14.073493099999999],[122.29765030000002,14.073923700000002],[122.29762540000002,14.074067199999998],[122.2975575,14.074222499999998],[122.2973915,14.0744194],[122.29725640000001,14.074520599999998],[122.2971092,14.07458],[122.2967581,14.074580499999998]],[[122.29621409999999,14.0675593],[122.29612790000002,14.0677026],[122.2960845,14.067875900000002],[122.2960963,14.068019399999997],[122.2961818,14.068127399999998],[122.2964081,14.068241599999997],[122.2964447,14.068289599999998],[122.29640130000001,14.068462899999998],[122.29643450000002,14.0685236],[122.29671960000002,14.068535599999999],[122.29689140000002,14.0684763],[122.2971063,14.0682975],[122.2971252,14.068147999999999],[122.2970765,14.0680283],[122.29685020000001,14.067913999999998],[122.29674630000001,14.067817999999999],[122.2966247,14.0675425],[122.29655129999999,14.067482500000002],[122.29638590000002,14.067481999999996],[122.29621409999999,14.0675593]]],[[[122.30445930000002,14.0993393],[122.3033302,14.099279200000002],[122.3031013,14.099142299999999],[122.3024073,14.095933699999998],[122.3023626,14.095289400000002],[122.3024251,14.0943866],[122.3021371,14.094252499999998],[122.30219419999999,14.094197],[122.3023807,14.094121],[122.30266490000001,14.0941697],[122.3029387,14.094400100000001],[122.3030704,14.0944675],[122.3031836,14.0944678],[122.3033602,14.094410899999996],[122.3035272,14.094286999999994],[122.30360610000001,14.094143699999998],[122.30362620000001,14.0939906],[122.3035909,14.0938511],[122.3034788,14.093659099999998],[122.3034019,14.0935977],[122.30330430000001,14.0934538],[122.3032463,14.0931857],[122.3032762,14.093013599999999],[122.3034218,14.092921499999997],[122.3039297,14.092872],[122.30404170000001,14.0927383],[122.30406189999998,14.0925374],[122.30397450000001,14.0922692],[122.3037508,14.092014599999999],[122.3031376,14.091913300000005],[122.30272019999998,14.091675100000002],[122.3021553,14.091782499999999],[122.30200270000002,14.091927599999998],[122.30195570000001,14.092033699999995],[122.3020035,14.092426199999998],[122.301954,14.0925887],[122.30183600000001,14.092731899999997],[122.30155090000001,14.0929703],[122.30154919999998,14.0931267],[122.3016699,14.093288399999999],[122.30172940000001,14.093430599999998],[122.30171260000002,14.0935798],[122.30159739999999,14.093793399999997],[122.3015369,14.093977200000003],[122.3011166,14.0937628],[122.3003225,14.093276999999999],[122.2999477,14.0929964],[122.2995606,14.092634599999998],[122.29963250000002,14.0924674],[122.299633,14.092309499999999],[122.2995018,14.0919255],[122.2993629,14.091666700000001],[122.2992754,14.0914224],[122.2992685,14.091285999999998],[122.2993276,14.0911929],[122.29957100000001,14.090956800000003],[122.29958600000002,14.090834799999996],[122.2994323,14.090619100000001],[122.2994179,14.0905185],[122.29952960000001,14.090304799999998],[122.2996534,14.090249299999998],[122.29992609999998,14.090225799999997],[122.30033039999999,14.090248500000001],[122.30046570000002,14.090108400000002],[122.3004638,14.089925899999999],[122.300398,14.0897822],[122.3004353,14.089602799999998],[122.30053120000001,14.089517],[122.3005682,14.089416599999998],[122.30053920000002,14.089280199999997],[122.30034870000001,14.089093],[122.30029530000002,14.088980499999996],[122.30029059999998,14.0888417],[122.300453,14.0886412],[122.30054859999998,14.088612799999998],[122.3008762,14.0886247],[122.3009531,14.088578],[122.3010978,14.088175699999999],[122.3009402,14.0879967],[122.30090370000002,14.087888899999998],[122.3009216,14.087633],[122.30124739999998,14.087788599999998],[122.30157550000001,14.089348899999997],[122.30157550000001,14.089898199999999],[122.30170509999999,14.090138599999998],[122.30207140000002,14.090338799999996],[122.3034842,14.090932],[122.3042542,14.0913022],[122.3047115,14.091564400000001],[122.30506419999999,14.091833999999999],[122.30564950000002,14.092468500000003],[122.3061378,14.0936388],[122.30621410000002,14.094883399999999],[122.30621410000002,14.0956187],[122.3059756,14.096740999999998],[122.3059242,14.0971991],[122.3059242,14.0978896],[122.30564950000002,14.098919599999999],[122.30543589999999,14.099139],[122.3051612,14.099279199999998],[122.3049476,14.099139000000001],[122.30445930000002,14.0993393]]],[[[122.30389479999998,14.102159500000003],[122.3040245,14.102569599999999],[122.3040245,14.103049299999999],[122.30382609999998,14.103459399999998],[122.30382609999998,14.1036692],[122.3039711,14.1039391],[122.3043144,14.104149900000001],[122.30494860000002,14.1042195],[122.30536719999999,14.104219499999996],[122.30571820000002,14.104279600000002],[122.3060691,14.1052601],[122.3068318,14.106435000000001],[122.3064021,14.1063173],[122.30597870000001,14.106156599999997],[122.30559530000001,14.105968300000002],[122.3052419,14.1057531],[122.30489019999999,14.105492200000002],[122.3045747,14.1052082],[122.3043074,14.104920999999997],[122.30403080000002,14.104561399999996],[122.30369730000001,14.103995799999998],[122.3034432,14.1033656],[122.3032866,14.102693400000003],[122.30323650000001,14.1020581],[122.30355150000001,14.102019299999998],[122.30389479999998,14.102159500000003]]]]}},{"type":"Feature","properties":{"Liq_Class":"Generally Susceptible"},"geometry":{"type":"MultiPolygon","coordinates":[[[[122.94428820000002,14.487868500000003],[122.9446196,14.4881078],[122.9449265,14.488430800000005],[122.9451719,14.4887419],[122.94519640000001,14.488957199999998],[122.9441284,14.488645899999995],[122.9435269,14.488562099999998],[122.9435761,14.488263],[122.94364979999999,14.488095600000005],[122.9440427,14.487820599999997],[122.94428820000002,14.487868500000003]]],[[[122.95226940000002,14.4809686],[122.952564,14.481315500000001],[122.95292,14.481530899999996],[122.95260069999999,14.4817222],[122.9521342,14.481734099999997],[122.95176599999999,14.481590500000001],[122.9509559,14.481147799999999],[122.9513242,14.4808847],[122.9516311,14.480812999999996],[122.9518276,14.480657500000001],[122.9519872,14.480430300000002],[122.95226940000002,14.4809686]]],[[[122.9412485,14.480979300000003],[122.9411969,14.481173],[122.9410177,14.481330600000001],[122.94073680000001,14.481398299999999],[122.9402375,14.481296799999999],[122.9399359,14.4812846],[122.93979530000001,14.481234899999999],[122.93950290000001,14.480921399999998],[122.93924510000001,14.480770599999996],[122.9387295,14.480799200000002],[122.93907160000002,14.4800047],[122.9390722,14.478138799999993],[122.93843440000002,14.475913800000002],[122.9381891,14.475196100000003],[122.93815239999999,14.4747296],[122.93796330000002,14.473935099999998],[122.9376586,14.473279299999998],[122.9369329,14.472128900000001],[122.9365501,14.4716407],[122.9370712,14.4717237],[122.9375807,14.4717174],[122.93835700000001,14.471602900000002],[122.9389758,14.471363899999998],[122.93864419999998,14.471990599999996],[122.9386166,14.472237200000002],[122.93875069999999,14.4723773],[122.9388829,14.472455800000002],[122.9391915,14.472502599999999],[122.93969099999998,14.472523000000002],[122.93981999999998,14.472588900000002],[122.9399969,14.472859299999998],[122.9402473,14.4729629],[122.9406911,14.472884899999997],[122.94114870000001,14.472965599999997],[122.9416763,14.4728693],[122.942236,14.472831099999999],[122.94264850000002,14.472888700000006],[122.94291370000002,14.4728217],[122.9431101,14.4726687],[122.9432967,14.472640000000004],[122.9435324,14.472745299999998],[122.94373859999999,14.472879400000002],[122.94402330000001,14.472956],[122.94482860000001,14.4729275],[122.9450643,14.472946599999998],[122.94519249999999,14.473010800000004],[122.94541909999998,14.473047599999997],[122.9457165,14.472990600000001],[122.9464393,14.4727173],[122.9468419,14.472698300000001],[122.94718100000001,14.4727332],[122.9474116,14.472673899999997],[122.9477983,14.47227],[122.9480435,14.472164099999999],[122.94863740000001,14.472111900000002],[122.94939100000002,14.471898700000002],[122.9498028,14.471730099999997],[122.9487526,14.473796500000002],[122.9485111,14.474505600000002],[122.9482511,14.476389200000003],[122.948402,14.477973500000001],[122.9490758,14.479435799999997],[122.9492543,14.479721200000006],[122.94886960000001,14.479789600000002],[122.9484423,14.479776400000002],[122.9479322,14.4795115],[122.94692880000001,14.478212399999995],[122.9464379,14.477709900000002],[122.9457014,14.4772074],[122.9453087,14.4767767],[122.94521520000002,14.476640000000002],[122.9450514,14.4762176],[122.9449904,14.475945699999997],[122.9450021,14.475437000000001],[122.9450636,14.4751499],[122.9451618,14.4749346],[122.94519289999998,14.474791799999998],[122.94518950000001,14.474581699999998],[122.9450883,14.474384400000005],[122.9448183,14.474169],[122.94428360000002,14.474222200000002],[122.9436547,14.474668899999998],[122.9432222,14.4750299],[122.94258380000001,14.475412499999996],[122.94238820000001,14.475584200000002],[122.94208369999998,14.4757468],[122.94162079999998,14.475767599999998],[122.9413619,14.475708400000002],[122.94121950000002,14.4756413],[122.9408758,14.475574300000005],[122.9406794,14.475593400000001],[122.94045350000002,14.475507199999996],[122.94028059999998,14.4755022],[122.9400704,14.475708000000003],[122.94002120000002,14.4762248],[122.94007020000001,14.476425699999997],[122.9401684,14.476636299999996],[122.9402272,14.477124300000002],[122.9402017,14.477517099999998],[122.9401139,14.477926999999996],[122.9401071,14.478151700000005],[122.94023670000001,14.478301299999996],[122.94060990000001,14.478320499999997],[122.94097330000001,14.4782823],[122.9408161,14.4784067],[122.940745,14.478676000000002],[122.94085119999998,14.479185],[122.9411016,14.479479300000003],[122.9412636,14.4795726],[122.94145510000001,14.479630100000003],[122.9416614,14.479579899999996],[122.9415435,14.4797091],[122.9413407,14.480068000000001],[122.9412386,14.480411500000004],[122.9412215,14.480523100000001],[122.9412485,14.480979300000003]]],[[[122.9475116,14.466493599999998],[122.94745440000001,14.4667516],[122.9474605,14.467074599999998],[122.9473111,14.4674099],[122.94679739999998,14.468049300000002],[122.94642899999998,14.468431900000004],[122.9462449,14.468419899999999],[122.9460485,14.4683003],[122.94563120000001,14.467869599999998],[122.94541029999999,14.4678456],[122.94526300000001,14.4677379],[122.9452508,14.467582399999998],[122.94543490000001,14.4673911],[122.94555769999998,14.467199699999997],[122.94564370000002,14.466960499999997],[122.9455458,14.465800299999998],[122.9454231,14.4657045],[122.9450303,14.4656925],[122.9445392,14.465788100000001],[122.9446007,14.465500999999996],[122.94480940000001,14.465285799999997],[122.9452268,14.465273899999998],[122.9454354,14.465417500000001],[122.9458282,14.465489299999994],[122.9461229,14.465345899999999],[122.94701900000001,14.4652623],[122.94758370000001,14.464915600000001],[122.9478169,14.4649635],[122.9480501,14.465238600000003],[122.9481728,14.465609499999996],[122.9475116,14.466493599999998]]],[[[122.92693059999999,14.467708900000002],[122.92662130000001,14.4676371],[122.92647399999998,14.467636999999998],[122.92628250000001,14.467680000000003],[122.9261647,14.467536499999994],[122.9262237,14.467191999999997],[122.9265332,14.466948099999998],[122.9267837,14.466689799999997],[122.9269163,14.4663884],[122.9268428,14.465972099999997],[122.9266367,14.465713699999997],[122.9263892,14.465673400000004],[122.92619469999998,14.4657997],[122.92603260000001,14.466086700000002],[122.92582640000002,14.4660866],[122.92554659999999,14.465942999999992],[122.92538459999999,14.465813800000001],[122.9252078,14.465756299999999],[122.9250457,14.465871100000001],[122.92498670000002,14.466115099999998],[122.92498670000002,14.466373499999996],[122.9251191,14.466660599999999],[122.92529579999999,14.4668472],[122.92532519999999,14.467005100000003],[122.92526630000002,14.467119900000002],[122.9243824,14.467134],[122.9241763,14.467047799999998],[122.9241469,14.4666244],[122.92382320000002,14.4657559],[122.9235287,14.465310800000001],[122.92227700000001,14.464277000000001],[122.92056860000001,14.4632286],[122.9192438,14.462666000000002],[122.91804570000001,14.462324099999996],[122.91734309999998,14.4622227],[122.9170485,14.462236999999998],[122.9167907,14.462322999999994],[122.91641500000001,14.462545399999998],[122.9162971,14.462681699999997],[122.9163414,14.4623516],[122.9165478,14.461978399999998],[122.916813,14.461763199999998],[122.91721070000001,14.461648500000004],[122.9175201,14.461677400000005],[122.91779990000002,14.461763600000003],[122.91827130000001,14.461792400000004],[122.918669,14.461706499999998],[122.9189195,14.4614195],[122.91883119999999,14.4611754],[122.918684,14.4610319],[122.918581,14.4606873],[122.91871379999999,14.460141899999995],[122.9186402,14.460012700000002],[122.91852230000002,14.459940900000001],[122.91837509999999,14.459739900000002],[122.9180955,14.458935999999998],[122.91908220000002,14.459611000000002],[122.91949450000001,14.460013000000002],[122.9197153,14.4603145],[122.91987730000001,14.460443800000002],[122.92046650000002,14.460644899999997],[122.9206137,14.460759799999998],[122.920864,14.461046899999998],[122.92098170000001,14.461405799999998],[122.9209522,14.4615781],[122.9207901,14.4617072],[122.9205544,14.4619798],[122.9205543,14.462152099999994],[122.9207015,14.462410499999999],[122.920893,14.4624967],[122.92121699999998,14.462568500000001],[122.92165890000001,14.462539999999999],[122.92221870000002,14.4624397],[122.9226017,14.4623106],[122.92298469999999,14.462282099999996],[122.9231025,14.4624256],[122.9231024,14.4627845],[122.92323490000001,14.463057200000002],[122.92347050000001,14.463258299999998],[122.92403020000002,14.463401999999999],[122.92451630000001,14.463229899999998],[122.9252529,14.4631727],[122.9259157,14.463330799999998],[122.92615830000001,14.463354500000001],[122.926387,14.4635032],[122.9266521,14.463732899999997],[122.92703499999999,14.4638335],[122.92731490000001,14.4638623],[122.92793359999999,14.463718999999996],[122.9281398,14.4637334],[122.9284638,14.463963099999997],[122.9285521,14.4641354],[122.92850780000002,14.464494200000003],[122.9282574,14.4646808],[122.9275944,14.4649102],[122.92741759999998,14.465039300000003],[122.9273439,14.465311999999999],[122.9273437,14.465871799999999],[122.927373,14.466302399999996],[122.92806520000002,14.4668337],[122.9286543,14.466977400000001],[122.9280945,14.4670777],[122.92731380000001,14.467321500000004],[122.92693059999999,14.467708900000002]]],[[[122.95082399999998,14.4667822],[122.95062749999998,14.4669138],[122.9500944,14.467165899999998],[122.9492525,14.467691000000002],[122.94911139999999,14.467708899999998],[122.9489423,14.467678500000003],[122.94885970000001,14.4675354],[122.9486879,14.467344000000004],[122.94868800000002,14.467159599999997],[122.9488967,14.4669493],[122.9492344,14.4664948],[122.9495475,14.466004499999993],[122.94970720000002,14.465681599999998],[122.95082399999998,14.4667822]]],[[[122.938422,14.46476],[122.938124,14.465014200000004],[122.9379531,14.465102999999997],[122.9373482,14.4651289],[122.9371518,14.465253199999998],[122.9368994,14.465507299999999],[122.93665080000001,14.4656263],[122.936317,14.465578300000002],[122.9361697,14.465406100000001],[122.9362483,14.465166800000004],[122.9362367,14.464944999999997],[122.93616990000001,14.4646214],[122.9359441,14.464439500000001],[122.93562989999998,14.464257600000002],[122.93532550000002,14.464123599999999],[122.9348247,14.463999],[122.9347266,14.463941599999998],[122.93427489999999,14.463797899999998],[122.93368560000002,14.4639796],[122.93349900000001,14.4638838],[122.9334212,14.4637669],[122.9332316,14.46361329999999],[122.9327641,14.463416099999998],[122.93253140000002,14.4630702],[122.932262,14.462955300000003],[122.93217860000001,14.462969600000005],[122.931804,14.463356300000004],[122.9316334,14.4634144],[122.93140750000002,14.4634144],[122.93100490000002,14.4633568],[122.9308674,14.463299399999999],[122.93097550000002,14.4631176],[122.9313027,14.462778599999998],[122.9316466,14.462108899999995],[122.93185,14.461558100000001],[122.931958,14.4614146],[122.932901,14.460716300000001],[122.93297750000002,14.460721299999996],[122.9331169,14.460907799999998],[122.93323470000001,14.461204400000003],[122.9334841,14.4613914],[122.9337256,14.461415099999996],[122.9339221,14.461281199999998],[122.9341185,14.461099399999998],[122.93422659999999,14.460927199999997],[122.93424639999999,14.460458299999999],[122.9343152,14.4601522],[122.9344037,14.459951199999999],[122.93456080000001,14.4598939],[122.93471950000001,14.460033199999996],[122.934762,14.460209700000002],[122.934855,14.461090099999996],[122.9349826,14.4615016],[122.9353692,14.4619223],[122.93582879999998,14.462086199999998],[122.9362168,14.462053299999997],[122.9363971,14.461881299999998],[122.9365171,14.461714299999997],[122.9365538,14.461415899999995],[122.9365835,14.4606121],[122.9367505,14.460439900000003],[122.9369567,14.460373],[122.93720220000002,14.460459099999998],[122.9375066,14.460631500000003],[122.93763420000002,14.460755900000002],[122.93800729999998,14.4609474],[122.93820370000002,14.4610144],[122.9382822,14.461186699999999],[122.9383002,14.461676200000001],[122.93834950000002,14.4618398],[122.93860670000001,14.4620629],[122.9391835,14.462254499999997],[122.9397952,14.4623324],[122.9401309,14.462483899999993],[122.94032439999998,14.4627182],[122.9406809,14.463044299999998],[122.9401651,14.463809700000002],[122.93999310000001,14.4644316],[122.9397475,14.4648382],[122.93964929999999,14.464886099999996],[122.93858599999999,14.4647347],[122.938422,14.46476]]],[[[122.94243200000001,14.4571773],[122.942513,14.457306500000001],[122.94239509999998,14.457392600000002],[122.9421815,14.457478700000001],[122.9420487,14.457689999999998],[122.942152,14.457794399999994],[122.9422551,14.457823200000002],[122.9422772,14.457895],[122.94217400000001,14.458088699999996],[122.94217400000001,14.458182],[122.9422329,14.4582825],[122.9422181,14.458411700000001],[122.94129550000001,14.458755499999997],[122.9411501,14.458949700000003],[122.9411975,14.459216799999995],[122.94141819999999,14.459862800000002],[122.9412722,14.4604846],[122.9410932,14.460853300000005],[122.94096480000002,14.4610066],[122.9407774,14.461104200000001],[122.9403869,14.4607955],[122.9401794,14.460589800000003],[122.94013040000002,14.460226099999998],[122.940203,14.4594564],[122.94014430000001,14.4590866],[122.93980919999998,14.458411699999997],[122.9397247,14.458307400000006],[122.9394382,14.4581381],[122.9387022,14.45793],[122.938064,14.457690599999994],[122.93774,14.457479999999999],[122.93743560000001,14.457345999999996],[122.9359431,14.457001099999998],[122.9358351,14.456886200000001],[122.9358057,14.4567044],[122.9359727,14.456379100000003],[122.936238,14.456044300000004],[122.9362969,14.455872000000005],[122.9363068,14.4556807],[122.93626319999998,14.455491299999995],[122.9361701,14.455276400000002],[122.9359692,14.455172700000002],[122.93561570000001,14.455172599999997],[122.9354536,14.455229899999999],[122.935353,14.455294900000002],[122.9351983,14.455459899999996],[122.93504630000001,14.455793],[122.93491219999999,14.455936599999996],[122.9346138,14.456119599999997],[122.93416450000001,14.456284599999998],[122.93389930000001,14.456478299999999],[122.93378880000002,14.456607399999998],[122.93368560000002,14.456636099999999],[122.9335328,14.456595400000001],[122.93347950000002,14.4565212],[122.93347230000002,14.4557892],[122.93339310000002,14.455608599999994],[122.93324409999998,14.455501999999997],[122.9329495,14.4553871],[122.9326991,14.455358299999999],[122.9324488,14.455286500000001],[122.9322279,14.4550855],[122.9320807,14.454812699999996],[122.9320366,14.454410800000002],[122.9321545,14.454310399999995],[122.93239010000002,14.4543391],[122.93239,14.454654899999998],[122.9324915,14.454886899999998],[122.93266979999999,14.455028199999996],[122.93306750000002,14.455114399999998],[122.9341427,14.455085999999998],[122.93567249999998,14.4547003],[122.9359303,14.454721899999997],[122.93647,14.455029300000001],[122.93705849999999,14.455242199999995],[122.93723,14.4552407],[122.9373683,14.4551554],[122.93740680000002,14.454915399999997],[122.9373467,14.454451999999996],[122.93707450000001,14.454115799999999],[122.9370746,14.453641800000002],[122.93730910000001,14.4532695],[122.937319,14.453126],[122.9372699,14.4529442],[122.93706510000001,14.4526589],[122.936896,14.452555300000002],[122.9368477,14.452408999999998],[122.9369362,14.452350799999994],[122.9373781,14.4523222],[122.93799679999998,14.4521597],[122.9382128,14.452131099999997],[122.9383208,14.4522938],[122.93832070000002,14.452686099999994],[122.9384341,14.452826799999995],[122.93912980000002,14.453352599999999],[122.9393791,14.453431500000004],[122.93962950000001,14.4534315],[122.9399093,14.453338300000004],[122.9400137,14.4532207],[122.9403439,14.453130299999996],[122.9407343,14.453108899999997],[122.94093310000001,14.453209400000004],[122.94104,14.4534088],[122.9414198,14.453714699999999],[122.94154420000001,14.453733400000004],[122.9414999,14.4541999],[122.9414483,14.454365],[122.9411078,14.4544376],[122.9410498,14.454776200000001],[122.94084430000001,14.454881599999998],[122.94077800000001,14.4549533],[122.94087120000002,14.455203299999999],[122.94094479999998,14.455203300000003],[122.94103320000002,14.455303799999996],[122.9410847,14.455418700000001],[122.94127620000002,14.455497699999999],[122.94138660000002,14.4556197],[122.94137920000001,14.455734499999998],[122.94127599999999,14.4560287],[122.94127599999999,14.456200999999998],[122.9413496,14.456287100000004],[122.94166630000001,14.4562154],[122.9419148,14.456292900000001],[122.942134,14.4566471],[122.94206390000001,14.4568471],[122.94190180000001,14.4570049],[122.9419236,14.457081699999998],[122.94199750000001,14.4571413],[122.94243200000001,14.4571773]]],[[[122.90582420000001,14.455046400000002],[122.90576510000001,14.455505699999998],[122.90596130000002,14.455869399999997],[122.90603960000001,14.456443600000004],[122.90562730000002,14.456156400000003],[122.90523460000001,14.4559265],[122.90484190000001,14.455811600000002],[122.9043509,14.4557157],[122.9040368,14.455562400000002],[122.9038993,14.4554667],[122.9034283,14.4548158],[122.9030749,14.4545477],[122.90234840000001,14.454126400000003],[122.90144500000001,14.454011199999998],[122.90126830000001,14.453877099999998],[122.901072,14.453800499999998],[122.90105250000002,14.453379500000006],[122.9009546,14.452709600000004],[122.9013081,14.452805400000003],[122.90162230000001,14.4527864],[122.9019366,14.4526143],[122.9024278,14.4521552],[122.90260469999998,14.4518491],[122.90270300000002,14.4517343],[122.90270300000002,14.451542899999998],[122.9024478,14.451370499999998],[122.9019372,14.451351200000001],[122.90178049999999,14.450336800000002],[122.9017416,14.449532999999999],[122.9018793,14.448978100000003],[122.90221340000001,14.448423199999999],[122.9029404,14.4475431],[122.9033729,14.4466821],[122.90374589999999,14.4468928],[122.9046099,14.447103700000001],[122.9055723,14.446893500000005],[122.9064169,14.446587600000004],[122.9060239,14.4471234],[122.9056899,14.4474486],[122.90562520000002,14.447626499999997],[122.9055679,14.4478384],[122.90566999999999,14.4481375],[122.9057091,14.448482000000007],[122.9056698,14.448616000000003],[122.9052965,14.448979499999997],[122.90529640000001,14.449209099999996],[122.90535520000002,14.449381400000004],[122.90532590000001,14.449779800000004],[122.9051783,14.449955399999999],[122.90486389999998,14.450184999999998],[122.9047067,14.4505306],[122.90473849999998,14.451638999999993],[122.9045882,14.452041299999996],[122.90429310000002,14.453132],[122.90429310000002,14.4532578],[122.9044891,14.454050699999998],[122.9047874,14.454544599999998],[122.9051762,14.454854799999998],[122.9054315,14.454874000000002],[122.9060209,14.4544341],[122.90582420000001,14.455046400000002]]],[[[122.93558750000001,14.4505938],[122.93562160000002,14.450953699999998],[122.9358616,14.4514459],[122.93585970000001,14.451735000000001],[122.93575640000002,14.452273199999997],[122.93576369999998,14.452474100000002],[122.93555750000002,14.4524884],[122.9353366,14.452402199999998],[122.9349243,14.4518998],[122.9346004,14.451325499999998],[122.9345564,14.4506796],[122.9349983,14.4507371],[122.9353224,14.4507372],[122.93558750000001,14.4505938]]],[[[122.9143496,14.4502269],[122.9140746,14.4505139],[122.9139174,14.450513799999996],[122.9134854,14.450418],[122.9132695,14.450245599999997],[122.91328919999998,14.4499777],[122.91354470000002,14.449595000000002],[122.9138788,14.448810500000002],[122.9139575,14.4485235],[122.91454650000001,14.448906400000002],[122.9153516,14.449078999999998],[122.9161569,14.448906999999998],[122.91654979999998,14.448754099999997],[122.9168809,14.449293300000004],[122.9170036,14.449304199999998],[122.91741379999999,14.449022299999996],[122.91753149999998,14.449386],[122.91776699999998,14.449787900000004],[122.91776690000002,14.449998499999996],[122.91737420000001,14.449768700000002],[122.9170599,14.449959899999998],[122.9165492,14.450151099999998],[122.91599929999998,14.450284899999998],[122.91564580000001,14.450284799999997],[122.91537090000001,14.450227299999996],[122.9149907,14.450016600000001],[122.9147126,14.450016499999997],[122.9143496,14.4502269]]],[[[122.9444748,14.433394600000003],[122.9446239,14.434038799999998],[122.9446598,14.434320400000002],[122.9445909,14.434693600000003],[122.94483630000002,14.4352008],[122.9440817,14.4348777],[122.94292910000001,14.434073399999999],[122.9423274,14.4335022],[122.9421213,14.433365500000003],[122.94200899999998,14.4333261],[122.9413609,14.433429699999996],[122.94102660000001,14.433453199999997],[122.940703,14.4333243],[122.94020240000002,14.432979600000001],[122.9395741,14.432261800000001],[122.9394171,14.4319364],[122.93922080000002,14.4317163],[122.9391325,14.4315536],[122.9390887,14.431260399999998],[122.9391691,14.431024899999999],[122.9393533,14.430690000000002],[122.93945159999998,14.4303432],[122.9395056,14.429383199999998],[122.93966480000002,14.428896000000003],[122.94069609999998,14.427604400000002],[122.9409959,14.427385400000004],[122.94220189999999,14.426181299999998],[122.94254560000002,14.425954199999998],[122.94287699999998,14.425858600000002],[122.9430366,14.4256672],[122.94332600000001,14.425460200000002],[122.9438713,14.4253923],[122.9445424,14.4253516],[122.94478570000001,14.425195199999997],[122.945111,14.4248184],[122.9454246,14.4247708],[122.9456181,14.4248191],[122.94573250000002,14.424879599999999],[122.9457665,14.425038100000002],[122.9456508,14.425488399999997],[122.94566299999998,14.425990800000001],[122.94575500000002,14.4261702],[122.9459585,14.426360199999998],[122.94622750000002,14.426385599999996],[122.94640580000001,14.4263499],[122.94662029999999,14.4261067],[122.94673490000001,14.425883399999996],[122.94690260000002,14.425727899999995],[122.9472463,14.4256084],[122.9474795,14.4255606],[122.9481701,14.425543100000004],[122.9483183,14.4254642],[122.9483689,14.4251818],[122.9483061,14.424783299999994],[122.94813639999998,14.4245351],[122.9478157,14.4243606],[122.94721290000001,14.424384899999996],[122.94677730000001,14.424226800000001],[122.94662429999998,14.4239791],[122.9465964,14.423693],[122.94644570000001,14.423356200000002],[122.94654269999998,14.4230729],[122.94674039999998,14.422861099999997],[122.9472854,14.422566899999996],[122.9474989,14.422480899999996],[122.9488613,14.422237099999998],[122.94911170000002,14.422050599999999],[122.9491326,14.4216842],[122.94902169999999,14.421493799999999],[122.94861120000002,14.421179099999996],[122.94861120000002,14.4210314],[122.94895000000001,14.420773099999998],[122.94955390000001,14.4205579],[122.9499957,14.420471900000004],[122.9501724,14.4204719],[122.9505111,14.4206155],[122.95068779999998,14.420759100000003],[122.9509382,14.4207735],[122.9513064,14.420730500000001],[122.9516452,14.420630100000002],[122.9521363,14.420430200000004],[122.952431,14.419616900000001],[122.95184199999998,14.4193297],[122.9516702,14.419066499999992],[122.95158170000002,14.418513699999998],[122.95178460000001,14.417807999999997],[122.95213800000002,14.4172345],[122.95230880000001,14.417019199999999],[122.9525474,14.4164649],[122.95269469999998,14.416235300000002],[122.953004,14.415933900000002],[122.95329860000001,14.415704300000002],[122.9535784,14.4156182],[122.9537846,14.415647000000002],[122.95412329999999,14.4156184],[122.9545504,14.415474900000001],[122.9554046,14.415446399999999],[122.9556512,14.415540799999997],[122.955818,14.4157689],[122.95581900000002,14.415933499999996],[122.9561624,14.417033999999996],[122.95626790000001,14.417210200000001],[122.9568475,14.417613999999997],[122.95736290000002,14.417901200000001],[122.95764269999998,14.417886899999996],[122.9578489,14.4176285],[122.9579815,14.417212299999997],[122.95801110000001,14.416623799999998],[122.95826150000002,14.4163224],[122.95857080000002,14.416222000000001],[122.95887999999998,14.416480399999998],[122.9591156,14.416825000000003],[122.9591008,14.417054600000002],[122.95905660000001,14.4172412],[122.9588651,14.417499499999995],[122.95864410000001,14.417973200000002],[122.9584673,14.418217199999997],[122.9583642,14.4184755],[122.9586734,14.419006600000001],[122.9592771,14.419394300000006],[122.95845240000001,14.4192363],[122.957782,14.419235200000003],[122.957487,14.419302200000002],[122.95699939999999,14.419240800000003],[122.95674170000001,14.419073199999998],[122.95643479999998,14.419133],[122.9562507,14.419396099999998],[122.9560911,14.419479799999996],[122.9558457,14.419479800000003],[122.95540390000001,14.4194199],[122.95518299999999,14.4194438],[122.954962,14.419599199999997],[122.9546305,14.4203408],[122.95449539999998,14.420890900000003],[122.9547532,14.421751599999993],[122.9547082,14.422142199999996],[122.9544337,14.422625300000002],[122.95413899999998,14.423271199999997],[122.95413890000002,14.423570200000002],[122.95407170000001,14.423878799999995],[122.95394240000002,14.424240000000001],[122.95379510000001,14.4244314],[122.9534805,14.424535199999996],[122.95272430000001,14.425310500000004],[122.9521105,14.4261477],[122.9516984,14.4264237],[122.95085160000001,14.426585000000001],[122.9504956,14.4265789],[122.95045879999999,14.4267225],[122.9504833,14.426949700000003],[122.950606,14.4270574],[122.9508514,14.427105299999996],[122.95135209999998,14.427576299999998],[122.9513848,14.4278792],[122.951251,14.427989599999998],[122.9504707,14.428289399999997],[122.94991829999998,14.428576400000006],[122.9495625,14.428456699999996],[122.9493294,14.4279901],[122.94924349999998,14.427607299999996],[122.9490963,14.4273561],[122.94893680000001,14.4272724],[122.9487281,14.427224500000001],[122.9480899,14.427415699999997],[122.9476358,14.427379699999996],[122.94723080000001,14.4274993],[122.9469852,14.427666699999998],[122.94688700000002,14.427858],[122.94660470000001,14.427965599999997],[122.94612610000001,14.427941600000004],[122.94566530000002,14.428014200000002],[122.94528969999999,14.427920800000003],[122.9450909,14.4280356],[122.9450466,14.428250799999995],[122.94520120000001,14.428530799999999],[122.94556899999999,14.428589500000001],[122.9458271,14.428774900000006],[122.9460541,14.429144900000002],[122.9460259,14.429392],[122.94587839999998,14.429621800000001],[122.9457901,14.429621799999998],[122.94561340000001,14.429471000000001],[122.94547350000002,14.429478199999998],[122.94534820000001,14.429837000000001],[122.94531130000001,14.4301025],[122.94521550000002,14.430217300000002],[122.94506829999999,14.430159900000001],[122.94497259999999,14.429815399999997],[122.94481050000002,14.4295688],[122.9445503,14.4294229],[122.944472,14.429284200000001],[122.9443468,14.429205199999995],[122.94430269999998,14.429097499999994],[122.9442217,14.429025699999997],[122.94408179999999,14.428939599999996],[122.94393450000001,14.428910899999998],[122.9436695,14.4286094],[122.9435811,14.428623700000001],[122.9433749,14.428752799999996],[122.9433367,14.428895700000002],[122.9433748,14.4293341],[122.94316109999998,14.429613999999999],[122.9431758,14.4298078],[122.94356600000002,14.430166699999997],[122.9437648,14.4304466],[122.94414020000002,14.430805599999996],[122.94421380000001,14.4309491],[122.9442506,14.431121399999995],[122.9442281,14.431585199999997],[122.94430260000001,14.4317244],[122.94439130000002,14.4320869],[122.9444748,14.433394600000003]]],[[[122.9500371,14.430174099999999],[122.9500309,14.430610700000004],[122.95022840000001,14.430864500000006],[122.95019839999999,14.431035499999997],[122.9499246,14.431175500000004],[122.9494865,14.431231599999997],[122.94936560000001,14.430549899999997],[122.94935340000002,14.430274700000002],[122.94925519999998,14.430143100000002],[122.9488343,14.430173800000002],[122.94869320000001,14.430113999999998],[122.948568,14.4298918],[122.9483619,14.4298567],[122.9483215,14.429685599999997],[122.94841080000002,14.429590400000004],[122.9485031,14.429569699999998],[122.948454,14.429378299999994],[122.948497,14.429234800000003],[122.9486118,14.429135999999996],[122.9488014,14.4291263],[122.9495991,14.4293059],[122.9498781,14.4294876],[122.9499636,14.429641800000004],[122.94995740000002,14.430030499999999],[122.9500371,14.430174099999999]]],[[[122.9505537,14.429556800000002],[122.9507221,14.429738099999998],[122.9509063,14.430088099999995],[122.9508791,14.430372199999999],[122.9507896,14.430649800000003],[122.9505193,14.430621899999993],[122.95047020000001,14.430580000000003],[122.95024579999999,14.429958800000003],[122.9502459,14.429767399999996],[122.95032560000001,14.4295482],[122.9505537,14.429556800000002]]],[[[122.9474335,14.429055500000002],[122.9474551,14.429482199999999],[122.94712040000002,14.429406499999997],[122.94708750000001,14.429341100000002],[122.9470537,14.429041799999997],[122.94734210000001,14.429020700000002],[122.9474335,14.429055500000002]]],[[[122.94278710000002,14.4212485],[122.9420859,14.4219225],[122.94174369999999,14.422169300000002],[122.9415693,14.422339200000001],[122.9415104,14.422551999999998],[122.94151650000002,14.4226955],[122.9415809,14.422916100000002],[122.9419275,14.4234013],[122.941952,14.4235209],[122.94192739999998,14.423807999999998],[122.94173100000002,14.424011300000002],[122.9413382,14.4241667],[122.9408472,14.424310100000001],[122.94105600000002,14.423688199999999],[122.9411053,14.422970500000003],[122.9406761,14.421523099999996],[122.94067620000001,14.421152299999994],[122.9408726,14.421212099999996],[122.9412285,14.421128499999993],[122.9415477,14.420949199999999],[122.9419281,14.420877500000003],[122.94218590000001,14.4208776],[122.9424559,14.4208298],[122.9426769,14.420590599999995],[122.94281180000002,14.4207222],[122.94317999999998,14.420758199999996],[122.94278710000002,14.4212485]]],[[[122.96179820000002,14.416231199999993],[122.9614447,14.416633000000001],[122.9612286,14.417034900000003],[122.9611179,14.4177311],[122.9608233,14.418024099999998],[122.96064530000001,14.418095900000004],[122.96050420000002,14.418095800000001],[122.9603569,14.418042000000003],[122.9603201,14.4179403],[122.960394,14.4175323],[122.9604823,14.417379199999997],[122.9606661,14.416856799999996],[122.9606731,14.416640600000003],[122.9605772,14.416370199999996],[122.96004099999999,14.415418100000004],[122.95968750000002,14.415082499999999],[122.95940280000002,14.4148719],[122.95896660000001,14.414415199999999],[122.9588383,14.414154599999998],[122.95880390000002,14.413992399999994],[122.958863,14.4136279],[122.95897110000001,14.413493899999999],[122.95918800000001,14.413338200000005],[122.95963869999999,14.413254800000004],[122.95993329999999,14.413283600000005],[122.96050270000002,14.413551600000002],[122.9609935,14.413589999999997],[122.9612587,14.4133986],[122.9613339,14.4132994],[122.96133190000002,14.413035800000003],[122.9613025,14.412963099999997],[122.9611213,14.412814899999995],[122.9608366,14.412709599999996],[122.9606207,14.412527700000004],[122.9604005,14.412280499999998],[122.96038810000002,14.412086999999993],[122.96051860000001,14.411930400000003],[122.9608761,14.411637899999997],[122.961583,14.411255199999994],[122.9622703,14.4110257],[122.96303230000001,14.410958100000006],[122.9640572,14.410585799999996],[122.96468230000002,14.4104137],[122.9652682,14.410134499999998],[122.9655679,14.4101184],[122.9657458,14.4101603],[122.9658317,14.4102441],[122.9658317,14.410470600000005],[122.9656598,14.4108421],[122.96496020000001,14.4116434],[122.9648251,14.411894599999998],[122.9646288,14.412014200000002],[122.9643956,14.4120141],[122.96410750000001,14.412179800000002],[122.964006,14.412276300000002],[122.9638749,14.412471200000002],[122.96383350000002,14.412661499999997],[122.9634284,14.413791299999996],[122.963408,14.413975199999998],[122.96345679999999,14.414223099999996],[122.9635581,14.414316700000004],[122.963798,14.4143426],[122.96406330000002,14.414166599999998],[122.9645673,14.413533099999993],[122.96480299999999,14.413313099999998],[122.965002,14.4131962],[122.9653488,14.413066799999994],[122.96549030000001,14.413054799999998],[122.9655352,14.413156900000002],[122.9653984,14.413511799999998],[122.9645471,14.414526499999997],[122.964351,14.414853899999997],[122.9643609,14.415207700000002],[122.9644001,14.415427799999998],[122.96455210000002,14.415779500000001],[122.9645028,14.415930999999999],[122.96421700000002,14.415974799999999],[122.96398239999999,14.416200399999997],[122.9639597,14.4163141],[122.96407660000001,14.416710099999998],[122.9639906,14.416853600000001],[122.96369610000002,14.4168595],[122.96336439999999,14.416762799999997],[122.96289840000001,14.4165544],[122.9628125,14.416446699999996],[122.9625248,14.415771999999999],[122.96179820000002,14.416231199999993]]],[[[122.9653843,14.417326],[122.96506520000001,14.417338000000003],[122.964985,14.417156799999997],[122.9646318,14.417221099999995],[122.96436850000002,14.4169903],[122.9643079,14.416904299999997],[122.9643103,14.416839000000001],[122.9646391,14.416632500000002],[122.96480150000001,14.416419900000003],[122.96486750000001,14.4159527],[122.9649793,14.415982900000003],[122.96517560000001,14.415954200000002],[122.96530880000002,14.415895700000004],[122.9656589,14.415539100000002],[122.96593530000001,14.4150629],[122.96603850000001,14.414740000000002],[122.96613420000001,14.414546199999998],[122.96628150000001,14.414395500000001],[122.96670219999999,14.4142336],[122.96695200000002,14.414097399999996],[122.9675127,14.413610100000001],[122.96815400000001,14.4133423],[122.96851070000001,14.413147500000003],[122.9689266,14.412863899999998],[122.9692287,14.4127102],[122.96940050000002,14.4126803],[122.9701,14.412686399999997],[122.97041910000002,14.413206699999996],[122.9707526,14.4134],[122.97102649999998,14.41344],[122.97134559999999,14.413350400000004],[122.97156040000002,14.4132128],[122.9718287,14.4128015],[122.9719577,14.4125418],[122.97206990000001,14.412441400000004],[122.97213620000001,14.412427099999999],[122.9721801,14.412469899999998],[122.97222380000001,14.412567000000001],[122.97224899999999,14.412752400000002],[122.9721361,14.413178200000003],[122.9721753,14.413407899999996],[122.9718672,14.4134342],[122.9712435,14.413706299999998],[122.96955470000002,14.414567299999996],[122.9693328,14.414289099999996],[122.96921009999998,14.4142113],[122.96852920000002,14.4142785],[122.96843690000001,14.414253099999996],[122.9682767,14.414152299999996],[122.96786,14.414154600000002],[122.9678355,14.414179500000003],[122.9678499,14.414301],[122.9682979,14.414815899999997],[122.9683476,14.414916299999996],[122.96833150000002,14.415306300000001],[122.9682519,14.4155217],[122.96816120000001,14.415604599999996],[122.96794789999998,14.415683300000001],[122.9676695,14.415696200000003],[122.9673141,14.4158192],[122.9668262,14.415888400000002],[122.9665832,14.415981600000006],[122.96654259999998,14.416036100000001],[122.9666786,14.416065700000004],[122.9669576,14.416065600000003],[122.9673623,14.416215000000001],[122.96713539999999,14.416749600000001],[122.96706909999999,14.416807000000002],[122.96680530000002,14.416825200000002],[122.9665991,14.416786899999998],[122.9663327,14.416864300000004],[122.96620749999998,14.416936099999997],[122.9660234,14.416928899999997],[122.9658688,14.416857099999996],[122.96567000000002,14.4168571],[122.9653975,14.417007799999993],[122.9653843,14.417326]]],[[[122.81267010000002,14.389257899999999],[122.8125884,14.389232199999999],[122.81260420000001,14.389122599999997],[122.81264200000001,14.389068999999997],[122.8127789,14.389021699999999],[122.81285590000002,14.3890293],[122.81282070000002,14.389141999999996],[122.81267010000002,14.389257899999999]]],[[[122.8130415,14.388869399999999],[122.8130415,14.3888713],[122.81303919999999,14.388870899999999],[122.8130415,14.388869399999999]]],[[[122.64035630000001,14.350384399999998],[122.63997600000002,14.350257800000001],[122.63972650000001,14.349877799999996],[122.6395245,14.3493367],[122.63941750000001,14.348910699999996],[122.6394294,14.3486229],[122.63966710000001,14.348519299999998],[122.6400711,14.348576799999996],[122.6404633,14.348807100000002],[122.64064150000002,14.349106400000004],[122.640701,14.3494634],[122.640903,14.350027499999998],[122.64085549999999,14.3502232],[122.64035630000001,14.350384399999998]],[[122.6398334,14.3488992],[122.6397621,14.3490834],[122.6397978,14.349440300000001],[122.63994040000001,14.3499354],[122.6401305,14.350211699999997],[122.6404276,14.350246299999997],[122.6404752,14.349912400000004],[122.6404395,14.3497051],[122.6404395,14.349325199999996],[122.6402613,14.3489568],[122.64005920000001,14.348841600000005],[122.6398334,14.3488992]]],[[[122.5131916,14.347218799999998],[122.5130737,14.3472951],[122.5127989,14.347294600000001],[122.51263220000001,14.3471985],[122.51260700000002,14.347138300000001],[122.5126614,14.346885499999999],[122.51288900000002,14.3464623],[122.51294840000001,14.346251899999999],[122.51294900000002,14.3459552],[122.51289030000001,14.345868999999997],[122.5127235,14.345830400000002],[122.5124782,14.345829899999996],[122.5122717,14.345982600000001],[122.51208509999998,14.3460683],[122.5118397,14.346086899999992],[122.5112103,14.345928699999998],[122.51098630000001,14.3457699],[122.51001170000002,14.344931499999998],[122.5091588,14.344484800000002],[122.50902710000001,14.344140099999999],[122.5088512,14.343795199999997],[122.5088371,14.343493799999996],[122.50901400000001,14.343393699999996],[122.509191,14.343207400000002],[122.50941300000001,14.342691199999999],[122.5096347,14.342289700000002],[122.50963539999998,14.3419883],[122.50969470000001,14.341787499999999],[122.50981280000002,14.341629900000003],[122.509975,14.3415154],[122.51026949999999,14.3415016],[122.5109915,14.341173],[122.5113453,14.340944099999998],[122.51138989999998,14.3407863],[122.5114052,14.3404849],[122.5112735,14.340154499999999],[122.5112328,14.339638199999998],[122.5112688,14.3394658],[122.5114119,14.3392382],[122.51151769999998,14.339183700000001],[122.51171440000002,14.339204199999996],[122.51177590000002,14.339294299999999],[122.5119008,14.3393664],[122.512372,14.339317099999999],[122.51252669999998,14.339267200000004],[122.5127632,14.338837099999997],[122.51277869999998,14.338478299999998],[122.51273420000001,14.338309999999998],[122.51273760000001,14.338091999999996],[122.5130386,14.337779999999999],[122.5131247,14.337311899999996],[122.5133704,14.3371569],[122.51354240000002,14.3370616],[122.51406930000002,14.337325800000002],[122.5142411,14.3373142],[122.51435260000001,14.3371428],[122.5144427,14.336741400000001],[122.51462100000002,14.336430499999997],[122.5147116,14.336415000000006],[122.51483680000001,14.3369845],[122.51509120000001,14.337141100000002],[122.51529640000001,14.337196800000001],[122.5157748,14.3372097],[122.5162903,14.3370792],[122.5166467,14.336792899999997],[122.51692979999999,14.336362800000002],[122.5172738,14.3361363],[122.51756799999998,14.336244499999996],[122.51786250000002,14.336185299999997],[122.51825559999999,14.335958899999996],[122.51890610000001,14.335804699999999],[122.5191882,14.3358172],[122.5195806,14.335937599999998],[122.51993809999999,14.336151699999997],[122.52100920000001,14.336216800000003],[122.5219664,14.336075199999996],[122.52256800000002,14.3358372],[122.5231334,14.335312000000002],[122.52329359999999,14.334977499999999],[122.5234294,14.334559099999996],[122.52347960000002,14.3340449],[122.52357830000001,14.333769999999998],[122.5237136,14.3336147],[122.524045,14.333555599999997],[122.52426590000002,14.3334723],[122.52435209999999,14.333316999999997],[122.52437730000001,14.333041899999998],[122.5244513,14.332850700000003],[122.5249298,14.332827799999999],[122.5252241,14.332876199999996],[122.5258007,14.3328534],[122.5259231,14.332997199999998],[122.5259348,14.3332484],[122.52589780000001,14.333331999999997],[122.5253946,14.333462600000002],[122.52525940000001,14.333593899999999],[122.5251362,14.333809],[122.5251105,14.334407],[122.5247665,14.334621600000002],[122.52448370000002,14.3349499],[122.524393,14.335149999999997],[122.524372,14.335553799999996],[122.52443049999998,14.335730899999998],[122.5245113,14.335795599999997],[122.52474870000002,14.3358147],[122.5248647,14.3358662],[122.5249184,14.335943799999995],[122.52493679999999,14.336090000000002],[122.5248859,14.336188700000003],[122.52458820000001,14.3362365],[122.5244749,14.336289399999998],[122.52413669999999,14.336593899999997],[122.5239279,14.336689199999997],[122.52347369999998,14.336831800000002],[122.52303199999999,14.3368668],[122.52241870000002,14.336841599999998],[122.52218769999999,14.336952899999998],[122.5220534,14.337114800000002],[122.52189999999999,14.337397899999996],[122.5218639,14.338132300000002],[122.5218017,14.338502999999996],[122.52161700000002,14.338825500000002],[122.5211987,14.339410799999996],[122.52106320000001,14.3396737],[122.52067890000001,14.339962600000002],[122.52033959999999,14.340292100000003],[122.52016100000002,14.340392200000002],[122.52007439999998,14.340391999999996],[122.51988320000001,14.340305499999998],[122.5197804,14.340190499999999],[122.51957960000001,14.340065700000002],[122.519192,14.339959600000002],[122.5188243,14.339815299999996],[122.51820600000002,14.339785399999998],[122.5167448,14.3401725],[122.5164087,14.340384599999997],[122.51623160000001,14.3405995],[122.5156637,14.3411007],[122.5155702,14.341287399999997],[122.5155522,14.341602799999995],[122.5156254,14.341789600000002],[122.5157721,14.342019499999997],[122.51597800000002,14.3421348],[122.5161523,14.342165099999997],[122.5163337,14.3421181],[122.5164393,14.342057899999999],[122.51656280000002,14.341862099999998],[122.51674440000001,14.341748800000001],[122.51721239999999,14.341740300000001],[122.5174218,14.3416497],[122.5176578,14.3414062],[122.5177904,14.341392100000002],[122.51819920000001,14.341549400000002],[122.51823130000001,14.341751799999999],[122.5181713,14.342268399999998],[122.5180161,14.342500699999999],[122.51797890000002,14.342727299999996],[122.5180712,14.3429494],[122.51816370000002,14.343027999999997],[122.51865520000001,14.343145000000002],[122.51886090000002,14.3433176],[122.51893549999998,14.3435742],[122.51908090000002,14.343705599999998],[122.51933089999999,14.343835299999997],[122.5195223,14.343835700000001],[122.5197433,14.343778699999998],[122.5199203,14.3436212],[122.51996480000001,14.343449000000001],[122.51996540000002,14.343190699999996],[122.52001729999999,14.3430027],[122.5202351,14.342736199999996],[122.520806,14.342474700000002],[122.52123390000001,14.3420163],[122.5214701,14.341715299999999],[122.52177960000002,14.341558099999999],[122.52232540000001,14.341028099999999],[122.5229013,14.3406462],[122.52381079999999,14.339894499999998],[122.52478140000001,14.3391907],[122.525027,14.339083600000002],[122.5252479,14.339048100000001],[122.5255299,14.339132399999999],[122.5257015,14.339216499999996],[122.5259835,14.339264899999998],[122.5262538,14.339086000000002],[122.52653659999999,14.338787600000005],[122.52690589999999,14.3382022],[122.52699890000001,14.337867999999997],[122.52713930000002,14.337588400000005],[122.52750780000001,14.337352299999996],[122.52759650000002,14.337208999999996],[122.52761879999998,14.337072699999997],[122.5275534,14.336826900000002],[122.5272379,14.336494700000001],[122.52730390000002,14.336177699999997],[122.52753500000001,14.336017800000002],[122.52806310000001,14.336017800000002],[122.52836010000001,14.335889899999996],[122.52859120000001,14.33573],[122.5289543,14.3353463],[122.5293174,14.334898500000001],[122.5295484,14.3348666],[122.5296804,14.334994499999997],[122.52981249999999,14.335186399999998],[122.53024160000001,14.335602099999997],[122.5309017,14.335602100000001],[122.5311328,14.335921899999999],[122.5311658,14.336017800000006],[122.5313968,14.336241700000002],[122.5317599,14.336753400000001],[122.53205700000001,14.336753400000001],[122.532288,14.336529500000001],[122.53232100000001,14.336369599999998],[122.53232100000001,14.336017800000002],[122.53242000000002,14.335794],[122.53242000000002,14.335602099999997],[122.5325191,14.335186400000003],[122.53261059999998,14.335142000000003],[122.5326752,14.3351888],[122.53289100000002,14.335147199999996],[122.5331747,14.3349529],[122.53335009999999,14.334779599999996],[122.53364290000002,14.3346576],[122.53384690000001,14.334623200000001],[122.5348417,14.334110799999996],[122.5357255,14.3338494],[122.5359431,14.333664499999994],[122.53618470000002,14.333323700000001],[122.5362344,14.333179200000002],[122.53650040000001,14.332893999999998],[122.5377408,14.3321788],[122.5373414,14.3326173],[122.53708569999999,14.333031700000001],[122.53673680000001,14.334027100000004],[122.53688559999999,14.334898499999996],[122.5368531,14.335198700000003],[122.53670050000001,14.335415999999997],[122.53655319999999,14.3354875],[122.53635700000001,14.3354393],[122.536244,14.335222699999996],[122.5359623,14.334975299999998],[122.5355029,14.334914500000002],[122.5352801,14.334996199999997],[122.53482980000001,14.335289100000004],[122.53434760000002,14.335736500000001],[122.53424899999999,14.335951699999997],[122.5341411,14.3366802],[122.53396720000002,14.337047499999997],[122.5338179,14.337265000000002],[122.5335093,14.337233],[122.53321219999998,14.336913300000006],[122.5329812,14.336849299999997],[122.53242000000002,14.3368493],[122.53215600000001,14.3374249],[122.53238700000001,14.337584799999998],[122.53245309999998,14.3378087],[122.53243440000001,14.3385048],[122.53203780000001,14.338694400000001],[122.5320262,14.338359399999996],[122.5321001,14.338215999999996],[122.53202690000002,14.338036499999996],[122.53174469999999,14.338012],[122.531721,14.3376531],[122.5317586,14.3372704],[122.5316855,14.336983200000002],[122.53118360000002,14.3365038],[122.5306206,14.336245099999996],[122.5302884,14.336298700000006],[122.53020229999998,14.336418099999996],[122.53004290000001,14.336358000000002],[122.5296146,14.335866800000003],[122.5293695,14.335746700000001],[122.52907500000002,14.335758],[122.5288294,14.335901099999997],[122.52859110000001,14.336189799999998],[122.5284724,14.3364984],[122.52779670000001,14.3369516],[122.52769100000002,14.3374944],[122.5275248,14.337907899999998],[122.52745940000001,14.338473400000002],[122.52733850000001,14.338647399999996],[122.5267863,14.339054699999997],[122.5264664,14.3395086],[122.52625630000001,14.340237799999999],[122.52609610000002,14.3405604],[122.52593619999999,14.340787399999998],[122.52535900000001,14.342090299999999],[122.5250444,14.342319300000002],[122.5245142,14.342433099999996],[122.52353570000001,14.342521399999997],[122.5231888,14.342621800000002],[122.52300160000001,14.3429563],[122.52295660000001,14.343679799999997],[122.5228332,14.343852099999996],[122.5225449,14.343975099999998],[122.52250670000001,14.344349899999997],[122.5230264,14.345157199999997],[122.5233586,14.3458564],[122.5231489,14.346103799999998],[122.5229703,14.346166599999997],[122.52273490000002,14.3461183],[122.52249949999998,14.346017299999996],[122.52243079999998,14.346036300000005],[122.52243060000002,14.3460985],[122.52249429999999,14.346160900000001],[122.5225479,14.346342799999999],[122.52251830000002,14.3463953],[122.5224005,14.3464286],[122.52239050000001,14.3465338],[122.5223069,14.3465727],[122.5215552,14.346324299999996],[122.5206126,14.346233599999998],[122.52058229999999,14.346186899999996],[122.5207229,14.346099900000002],[122.5207279,14.3460233],[122.52067410000001,14.345960999999997],[122.5206103,14.3459418],[122.52059580000001,14.345860399999996],[122.52062040000001,14.345817400000001],[122.5207186,14.345793699999996],[122.5207777,14.345712399999996],[122.52078270000001,14.345635899999996],[122.520724,14.345573599999996],[122.5205867,14.345530199999997],[122.52045440000002,14.345448599999992],[122.52031250000002,14.345247399999996],[122.5202347,14.344486900000001],[122.52010729999999,14.344381400000001],[122.5198719,14.344304399999999],[122.51955830000001,14.344093199999996],[122.51929330000002,14.344092699999997],[122.51898889999998,14.344168600000003],[122.5182909,14.344674399999999],[122.5180552,14.344769600000001],[122.5175843,14.344672900000003],[122.51742830000002,14.3446943],[122.51721090000001,14.3448827],[122.517179,14.3449989],[122.51700219999998,14.345064799999996],[122.5167484,14.345057700000002],[122.5165825,14.345015399999994],[122.5162653,14.3451712],[122.5159344,14.345167099999994],[122.5156794,14.345080500000002],[122.515101,14.344744399999998],[122.5149245,14.344705800000002],[122.5146888,14.344772299999997],[122.5143645,14.344963000000002],[122.5141873,14.3451923],[122.51406900000002,14.3454504],[122.51377100000002,14.346514000000003],[122.51354400000001,14.346864],[122.5131916,14.347218799999998]]],[[[122.6852046,14.347027099999996],[122.6850107,14.347040899999998],[122.6848665,14.3469554],[122.6847393,14.3469437],[122.68468420000002,14.3469069],[122.6844633,14.3468959],[122.6843964,14.346810499999998],[122.6841336,14.346719899999998],[122.6840421,14.3466282],[122.683959,14.346483400000002],[122.6839625,14.3462372],[122.6838887,14.346054999999996],[122.6837579,14.345911399999999],[122.6835912,14.345892899999994],[122.68340370000001,14.345714000000001],[122.6832581,14.3454677],[122.6832671,14.345241699999997],[122.6831873,14.3450156],[122.68309020000001,14.344925],[122.68305450000001,14.344837900000002],[122.68283990000002,14.344636800000002],[122.6827778,14.344516599999999],[122.6826226,14.344381900000002],[122.68261709999999,14.344291500000002],[122.6825605,14.344246200000002],[122.6825459,14.344110499999996],[122.68248230000002,14.344081599999997],[122.68241760000001,14.3439639],[122.68241630000001,14.343884299999997],[122.68237220000002,14.343839000000001],[122.6823729,14.3437486],[122.68232720000002,14.343703399999997],[122.68231440000001,14.3435229],[122.6819712,14.343359600000001],[122.68181779999999,14.3432054],[122.681646,14.343133899999998],[122.681539,14.343012200000002],[122.68148060000001,14.342867899999998],[122.6812647,14.342662099999998],[122.6812626,14.3426169],[122.6811678,14.3424702],[122.6811593,14.342390699999997],[122.681126,14.342375400000002],[122.68111960000002,14.342300299999996],[122.6810436,14.342229899999998],[122.681035,14.3421645],[122.68098460000002,14.342119200000004],[122.6809902,14.342028799999998],[122.6810324,14.3419837],[122.68105069999999,14.341441199999998],[122.681085,14.341331499999995],[122.6810632,14.341348600000002],[122.6809223,14.3413094],[122.6808394,14.341254599999996],[122.68064830000002,14.341252299999994],[122.6804561,14.3413436],[122.6804324,14.341411000000003],[122.6803698,14.341446299999998],[122.68030390000001,14.341557],[122.68017250000001,14.3416096],[122.67976750000001,14.3416195],[122.67967389999998,14.341655199999996],[122.67950250000001,14.341651399999998],[122.6794421,14.341616799999997],[122.6793398,14.3416557],[122.67913620000002,14.3416464],[122.67904259999999,14.341556799999996],[122.67901649999999,14.341438399999996],[122.67895059999998,14.341420500000002],[122.6785355,14.341121299999998],[122.6782146,14.340962399999999],[122.67814540000002,14.3408942],[122.678071,14.3408762],[122.67800339999998,14.340804100000001],[122.67784970000001,14.340730299999997],[122.67779900000001,14.3406682],[122.6774781,14.340486999999996],[122.6767085,14.3401213],[122.6764634,14.340111000000006],[122.67633750000002,14.340150099999997],[122.67624480000002,14.340110899999997],[122.6759666,14.340068399999998],[122.6755925,14.340165000000002],[122.6753923,14.340286199999996],[122.67526380000001,14.340296299999999],[122.6752012,14.340416199999998],[122.6749704,14.340664400000001],[122.6749606,14.3407242],[122.6748665,14.340768099999998],[122.67457439999998,14.3408666],[122.67434249999998,14.340877499999992],[122.6742033,14.3409319],[122.6737805,14.341155],[122.673621,14.341316000000003],[122.67341989999998,14.3413856],[122.6732588,14.341505199999997],[122.6731226,14.341553000000001],[122.67285769999998,14.341553000000001],[122.67269520000002,14.341633199999999],[122.6725301,14.3416528],[122.67229860000002,14.3417909],[122.6722757,14.341856799999999],[122.6720579,14.341915499999999],[122.6719561,14.341996999999997],[122.6717894,14.3420151],[122.67165129999998,14.3420876],[122.67146580000001,14.342133999999998],[122.6712034,14.342090499999998],[122.6710948,14.342137499999996],[122.6709093,14.342145400000001],[122.67076940000001,14.3420601],[122.67065810000001,14.3420337],[122.670585,14.3419217],[122.67044600000001,14.341907599999997],[122.67035329999999,14.341866799999996],[122.6700676,14.341885500000005],[122.6700081,14.341832999999998],[122.6697542,14.3417388],[122.66944629999999,14.341722099999995],[122.6693477,14.341606],[122.66922889999998,14.341572299999996],[122.66908290000002,14.341443300000005],[122.6690566,14.341378600000006],[122.66881170000002,14.3412104],[122.66873160000002,14.340996499999997],[122.6685866,14.340791200000002],[122.66855880000001,14.340519899999999],[122.6685912,14.340427399999996],[122.6685936,14.340230300000002],[122.66850090000001,14.340222099999997],[122.6683979,14.340122900000004],[122.6681807,14.339796],[122.66817639999998,14.339705599999997],[122.6681327,14.3396603],[122.66813429999999,14.3395247],[122.6679295,14.339207899999998],[122.667916,14.339072299999996],[122.66788410000001,14.339027],[122.6678851,14.338891400000001],[122.66782260000001,14.3387862],[122.66781650000001,14.3385749],[122.6677718,14.3385296],[122.6677915,14.338167899999998],[122.66774780000001,14.3381227],[122.6677384,14.3378062],[122.6676874,14.3377157],[122.66770770000001,14.337534899999996],[122.6676754,14.3374896],[122.6676406,14.337202499999997],[122.66765510000002,14.337127899999999],[122.6676048,14.3370827],[122.6675995,14.337037499999996],[122.6676496,14.336901899999996],[122.6676328,14.336721],[122.6676843,14.336630699999997],[122.66764700000002,14.3361333],[122.6676927,14.336088199999997],[122.6676911,14.335862099999996],[122.6677414,14.3357718],[122.66773559999999,14.335590999999997],[122.6678334,14.335455499999997],[122.6678855,14.3349582],[122.6679989,14.3347404],[122.6680198,14.334551499999996],[122.6680631,14.334506399999999],[122.668069,14.3342352],[122.6681128,14.3341448],[122.66810939999999,14.333964],[122.6681593,14.333918800000001],[122.6681659,14.333738000000002],[122.66820360000001,14.333664799999998],[122.66833679999999,14.333523399999995],[122.668418,14.333503000000002],[122.6684644,14.333540199999998],[122.6684447,14.333647999999997],[122.66856219999998,14.334054999999996],[122.6686314,14.3347332],[122.6686022,14.334913299999998],[122.66847819999998,14.3352009],[122.6683686,14.3357727],[122.668229,14.335958099999997],[122.6681317,14.3359984],[122.6681402,14.336265399999998],[122.668006,14.336685999999998],[122.667964,14.337218799999995],[122.6679781,14.3373709],[122.6680361,14.337540299999997],[122.6679913,14.3378066],[122.66799689999999,14.337984699999998],[122.6681326,14.338439299999997],[122.6681581,14.338821200000002],[122.6682712,14.339027599999996],[122.6683883,14.3393649],[122.6685946,14.3395595],[122.66875380000002,14.339776999999998],[122.66888110000001,14.3398422],[122.6693111,14.340204499999999],[122.6693279,14.340249699999998],[122.66929380000002,14.340470800000002],[122.6693126,14.340497599999997],[122.66952069999999,14.3404611],[122.669706,14.340579799999997],[122.6697351,14.340702399999998],[122.6697327,14.341018800000002],[122.66978020000002,14.3411266],[122.66995189999999,14.341230500000002],[122.6701686,14.3412983],[122.6704131,14.341258099999996],[122.670932,14.3410864],[122.67116300000002,14.340949899999998],[122.67145110000001,14.3407337],[122.67158130000001,14.3405693],[122.67177509999999,14.3404166],[122.6718338,14.340343599999999],[122.6718344,14.340298400000002],[122.6719729,14.340157299999996],[122.6720084,14.340027400000002],[122.6720946,14.339937099999998],[122.6723036,14.339923000000002],[122.672465,14.339847199999998],[122.67276759999999,14.339772499999995],[122.673086,14.339776699999998],[122.6735687,14.339659700000002],[122.6737527,14.339587199999997],[122.67412429999999,14.338552300000005],[122.67430010000001,14.3381684],[122.6743465,14.338120300000002],[122.67458630000002,14.338045700000002],[122.6757151,14.3379229],[122.67585000000001,14.337875299999999],[122.6761961,14.337904400000003],[122.67679600000001,14.3380271],[122.6775105,14.338109799999998],[122.67758860000002,14.338098100000002],[122.67785660000001,14.337947300000002],[122.6783284,14.337452799999996],[122.6785789,14.337345499999998],[122.6786966,14.337367099999998],[122.6788876,14.337618599999997],[122.6791891,14.337870200000001],[122.67966720000001,14.338093299999999],[122.67985860000002,14.338093599999999],[122.6800353,14.338036400000004],[122.68031550000002,14.337721000000002],[122.68041129999999,14.337649399999997],[122.6804996,14.337649499999998],[122.6805437,14.337685399999996],[122.68058770000002,14.3378218],[122.68057260000002,14.3381232],[122.68062370000001,14.3384247],[122.68098919999998,14.3387332],[122.6815012,14.338799300000002],[122.6817642,14.338706199999999],[122.6820589,14.338548699999999],[122.68221350000002,14.338541699999997],[122.68259400000001,14.338840199999996],[122.6829898,14.338854999999997],[122.68277720000002,14.3389802],[122.6825895,14.339232500000001],[122.68262940000001,14.339398700000002],[122.68287450000001,14.339542499999997],[122.6830954,14.339542799999997],[122.6832917,14.339507200000002],[122.6837211,14.3395197],[122.68420119999999,14.3393658],[122.6843928,14.3392297],[122.6845772,14.338986],[122.6846217,14.338741999999998],[122.6846296,14.3383043],[122.6847775,14.337823599999997],[122.6849398,14.3375942],[122.6853373,14.337601900000001],[122.68550660000001,14.337566200000001],[122.68566140000001,14.3374372],[122.68574990000002,14.337308200000003],[122.6858678,14.337243700000002],[122.6860003,14.337215200000003],[122.68664790000001,14.337287799999999],[122.68679519999999,14.337280899999996],[122.6869204,14.3371805],[122.68693539999998,14.337015500000001],[122.68682520000002,14.3368862],[122.6865677,14.336742300000001],[122.6862516,14.336433299999998],[122.6861827,14.336258100000002],[122.68621529999999,14.336074400000003],[122.686348,14.335945399999996],[122.6864659,14.335866600000005],[122.6866942,14.335788],[122.68677509999999,14.335809600000001],[122.6869958,14.3359462],[122.6874226,14.3360257],[122.6875403,14.3361048],[122.68766889999999,14.3363537],[122.6878416,14.336456899999998],[122.68797400000001,14.336485799999998],[122.68815040000001,14.336679800000004],[122.6881944,14.336794700000004],[122.688312,14.336952699999996],[122.6884518,14.3370031],[122.6885769,14.3370033],[122.6887021,14.3369317],[122.68870969999999,14.336795400000002],[122.68861420000002,14.336622999999998],[122.68860710000001,14.3364364],[122.6887105,14.3362212],[122.6888137,14.336092199999996],[122.68902730000002,14.335992],[122.68926200000001,14.335410199999997],[122.6896981,14.335015999999998],[122.6897228,14.334848600000003],[122.6897597,14.334812800000002],[122.68988840000002,14.3348727],[122.6899165,14.335023499999997],[122.689974,14.335088099999998],[122.6902135,14.3351709],[122.69039499999998,14.335117899999997],[122.69071260000001,14.3349415],[122.69084170000001,14.334829700000004],[122.6909438,14.334652800000002],[122.6910236,14.3345752],[122.6912753,14.334443899999997],[122.69161940000001,14.3339958],[122.69187709999999,14.3339543],[122.692119,14.333840200000004],[122.69228179999999,14.333550200000003],[122.69230730000001,14.333368799999999],[122.6933283,14.333426800000002],[122.69378349999998,14.3333083],[122.69409160000001,14.333115799999996],[122.6942006,14.332975100000004],[122.6943827,14.332606999999996],[122.6945126,14.332470999999996],[122.6947019,14.3323825],[122.69493759999999,14.332325400000002],[122.69532339999999,14.3318874],[122.69540930000001,14.3318284],[122.69551720000001,14.331886],[122.6957331,14.331895800000003],[122.69589020000001,14.3318386],[122.69614540000002,14.331810199999998],[122.69619419999998,14.332020800000002],[122.69616440000001,14.332250399999998],[122.6959972,14.332575499999999],[122.69580070000002,14.332680599999998],[122.6957025,14.332766599999998],[122.69569540000002,14.332965800000002],[122.69581780000001,14.333160300000001],[122.6959338,14.333283199999999],[122.6961535,14.3333461],[122.6963004,14.333331899999996],[122.69637880000002,14.3334085],[122.6971537,14.333744400000002],[122.69718290000002,14.333945399999998],[122.6973242,14.334149899999993],[122.6974643,14.334256799999999],[122.697971,14.334336500000003],[122.6983895,14.334300999999998],[122.69845779999999,14.334450400000001],[122.6986034,14.334635400000003],[122.6991738,14.334899199999999],[122.69963260000002,14.335000300000003],[122.6997552,14.335078200000002],[122.69976730000002,14.335156],[122.69966890000002,14.335347299999997],[122.69971150000002,14.3355925],[122.6999137,14.335784199999997],[122.70029990000002,14.336011899999999],[122.7011459,14.336389799999997],[122.7017656,14.336430299999998],[122.702697,14.336989799999996],[122.7032244,14.337086099999997],[122.7032794,14.337193799999998],[122.70339589999999,14.3372777],[122.7035283,14.3373031],[122.7037485,14.337292299999996],[122.70405840000001,14.337224699999998],[122.704132,14.3372667],[122.7041808,14.3374581],[122.7042007,14.338198499999997],[122.7040563,14.338656199999996],[122.704022,14.338725300000002],[122.70391139999998,14.338803500000001],[122.7039124,14.338868300000001],[122.70422360000002,14.3387304],[122.7047465,14.338788],[122.70620830000001,14.338695899999998],[122.7085019,14.338949199999998],[122.7096546,14.3395364],[122.710641,14.339962400000003],[122.71115500000002,14.340084199999996],[122.71248299999999,14.3401351],[122.7130028,14.339985100000002],[122.71357039999998,14.3394213],[122.71410520000002,14.339064299999997],[122.7146756,14.3388916],[122.7148657,14.338788],[122.71519850000001,14.337970500000004],[122.71551930000001,14.337625099999999],[122.7159709,14.337337299999996],[122.7165557,14.337149799999997],[122.71660470000002,14.337042500000003],[122.7164936,14.336824900000003],[122.71610169999998,14.336761599999999],[122.71576890000001,14.336876699999998],[122.7155669,14.336853700000002],[122.7154243,14.336588899999999],[122.7153411,14.3362665],[122.7153114,14.335736799999998],[122.71548960000001,14.335230200000002],[122.7152757,14.334769700000003],[122.71524600000001,14.334464499999996],[122.71550750000002,14.333796699999997],[122.7157018,14.332623599999998],[122.7157273,14.332242299999997],[122.7156085,14.331724199999998],[122.7156204,14.331367299999997],[122.71552530000001,14.330987299999997],[122.7152876,14.3306534],[122.71495490000001,14.330515199999999],[122.714634,14.330250399999997],[122.7143844,14.329490499999999],[122.7141312,14.3293727],[122.71404019999999,14.329279300000001],[122.71384960000002,14.3289838],[122.71356439999998,14.3277288],[122.7134337,14.326496699999996],[122.7134337,14.3253913],[122.7135548,14.324414],[122.7134069,14.3242853],[122.7133394,14.324167299999997],[122.71331799999999,14.323486400000004],[122.7129584,14.322647799999999],[122.712781,14.3223073],[122.7124619,14.321967199999998],[122.7122572,14.3219004],[122.71164629999998,14.321904999999997],[122.71152710000001,14.321880699999996],[122.71146749999998,14.321838400000004],[122.7114499,14.3217375],[122.71152410000002,14.321521599999999],[122.71163460000001,14.321437999999999],[122.712074,14.3212471],[122.71215509999999,14.3210965],[122.71215530000002,14.320960199999996],[122.7120232,14.320658599999998],[122.71204550000002,14.320471999999999],[122.7121855,14.320364499999998],[122.71234010000002,14.3203145],[122.71254449999999,14.320149899999999],[122.7126551,14.320024499999999],[122.71283139999998,14.3197235],[122.7128971,14.319548000000001],[122.71291650000002,14.318535300000002],[122.7129622,14.318319399999998],[122.7130371,14.318235599999996],[122.7131708,14.318223399999999],[122.71327749999999,14.3182415],[122.71344669999999,14.3183388],[122.71354549999998,14.318498199999999],[122.71358260000001,14.3187793],[122.71366870000001,14.319036299999999],[122.7141591,14.319527199999998],[122.71415869999998,14.319893199999997],[122.7142102,14.320056599999997],[122.7146934,14.3197262],[122.71503799999999,14.319288599999998],[122.7153589,14.318678299999998],[122.7156322,14.317860800000002],[122.7160006,14.317089299999997],[122.7163096,14.3167208],[122.7173435,14.315788099999997],[122.717403,14.315362],[122.7171059,14.3152584],[122.71687990000001,14.315223399999999],[122.71678500000002,14.314936000000001],[122.7168198,14.3148178],[122.7168593,14.3143719],[122.7168955,14.3142716],[122.7170436,14.3141568],[122.7171908,14.3141211],[122.7173455,14.3140351],[122.7174855,14.3138846],[122.71760139999999,14.313657299999996],[122.7176028,14.313483699999999],[122.71753420000002,14.313295899999996],[122.717465,14.3131742],[122.71724779999998,14.3129303],[122.7171941,14.312798199999998],[122.7172332,14.3126857],[122.71746919999998,14.312416199999998],[122.71809920000001,14.311989399999998],[122.71842700000002,14.3116757],[122.71853150000001,14.311621899999997],[122.7188071,14.3116466],[122.71915250000002,14.3117223],[122.7198785,14.311726000000002],[122.72008080000002,14.3118518],[122.72044320000002,14.3119778],[122.7210795,14.311978599999998],[122.72135029999998,14.3118712],[122.7215345,14.311763799999996],[122.7220483,14.311289499999999],[122.7221939,14.311029999999999],[122.7223538,14.310568000000002],[122.72238320000001,14.309898799999997],[122.7220899,14.3089655],[122.72206220000001,14.308523900000003],[122.7218884,14.3082476],[122.721723,14.308103899999997],[122.72144870000001,14.3080237],[122.7212467,14.3080309],[122.7211424,14.308066599999998],[122.7210195,14.308221999999997],[122.72081080000001,14.308365299999998],[122.7207127,14.308365199999999],[122.72062690000001,14.3082813],[122.7206274,14.3079105],[122.72068900000001,14.3076833],[122.7207626,14.307635600000001],[122.72092210000001,14.307623799999998],[122.721057,14.3076957],[122.7211428,14.307683899999995],[122.7218343,14.307368399999993],[122.7220183,14.307350700000004],[122.72243489999998,14.307444899999998],[122.72253320000002,14.3076383],[122.7225553,14.307936399999999],[122.7226251,14.308086400000002],[122.72273700000001,14.308128299999996],[122.72312070000001,14.308151199999998],[122.7238679,14.308367699999998],[122.72410690000001,14.3085294],[122.72437170000002,14.308842599999997],[122.7245186,14.309076],[122.72475900000002,14.309685599999998],[122.72486899999998,14.3100805],[122.72502800000001,14.3104395],[122.7254871,14.311089000000003],[122.7261971,14.311723300000004],[122.72670810000001,14.3117809],[122.7271478,14.311757799999999],[122.7273974,14.311688700000001],[122.72756370000002,14.311815400000002],[122.727794,14.311932500000001],[122.72809240000001,14.311883299999996],[122.72838790000002,14.3116283],[122.7286326,14.311569],[122.7288441,14.3114555],[122.72914010000001,14.311185199999999],[122.72930149999999,14.310863899999996],[122.72940919999999,14.310450300000001],[122.7295368,14.310402600000002],[122.7296307,14.310450699999999],[122.7297702,14.310473799999999],[122.7301257,14.3102788],[122.73024350000001,14.310278999999998],[122.73069720000001,14.310521599999998],[122.73085050000002,14.310551699999996],[122.7309391,14.310534499999997],[122.7309734,14.310402299999996],[122.7309428,14.310282699999997],[122.73074340000001,14.310063399999999],[122.73068579999999,14.3098711],[122.7307231,14.309438800000004],[122.7307787,14.3092232],[122.7310351,14.308851699999998],[122.73134350000001,14.308615999999999],[122.73146619999999,14.3085638],[122.73194359999998,14.3082427],[122.7321206,14.307936699999999],[122.73218980000001,14.3075731],[122.73228799999998,14.3074967],[122.7325039,14.3075065],[122.7326901,14.3076694],[122.7328665,14.3079184],[122.7329415,14.308172799999998],[122.73308729999998,14.3083733],[122.73319670000001,14.308387499999997],[122.7333076,14.308349499999998],[122.73348970000002,14.308211800000004],[122.7338758,14.308041099999999],[122.73407580000001,14.307884499999998],[122.7343502,14.307445699999999],[122.73441200000002,14.307056999999999],[122.73450660000002,14.306762399999998],[122.7349094,14.306408800000002],[122.73496839999999,14.306274899999998],[122.73493920000001,14.3061026],[122.73498159999998,14.305843499999998],[122.73517539999999,14.305480800000002],[122.7353021,14.305355399999998],[122.73540940000001,14.305367799999999],[122.7356094,14.3055906],[122.7356804,14.305620899999997],[122.7358773,14.305547999999996],[122.73601999999998,14.305451899999998],[122.73607000000001,14.305324500000003],[122.7361935,14.3046069],[122.73619420000001,14.304021100000002],[122.7361104,14.303552699999997],[122.73578329999998,14.302897199999995],[122.7354676,14.3024979],[122.73513060000002,14.302235900000003],[122.73492370000001,14.302138499999996],[122.73456150000001,14.301828000000002],[122.73433589999999,14.3017225],[122.73408090000001,14.301664799999996],[122.7334753,14.301696499999998],[122.73300769999999,14.301613000000001],[122.7325562,14.301449400000001],[122.73239110000002,14.301361400000001],[122.73240259999999,14.301267099999997],[122.7326586,14.301108200000002],[122.7327177,14.3009456],[122.73271790000001,14.3007829],[122.7326004,14.300534000000003],[122.73263980000002,14.300466999999998],[122.73279679999999,14.300419300000001],[122.7330225,14.300438700000003],[122.7333529,14.300522899999999],[122.7335994,14.3004849],[122.73372980000002,14.300432699999996],[122.7341134,14.300193899999998],[122.73426069999998,14.3001593],[122.73443879999999,14.300179999999997],[122.73477460000001,14.300379899999996],[122.7348922,14.300417199999998],[122.7351136,14.300417899999998],[122.73527850000002,14.3003596],[122.73539610000002,14.3002452],[122.73548230000002,14.3000589],[122.7354968,14.2999423],[122.7356073,14.299846700000002],[122.7357959,14.2997597],[122.73647150000001,14.2991686],[122.7366385,14.299094300000002],[122.73703100000002,14.299082800000004],[122.73760739999999,14.299191099999998],[122.73781580000002,14.299322899999998],[122.7379382,14.2995383],[122.7379253,14.300124399999996],[122.7378643,14.300360899999996],[122.7375388,14.300901899999998],[122.7375466,14.3013538],[122.7376996,14.301588400000002],[122.73786819999998,14.3016484],[122.73801239999999,14.301628099999999],[122.73819000000002,14.301666799999998],[122.73833100000002,14.301916100000001],[122.73857610000002,14.302117299999997],[122.738576,14.302193899999999],[122.7385269,14.3022799],[122.7382199,14.302500999999998],[122.73809460000001,14.302681299999998],[122.7380258,14.302805699999999],[122.7380059,14.303025700000001],[122.7381202,14.303221800000001],[122.7383,14.303303599999998],[122.7383293,14.303380100000004],[122.7382898,14.303590599999996],[122.73817170000001,14.3039254],[122.73821070000001,14.304107300000002],[122.73840549999998,14.3043208],[122.73864210000002,14.3044618],[122.7387401,14.3045959],[122.73873990000001,14.3047298],[122.7388652,14.3052944],[122.73886500000002,14.305443900000002],[122.7388158,14.3055575],[122.7387053,14.3056889],[122.73861310000001,14.3058623],[122.738576,14.3061254],[122.7386063,14.306418499999998],[122.7387106,14.306588500000002],[122.7388146,14.30664],[122.73905380000001,14.306646199999994],[122.739747,14.306545299999998],[122.7401396,14.306444099999998],[122.7407041,14.306229399999996],[122.740882,14.306205699999998],[122.7410659,14.306265699999997],[122.74113329999999,14.306319599999998],[122.7411698,14.306612700000002],[122.7412372,14.306672500000001],[122.74156680000002,14.306761999999999],[122.74162389999998,14.3067539],[122.741803,14.306665699999996],[122.7420178,14.3065044],[122.7421037,14.306516499999999],[122.7421526,14.3066361],[122.74214010000001,14.306887299999998],[122.7420044,14.3075092],[122.74184790000001,14.307648799999997],[122.74175769999998,14.307891599999998],[122.74170930000001,14.3081416],[122.74170869999999,14.308669099999994],[122.741855,14.309446699999999],[122.7420202,14.309787799999999],[122.7421244,14.3099135],[122.7423971,14.3101085],[122.7424581,14.310429999999998],[122.7424117,14.310743899999999],[122.7422979,14.311046399999999],[122.74206029999999,14.311465399999998],[122.74181559999998,14.311695399999998],[122.74072510000002,14.3123378],[122.74052750000001,14.312570600000003],[122.74047779999998,14.3126688],[122.74054100000001,14.313185699999996],[122.74037470000002,14.313439],[122.7402657,14.313823499999998],[122.74057669999999,14.314325700000001],[122.7406242,14.314740200000001],[122.7408381,14.3152008],[122.7414442,14.3155981],[122.74224039999999,14.3159838],[122.74264450000001,14.316225699999999],[122.7429479,14.316650199999996],[122.743001,14.316882000000001],[122.7428822,14.317181399999997],[122.7429059,14.3174347],[122.74316740000002,14.317734100000001],[122.74328620000001,14.317734099999997],[122.7438091,14.3175499],[122.74426070000001,14.317595900000002],[122.7444418,14.317909199999999],[122.74479120000001,14.318394900000001],[122.7448613,14.318635099999998],[122.74492620000001,14.318747399999998],[122.74490690000002,14.318791499999998],[122.7449867,14.3190649],[122.7450225,14.319770100000001],[122.74507280000002,14.3198845],[122.7457505,14.3205613],[122.7460003,14.320934799999998],[122.74608840000002,14.321142999999998],[122.74617630000002,14.321530599999999],[122.74618950000001,14.3229445],[122.74623310000001,14.323418199999999],[122.7463505,14.323690999999998],[122.7467331,14.323906799999998],[122.7471065,14.3239448],[122.74761590000001,14.3242809],[122.74814519999998,14.3248987],[122.7484097,14.325315199999997],[122.7484773,14.326027899999996],[122.74857060000001,14.326248299999998],[122.7489538,14.326684099999992],[122.7490222,14.326923399999997],[122.74915949999999,14.327009699999996],[122.7493951,14.327019499999999],[122.7497876,14.327096500000003],[122.75002290000002,14.327240299999998],[122.7501614,14.3274444],[122.75065060000001,14.327671499999997],[122.75079760000001,14.3277865],[122.7508855,14.3281885],[122.7511209,14.3283514],[122.751327,14.3283517],[122.7515274,14.328271399999998],[122.7516766,14.328088],[122.75175949999999,14.3278324],[122.7520209,14.327648200000002],[122.7532806,14.3269803],[122.75501569999999,14.326450700000002],[122.75574060000001,14.326312500000006],[122.75601389999999,14.326439199999998],[122.75608170000001,14.3265552],[122.7561615,14.326597100000003],[122.75625540000001,14.326796999999996],[122.7564221,14.326940699999996],[122.75656929999998,14.326940899999999],[122.7567656,14.326893199999999],[122.75729469999999,14.326302699999996],[122.7578151,14.3260257],[122.75857750000002,14.325743599999996],[122.7587187,14.3255376],[122.7587706,14.325077600000002],[122.7589155,14.324700100000001],[122.7589366,14.3243334],[122.75882489999998,14.323916999999998],[122.7586418,14.323622899999998],[122.7581262,14.323238899999998],[122.758083,14.3230626],[122.75807659999998,14.3226624],[122.75791450000001,14.3223232],[122.7579069,14.322240799999996],[122.75802519999999,14.322014699999999],[122.7582901,14.321651499999996],[122.7585292,14.3214413],[122.75878700000001,14.321298],[122.7590809,14.3212088],[122.7594056,14.320942799999997],[122.75954690000002,14.320732399999997],[122.75998869999998,14.3204309],[122.76038790000001,14.3200556],[122.76069639999999,14.319546999999998],[122.7608627,14.319175599999996],[122.7608756,14.318809399999996],[122.7608415,14.3183298],[122.7606309,14.3177115],[122.7606452,14.3174895],[122.76087570000001,14.317020899999996],[122.76102309999999,14.316858399999996],[122.7612195,14.3167533],[122.76153360000002,14.3166867],[122.7617298,14.3167156],[122.7619161,14.316887999999997],[122.76199300000002,14.3172464],[122.761964,14.317454799999997],[122.76199549999998,14.317738100000001],[122.76208189999998,14.317845100000001],[122.76240800000001,14.317907699999997],[122.76256760000001,14.3179983],[122.7635314,14.318215000000002],[122.76383520000002,14.318153299999999],[122.7639876,14.318153399999996],[122.76403379999999,14.3182098],[122.7640163,14.318387399999999],[122.7638155,14.3188383],[122.7637588,14.3191003],[122.76377400000001,14.3193994],[122.7638725,14.3197493],[122.7640814,14.320076799999999],[122.7643565,14.320244299999999],[122.7648081,14.320417099999997],[122.76496420000001,14.320445399999999],[122.7658863,14.320463799999999],[122.7664542,14.320563600000002],[122.76676070000002,14.320665600000003],[122.76722049999998,14.320887300000003],[122.7673652,14.3209891],[122.76771669999998,14.321064799999998],[122.76783840000002,14.321180500000002],[122.7680285,14.3212499],[122.7681564,14.321263399999998],[122.7685278,14.321079099999999],[122.7692022,14.3209899],[122.76934180000002,14.3210302],[122.76963100000002,14.321272699999998],[122.76972620000001,14.3213121],[122.7698053,14.3213066],[122.77019150000001,14.321099299999997],[122.7708703,14.320829199999999],[122.77098900000001,14.320799099999997],[122.7716443,14.320799899999999],[122.7731566,14.320180999999994],[122.77363790000001,14.320065899999998],[122.77416080000002,14.3201522],[122.77445789999999,14.320071599999999],[122.77455290000002,14.3199334],[122.7746123,14.319657099999999],[122.77544790000002,14.318077100000002],[122.7754739,14.317904],[122.7763342,14.3160943],[122.7764082,14.3156905],[122.77652059999998,14.3154047],[122.77675270000002,14.315136199999998],[122.77689950000001,14.3150655],[122.77698470000001,14.314978499999997],[122.77707740000001,14.3149613],[122.77726279999999,14.314992599999998],[122.7773254,14.315013199999997],[122.77734959999998,14.315058399999996],[122.7771349,14.315148600000002],[122.7771133,14.3151838],[122.7770142,14.315193700000002],[122.7769249,14.315238899999997],[122.7768304,14.3153292],[122.7768304,14.3154052],[122.776706,14.315497299999999],[122.7766514,14.315600299999998],[122.7766585,14.316007199999996],[122.7766944,14.316017999999998],[122.77673860000002,14.3161429],[122.7766987,14.316188099999998],[122.77669570000002,14.316269200000002],[122.7766586,14.3162784],[122.7766488,14.316404399999996],[122.7766054,14.316414],[122.7766032,14.3169113],[122.77655890000001,14.3169565],[122.7765552,14.317499000000002],[122.7765155,14.3175442],[122.77655050000001,14.317589399999997],[122.77655290000001,14.317713599999998],[122.77651630000001,14.3179058],[122.77646830000002,14.317950999999997],[122.77648750000002,14.318131900000001],[122.7764238,14.318222199999997],[122.77640020000001,14.318357799999998],[122.7762998,14.318493400000001],[122.77627930000001,14.318577599999996],[122.77611069999999,14.318600799999999],[122.7763391,14.318705999999997],[122.7761934,14.318991099999998],[122.77594599999999,14.319270200000002],[122.7758901,14.3194716],[122.7758834,14.3199046],[122.77582920000002,14.3200816],[122.7757389,14.3202652],[122.77540170000002,14.3207127],[122.77487130000002,14.3211763],[122.7745963,14.3213388],[122.7744589,14.3214104],[122.7742764,14.3214007],[122.77397600000002,14.3214736],[122.77348499999998,14.3217075],[122.772948,14.321879200000001],[122.7725564,14.322056099999998],[122.77200490000001,14.3222365],[122.77159530000002,14.322241599999998],[122.77141379999999,14.322169699999998],[122.7711758,14.321972699999998],[122.7710266,14.321963999999998],[122.7708204,14.3220691],[122.77072130000002,14.322191199999999],[122.7706186,14.322479900000001],[122.77041719999998,14.3226711],[122.7702454,14.322776200000002],[122.76966400000002,14.322790199999998],[122.76947990000001,14.322717999999997],[122.76936220000002,14.322717899999999],[122.7692836,14.322770399999998],[122.76917080000001,14.3229191],[122.7690704,14.323287399999998],[122.7689415,14.323388899999998],[122.76849780000002,14.323596299999997],[122.76783849999998,14.324055699999997],[122.7674582,14.324124800000002],[122.76692189999999,14.324050500000002],[122.7665649,14.3239244],[122.7657113,14.323353299999999],[122.76459460000001,14.3224858],[122.7643022,14.322316999999998],[122.76331070000002,14.3221903],[122.7626299,14.3222572],[122.76236750000001,14.3224178],[122.76171820000002,14.3231921],[122.76123100000001,14.3240902],[122.76115969999998,14.325402900000006],[122.76111220000001,14.325805900000002],[122.7609339,14.326070699999997],[122.7599119,14.3267616],[122.7591928,14.327097599999998],[122.75814370000002,14.3276474],[122.7571865,14.327955799999994],[122.7559426,14.328269899999999],[122.7545879,14.3283966],[122.753245,14.329144999999999],[122.7517714,14.3300431],[122.75086819999999,14.330480700000003],[122.7500957,14.330630399999997],[122.7493352,14.330561300000001],[122.748325,14.329974000000002],[122.7475644,14.3292487],[122.7472792,14.3289263],[122.74706530000002,14.328557800000002],[122.74659,14.328315999999997],[122.7461384,14.327936],[122.7456749,14.3279015],[122.7449737,14.327924500000002],[122.74413,14.327878499999997],[122.74389230000001,14.327717299999996],[122.7437378,14.327532999999995],[122.7436665,14.3266925],[122.7438252,14.325547999999998],[122.7437434,14.325066200000002],[122.7434496,14.324520399999997],[122.7431703,14.324132600000002],[122.7431559,14.3238886],[122.7433331,14.323372],[122.74368859999998,14.321434699999996],[122.743707,14.320340199999999],[122.74316740000002,14.3193692],[122.74207410000001,14.319438299999998],[122.7407431,14.3200371],[122.74063579999999,14.320054399999997],[122.74040330000001,14.319963700000004],[122.74035620000001,14.3198754],[122.74057669999999,14.318632299999997],[122.7405054,14.316951099999999],[122.7399193,14.315979499999997],[122.7396095,14.3156277],[122.73917440000001,14.3148899],[122.7385445,14.313577200000001],[122.73847320000002,14.313300899999998],[122.738459,14.312870400000001],[122.73840960000001,14.3126108],[122.73823320000001,14.3123679],[122.7373442,14.311907499999998],[122.735633,14.311631199999999],[122.73311360000001,14.311608099999997],[122.73060200000002,14.311795299999996],[122.7299468,14.312004799999999],[122.7296032,14.312182699999997],[122.7292105,14.312477899999998],[122.7284844,14.3127011],[122.72589350000001,14.312512399999997],[122.725785,14.3123357],[122.7258762,14.312679],[122.72537710000002,14.312563899999997],[122.72479480000001,14.3120227],[122.7237371,14.311999599999996],[122.72252489999998,14.3123681],[122.72235859999999,14.312460299999998],[122.72238229999999,14.312621499999999],[122.7225487,14.312690600000002],[122.722822,14.3125869],[122.7229884,14.312667499999996],[122.7229884,14.312909300000001],[122.7226557,14.3136118],[122.7224536,14.314176],[122.7221565,14.3146596],[122.722002,14.314740199999997],[122.72187130000002,14.314728699999998],[122.7217049,14.3146021],[122.7215505,14.314613599999998],[122.7214554,14.3148439],[122.72144350000002,14.3152239],[122.7212415,14.315546299999996],[122.72096809999998,14.315788099999999],[122.7205997,14.315868699999996],[122.72031450000001,14.315765099999998],[122.7197797,14.314981999999999],[122.7191261,14.314325700000001],[122.71828240000002,14.314314199999997],[122.7179506,14.3145071],[122.7178872,14.314633599999999],[122.7178948,14.314769200000002],[122.71786010000001,14.3148144],[122.71785379999999,14.3149048],[122.71790140000002,14.3149501],[122.7179053,14.3151309],[122.7179495,14.3151762],[122.7179375,14.315311800000002],[122.718024,14.315522499999997],[122.71800950000001,14.315583099999998],[122.7180522,14.315628399999998],[122.7180715,14.316052499999998],[122.7180307,14.3161031],[122.71767320000001,14.316206299999997],[122.71751899999998,14.316327299999996],[122.7173097,14.3164395],[122.71726440000002,14.3164864],[122.717226,14.316576799999998],[122.7172428,14.316622000000002],[122.7171869,14.3166672],[122.71719790000002,14.316712400000002],[122.7171491,14.316757600000003],[122.7171503,14.316802799999996],[122.71705849999998,14.316963499999998],[122.7169821,14.317028599999997],[122.71696260000002,14.317095999999998],[122.71679790000002,14.317254399999998],[122.71679289999999,14.317299599999998],[122.71673,14.317366500000002],[122.71652100000001,14.3174792],[122.71642050000001,14.317660899999998],[122.71641879999999,14.317796499999998],[122.71639170000002,14.3178507],[122.71617279999998,14.317977],[122.7161671,14.318022199999998],[122.7162176,14.318112699999995],[122.71622610000001,14.3182936],[122.7161793,14.318383899999999],[122.7161594,14.3187908],[122.7162115,14.318836099999995],[122.71621440000001,14.319107299999997],[122.7162605,14.3191978],[122.7162614,14.319333399999998],[122.7163096,14.319378699999998],[122.7163083,14.319514300000003],[122.716357,14.319604799999997],[122.71635900000001,14.319695199999998],[122.71629610000001,14.3200568],[122.71631280000001,14.320147299999999],[122.71627350000001,14.3201924],[122.7162681,14.320328],[122.71621779999998,14.320373199999999],[122.71621770000002,14.320486999999998],[122.71617279999998,14.320554000000001],[122.7160738,14.320915500000002],[122.7160109,14.321009100000001],[122.71588320000001,14.321110599999999],[122.7157022,14.3212053],[122.71559000000002,14.3212227],[122.7150163,14.321157299999998],[122.71496630000001,14.321095000000001],[122.71496860000002,14.321004600000002],[122.7149231,14.3209594],[122.7149172,14.3208689],[122.7148023,14.320819],[122.7143805,14.320818699999998],[122.7143487,14.3209341],[122.7138482,14.320940699999998],[122.7137738,14.320972299999998],[122.7136809,14.3210797],[122.71348689999999,14.321428299999997],[122.71340560000002,14.321743899999994],[122.7133907,14.3218803],[122.71341529999998,14.3220581],[122.7134933,14.322228699999998],[122.71412650000002,14.322970999999999],[122.71414000000001,14.323083200000001],[122.7141765,14.323102999999998],[122.71419350000001,14.323218899999999],[122.7142248,14.3232366],[122.71423010000001,14.323309399999998],[122.71427230000002,14.323371],[122.714273,14.323445100000002],[122.7143203,14.323490300000001],[122.714316,14.323580799999998],[122.71436960000001,14.323625999999999],[122.7143688,14.3237164],[122.71441330000002,14.323761699999999],[122.7144007,14.323852099999998],[122.7144554,14.323960500000005],[122.71444220000001,14.3241234],[122.7144705,14.3241687],[122.7144733,14.324304500000004],[122.7145128,14.3243562],[122.7145156,14.324530399999999],[122.71455400000002,14.324575599999998],[122.7145489,14.324756499999998],[122.71459549999999,14.3248469],[122.71460180000001,14.324946999999996],[122.71460050000002,14.325208600000005],[122.71455470000001,14.3252538],[122.71455410000002,14.325379],[122.71451420000001,14.325434599999998],[122.71451510000001,14.325615399999997],[122.71447730000001,14.3256606],[122.71449109999999,14.3258866],[122.71458740000001,14.326112800000002],[122.71460090000001,14.3263389],[122.71464419999998,14.326384099999997],[122.7146428,14.326519700000002],[122.7146859,14.326580999999994],[122.71469270000001,14.326881499999999],[122.7147387,14.326926699999998],[122.71474040000001,14.3271076],[122.71477940000001,14.327122199999998],[122.71478780000001,14.327159199999999],[122.7147817,14.327288499999996],[122.7148309,14.327333699999999],[122.71482659999998,14.3273789],[122.7149683,14.327650399999996],[122.71560930000001,14.3281663],[122.7156275,14.328257799999996],[122.715708,14.3283294],[122.7156961,14.3283746],[122.7157565,14.328429499999999],[122.71585890000001,14.328625199999998],[122.71592160000002,14.328675300000004],[122.7159362,14.3287365],[122.7160183,14.328807],[122.71602489999998,14.328872299999999],[122.71612019999999,14.328962799999996],[122.7162626,14.3292342],[122.71635420000001,14.329324799999997],[122.71635279999998,14.329370000000003],[122.71640340000002,14.329415199999998],[122.71640130000002,14.329460400000002],[122.7164477,14.329505700000002],[122.71654770000002,14.3297319],[122.7167147,14.3298906],[122.71672539999999,14.329958099999999],[122.7167749,14.330003400000003],[122.7167843,14.330133600000003],[122.71681720000001,14.330152299999998],[122.7168203,14.330274700000002],[122.7168669,14.330319999999999],[122.71686460000001,14.330410399999996],[122.71690320000002,14.330429899999997],[122.71691320000001,14.3305461],[122.71695969999999,14.330591300000002],[122.71695420000002,14.3306818],[122.71700410000001,14.3307722],[122.7169895,14.330817400000003],[122.71704910000001,14.330907900000001],[122.7170154,14.330953099999999],[122.71706,14.330998299999997],[122.7171002,14.331314899999997],[122.7171429,14.331370699999997],[122.71714480000001,14.3316314],[122.7171905,14.331721799999997],[122.7171888,14.331947900000001],[122.71723609999998,14.3319932],[122.71723600000001,14.3322192],[122.71728159999999,14.332309700000001],[122.71727709999999,14.332580899999996],[122.71732750000001,14.3326262],[122.71732480000001,14.332806999999997],[122.71737340000001,14.332897499999996],[122.7173621,14.333078299999997],[122.71741480000001,14.3331236],[122.7174134,14.333304399999996],[122.71745890000001,14.333411399999996],[122.71745410000001,14.3335305],[122.7174057,14.333575700000004],[122.71741030000001,14.333620899999996],[122.71735440000002,14.333666000000001],[122.71736530000001,14.333711300000001],[122.71731529999998,14.333756399999999],[122.7173171,14.333801599999997],[122.7170508,14.334253399999998],[122.7170741,14.334389099999996],[122.7170553,14.334434199999999],[122.7171293,14.334615199999998],[122.7170846,14.334732700000002],[122.71705230000002,14.334750699999997],[122.7170837,14.3347959],[122.7170789,14.3348864],[122.71717389999999,14.334998100000002],[122.71717840000001,14.335112499999996],[122.71730620000001,14.335203099999998],[122.7172979,14.3352483],[122.7173411,14.335293599999996],[122.71734459999999,14.335384],[122.71741810000002,14.3355197],[122.71749910000001,14.335791],[122.7176571,14.336062500000002],[122.71777210000002,14.336198199999998],[122.7177699,14.336243499999998],[122.717825,14.3362887],[122.71781590000002,14.3363339],[122.71787090000001,14.3363792],[122.7178666,14.336786100000001],[122.7178418,14.336831299999997],[122.7179057,14.336905200000006],[122.7179097,14.337102599999996],[122.71796290000002,14.3371931],[122.71793200000002,14.337283500000002],[122.7179649,14.3372992],[122.71797500000001,14.337373899999996],[122.71793110000002,14.337419099999998],[122.7179607,14.337464299999999],[122.71787320000001,14.337630900000004],[122.7177906,14.3376902],[122.7177858,14.337825800000001],[122.7177369,14.337870900000002],[122.71772410000001,14.338028199999997],[122.71764919999998,14.338045600000001],[122.7175838,14.338117399999996],[122.71721559999999,14.338300800000003],[122.71709740000001,14.338322300000005],[122.71708210000001,14.338351399999997],[122.7168134,14.3384508],[122.71661800000001,14.338576699999999],[122.7164955,14.3385843],[122.7164362,14.338625399999998],[122.71631,14.338630900000002],[122.71625250000001,14.338672099999993],[122.71614330000001,14.338682800000003],[122.71600620000001,14.338884099999998],[122.7159368,14.338906699999999],[122.7158329,14.339031599999993],[122.7156928,14.339120899999996],[122.71540160000002,14.3391149],[122.71516280000002,14.338952900000002],[122.7150667,14.338952800000001],[122.71490210000002,14.3391334],[122.71485229999999,14.3392953],[122.7146946,14.339404399999996],[122.7146214,14.3394947],[122.7146305,14.339540000000003],[122.7145467,14.339611200000002],[122.71452590000001,14.339700499999998],[122.71445380000002,14.3397501],[122.7144249,14.339827999999999],[122.71421120000001,14.339981399999997],[122.7141273,14.3399915],[122.7140599,14.340059800000002],[122.71384420000001,14.3401267],[122.7137826,14.3402415],[122.71365639999999,14.3402991],[122.7136206,14.340354699999999],[122.7134538,14.340463199999997],[122.713199,14.3405311],[122.71239659999999,14.340878400000001],[122.71227300000001,14.3408841],[122.7120874,14.3409668],[122.7118555,14.3409667],[122.7114244,14.341105100000005],[122.71127000000001,14.3411013],[122.7110671,14.3410519],[122.7109596,14.341148699999996],[122.7107887,14.341234799999997],[122.71072009999999,14.341229600000002],[122.71067440000002,14.341162700000002],[122.7106891,14.341065400000003],[122.71074650000001,14.3410272],[122.71081540000002,14.340846400000002],[122.71070980000002,14.340833299999996],[122.7106571,14.340794200000001],[122.7103719,14.3407928],[122.71031290000002,14.340833499999995],[122.71019680000002,14.340835500000004],[122.7100439,14.3407551],[122.70995470000001,14.340745899999996],[122.7098946,14.3407867],[122.70976300000001,14.340793900000001],[122.7097227,14.340820299999997],[122.70958359999999,14.340792100000002],[122.7095253,14.340833199999999],[122.70942550000001,14.340844699999996],[122.7092587,14.3410337],[122.70911970000002,14.341009500000002],[122.7090146,14.3410584],[122.70875970000002,14.3410591],[122.70851700000001,14.340925499999997],[122.70819239999999,14.3409261],[122.708146,14.340955699999997],[122.7078958,14.340906],[122.7078733,14.340842799999999],[122.70774829999999,14.340797399999996],[122.7077458,14.340707000000002],[122.7075444,14.340615600000003],[122.7072187,14.3406157],[122.7071262,14.340697499999996],[122.70699070000002,14.340612299999998],[122.70659539999998,14.3405],[122.7065031,14.3404091],[122.70649840000002,14.340343799999996],[122.70641590000001,14.340253299999997],[122.7058286,14.340111699999996],[122.70549930000001,14.340111900000002],[122.70539349999999,14.340161599999998],[122.70519710000002,14.340359699999997],[122.70487980000001,14.340457000000002],[122.70471530000002,14.340461500000002],[122.70456230000002,14.340508799999995],[122.70425150000001,14.340503500000002],[122.703958,14.340400900000002],[122.7037039,14.340151399999998],[122.7033246,14.3401516],[122.70309079999998,14.340247400000003],[122.7030234,14.340317299999999],[122.70294370000002,14.34033],[122.702916,14.340393400000002],[122.70272140000002,14.3404196],[122.7025358,14.340544299999996],[122.7023039,14.340551099999999],[122.7019271,14.340648999999997],[122.7014228,14.3406454],[122.70133,14.3406789],[122.7012373,14.340646999999997],[122.70114450000001,14.340667100000001],[122.70086630000002,14.340645499999997],[122.7005883,14.340460399999996],[122.70031010000001,14.3404535],[122.70021740000001,14.3404886],[122.7000319,14.340493600000002],[122.6998138,14.340412600000002],[122.699661,14.340409999999997],[122.69945510000001,14.340219499999998],[122.6994327,14.340105799999998],[122.6993833,14.3400661],[122.69924420000001,14.340033299999998],[122.69891959999998,14.340043800000005],[122.69880960000002,14.3400914],[122.69873410000001,14.340090600000002],[122.6984925,14.340198099999997],[122.69843890000001,14.340243299999996],[122.6984276,14.340306400000001],[122.6983547,14.3403258],[122.6983092,14.340371799999998],[122.69829189999999,14.3404454],[122.69815860000001,14.340586699999998],[122.6979914,14.3406792],[122.6976908,14.340670999999997],[122.69760450000001,14.340619499999999],[122.69757419999999,14.340545400000002],[122.69751869999999,14.340504400000002],[122.6972497,14.340504400000002],[122.69704280000002,14.3406277],[122.6968496,14.340631100000001],[122.69662760000001,14.340485899999997],[122.6966164,14.340421799999996],[122.69649020000001,14.340393700000002],[122.69648549999998,14.3403312],[122.69642840000002,14.340285899999996],[122.69642089999999,14.340155600000001],[122.6963772,14.340059799999999],[122.69626049999998,14.339985],[122.6962483,14.339924],[122.69616500000001,14.339897300000002],[122.69615740000002,14.339833499999996],[122.69610320000001,14.3397882],[122.69610410000001,14.339742999999997],[122.69600899999999,14.339607299999997],[122.69601890000001,14.3394264],[122.6959659,14.339368399999998],[122.6959626,14.3392003],[122.69592190000002,14.339185499999997],[122.69587220000001,14.3390984],[122.69582590000002,14.3388385],[122.69577700000002,14.3387932],[122.6957744,14.3386576],[122.69573840000001,14.3386416],[122.6957221,14.338565499999998],[122.6956904,14.3385527],[122.6955972,14.338386099999997],[122.69560219999998,14.338340899999999],[122.69554879999998,14.338295599999997],[122.6955633,14.338250399999998],[122.6955024,14.338205099999998],[122.69550730000002,14.338159900000003],[122.69540930000001,14.3379682],[122.6954094,14.337888499999998],[122.69536510000002,14.3378433],[122.695377,14.337571999999998],[122.69535280000001,14.337381200000001],[122.6951535,14.336866600000004],[122.69512420000001,14.3367039],[122.69496750000002,14.336454899999994],[122.69504569999998,14.336261899999997],[122.6945466,14.3356314],[122.69451750000002,14.335401700000002],[122.6945669,14.3351338],[122.694626,14.334990400000002],[122.69483490000002,14.334895599999998],[122.6948648,14.334773799999997],[122.69484279999999,14.3343878],[122.694863,14.333966799999999],[122.69499069999999,14.333833],[122.695413,14.3336039],[122.69559949999999,14.333604100000002],[122.69546710000002,14.333409899999996],[122.6947788,14.3335739],[122.69439580000001,14.333795900000002],[122.6940337,14.333836999999999],[122.69410569999998,14.334192699999997],[122.69410530000002,14.334467800000006],[122.6939579,14.334611100000002],[122.69341019999999,14.3347512],[122.69326760000001,14.335075700000004],[122.69333450000002,14.335109700000002],[122.69335740000001,14.335218599999996],[122.6933971,14.335263800000003],[122.69339159999998,14.3353383],[122.69335100000002,14.3353994],[122.6933491,14.336032299999996],[122.69339369999999,14.336077599999996],[122.6933899,14.336168000000006],[122.693436,14.336213300000002],[122.69343800000001,14.336258499999994],[122.69352890000002,14.336348999999998],[122.6935309,14.336408700000002],[122.6935303,14.336484600000002],[122.6934379,14.3366202],[122.6934403,14.336665399999996],[122.69335220000002,14.336748399999998],[122.6933375,14.336824499999999],[122.69330550000001,14.336845999999996],[122.69330630000002,14.337252900000001],[122.69335010000002,14.337298200000001],[122.6933518,14.337433799999996],[122.69343800000001,14.337492200000002],[122.6934424,14.337659999999996],[122.6935243,14.3377244],[122.6935438,14.337807000000002],[122.6936606,14.337907800000004],[122.6937997,14.3381338],[122.6938103,14.3382029],[122.69385840000001,14.3382482],[122.6938587,14.338338599999998],[122.69395,14.338474399999999],[122.69394989999999,14.338600199999997],[122.6939057,14.3386552],[122.69390180000002,14.3388812],[122.6937095,14.339197399999998],[122.6937096,14.3392426],[122.69366070000001,14.3392878],[122.69366520000001,14.339378200000002],[122.693495,14.3395395],[122.693436,14.339682200000002],[122.69340209999999,14.339703099999996],[122.69338889999999,14.3399983],[122.6933483,14.3400559],[122.69334890000002,14.340191600000002],[122.6933896,14.340248299999997],[122.6933872,14.340539899999996],[122.69330369999999,14.3406436],[122.69329710000001,14.340869599999996],[122.6932503,14.340914800000002],[122.6932534,14.340959999999997],[122.69316450000001,14.341136999999996],[122.69304980000001,14.3412513],[122.6929826,14.341272600000003],[122.6928436,14.341209999999997],[122.69235920000001,14.341205000000002],[122.69207230000002,14.3410777],[122.6920422,14.341003599999999],[122.6918862,14.3408523],[122.6917824,14.340682400000002],[122.69159230000001,14.340682599999996],[122.69152030000001,14.340751999999998],[122.69144589999999,14.3407698],[122.6914221,14.3409276],[122.69130849999999,14.340952399999997],[122.691067,14.341168999999997],[122.69084970000002,14.3412212],[122.6908228,14.341292400000004],[122.69071140000001,14.341353299999996],[122.6906084,14.3414792],[122.6905978,14.341570399999998],[122.6905607,14.341589399999998],[122.6905601,14.341770199999996],[122.69060250000001,14.341829699999998],[122.69059950000002,14.341951099999998],[122.69064249999998,14.341996400000001],[122.69064690000002,14.342538900000003],[122.69070279999998,14.3425899],[122.69092900000001,14.342640899999997],[122.69112580000001,14.342728199999996],[122.69146239999999,14.3427995],[122.6916561,14.342927100000002],[122.69187499999998,14.343120700000005],[122.6919277,14.343173500000002],[122.6919526,14.343264000000001],[122.6920269,14.343334099999998],[122.6920899,14.343535400000002],[122.6920459,14.3435805],[122.6920344,14.343716200000003],[122.6919648,14.343851699999998],[122.6920224,14.344077799999999],[122.6919362,14.3441229],[122.69194370000001,14.344168099999996],[122.6918928,14.3442133],[122.6918741,14.344312],[122.691774,14.3443939],[122.6917077,14.344511499999998],[122.69159890000002,14.344586199999998],[122.6914869,14.344612499999997],[122.6913828,14.3446918],[122.69097600000002,14.344701600000002],[122.6909249,14.3447545],[122.69090890000001,14.344862400000004],[122.69081160000002,14.344948299999999],[122.69070540000001,14.345003499999999],[122.6906126,14.345005500000001],[122.69055730000001,14.345061799999996],[122.6901166,14.3452648],[122.6899631,14.345236400000001],[122.68990140000001,14.345280799999998],[122.6898176,14.345289399999997],[122.68979669999999,14.345359499999997],[122.68949900000001,14.345505699999999],[122.68946090000001,14.3455744],[122.6893133,14.3456842],[122.6888494,14.345814599999997],[122.6887567,14.3457771],[122.6885249,14.3457825],[122.6884986,14.345856099999997],[122.688465,14.345868499999998],[122.68827799999998,14.345912000000004],[122.68810740000002,14.345914199999994],[122.6880444,14.345955300000002],[122.68769,14.345956799999998],[122.68753330000001,14.346015900000001],[122.68741150000001,14.346138199999999],[122.68734729999998,14.346106099999997],[122.6873189,14.346050199999999],[122.68713340000001,14.346047800000003],[122.68705839999998,14.3462137],[122.686946,14.346239600000002],[122.68680780000001,14.346330799999995],[122.68683370000001,14.346376699999999],[122.6867951,14.3464543],[122.6866982,14.346540600000003],[122.6865226,14.346549999999999],[122.6864114,14.346667699999998],[122.68615869999998,14.346669099999996],[122.6860742,14.3465938],[122.6860197,14.346592199999998],[122.68581080000001,14.346714299999997],[122.6855094,14.346735999999998],[122.68543249999999,14.346887699999998],[122.68531700000001,14.3469106],[122.6852046,14.347027099999996]],[[122.6811118,14.3413491],[122.68111600000002,14.3413467],[122.681101,14.341339300000001],[122.6811118,14.3413491]]],[[[122.6069549,14.343037999999998],[122.60687170000001,14.343912999999997],[122.60653900000001,14.344891599999997],[122.6062775,14.345985399999998],[122.60647950000002,14.346998600000001],[122.6064082,14.346940999999998],[122.6061587,14.346054500000001],[122.6063013,14.345329199999997],[122.60665780000001,14.344212399999996],[122.60682420000002,14.3434525],[122.6067647,14.342865299999998],[122.60662210000001,14.342657999999997],[122.606432,14.342473799999999],[122.60614680000002,14.342738599999995],[122.6061587,14.343118599999997],[122.6060398,14.344223899999998],[122.60580209999999,14.344995299999997],[122.6053268,14.3460775],[122.60501780000001,14.346687699999997],[122.6048158,14.346802899999998],[122.6045662,14.346837400000002],[122.6050297,14.346399899999998],[122.6055169,14.345179499999999],[122.6057903,14.344649899999997],[122.6059448,14.3437864],[122.6059685,14.342347199999999],[122.6060279,14.3420824],[122.6062775,14.3419787],[122.6064201,14.3419787],[122.6066934,14.3423126],[122.6069549,14.343037999999998]]],[[[122.4722492,14.339606099999997],[122.471971,14.339827099999999],[122.47135610000001,14.3402014],[122.47109869999998,14.340163999999998],[122.47095879999999,14.340083299999996],[122.47060540000001,14.3395786],[122.4704582,14.3395543],[122.470311,14.339554],[122.4702212,14.339674599999997],[122.470052,14.339821400000002],[122.46959850000002,14.339970999999998],[122.46936540000002,14.3399825],[122.4690829,14.3398487],[122.4689495,14.3398444],[122.46876290000002,14.339751499999998],[122.46848370000001,14.3392867],[122.46825860000001,14.3390446],[122.4681805,14.338843499999996],[122.4682498,14.338604400000001],[122.4684849,14.3380625],[122.4686389,14.337922499999996],[122.46874170000001,14.3379097],[122.46881849999998,14.3377804],[122.46890520000001,14.337445699999998],[122.4689182,14.337140699999997],[122.46847520000001,14.334832299999999],[122.4684453,14.334753499999998],[122.46786200000001,14.3339256],[122.4676788,14.333554399999997],[122.46755780000001,14.332860399999996],[122.4674362,14.332393699999999],[122.4670199,14.332069799999998],[122.466689,14.3319375],[122.466456,14.331913099999998],[122.4663882,14.331877899999997],[122.46639579999999,14.3316638],[122.46650280000001,14.331237699999999],[122.4666097,14.3309959],[122.4666097,14.3306966],[122.46646710000002,14.330374199999998],[122.4663245,14.330282099999998],[122.4661106,14.330259],[122.4657976,14.330153199999998],[122.465651,14.329937699999995],[122.4656269,14.329758199999999],[122.46559079999999,14.329435199999997],[122.4656773,14.3291962],[122.46589860000002,14.328993300000002],[122.4660828,14.3288981],[122.4661444,14.328766599999998],[122.4659369,14.328359500000001],[122.4652258,14.3281904],[122.46457550000001,14.328212899999999],[122.46367879999998,14.328725200000001],[122.46308929999998,14.328999000000001],[122.4628435,14.3290241],[122.4626056,14.3288802],[122.4619871,14.328207000000003],[122.4616081,14.327691900000001],[122.4614122,14.3275359],[122.4613504,14.3277032],[122.4614353,14.328134],[122.4611641,14.328659699999996],[122.46099140000001,14.329065999999996],[122.4605123,14.329351899999999],[122.4603771,14.329471199999999],[122.46033979999999,14.329686499999998],[122.4603392,14.329913699999999],[122.46071839999999,14.330369099999997],[122.4608643,14.330943499999998],[122.4606424,14.3313736],[122.46037189999998,14.331660099999999],[122.460261,14.3318632],[122.46032089999999,14.3324613],[122.45997670000001,14.332747599999996],[122.459682,14.332878499999998],[122.459363,14.3328778],[122.4589589,14.3325898],[122.4588737,14.332229500000004],[122.4584749,14.331602499999997],[122.45847519999998,14.331473299999999],[122.4585491,14.331358699999997],[122.45881410000001,14.3313593],[122.45915250000002,14.331446099999999],[122.45943220000001,14.3314468],[122.4597269,14.331318299999998],[122.4598893,14.331132100000001],[122.45996350000001,14.3308595],[122.46000850000001,14.3305295],[122.4598172,14.330500399999998],[122.45952249999999,14.330628899999999],[122.4591697,14.330412799999998],[122.45864100000001,14.329894799999998],[122.4583027,14.3297505],[122.4581765,14.3297571],[122.45799710000001,14.329959799999997],[122.4579335,14.330266399999996],[122.4578446,14.330495899999997],[122.4575206,14.330552499999996],[122.45712320000001,14.330508599999998],[122.4562704,14.3301191],[122.45542380000002,14.329668100000001],[122.4543613,14.328177000000002],[122.45403869999998,14.327673899999995],[122.45394149999998,14.327218399999996],[122.4540027,14.326909099999998],[122.4540925,14.3267339],[122.4543209,14.326612399999997],[122.4545864,14.3263978],[122.45452800000001,14.326225399999997],[122.45402780000002,14.326080699999999],[122.4538296,14.3258506],[122.45359949999998,14.3254111],[122.45348659999999,14.324672799999997],[122.45359130000001,14.323955400000001],[122.45388500000001,14.323363499999997],[122.45412269999999,14.323247000000002],[122.45460240000001,14.323356999999998],[122.4550328,14.3218796],[122.4551957,14.3214925],[122.455402,14.321392499999996],[122.45568250000001,14.321048599999997],[122.45593440000002,14.320388999999999],[122.4560531,14.319972999999996],[122.4562593,14.319944799999998],[122.4563619,14.3201172],[122.45619880000001,14.3205905],[122.456213,14.320834599999998],[122.456669,14.320979099999999],[122.4577877,14.3209817],[122.4577145,14.320794900000001],[122.45742050000001,14.320636399999996],[122.45700919999999,14.320291],[122.45671600000001,14.319787900000001],[122.4566725,14.319486399999999],[122.45692399999999,14.3189703],[122.45695379999998,14.318841199999998],[122.45693929999999,14.318740699999998],[122.45677750000002,14.318711599999999],[122.4565423,14.3185388],[122.4563812,14.318237],[122.456249,14.318093200000002],[122.4561779,14.3180641],[122.45611360000001,14.317932199999998],[122.45616369999999,14.317745600000002],[122.4563004,14.3175268],[122.45650840000002,14.3169914],[122.4566569,14.316409899999998],[122.4566985,14.3157593],[122.456811,14.3155569],[122.4569565,14.315394399999995],[122.4574888,14.3150166],[122.45747099999998,14.314832399999997],[122.45735210000001,14.314786299999996],[122.4568233,14.315172],[122.45653210000002,14.315506],[122.4563717,14.3159378],[122.4562632,14.3165141],[122.4561645,14.316707600000003],[122.4555882,14.317445800000002],[122.45507109999998,14.318205299999999],[122.4544407,14.319219699999998],[122.45423070000001,14.319369],[122.45383150000002,14.319494299999999],[122.45350789999999,14.319421699999996],[122.4531258,14.3191482],[122.4529203,14.318918000000002],[122.452803,14.318702500000002],[122.4526118,14.318630299999999],[122.45225790000002,14.318887799999999],[122.4519047,14.318887],[122.45147820000001,14.318713799999998],[122.4511985,14.318727499999996],[122.45080080000001,14.318827000000002],[122.45047730000002,14.318668399999996],[122.4500799,14.318667500000002],[122.4498729,14.3190402],[122.44960720000002,14.319341],[122.44878199999998,14.3197122],[122.4485171,14.3196829],[122.4483848,14.3195965],[122.4484,14.3193956],[122.44828299999999,14.3190939],[122.44781220000002,14.318992300000001],[122.4475324,14.319020399999998],[122.4473857,14.318819100000002],[122.4471796,14.3188186],[122.44678190000002,14.318946900000002],[122.4465163,14.319190299999999],[122.44628009999998,14.319476799999999],[122.44599940000002,14.319878],[122.4457773,14.3204229],[122.44571740000002,14.320824700000001],[122.4455642,14.320874000000002],[122.44508530000002,14.3208564],[122.4449195,14.320931399999997],[122.4446394,14.321131699999999],[122.4444953,14.321335899999998],[122.4444581,14.321493699999998],[122.44435479999999,14.321611900000002],[122.4439936,14.321822699999998],[122.443942,14.3218836],[122.44396019999999,14.321951799999995],[122.44400790000002,14.321995],[122.44421379999999,14.322063699999996],[122.44432440000001,14.322002899999998],[122.4443909,14.321888199999998],[122.4445567,14.3217989],[122.44485490000001,14.321785299999998],[122.44487380000001,14.321568999999997],[122.44517090000001,14.3215697],[122.44517050000002,14.321770700000002],[122.44509600000002,14.322115],[122.4451818,14.322531199999998],[122.4450455,14.3225618],[122.4448235,14.322444100000002],[122.44417470000002,14.322484800000002],[122.4435826,14.322717900000002],[122.4432735,14.322731500000002],[122.4425688,14.321969099999997],[122.44232930000001,14.3216491],[122.4422766,14.3214568],[122.442409,14.321107600000001],[122.4428215,14.320964999999998],[122.4429838,14.3208075],[122.44295570000001,14.320262000000001],[122.44232560000002,14.319083600000003],[122.44232660000002,14.3186817],[122.442504,14.318394999999999],[122.44263720000001,14.318093899999997],[122.44285880000001,14.3177787],[122.44285949999998,14.317491599999999],[122.44266859999999,14.317318999999996],[122.44252229999998,14.316931099999996],[122.4424348,14.3166007],[122.44250890000002,14.316414299999998],[122.4425394,14.3159838],[122.44236350000001,14.315667600000001],[122.442055,14.315422900000002],[122.4412608,14.315148300000002],[122.4406136,14.314960199999998],[122.4404219,14.315103299999999],[122.4402447,14.315318199999998],[122.43996480000001,14.3154036],[122.43962610000001,14.315460199999997],[122.43954410000002,14.315569700000001],[122.4387555,14.3156962],[122.4380592,14.315619300000002],[122.43780819999999,14.315447599999999],[122.43752649999999,14.315404600000003],[122.43706620000002,14.315500200000002],[122.4358009,14.3160004],[122.43549540000001,14.316270199999995],[122.43500150000001,14.316352799999999],[122.4348241,14.316297800000001],[122.4345825,14.316041399999996],[122.4342378,14.315903199999997],[122.43358,14.3157365],[122.43264540000001,14.315546299999996],[122.43270989999999,14.315478599999997],[122.4328546,14.315404600000004],[122.4332087,14.315446099999999],[122.4334321,14.3153073],[122.43392389999998,14.3147494],[122.43418989999999,14.3143482],[122.4342645,14.3139608],[122.4343615,14.3136633],[122.4345876,14.313278599999997],[122.4347703,14.3131554],[122.4358891,14.312973299999998],[122.43617370000001,14.31273],[122.43622620000001,14.312357899999999],[122.4361826,14.312113799999999],[122.4363154,14.3119849],[122.4364774,14.311970999999998],[122.4369331,14.312230399999997],[122.4372421,14.312274199999997],[122.4374631,14.312174300000002],[122.43758130000002,14.312016699999997],[122.4377288,14.311887799999997],[122.43792020000001,14.311859599999996],[122.4386842,14.312435499999998],[122.43890449999999,14.312651299999995],[122.4389335,14.3128093],[122.43878530000002,14.313196499999998],[122.43828380000001,14.313625899999998],[122.43819500000001,14.313819399999998],[122.43815110000001,14.314107],[122.4383259,14.3144728],[122.4385758,14.3146026],[122.43895829999998,14.3146609],[122.4394003,14.3145327],[122.43972480000001,14.314232099999998],[122.43988760000002,14.3139024],[122.44021240000001,14.3135012],[122.44080180000002,14.313272999999999],[122.44127290000002,14.313230999999998],[122.441607,14.313259],[122.4422359,14.3130794],[122.4424669,14.3129515],[122.44292900000002,14.312791499999996],[122.4435562,14.3127276],[122.44391919999998,14.312727599999999],[122.4441503,14.312887500000002],[122.4443378,14.313220599999998],[122.44435740000002,14.313456599999997],[122.44463680000001,14.3135577],[122.44518139999998,14.3135734],[122.44546090000001,14.313631399999998],[122.4458438,14.313589300000002],[122.44649069999998,14.313877799999998],[122.4467994,14.3140651],[122.4473507,14.314324799999998],[122.4475641,14.314368299999998],[122.44788789999998,14.314383399999999],[122.4484332,14.314083299999998],[122.448978,14.3140128],[122.4490808,14.314142199999997],[122.44910980000002,14.314328899999998],[122.44921270000002,14.314372199999998],[122.4494776,14.314372799999997],[122.44959520000002,14.314459199999996],[122.44960960000002,14.314574],[122.4495355,14.314774799999999],[122.44954999999999,14.315075800000002],[122.44960810000002,14.315219899999999],[122.4497992,14.315292099999999],[122.4502114,14.315307399999995],[122.45040290000001,14.315221699999997],[122.4509572,14.314802],[122.4513608,14.3144302],[122.4515316,14.314140699999998],[122.4517436,14.313608199999994],[122.4520709,14.313302299999997],[122.45260129999998,14.3131169],[122.4529551,14.312916799999998],[122.453117,14.3129172],[122.4532344,14.313075299999996],[122.452983,14.313519699999999],[122.4529824,14.313778000000001],[122.45301140000001,14.313978999999998],[122.4532167,14.314280900000002],[122.45333420000001,14.3143817],[122.45389340000001,14.3144547],[122.4542168,14.3146277],[122.45461440000001,14.314585599999997],[122.454679,14.314460200000001],[122.45460089999999,14.3140832],[122.45463090000001,14.313853599999996],[122.4548815,14.313681899999999],[122.4552351,14.3135679],[122.45549980000001,14.313640299999996],[122.4558083,14.3139281],[122.45594010000002,14.314215399999998],[122.45608990000001,14.314452699999997],[122.4562065,14.314526899999999],[122.45674780000002,14.314595499999996],[122.4571209,14.314519799999996],[122.45733730000002,14.314309799999997],[122.45768189999998,14.3138322],[122.4579404,14.313269400000001],[122.4579404,14.313070600000001],[122.45785130000002,14.312932399999998],[122.4573105,14.3127942],[122.45688869999998,14.312863300000002],[122.45647870000002,14.3128806],[122.4561816,14.312828699999999],[122.45598550000001,14.3127222],[122.45579529999999,14.312555299999998],[122.4557597,14.312376800000001],[122.4557775,14.3121925],[122.45591419999998,14.311944899999999],[122.4561519,14.311691599999998],[122.457094,14.3112285],[122.45719160000002,14.311147299999998],[122.45742260000002,14.311062899999998],[122.4578653,14.3110002],[122.45838599999999,14.310762200000001],[122.4587915,14.3104561],[122.458953,14.310181699999996],[122.45900350000001,14.309862299999999],[122.45893000000001,14.309315299999996],[122.4587908,14.309102],[122.45866359999998,14.3089773],[122.45830119999998,14.3088358],[122.45852970000001,14.3086784],[122.45906829999998,14.3081042],[122.45919640000001,14.3082085],[122.45951679999999,14.308340999999997],[122.4603978,14.308338199999998],[122.4609765,14.308174],[122.4614939,14.308078700000001],[122.4616912,14.308057300000003],[122.4622538,14.3081373],[122.46249970000001,14.308117199999998],[122.46266440000001,14.3079621],[122.4629727,14.307962099999997],[122.46330280000001,14.308281900000003],[122.46333580000001,14.308793699999999],[122.4635338,14.3090815],[122.4637979,14.309241399999996],[122.464161,14.309337399999999],[122.464557,14.309369400000003],[122.4649201,14.3095293],[122.4649861,14.310040999999998],[122.4649861,14.310552699999997],[122.4649201,14.310680699999997],[122.4647221,14.310904600000002],[122.46449099999998,14.310968500000001],[122.464227,14.310968499999996],[122.46373189999998,14.311032499999998],[122.46327990000002,14.3112243],[122.46316180000001,14.311360399999998],[122.46314319999999,14.311460899999998],[122.4631754,14.3118269],[122.4633162,14.312288699999998],[122.46364459999998,14.312610199999996],[122.4637399,14.312768299999998],[122.4637613,14.3130339],[122.4639173,14.313420199999998],[122.46449459999998,14.314183799999995],[122.46467150000001,14.314667499999999],[122.46483930000001,14.3150047],[122.46499580000001,14.315234699999998],[122.4649855,14.315425999999997],[122.46487709999998,14.3156076],[122.4646707,14.315779299999999],[122.4645228,14.3160756],[122.4644239,14.316381599999998],[122.46429569999998,14.3166493],[122.4641482,14.3167638],[122.46353930000001,14.316963299999996],[122.4631557,14.3173356],[122.46299809999998,14.317593599999999],[122.46298380000002,14.317669400000002],[122.4630983,14.318046799999996],[122.46346680000002,14.318589799999996],[122.463574,14.318877199999998],[122.4637207,14.319078399999999],[122.46388720000002,14.3192319],[122.4640143,14.319423599999999],[122.4641011,14.320084],[122.46406850000001,14.3203901],[122.4638715,14.320667199999997],[122.4636546,14.321097299999998],[122.4635267,14.321221399999999],[122.4632814,14.321220799999999],[122.4630854,14.321124699999999],[122.4628602,14.320894599999999],[122.46270330000002,14.3208464],[122.4623401,14.320893399999997],[122.46203540000002,14.321093600000003],[122.46172050000001,14.321447000000001],[122.4614251,14.321848199999998],[122.46091439999998,14.3220384],[122.46072799999999,14.322028400000002],[122.4605025,14.321913100000002],[122.4602178,14.321960299999997],[122.4599229,14.322150999999998],[122.4597554,14.322437600000002],[122.4597942,14.322648200000001],[122.459892,14.322772899999997],[122.460931,14.323301499999998],[122.4611076,14.323330599999997],[122.4614807,14.323264499999997],[122.46163760000002,14.323293499999998],[122.4619021,14.323475899999998],[122.46235320000001,14.3236301],[122.4625985,14.3236402],[122.46309870000002,14.323765699999997],[122.4634221,14.323957799999997],[122.4636182,14.324015700000002],[122.463824,14.324159699999996],[122.4642644,14.324667799999999],[122.46447809999998,14.3248334],[122.46509720000002,14.324906099999998],[122.4653299,14.3250741],[122.4653786,14.325193800000001],[122.46540180000001,14.325779999999998],[122.46553640000002,14.325935799999996],[122.46587979999998,14.3259604],[122.46612520000001,14.325925100000001],[122.466308,14.3256898],[122.4664334,14.3253038],[122.4665934,14.325053000000002],[122.46688860000002,14.324742700000002],[122.4671588,14.3245998],[122.4676007,14.324457199999998],[122.46788290000002,14.324457899999999],[122.46809119999999,14.324542100000002],[122.46824900000001,14.325284],[122.4687016,14.3258113],[122.46883650000001,14.325847499999998],[122.46926600000002,14.325776699999997],[122.4695117,14.325597800000002],[122.4698562,14.3251919],[122.46990630000002,14.324761400000003],[122.46985800000002,14.324426400000002],[122.4696868,14.324186800000001],[122.46949080000002,14.3240787],[122.46849620000002,14.323852299999995],[122.46835079999998,14.3237173],[122.4682709,14.323402799999998],[122.4684189,14.3228579],[122.468716,14.322346199999998],[122.4692111,14.3218025],[122.4692441,14.321194899999998],[122.46937610000002,14.320970999999998],[122.46967320000002,14.320843099999996],[122.4700363,14.320619199999998],[122.47013530000001,14.320139499999996],[122.47016830000001,14.319691699999996],[122.47033330000001,14.3193079],[122.47069639999998,14.319084099999998],[122.4712245,14.319052099999999],[122.47148860000001,14.3189561],[122.4716206,14.3188602],[122.47201670000001,14.3188602],[122.4721817,14.3190521],[122.4724788,14.3191161],[122.4727098,14.319211999999998],[122.4729739,14.319403899999998],[122.47310589999998,14.319627799999996],[122.4731938,14.3199257],[122.47275,14.321678699999998],[122.47250309999998,14.3229386],[122.4726827,14.324316599999998],[122.472829,14.3246901],[122.47287270000001,14.324905500000002],[122.4728125,14.325465099999997],[122.47284149999999,14.325651799999996],[122.4729737,14.3257813],[122.47344210000001,14.325802599999996],[122.47373670000002,14.325658900000002],[122.47393120000001,14.325510699999997],[122.4741521,14.3254394],[122.4744908,14.325382699999997],[122.4748734,14.325455299999998],[122.47506430000001,14.325642400000001],[122.47525490000001,14.325984999999992],[122.4754163,14.3262029],[122.47557800000001,14.326332399999997],[122.4757692,14.3264046],[122.4760341,14.3264052],[122.4762404,14.326319599999998],[122.47629980000002,14.326089999999999],[122.47674290000002,14.325473799999997],[122.47680240000001,14.3252013],[122.4769081,14.3240676],[122.4770265,14.323780799999998],[122.477174,14.3236519],[122.47750080000002,14.323628299999998],[122.4778862,14.3238035],[122.47804149999999,14.324070099999997],[122.47805250000002,14.3244001],[122.47824649999998,14.3245585],[122.4783789,14.3245875],[122.4786287,14.3247747],[122.4785985,14.3251047],[122.4783032,14.325505999999997],[122.4781847,14.325807099999999],[122.4781398,14.326122799999998],[122.4782322,14.3264079],[122.4785892,14.326591699999996],[122.47881530000001,14.326856300000001],[122.4788223,14.3270142],[122.4786816,14.3280619],[122.4785489,14.3282949],[122.47836970000002,14.328373599999997],[122.47771929999999,14.328491700000002],[122.47757800000001,14.3285811],[122.4774119,14.328745299999998],[122.47732560000001,14.329005199999997],[122.4771388,14.329320699999995],[122.4772934,14.329291799999996],[122.4775311,14.329326400000001],[122.4776975,14.329441500000005],[122.47694880000002,14.3301669],[122.4765091,14.330880799999997],[122.4764927,14.3315492],[122.4765576,14.332185099999998],[122.476655,14.332520300000002],[122.4768877,14.332652299999996],[122.4774397,14.332677499999997],[122.47771860000002,14.3340895],[122.47788399999999,14.3346058],[122.47785360000002,14.334841899999997],[122.4776399,14.3351568],[122.4771391,14.335368],[122.4770405,14.335571099999996],[122.47715050000001,14.335726899999997],[122.47730970000002,14.335834900000002],[122.47765200000002,14.33635],[122.47769109999999,14.336532199999997],[122.47743300000002,14.3367111],[122.4773212,14.3373328],[122.4769897,14.337439699999997],[122.4768665,14.3376787],[122.4768539,14.337822200000002],[122.47692630000002,14.338348599999996],[122.47726590000002,14.3387701],[122.4772596,14.3389709],[122.4770795,14.339101800000002],[122.47688939999999,14.3391823],[122.4767468,14.3391478],[122.476521,14.338882999999997],[122.47632710000002,14.3388025],[122.4761775,14.338526400000001],[122.47599350000002,14.338514000000004],[122.47573560000001,14.3386331],[122.4752568,14.3387875],[122.4750115,14.338774999999993],[122.4747251,14.338671999999999],[122.4745827,14.338510899999998],[122.4744651,14.338564099999996],[122.4743957,14.3386524],[122.47437739999998,14.339025500000004],[122.47424130000002,14.339163799999998],[122.47383280000001,14.339179099999997],[122.4727406,14.339356000000002],[122.4722492,14.339606099999997]],[[122.4697259,14.339427699999998],[122.47040709999999,14.339045700000002],[122.4707835,14.338941499999999],[122.47112410000001,14.3389241],[122.4717873,14.338524699999997],[122.47209209999998,14.338524699999997],[122.4722713,14.3386636],[122.47273739999999,14.338750399999997],[122.4729704,14.338733100000002],[122.47309589999999,14.338611499999999],[122.4731855,14.338437800000003],[122.47327509999998,14.338333599999997],[122.4733289,14.3376737],[122.47331100000001,14.3374132],[122.4732239,14.3373409],[122.47322550000001,14.336656499999997],[122.47337220000001,14.336102699999996],[122.47363950000002,14.335911000000001],[122.47403739999999,14.335696599999997],[122.47436139999999,14.335654299999998],[122.4744941,14.3355828],[122.47453849999998,14.335468099999996],[122.47449519999999,14.3350948],[122.4742457,14.3347641],[122.47346679999998,14.334217],[122.47337879999999,14.334058899999999],[122.4730117,14.333656199999998],[122.4726742,14.3332105],[122.47235120000002,14.332851],[122.47205069999998,14.332421699999996],[122.47195549999999,14.332053500000002],[122.47182479999998,14.331313999999997],[122.47169330000001,14.330897499999999],[122.47148470000002,14.330550900000002],[122.4713343,14.3302083],[122.4712689,14.32982],[122.4712998,14.329174200000002],[122.47127080000001,14.328987599999998],[122.4710652,14.328800500000002],[122.47080009999999,14.3288286],[122.47052020000001,14.328928500000002],[122.47028470000001,14.328927999999998],[122.46993150000002,14.328884099999996],[122.4690634,14.3287099],[122.46882470000001,14.328798699999998],[122.4684073,14.329131899999998],[122.46826700000001,14.329325300000002],[122.468002,14.329339099999999],[122.4676127,14.3290513],[122.4673697,14.3290147],[122.4671784,14.329021500000001],[122.4668985,14.329092599999996],[122.4665903,14.3292741],[122.4664855,14.329444900000002],[122.466485,14.329651500000002],[122.46657280000001,14.3298669],[122.4669497,14.330297100000001],[122.4670613,14.3307081],[122.4670019,14.3309384],[122.46673899999999,14.331366],[122.46674170000001,14.331421300000004],[122.4668634,14.331503899999998],[122.46709150000001,14.3315044],[122.4674423,14.331458999999999],[122.467968,14.331262299999999],[122.4683949,14.3312489],[122.46863009999998,14.331421699999998],[122.46859940000002,14.331952700000002],[122.4684957,14.3322395],[122.4684841,14.3324442],[122.46862700000001,14.3327063],[122.4687066,14.3328115],[122.4689209,14.332958100000004],[122.469068,14.3330159],[122.4692888,14.333016399999998],[122.4695387,14.333146099999997],[122.4697,14.333419199999996],[122.46969930000002,14.3337349],[122.4695512,14.334107799999996],[122.469115,14.334446800000002],[122.46902970000001,14.334688899999993],[122.4690784,14.334824399999997],[122.4692692,14.335083199999994],[122.4695044,14.335241600000003],[122.46976929999998,14.335270899999998],[122.4700491,14.3352285],[122.47049109999999,14.3350716],[122.4708591,14.3350867],[122.4710208,14.3351589],[122.47109410000002,14.3353169],[122.4710346,14.335560799999998],[122.47094599999998,14.335689800000003],[122.4706067,14.336004800000001],[122.4703118,14.3362051],[122.47013410000001,14.336635300000001],[122.4697354,14.337151099999996],[122.46945450000001,14.337681500000004],[122.4693817,14.3379509],[122.4693316,14.338038399999999],[122.46917030000002,14.3381426],[122.46893720000001,14.3381426],[122.46874010000002,14.338246799999999],[122.46859669999999,14.3388546],[122.46863249999998,14.339202000000002],[122.4687221,14.3393583],[122.46902690000002,14.3396014],[122.4693137,14.3396014],[122.4697259,14.339427699999998]]],[[[122.5387335,14.3387794],[122.53826999999998,14.339067199999997],[122.53822250000002,14.3392284],[122.5381393,14.3390902],[122.5381512,14.338998099999998],[122.53826999999998,14.338871499999998],[122.5385077,14.338733299999998],[122.5387335,14.3387794]]],[[[122.50367109999999,14.3345644],[122.5034354,14.334640499999999],[122.50315149999999,14.3351493],[122.5022596,14.3356942],[122.50140830000001,14.335992600000003],[122.49898859999999,14.337279299999999],[122.4985953,14.3376134],[122.4983002,14.337923799999997],[122.49810240000001,14.338593200000004],[122.4980163,14.3387246],[122.4978442,14.338843799999996],[122.4975619,14.3389389],[122.49712070000001,14.338734599999999],[122.4961906,14.337716],[122.49594600000002,14.337344599999996],[122.4957377,14.3372485],[122.49508779999998,14.337103599999997],[122.4942669,14.3366713],[122.49350840000001,14.3357247],[122.4929949,14.334958099999996],[122.4929343,14.334623099999998],[122.49303309999999,14.3343243],[122.4934507,14.3340979],[122.4936106,14.333906900000002],[122.4938685,14.333787800000003],[122.49402790000002,14.333800100000001],[122.4942121,14.333716799999998],[122.4943352,14.333525700000001],[122.49427439999998,14.333322200000001],[122.49410279999998,14.3332381],[122.49266770000001,14.333139399999999],[122.49199389999998,14.333068499999998],[122.49199389999998,14.333039599999996],[122.49078479999999,14.332932],[122.4902269,14.332930799999996],[122.4899667,14.332973900000002],[122.4894216,14.3331593],[122.48903160000002,14.333136900000001],[122.48885530000001,14.332992999999998],[122.4887967,14.332835000000001],[122.48881929999999,14.3326126],[122.48911459999998,14.332232899999997],[122.4895127,14.331975399999997],[122.489513,14.331824700000002],[122.48943970000002,14.3316738],[122.4886313,14.331119500000002],[122.4881318,14.330694999999997],[122.4877793,14.330306699999998],[122.4874667,14.329698399999996],[122.48732159999999,14.328765099999996],[122.4873593,14.3283705],[122.4872626,14.328220899999996],[122.48697890000001,14.328451299999998],[122.4867293,14.328531900000002],[122.4857192,14.328462799999999],[122.48405540000002,14.328405200000002],[122.4815835,14.329027000000004],[122.48045460000002,14.3294185],[122.47956329999998,14.329303299999998],[122.4789928,14.3293494],[122.4790641,14.329188199999997],[122.47923050000001,14.329107599999999],[122.4804308,14.329211199999998],[122.48285510000001,14.328508899999996],[122.4837821,14.328186500000001],[122.48437629999998,14.328255499999997],[122.4861232,14.3283477],[122.4864916,14.3283246],[122.48678840000001,14.328156599999998],[122.48721170000002,14.3276684],[122.4873944,14.3273167],[122.4874895,14.326971899999997],[122.487519,14.326718599999996],[122.4874369,14.326085200000001],[122.4871918,14.325544100000002],[122.4869427,14.324833999999996],[122.48703500000002,14.324392999999997],[122.48703500000002,14.3240092],[122.48693600000001,14.323785399999997],[122.4863419,14.323337599999999],[122.4863419,14.322793899999999],[122.4861108,14.322346199999998],[122.4855167,14.3219944],[122.48531860000001,14.3214507],[122.48535160000002,14.320970999999997],[122.48502160000001,14.320363299999997],[122.4849556,14.320011499999998],[122.48482350000002,14.319691699999998],[122.48482350000002,14.319244000000001],[122.4849556,14.3186043],[122.4849556,14.317708799999998],[122.48459250000002,14.317516999999999],[122.48337120000001,14.317580900000001],[122.48287610000001,14.317420999999998],[122.482447,14.3171332],[122.4820839,14.3165575],[122.48129169999999,14.316109700000002],[122.4811597,14.315693999999999],[122.4810937,14.315214200000002],[122.48129169999999,14.314542600000001],[122.4817869,14.313871000000002],[122.48233970000001,14.313524300000001],[122.4821796,14.313518399999996],[122.48257310000001,14.313100699999996],[122.48289260000001,14.3128621],[122.482942,14.312682799999997],[122.48294249999998,14.312467499999999],[122.48306549999998,14.312324299999998],[122.483176,14.312300600000002],[122.48332309999999,14.3123129],[122.4837398,14.3124932],[122.48404769999999,14.312534800000002],[122.484406,14.3125307],[122.48483169999999,14.312411799999998],[122.485016,14.312292599999997],[122.48575429999998,14.311265599999997],[122.4860248,14.310991],[122.486295,14.310836100000001],[122.4865638,14.310749399999999],[122.4867598,14.3105843],[122.48689999999999,14.310252699999998],[122.4869581,14.309898699999998],[122.48690990000001,14.3095862],[122.48677720000002,14.3092315],[122.4867778,14.3089732],[122.4871222,14.308465800000002],[122.4873248,14.307912199999997],[122.48732540000002,14.307682499999999],[122.487107,14.307402799999995],[122.48667179999998,14.307253200000002],[122.4859575,14.307205899999996],[122.4857217,14.3073633],[122.4855756,14.3068606],[122.48559130000001,14.3064301],[122.4856507,14.306214900000002],[122.4855785,14.305611900000002],[122.48556469999998,14.305210000000002],[122.48565400000001,14.304736499999997],[122.4858163,14.304593299999999],[122.4863281,14.304619599999999],[122.4866407,14.304537700000001],[122.48674400000002,14.304437500000002],[122.4867379,14.304212],[122.486837,14.304052099999998],[122.4873321,14.3037003],[122.4880912,14.3036043],[122.4883223,14.3036043],[122.48865240000002,14.3037322],[122.48876739999999,14.303799100000003],[122.48879830000001,14.304189599999999],[122.48903530000001,14.304854299999999],[122.48925940000001,14.3049597],[122.48945110000001,14.3049744],[122.4896279,14.304895799999999],[122.49000410000001,14.304867399999997],[122.49018470000001,14.3049801],[122.49037700000001,14.3055792],[122.49042020000002,14.3060099],[122.49050749999999,14.3064694],[122.49050699999998,14.3067134],[122.4904623,14.3069573],[122.49030080000001,14.307157899999998],[122.4903597,14.3074876],[122.4900717,14.307858199999998],[122.48987360000001,14.307986099999999],[122.4898076,14.308401900000002],[122.4897746,14.308972399999998],[122.4896231,14.309192199999998],[122.48898760000002,14.309513799999996],[122.48867160000002,14.309560900000001],[122.4884391,14.309698299999999],[122.48835820000001,14.309847299999998],[122.48841450000002,14.309916199999996],[122.4887993,14.310039600000001],[122.4890076,14.310147699999998],[122.4892893,14.3103636],[122.48938690000001,14.310567199999996],[122.4893729,14.311332699999998],[122.48950720000002,14.31162],[122.4897054,14.3118933],[122.48977510000002,14.3124938],[122.4899457,14.313020399999997],[122.49017290000002,14.313437099999998],[122.4902604,14.3138105],[122.490246,14.314436899999999],[122.4903661,14.315543499999997],[122.49053959999999,14.316036499999997],[122.4905401,14.3163502],[122.4903687,14.316749399999999],[122.4899397,14.3175489],[122.48967559999998,14.317676900000002],[122.48918050000002,14.3178048],[122.4889494,14.317932700000002],[122.4885203,14.318444399999999],[122.4881573,14.319052099999997],[122.4881573,14.319455099999999],[122.4880244,14.319676200000002],[122.4880078,14.319818400000003],[122.4881042,14.320076499999999],[122.48850810000002,14.320559899999996],[122.488722,14.3208837],[122.4888743,14.321386],[122.48897290000001,14.322018899999998],[122.4889588,14.323065499999998],[122.4891047,14.3241796],[122.4888317,14.325116699999997],[122.4887621,14.325418999999998],[122.48873200000001,14.3257132],[122.48875080000002,14.326107100000002],[122.4889541,14.3265216],[122.4889157,14.326899599999999],[122.48883280000001,14.3271156],[122.4886783,14.3272999],[122.48817909999998,14.327530099999995],[122.4879533,14.327933099999996],[122.4877549,14.328306099999997],[122.4877193,14.328806300000002],[122.4877822,14.328976200000001],[122.4880898,14.3291467],[122.4883337,14.3291472],[122.4886694,14.328944999999997],[122.4891423,14.3284026],[122.48998840000002,14.327581200000001],[122.49009959999998,14.3272506],[122.4901128,14.327015099999997],[122.4902461,14.326642199999997],[122.49039350000001,14.326556399999998],[122.49054079999999,14.326542400000001],[122.4911882,14.326672999999996],[122.49149759999999,14.326558799999997],[122.4919401,14.326143499999999],[122.49224970000002,14.3259432],[122.492559,14.325872100000002],[122.4926624,14.325868],[122.4930839,14.326100699999996],[122.4937336,14.326317399999999],[122.4940894,14.326318099999998],[122.4944087,14.3261514],[122.49475290000001,14.325829200000001],[122.49498690000001,14.325434899999998],[122.4950054,14.3253493],[122.4949018,14.3250879],[122.4946531,14.324756200000001],[122.49464510000001,14.3246448],[122.49467010000001,14.324465399999994],[122.4948894,14.323860499999997],[122.4948898,14.3236523],[122.4948313,14.32348],[122.4947649,14.322873999999999],[122.494932,14.322657999999999],[122.4951301,14.322562099999999],[122.4952621,14.3225621],[122.4956912,14.3228179],[122.4958043,14.3230349],[122.49559659999998,14.323583399999999],[122.49559560000002,14.324012699999999],[122.49577090000001,14.324630199999998],[122.4960347,14.325133200000003],[122.49621099999999,14.325320099999997],[122.49636550000001,14.325341999999997],[122.49669799999998,14.325325],[122.496996,14.325507],[122.4970466,14.325953600000002],[122.49699650000001,14.326407999999997],[122.49709420000002,14.326611599999998],[122.4971922,14.326695500000001],[122.49759859999999,14.3267458],[122.4977911,14.326629],[122.498027,14.3263743],[122.4981382,14.326021700000002],[122.49815100000001,14.325800499999996],[122.4983158,14.325182799999999],[122.49883730000002,14.3242974],[122.49892620000001,14.324039000000004],[122.49888360000001,14.323563699999998],[122.49864120000001,14.323192299999999],[122.4986053,14.3229316],[122.49887129999999,14.322458499999998],[122.49887169999998,14.3222863],[122.49876900000001,14.322128199999998],[122.4985639,14.321682799999998],[122.4985351,14.321409999999998],[122.4985503,14.321209099999999],[122.49878630000002,14.320965599999997],[122.49936090000001,14.3207515],[122.49959859999998,14.3205744],[122.49974830000001,14.320323999999996],[122.4998517,14.320030799999996],[122.4997979,14.319505499999998],[122.49979870000001,14.319132299999998],[122.499873,14.318830999999996],[122.4999618,14.318615900000001],[122.49997740000002,14.3182069],[122.5000434,14.318025400000002],[122.50019899999998,14.3178844],[122.50043470000001,14.3177988],[122.50068070000002,14.317809700000002],[122.50089080000001,14.3179074],[122.50116989999998,14.318144800000004],[122.50180889999999,14.3184899],[122.50219949999999,14.318534499999998],[122.5024499,14.3184346],[122.50271490000002,14.3184208],[122.5029083,14.3184545],[122.50333170000002,14.3190823],[122.50350820000001,14.319168800000002],[122.5036827,14.3191691],[122.50383480000002,14.319055999999998],[122.50391,14.319108099999998],[122.50400899999998,14.3193959],[122.50391,14.319747699999997],[122.50348090000001,14.320099500000001],[122.50338190000001,14.320323400000001],[122.5033489,14.3205792],[122.50344790000001,14.320963],[122.50364590000001,14.321154899999998],[122.50364590000001,14.3214107],[122.50369879999998,14.321615800000004],[122.5035612,14.321743499999998],[122.5033716,14.3220334],[122.5033268,14.322356600000003],[122.5034354,14.322770399999998],[122.5033737,14.323068099999999],[122.50299069999998,14.3235347],[122.50281570000001,14.3238058],[122.5027072,14.324138099999999],[122.5026329,14.324496799999997],[122.5027298,14.325047199999997],[122.50295440000001,14.325579399999997],[122.50290580000001,14.325970699999997],[122.5024196,14.326637400000001],[122.5023451,14.327043899999998],[122.5023433,14.327845299999998],[122.5023674,14.328048599999997],[122.502416,14.328130799999999],[122.50270019999999,14.3283751],[122.50320030000002,14.3286245],[122.5042179,14.328687999999996],[122.5044591,14.3287324],[122.5048678,14.328736399999999],[122.5050397,14.328771800000002],[122.5052902,14.328911900000003],[122.5061314,14.329151100000002],[122.50640760000002,14.329172899999998],[122.50662810000001,14.3291271],[122.5067108,14.329008600000002],[122.5067414,14.328900100000002],[122.50672650000001,14.3286996],[122.50677850000001,14.3286239],[122.50690780000001,14.3286921],[122.5071899,14.3287106],[122.50737400000001,14.3286751],[122.5081164,14.328388999999996],[122.508221,14.328425700000004],[122.5082646,14.328539699999997],[122.5081204,14.329061499999996],[122.507859,14.3291191],[122.50768069999998,14.329251500000002],[122.50753849999998,14.3297355],[122.5074965,14.329982700000002],[122.50735390000001,14.330126600000002],[122.5070033,14.330201499999998],[122.50684929999998,14.3301358],[122.5068173,14.330088099999996],[122.5067279,14.329624699999998],[122.5066571,14.3295415],[122.5065716,14.3295556],[122.50648710000002,14.3296405],[122.50637820000001,14.329649099999996],[122.5063121,14.329520100000003],[122.5061762,14.3293835],[122.50595190000001,14.329286099999996],[122.50560230000002,14.3292639],[122.5055214,14.329242199999998],[122.505448,14.329181000000002],[122.5053817,14.329180899999997],[122.50531160000001,14.3292561],[122.50532200000002,14.3295343],[122.5052266,14.3296947],[122.50507229999998,14.3297724],[122.5043691,14.329894199999998],[122.5042266,14.329979999999994],[122.50399089999999,14.330228999999996],[122.5035489,14.3303929],[122.50324900000001,14.330465899999997],[122.5032094,14.3306046],[122.5032365,14.330782],[122.5033688,14.330962800000002],[122.5034693,14.331368599999998],[122.5033796,14.332087599999998],[122.502949,14.332648899999999],[122.5025533,14.334071400000001],[122.5025524,14.334466100000004],[122.5025924,14.3345053],[122.5028054,14.334364],[122.5031795,14.333785700000002],[122.50319230000001,14.333582400000001],[122.5033277,14.333343399999997],[122.50337070000002,14.333110299999998],[122.50328199999998,14.3329944],[122.50328220000002,14.332917799999999],[122.5033621,14.3328804],[122.50354119999999,14.332903999999997],[122.503782,14.3332346],[122.5038899,14.333244399999996],[122.5041732,14.3331556],[122.5042359,14.333165899999996],[122.50430380000002,14.333232399999996],[122.50433470000002,14.333394500000002],[122.50430630000001,14.3336968],[122.50417009999998,14.333865200000002],[122.50385349999999,14.334121999999997],[122.50367109999999,14.3345644]],[[122.5017884,14.329171799999996],[122.5017753,14.329554499999997],[122.50181480000002,14.329663199999999],[122.50201770000001,14.329784],[122.5023464,14.329770999999997],[122.5024742,14.3296851],[122.5025924,14.329474900000003],[122.50260750000001,14.329318199999996],[122.50257039999998,14.329091899999998],[122.5023901,14.328873999999997],[122.5022798,14.328814000000001],[122.5020958,14.328813599999997],[122.50199760000001,14.3288732],[122.50187460000001,14.3290045],[122.5017884,14.329171799999996]],[[122.48752430000002,14.328814000000001],[122.4875248,14.3288127],[122.48752590000001,14.328803499999998],[122.48752430000002,14.328814000000001]]],[[[122.5389118,14.3375128],[122.53888799999999,14.337328599999996],[122.5391257,14.337109900000002],[122.5394822,14.336925599999999],[122.5389118,14.3375128]]],[[[122.54148620000001,14.3364011],[122.54094100000002,14.336615399999996],[122.5404698,14.336714899999999],[122.54021920000001,14.336872300000003],[122.5400856,14.337051799999998],[122.5400645,14.336868100000004],[122.5398116,14.336400000000003],[122.5398146,14.336310099999999],[122.53992190000001,14.3361888],[122.54017119999999,14.336169399999998],[122.54059909999998,14.3358857],[122.5407961,14.335495499999999],[122.5409618,14.335322800000002],[122.5411799,14.335295300000004],[122.54134840000002,14.3353602],[122.5415583,14.335560299999996],[122.5416982,14.3356084],[122.5417822,14.3355979],[122.5423204,14.3352114],[122.54252060000002,14.335106099999999],[122.5428078,14.3350225],[122.5428689,14.335045899999999],[122.5429745,14.3357007],[122.542813,14.3354564],[122.5426808,14.335341299999998],[122.5426145,14.335341199999997],[122.54250060000001,14.335400499999999],[122.54244500000001,14.335469999999999],[122.5424005,14.335613499999997],[122.5423267,14.335713799999999],[122.5420909,14.335828199999996],[122.54190559999999,14.335874499999996],[122.54182570000002,14.335942499999998],[122.5417666,14.336028500000001],[122.54170730000001,14.336243699999997],[122.54148620000001,14.3364011]]],[[[122.51534590000001,14.330909599999993],[122.51536370000001,14.331318300000001],[122.5153161,14.3316272],[122.51521450000001,14.331976199999996],[122.5149323,14.332503099999997],[122.5148111,14.332792099999997],[122.51476360000001,14.333390899999998],[122.5148943,14.334312],[122.5151676,14.335751200000002],[122.51519139999999,14.3361657],[122.5150488,14.3362578],[122.51472790000001,14.334185300000001],[122.5146444,14.333093200000002],[122.51466760000001,14.332835699999999],[122.5148765,14.3324122],[122.51522110000002,14.331381699999996],[122.5152092,14.331042],[122.51511829999998,14.330801999999997],[122.5151498,14.3307251],[122.51534590000001,14.330909599999993]]],[[[122.66887480000001,14.331269399999996],[122.66896990000001,14.331758700000002],[122.6688926,14.3319315],[122.668756,14.330935500000002],[122.66887480000001,14.331269399999996]]],[[[122.55376,14.330375599999996],[122.5534102,14.3303972],[122.55287539999999,14.330638999999998],[122.55229309999999,14.3311686],[122.55190089999999,14.331744399999998],[122.55171079999998,14.331801900000002],[122.5516157,14.3316983],[122.5515801,14.331502599999997],[122.55181780000001,14.331001700000002],[122.55203170000001,14.3307138],[122.55232279999998,14.330437500000002],[122.55229909999998,14.3302763],[122.5521565,14.330305099999997],[122.5514612,14.3310477],[122.55114600000002,14.331310599999998],[122.5508606,14.331639399999998],[122.5507244,14.331721299999998],[122.55099780000002,14.331341399999998],[122.55150429999999,14.330835499999997],[122.5517583,14.330040300000002],[122.55190089999999,14.329706300000002],[122.5518059,14.329153699999997],[122.5518296,14.3289234],[122.55207920000001,14.328739100000005],[122.55244760000001,14.3286931],[122.55285169999999,14.3287161],[122.55318439999999,14.328877299999998],[122.55333890000001,14.3291537],[122.5533605,14.329580299999996],[122.5534672,14.329663],[122.5535406,14.329652999999999],[122.553697,14.329522699999997],[122.553814,14.3291463],[122.55395159999999,14.329012600000002],[122.55414750000001,14.328968899999996],[122.5543763,14.328871100000002],[122.554444,14.328769499999996],[122.55456750000002,14.328375099999997],[122.55456780000002,14.3281897],[122.5545527,14.328072999999998],[122.5543909,14.327734800000002],[122.5543609,14.3274057],[122.5544162,14.327316199999999],[122.5547045,14.327304799999999],[122.5548641,14.3272573],[122.55512379999999,14.3271218],[122.55530019999999,14.326953099999997],[122.5554659,14.3268816],[122.5555824,14.3269356],[122.55587590000002,14.327372800000001],[122.55602410000002,14.327489599999996],[122.5561629,14.3274776],[122.55634219999999,14.327337800000002],[122.5564899,14.327057],[122.5566625,14.326920399999997],[122.55693200000002,14.326848499999999],[122.55714660000001,14.326848899999998],[122.5572017,14.326908800000002],[122.5571768,14.327129999999999],[122.5572134,14.3272198],[122.55730530000001,14.327285699999996],[122.5574647,14.327298000000003],[122.5576244,14.327208600000002],[122.5577351,14.327047300000002],[122.5578524,14.3266349],[122.5580188,14.3262584],[122.558222,14.3258701],[122.5583195,14.3257715],[122.5584469,14.325560699999997],[122.5584194,14.324637200000002],[122.5584741,14.324362000000002],[122.5589117,14.3238308],[122.55934180000001,14.323442799999997],[122.5597101,14.323294],[122.56006400000001,14.322930099999997],[122.56014430000002,14.322599899999997],[122.5601169,14.3224642],[122.56007989999999,14.322367699999996],[122.55980950000001,14.322175199999997],[122.5597282,14.322073199999997],[122.55964810000002,14.321778100000001],[122.5596336,14.321619200000002],[122.5597059,14.321270400000001],[122.5598785,14.3209551],[122.56040849999998,14.3204538],[122.5606103,14.320190999999996],[122.56069229999999,14.3200274],[122.5609384,14.3198756],[122.5613014,14.3195558],[122.5617965,14.319427900000004],[122.56215960000002,14.319619799999998],[122.56225860000002,14.319843599999997],[122.56225860000002,14.3200508],[122.562102,14.320176900000002],[122.5620169,14.320347700000001],[122.56200930000001,14.320491200000001],[122.56207680000001,14.320926500000004],[122.561743,14.322514999999997],[122.56141110000002,14.323412499999998],[122.5612117,14.323763699999997],[122.56084259999999,14.324322799999996],[122.5606237,14.324506299999996],[122.56031329999999,14.324875300000002],[122.5594275,14.326672499999997],[122.5593033,14.327449700000003],[122.5589159,14.3273139],[122.55856260000002,14.3273132],[122.55745760000002,14.327813499999998],[122.5570596,14.328056799999999],[122.55623470000002,14.328313599999998],[122.55588110000001,14.328470800000002],[122.5554057,14.328818000000002],[122.55472959999999,14.329504499999999],[122.5545908,14.329751500000002],[122.5543633,14.330046799999998],[122.55376,14.330375599999996]]],[[[122.66880939999999,14.330342500000002],[122.66883909999999,14.330486399999998],[122.6687678,14.330705199999999],[122.6687203,14.330163999999998],[122.66880939999999,14.330342500000002]]],[[[122.56056440000002,14.3301525],[122.56029100000002,14.3303828],[122.5601484,14.330567000000002],[122.56006520000001,14.3304979],[122.5601187,14.330308000000002],[122.5602732,14.3301525],[122.5604158,14.330094900000002],[122.56056440000002,14.3301525]]],[[[122.58941569999999,14.3298785],[122.5897485,14.330177900000002],[122.58865510000001,14.329855499999997],[122.5877282,14.329671299999996],[122.58699140000002,14.3296483],[122.58637340000001,14.329901599999996],[122.58658730000002,14.329694299999998],[122.58687260000002,14.329533099999999],[122.5881323,14.3295101],[122.58941569999999,14.3298785]]],[[[122.5622459,14.3286442],[122.5627272,14.328661400000001],[122.56285800000002,14.328753500000001],[122.5626381,14.3289493],[122.56250139999999,14.3288169],[122.56232320000001,14.328782299999999],[122.5621152,14.328782300000002],[122.5622459,14.3286442]]],[[[122.5635829,14.328765099999996],[122.56352350000002,14.3288802],[122.563464,14.3288514],[122.56360670000001,14.328644199999996],[122.5637433,14.328638399999999],[122.5635829,14.328765099999996]]],[[[122.58263330000001,14.327450600000002],[122.5824535,14.327541199999999],[122.58229540000002,14.3274855],[122.5821732,14.327360099999996],[122.58223070000001,14.3269212],[122.58218029999999,14.326809799999998],[122.58209410000002,14.326740099999999],[122.5819215,14.3267332],[122.58179929999999,14.326788899999999],[122.5815405,14.327039600000003],[122.58144700000001,14.327234700000004],[122.58125290000001,14.327366999999999],[122.58108039999999,14.327353099999998],[122.5809438,14.327262499999998],[122.58090780000002,14.3270745],[122.5810301,14.326768],[122.5811645,14.326530599999996],[122.58137910000002,14.3263604],[122.5815261,14.326308199999998],[122.581713,14.326127100000004],[122.58179929999999,14.325939099999998],[122.581864,14.325583799999997],[122.5819553,14.3254533],[122.5821744,14.325340999999996],[122.5823457,14.3253121],[122.5827555,14.325367899999996],[122.5828777,14.325541999999999],[122.5831078,14.325681299999998],[122.58333060000001,14.325611699999996],[122.58352470000001,14.3254933],[122.5836829,14.325479300000001],[122.5839489,14.325486299999996],[122.58430840000001,14.325688300000001],[122.58445630000001,14.325886000000004],[122.5844591,14.325972499999999],[122.5842509,14.326064399999996],[122.584143,14.3262177],[122.5841444,14.326468999999998],[122.5840232,14.326793600000002],[122.5834385,14.327158099999997],[122.58321629999999,14.327339300000002],[122.5831201,14.327347699999997],[122.58298550000002,14.327248599999999],[122.58281300000002,14.327248599999999],[122.58263330000001,14.327450600000002]]],[[[122.6318756,14.324841699999999],[122.6318756,14.3252489],[122.63176860000002,14.325663400000002],[122.6317805,14.326292499999996],[122.631722,14.326299999999996],[122.6316616,14.325743999999998],[122.6315072,14.325767],[122.6312576,14.3261585],[122.63122520000002,14.3263342],[122.63111870000002,14.326335099999996],[122.63112690000001,14.326262099999997],[122.63143590000001,14.325767],[122.6317211,14.325386999999997],[122.6318756,14.324841699999999]]],[[[122.67088910000001,14.3255928],[122.6706633,14.3257173],[122.6707072,14.325590300000002],[122.67078889999999,14.325523400000002],[122.67089510000001,14.325503600000001],[122.6711296,14.3255329],[122.6711896,14.325517599999996],[122.67131129999999,14.3254071],[122.671519,14.324801199999998],[122.6715903,14.324381],[122.671633,14.324434499999997],[122.6716567,14.324616099999997],[122.6716256,14.324782499999998],[122.67152490000001,14.324976799999998],[122.6713793,14.325512199999997],[122.67142980000001,14.3256015],[122.671415,14.325633100000001],[122.67131990000001,14.325656200000001],[122.67107930000002,14.3255928],[122.67088910000001,14.3255928]]],[[[122.5320688,14.322300399999998],[122.5320178,14.3223554],[122.53194740000002,14.3225366],[122.5319827,14.322691200000001],[122.5321828,14.3228629],[122.5322576,14.3234685],[122.53234419999998,14.3235982],[122.53276080000002,14.323745299999999],[122.53309390000001,14.323994800000003],[122.533182,14.3241289],[122.5332698,14.324373600000001],[122.5332693,14.324599299999997],[122.533112,14.324721999999998],[122.53295499999999,14.324740899999998],[122.5321057,14.323836100000001],[122.53188729999998,14.3237819],[122.53172040000001,14.3237816],[122.5316427,14.323417800000001],[122.53140780000001,14.323091999999997],[122.5305952,14.322225699999999],[122.53051640000001,14.3219314],[122.53040860000002,14.3218259],[122.53022230000002,14.321768099999998],[122.5296524,14.322111500000002],[122.52939699999999,14.322206699999999],[122.52907330000001,14.3221678],[122.52879490000001,14.321994799999999],[122.52766739999998,14.3220105],[122.5270984,14.321932799999997],[122.5258533,14.321533200000001],[122.5256484,14.3215078],[122.5253641,14.3216578],[122.52518580000002,14.321634699999999],[122.5251323,14.321600200000002],[122.5246154,14.320943800000002],[122.52427670000002,14.3206963],[122.5237834,14.320444400000001],[122.5231239,14.320166599999999],[122.5227971,14.319988099999998],[122.5224881,14.319930600000001],[122.5222208,14.319844199999999],[122.52211030000001,14.3197546],[122.52193230000002,14.319539299999997],[122.5217573,14.319216599999999],[122.521382,14.318890299999998],[122.52114329999999,14.3187685],[122.52096729999998,14.318567600000005],[122.52066989999999,14.317840599999997],[122.5203193,14.317610299999998],[122.5192557,14.317351199999997],[122.51829310000001,14.31719],[122.51698590000001,14.317172799999994],[122.5160827,14.3171037],[122.5154469,14.317132499999998],[122.5147091,14.3171222],[122.5142147,14.317043799999999],[122.51409870000002,14.317081099999998],[122.51411580000001,14.317151500000001],[122.5142347,14.317201500000001],[122.5150428,14.3173109],[122.51602910000001,14.317352300000003],[122.51687300000002,14.317489400000001],[122.5180732,14.3174952],[122.51893480000001,14.3175873],[122.5195836,14.3177295],[122.5202052,14.317935899999997],[122.5204147,14.318091499999996],[122.5205591,14.318257100000002],[122.52064019999999,14.318569499999999],[122.52064019999999,14.3189518],[122.52061049999999,14.319182099999999],[122.520557,14.319337499999998],[122.5203847,14.319521799999999],[122.5202955,14.319671499999998],[122.52014700000001,14.319809599999997],[122.51974889999998,14.3199996],[122.51939239999999,14.3200572],[122.5192795,14.320034200000002],[122.519226,14.319930599999998],[122.5192914,14.319861500000002],[122.519529,14.3197521],[122.51988560000001,14.319711799999997],[122.52012320000001,14.319515999999998],[122.520248,14.3192915],[122.5202658,14.3191015],[122.52008759999998,14.318658200000002],[122.5199034,14.318393299999997],[122.5196835,14.318203300000002],[122.5194399,14.318105499999996],[122.5192876,14.318084999999996],[122.51854270000001,14.3183012],[122.5179722,14.318566099999996],[122.51756220000001,14.318635100000002],[122.517238,14.318945299999998],[122.51687300000002,14.31909],[122.51622530000002,14.319124500000001],[122.51534590000001,14.3189576],[122.51417829999998,14.3184362],[122.5132063,14.318231000000003],[122.51252789999998,14.318314199999998],[122.5120465,14.318571599999997],[122.5116729,14.318877099999998],[122.51142670000002,14.319288],[122.51119240000001,14.318732999999996],[122.51152520000001,14.3183012],[122.51162560000002,14.3180923],[122.51158900000001,14.317912100000001],[122.5112756,14.317339699999998],[122.51116270000001,14.3168561],[122.51124,14.316591299999999],[122.51141230000002,14.3163091],[122.5117629,14.3158485],[122.5119233,14.3153016],[122.5119007,14.314818499999998],[122.51185790000001,14.314541599999998],[122.51186980000001,14.313971599999999],[122.5117272,14.313349799999997],[122.51170939999999,14.3130274],[122.5117866,14.312825899999995],[122.51205400000002,14.312589799999998],[122.5122085,14.3124919],[122.51274920000002,14.3123192],[122.5129672,14.312290000000003],[122.51345699999999,14.3121555],[122.5137329,14.3119682],[122.5139791,14.311696299999998],[122.5142732,14.311041899999996],[122.51432280000002,14.3108124],[122.51431330000001,14.310630499999997],[122.51411769999999,14.310323899999998],[122.5140892,14.309912400000002],[122.5142667,14.309501299999999],[122.51482830000002,14.308440299999997],[122.5150151,14.308287600000002],[122.51516289999999,14.308019999999999],[122.5152717,14.307618299999998],[122.51517409999998,14.307369300000001],[122.51502709999998,14.3072829],[122.51455500000002,14.307229099999999],[122.51451210000002,14.307171799999999],[122.51446630000001,14.3070382],[122.5145754,14.306601099999998],[122.51447979999999,14.306248299999998],[122.5143341,14.306016499999998],[122.5143816,14.3058512],[122.51461260000002,14.305723199999997],[122.51484370000001,14.305723200000003],[122.51517370000002,14.305787199999996],[122.51537179999998,14.305979100000002],[122.51553760000002,14.3060594],[122.5156577,14.306350499999999],[122.5157296,14.306420200000002],[122.51606029999999,14.306531699999997],[122.51621849999998,14.3065177],[122.51640539999998,14.3062809],[122.5165636,14.3056957],[122.51671220000001,14.304939499999998],[122.51700930000001,14.304163100000002],[122.51735130000002,14.303694299999997],[122.5174838,14.303424699999999],[122.5175648,14.303051900000002],[122.5172476,14.302536299999998],[122.51712119999999,14.302386],[122.51712119999999,14.302205],[122.51745120000001,14.301693299999997],[122.51748420000001,14.301565299999998],[122.51748420000001,14.301053600000001],[122.51741820000001,14.3008084],[122.5177334,14.300455899999998],[122.51807170000001,14.300320399999999],[122.51862199999998,14.299938799999996],[122.5191186,14.299455000000002],[122.51923300000001,14.2991238],[122.5193081,14.2990338],[122.5199403,14.298731599999998],[122.52013700000002,14.2985226],[122.5203496,14.2981881],[122.52089670000001,14.2979191],[122.52141210000002,14.2979511],[122.52177520000001,14.298079],[122.52190719999999,14.2982709],[122.52197319999999,14.2985588],[122.52195339999999,14.299454400000002],[122.5215076,14.300002599999994],[122.52136,14.3002296],[122.5211144,14.3004159],[122.52081480000001,14.300707099999999],[122.52077900000002,14.3010222],[122.520805,14.3012307],[122.52101100000002,14.301589600000002],[122.5210471,14.301610499999997],[122.52118109999999,14.3020131],[122.5211657,14.3024174],[122.52109509999998,14.302517199999999],[122.5209865,14.3027945],[122.5210057,14.303024100000002],[122.52107400000001,14.3032157],[122.52107370000002,14.303349599999999],[122.52094580000002,14.303511999999998],[122.52081810000001,14.3035501],[122.52068070000001,14.3035498],[122.5205334,14.3036069],[122.5204027,14.303745699999999],[122.5202871,14.304103999999999],[122.5202182,14.304170800000001],[122.520035,14.304260700000002],[122.5195862,14.304350900000001],[122.51919130000002,14.3044851],[122.51887969999999,14.3046803],[122.5185359,14.3050329],[122.51850450000002,14.3051862],[122.51850400000001,14.305415899999996],[122.5186214,14.305597900000002],[122.5186505,14.305779800000002],[122.51863060000001,14.3058946],[122.5185026,14.306104800000002],[122.5184628,14.306344],[122.5185087,14.306606399999998],[122.5186092,14.306698299999999],[122.51872690000002,14.306727299999999],[122.5189332,14.306660699999997],[122.519238,14.306355099999996],[122.5194837,14.306183399999998],[122.51962109999998,14.306183699999998],[122.52006229999999,14.306366399999998],[122.52042510000001,14.3064723],[122.52069990000001,14.3064538],[122.52120060000001,14.3063399],[122.5217312,14.306015699999998],[122.52228169999998,14.3055766],[122.5227734,14.305070399999996],[122.52365780000001,14.3044694],[122.52408020000001,14.304259699999998],[122.5244152,14.304192199999996],[122.5247831,14.304250399999995],[122.52513640000001,14.3042511],[122.525652,14.3040081],[122.52655120000001,14.303406999999996],[122.52765710000001,14.3024619],[122.52818859999998,14.301716600000002],[122.52840990000001,14.301473],[122.52867489999998,14.3014305],[122.5290286,14.301215899999999],[122.52958900000002,14.300714599999997],[122.52989840000001,14.300542999999996],[122.5302231,14.300127399999997],[122.53048900000002,14.299654299999997],[122.53066660000002,14.299195300000001],[122.5309179,14.298693500000002],[122.53119769999999,14.298607899999997],[122.53185900000001,14.2986085],[122.53225499999999,14.2986547],[122.5325521,14.2986547],[122.5329152,14.2986227],[122.5333443,14.298526799999996],[122.5336743,14.298526799999998],[122.5341364,14.2986227],[122.5342354,14.298846599999996],[122.53387240000002,14.299710199999996],[122.53324519999998,14.3006058],[122.5331462,14.3010216],[122.5331792,14.3014054],[122.5332744,14.3018359],[122.5332827,14.302044],[122.53318270000001,14.302933699999999],[122.53327969999998,14.3034889],[122.5334949,14.303814699999997],[122.5337724,14.303938299999999],[122.53399789999999,14.303929600000002],[122.53413830000001,14.303882899999996],[122.53477619999998,14.303872199999999],[122.5354022,14.304116099999998],[122.53555499999999,14.304105799999999],[122.5366658,14.303179800000002],[122.5369374,14.302728200000002],[122.5375273,14.3021671],[122.53771150000001,14.302083799999998],[122.53812910000002,14.3020961],[122.5383429,14.302071299999998],[122.53866050000002,14.3018536],[122.5391344,14.301293299999998],[122.53927190000002,14.300806999999999],[122.53939509999998,14.300544099999998],[122.5396735,14.300371999999996],[122.53997019999998,14.3003658],[122.5401719,14.300489599999999],[122.54038720000001,14.3007745],[122.54054200000002,14.300782699999997],[122.54074450000002,14.3006707],[122.54108800000002,14.300403799999998],[122.5413217,14.300093300000002],[122.54156740000002,14.2999143],[122.5416532,14.299926400000002],[122.5418095,14.300258399999999],[122.54212859999998,14.3005489],[122.542121,14.3006497],[122.541946,14.300752299999997],[122.54189669999998,14.300829999999998],[122.5418755,14.300990099999998],[122.54199230000002,14.301328800000002],[122.54196259999999,14.301414199999998],[122.5418341,14.301493699999998],[122.5414854,14.301630499999998],[122.5411384,14.301912499999998],[122.54102290000002,14.302082199999997],[122.5409795,14.3022189],[122.54097,14.302479299999998],[122.5410458,14.302756],[122.54126770000002,14.303039800000002],[122.54148130000002,14.303089899999996],[122.54213339999998,14.302995400000002],[122.54221640000002,14.303051699999996],[122.5422298,14.303192899999999],[122.5421861,14.303545699999999],[122.5422263,14.303708699999998],[122.5423259,14.303888299999997],[122.54251020000001,14.304006800000002],[122.5426268,14.304013000000001],[122.5428424,14.303871699999997],[122.5429858,14.303324599999998],[122.54310690000001,14.303164699999998],[122.5433308,14.302977099999998],[122.54336500000001,14.302880400000001],[122.5433651,14.3028363],[122.54326379999999,14.302710499999996],[122.54311989999998,14.3026549],[122.54285370000001,14.302650100000001],[122.5426048,14.3027272],[122.542482,14.3028107],[122.5423593,14.302840299999996],[122.54232869999998,14.302798399999999],[122.5424702,14.3025714],[122.54253809999999,14.302356299999998],[122.5425823,14.3017523],[122.5426687,14.3014594],[122.54288160000002,14.301057900000002],[122.5447077,14.300046499999999],[122.5463528,14.299332000000001],[122.5466963,14.299284799999999],[122.54696649999998,14.299117799999996],[122.54708949999998,14.298950599999998],[122.54750739999999,14.298544700000003],[122.54803570000001,14.2980793],[122.54820859999998,14.2975174],[122.5483314,14.297445899999996],[122.5484295,14.297446099999997],[122.5485643,14.297494200000001],[122.5491529,14.297567099999998],[122.5497908,14.297568299999996],[122.55028160000002,14.2974735],[122.5508972,14.297041800000002],[122.5512425,14.2968369],[122.5520253,14.296495999999998],[122.55354720000001,14.295996499999998],[122.5542781,14.2957943],[122.5546823,14.295759399999998],[122.5549703,14.2958556],[122.55523890000002,14.2958717],[122.55540100000002,14.2957715],[122.5555854,14.295549399999999],[122.55561550000002,14.295219299999998],[122.55596239999998,14.294688900000002],[122.5560735,14.2943518],[122.5560694,14.294037099999997],[122.5557866,14.2934332],[122.55554289999999,14.293152900000004],[122.55539890000001,14.2930802],[122.5552444,14.293072800000001],[122.5547111,14.293352299999999],[122.55447060000002,14.293602399999997],[122.5543233,14.293673900000003],[122.5541761,14.293688],[122.55394799999999,14.293658799999998],[122.55375690000001,14.2935508],[122.5536262,14.293245600000002],[122.5535131,14.293116399999997],[122.55304339999999,14.2929991],[122.55284980000002,14.292904],[122.55280610000001,14.2927259],[122.55285500000001,14.2925061],[122.5531456,14.291927699999999],[122.5532246,14.2916408],[122.55326450000001,14.291315599999999],[122.55318079999999,14.2910599],[122.55281450000001,14.290616200000002],[122.55256879999999,14.290370000000001],[122.5522614,14.290142099999999],[122.5513014,14.289595999999998],[122.5509506,14.2894905],[122.5502819,14.289440299999999],[122.54975579999999,14.289531899999998],[122.5491754,14.2897297],[122.54776779999999,14.290731799999996],[122.5469573,14.291246900000003],[122.54641580000002,14.291725100000003],[122.545755,14.291985799999997],[122.54525989999999,14.292145699999999],[122.54486380000002,14.292145699999999],[122.5442367,14.292337599999998],[122.5438736,14.292369600000002],[122.54327940000002,14.292369600000002],[122.5428173,14.2924656],[122.5422892,14.2924656],[122.5422408,14.292403],[122.5415301,14.292273700000003],[122.54139799999999,14.292177699999998],[122.541464,14.2918579],[122.5416951,14.291569999999998],[122.5421242,14.291154200000001],[122.5425155,14.291083099999998],[122.54268530000002,14.290770300000002],[122.54284740000001,14.290644699999998],[122.5428504,14.2902586],[122.54321340000001,14.2897788],[122.5435204,14.289613499999998],[122.5436755,14.289362899999999],[122.5441046,14.2889151],[122.5444347,14.288851200000002],[122.5449628,14.288563300000002],[122.54535890000001,14.288467299999999],[122.5465802,14.288467299999997],[122.54704230000002,14.288403399999998],[122.5479995,14.287859599999999],[122.5481645,14.287251899999998],[122.5485936,14.287028000000001],[122.5490557,14.286995999999998],[122.54938580000001,14.287028000000001],[122.54968290000001,14.286900000000001],[122.550145,14.286420200000002],[122.550178,14.2860364],[122.55014010000001,14.2860154],[122.55007889999999,14.285044799999998],[122.550211,14.284564999999997],[122.550343,14.284564999999999],[122.5507391,14.2846609],[122.5509041,14.284916799999998],[122.55103620000001,14.2854926],[122.55146529999999,14.285620499999999],[122.55169629999999,14.285620499999999],[122.55212540000001,14.285524599999999],[122.5524225,14.285300699999999],[122.5525545,14.285012799999997],[122.5525545,14.284564999999999],[122.5524555,14.2842451],[122.5524555,14.2837973],[122.5525875,14.2830616],[122.5528186,14.282389899999998],[122.55324770000001,14.282101999999997],[122.5534747,14.282023399999998],[122.55351170000002,14.282069999999997],[122.55430390000001,14.282069999999997],[122.554667,14.282453800000003],[122.5547,14.282677800000002],[122.554931,14.2829337],[122.5554591,14.2829337],[122.55592120000001,14.282869700000001],[122.55651539999998,14.282869700000001],[122.5569445,14.283381500000004],[122.5572415,14.283829299999999],[122.55737360000002,14.284085200000002],[122.5574396,14.284436999999999],[122.55734060000002,14.2849488],[122.55727790000002,14.285100700000001],[122.5570868,14.285225999999998],[122.55661520000001,14.2849907],[122.55619820000001,14.285074299999998],[122.5557525,14.2853809],[122.5553211,14.285464499999996],[122.55509110000001,14.285687399999999],[122.5549571,14.2860955],[122.5548489,14.286229300000002],[122.5539941,14.286440699999998],[122.55350370000001,14.2867244],[122.55320569999999,14.287038],[122.5531347,14.2872189],[122.5531198,14.287340799999999],[122.55289829999998,14.287699299999998],[122.5526476,14.2879715],[122.5526764,14.288287299999999],[122.5527937,14.288488500000001],[122.55285140000001,14.289077099999998],[122.55295520000001,14.289451],[122.55303800000002,14.2896196],[122.55314450000002,14.289752199999999],[122.5533943,14.289924999999998],[122.5535916,14.2901423],[122.55381150000001,14.2906817],[122.55391550000002,14.290813999999997],[122.5540414,14.2908659],[122.5542479,14.290821299999996],[122.55441480000002,14.290744999999998],[122.5547244,14.2905112],[122.5548323,14.2905209],[122.5548812,14.2905832],[122.55477120000002,14.291664300000003],[122.5548152,14.291760099999996],[122.5548935,14.2918176],[122.5551485,14.291899399999997],[122.55590930000001,14.291728600000003],[122.55623840000001,14.291537900000002],[122.55647900000001,14.2914474],[122.5565868,14.291495399999999],[122.5566159,14.291653399999998],[122.5564734,14.291801399999997],[122.55626659999999,14.292159899999996],[122.5561558,14.2925439],[122.5561995,14.292646599999996],[122.5569277,14.293232199999997],[122.5570607,14.2935668],[122.5570891,14.294076399999998],[122.5571696,14.2943493],[122.55720590000001,14.294607699999998],[122.55692400000001,14.2957339],[122.5569457,14.2959277],[122.5570999,14.296078699999997],[122.5572617,14.296158],[122.5584467,14.2961099],[122.55867510000002,14.295966800000002],[122.5597887,14.294784699999997],[122.5600834,14.294598699999998],[122.5603485,14.294520199999997],[122.56078349999999,14.294502899999996],[122.56227790000001,14.294573799999998],[122.56231560000002,14.2946476],[122.56226709999999,14.294828599999999],[122.5619843,14.295150999999999],[122.5619471,14.295378200000004],[122.5618715,14.295577599999998],[122.5618084,14.2956573],[122.56177320000002,14.295775400000002],[122.5618046,14.296029700000002],[122.5620068,14.2961917],[122.56227660000002,14.296216100000002],[122.5627062,14.296073299999996],[122.563173,14.295739300000001],[122.563517,14.295405],[122.5636279,14.295165999999998],[122.5636281,14.295046400000002],[122.5635057,14.294950499999999],[122.56343089999999,14.2947776],[122.56364180000001,14.2943048],[122.5637646,14.2942452],[122.56404440000001,14.294233799999999],[122.56460789999998,14.293958099999998],[122.56505060000002,14.2933369],[122.5655186,14.292333],[122.56557159999998,14.290299699999998],[122.5658666,14.2899893],[122.56623400000001,14.2902531],[122.56652740000001,14.290756],[122.5667468,14.291497999999999],[122.56674530000001,14.292263499999999],[122.56664530000002,14.293244099999999],[122.56686460000002,14.294034],[122.56733030000001,14.294226199999997],[122.5681399,14.2941798],[122.568484,14.2938455],[122.5690489,14.2935116],[122.56946580000002,14.293560199999998],[122.56953850000001,14.294014900000002],[122.56936509999998,14.294899700000002],[122.5691182,14.295736499999999],[122.5686262,14.296477199999998],[122.56823309999999,14.2967636],[122.5680358,14.297313499999998],[122.5680351,14.2976962],[122.56815740000002,14.2979117],[122.56815629999998,14.298485899999998],[122.5678609,14.298987700000001],[122.56679239999998,14.299793],[122.5657369,14.3000954],[122.56470710000002,14.3010393],[122.5635286,14.3015395],[122.5619079,14.302349799999998],[122.5615393,14.302660199999998],[122.5610235,14.302970199999999],[122.5605818,14.303065099999996],[122.5601887,14.3033275],[122.56006370000001,14.303529799999998],[122.559759,14.303535999999994],[122.55947680000001,14.303595299999998],[122.5593417,14.3036907],[122.5592649,14.3052934],[122.55919110000002,14.3054368],[122.55891460000001,14.305669499999999],[122.558712,14.305758800000001],[122.55814689999998,14.306242199999996],[122.5580007,14.306554799999999],[122.5580007,14.3069066],[122.55790170000002,14.307226499999997],[122.5577036,14.307546300000002],[122.5574726,14.307738199999998],[122.5573075,14.308058000000003],[122.5570765,14.3086977],[122.55667760000001,14.309191599999995],[122.5564474,14.309671899999998],[122.5564557,14.3103755],[122.55632120000001,14.3104931],[122.5560697,14.311279299999997],[122.5560943,14.3116288],[122.55615640000002,14.3118586],[122.55642019999999,14.312461900000002],[122.55649249999999,14.313150999999998],[122.55650630000001,14.3135817],[122.5564543,14.313861499999998],[122.5563363,14.3139832],[122.5561596,14.313990100000002],[122.55578750000001,14.313857599999997],[122.5554387,14.313560099999998],[122.5552527,14.313320499999998],[122.55484140000002,14.313159299999999],[122.5545128,14.313225399999997],[122.55432140000002,14.3133541],[122.5536222,14.314082899999999],[122.55324389999998,14.314633900000002],[122.55316020000001,14.314944699999998],[122.55317069999998,14.3151184],[122.55323900000002,14.3152812],[122.5532388,14.3154056],[122.55303020000001,14.3156894],[122.55270170000001,14.315947699999999],[122.552599,14.316107399999996],[122.5524691,14.316798299999997],[122.5522619,14.317123299999999],[122.5519587,14.317431900000003],[122.5514757,14.317715100000001],[122.5511024,14.317886600000001],[122.5501636,14.318513699999999],[122.5501979,14.3186915],[122.54977520000001,14.3190639],[122.5495883,14.319312399999998],[122.54950940000002,14.3194749],[122.5491661,14.3194073],[122.5487812,14.319437],[122.5480542,14.319857899999997],[122.5479215,14.320051100000002],[122.54708940000002,14.320965499999998],[122.54661489999998,14.321258],[122.54624100000001,14.321439099999997],[122.5460685,14.321425199999998],[122.5457809,14.321313799999997],[122.54522489999998,14.3209345],[122.545099,14.3208938],[122.5447281,14.3209447],[122.5444437,14.3210769],[122.5441694,14.321290999999999],[122.5439316,14.321336899999999],[122.543657,14.3212407],[122.5429795,14.3209039],[122.5427869,14.320888200000002],[122.5425376,14.320917499999998],[122.5423657,14.321054200000006],[122.54213779999999,14.321313999999997],[122.54213000000001,14.321558],[122.54199740000001,14.321622299999996],[122.5418134,14.321600399999998],[122.5414677,14.3214777],[122.5409309,14.3212255],[122.54078370000002,14.321218099999994],[122.54054790000002,14.3213827],[122.5402895,14.321740999999998],[122.54014210000001,14.321841199999998],[122.53993590000002,14.321898199999998],[122.53950180000001,14.3218471],[122.53892730000001,14.322047],[122.53833869999998,14.321909499999999],[122.5376087,14.321862099999999],[122.5373769,14.321974600000003],[122.5357475,14.322124500000001],[122.53486400000001,14.322256699999999],[122.53446650000001,14.3222559],[122.53399600000002,14.3225186],[122.533878,14.3225249],[122.5335878,14.322464699999998],[122.5333133,14.322311100000002],[122.53305820000001,14.322272299999998],[122.5327048,14.3223099],[122.5320688,14.322300399999998]],[[122.5397642,14.319298100000001],[122.53958700000001,14.319584900000002],[122.53942910000002,14.320005599999998],[122.5394089,14.3202926],[122.53958519999999,14.3204652],[122.54031099999999,14.320638799999998],[122.5405856,14.320754199999998],[122.54087959999998,14.3209653],[122.54115430000002,14.321004100000001],[122.54166830000001,14.3208426],[122.5419601,14.3204698],[122.5421182,14.319953399999996],[122.5421194,14.319360099999999],[122.5419237,14.319072700000001],[122.5417078,14.3190722],[122.5413738,14.3192247],[122.54096150000001,14.319262200000002],[122.54047089999999,14.319261199999996],[122.5401177,14.319184000000002],[122.5397642,14.319298100000001]],[[122.5430222,14.319361800000001],[122.5430801,14.3198404],[122.5432755,14.3202618],[122.5437265,14.320482799999997],[122.5444329,14.320570200000002],[122.5448255,14.3205519],[122.54537570000001,14.320227600000003],[122.54637810000001,14.319540499999999],[122.5467911,14.3191203],[122.5471054,14.318986900000002],[122.54793219999999,14.317763699999999],[122.5486602,14.316846399999998],[122.5498833,14.313729299999997],[122.5505524,14.3128502],[122.5508081,14.3125637],[122.5507499,14.3121999],[122.5504562,14.311874],[122.55024150000001,14.3112612],[122.5502821,14.3106106],[122.55026339999999,14.310132100000002],[122.5500874,14.3098065],[122.54961660000001,14.309709899999998],[122.5487922,14.3097274],[122.5483014,14.3098222],[122.54782969999998,14.310127499999998],[122.5476125,14.310777799999999],[122.5477293,14.311275599999997],[122.54812059999999,14.3118887],[122.5482375,14.312329099999998],[122.54809950000002,14.3126351],[122.5478244,14.312768500000002],[122.54743200000001,14.312710399999999],[122.5466665,14.312728],[122.54641079999999,14.313014600000002],[122.5462532,14.313301399999997],[122.54584040000002,14.3136451],[122.54576129999998,14.313912799999995],[122.5458391,14.314257499999997],[122.54558329999999,14.314582300000001],[122.54519050000002,14.314734699999997],[122.54505230000001,14.315155399999998],[122.5449729,14.315576299999998],[122.544462,14.315862400000002],[122.5441077,14.316378399999998],[122.54375220000001,14.3175069],[122.54321970000001,14.318768999999998],[122.5430222,14.319361800000001]],[[122.54189120000001,14.3123445],[122.5416179,14.3119782],[122.5410888,14.311556100000004],[122.5408933,14.3112112],[122.5407366,14.311019599999996],[122.54062879999998,14.3109715],[122.5404303,14.310945399999998],[122.54020680000002,14.3109994],[122.539937,14.3112305],[122.5398284,14.311388599999999],[122.53959630000001,14.312003],[122.53942230000001,14.312376500000001],[122.5392025,14.312643299999994],[122.5390448,14.312949199999997],[122.53900430000002,14.313561499999997],[122.5390428,14.313944399999997],[122.5391896,14.314183999999996],[122.5393691,14.314210400000002],[122.5397489,14.314156199999996],[122.53999839999999,14.3140424],[122.54012979999999,14.3140148],[122.54049490000001,14.3141003],[122.54117209999998,14.314040999999996],[122.5413687,14.3138883],[122.5416049,14.313563399999998],[122.541871,14.312973799999998],[122.54194870000002,14.312755500000002],[122.54189120000001,14.3123445]],[[122.53515180000001,14.3115541],[122.53506359999999,14.311506099999999],[122.53486730000002,14.311544000000003],[122.53467050000002,14.3117733],[122.533809,14.3123904],[122.5336613,14.312590999999998],[122.5335132,14.3130692],[122.53355210000001,14.313212799999999],[122.53365,14.313308699999999],[122.5337874,14.3133185],[122.533974,14.313270999999999],[122.53423030000002,14.3130535],[122.53460939999998,14.312864],[122.53517880000001,14.3127312],[122.5356058,14.312482700000002],[122.5357843,14.312179599999997],[122.535887,14.3119366],[122.5358876,14.311663999999999],[122.53570529999999,14.311562899999998],[122.53515180000001,14.3115541]],[[122.54805109999998,14.304269300000001],[122.5479035,14.304434099999998],[122.5478588,14.304713900000001],[122.5478657,14.3049651],[122.54797570000001,14.3051303],[122.5481154,14.305202399999997],[122.54866069999999,14.3048661],[122.54869780000001,14.304708300000001],[122.54866910000001,14.304363799999997],[122.5485738,14.304155500000002],[122.5484341,14.3041121],[122.54827950000002,14.304140499999997],[122.54805109999998,14.304269300000001]],[[122.55306900000001,14.2976091],[122.55247930000002,14.298086400000003],[122.5521258,14.298181499999997],[122.5517525,14.2984295],[122.55128070000002,14.298830499999996],[122.55039660000001,14.299268999999999],[122.5500427,14.299612899999994],[122.5499239,14.300129299999998],[122.55009950000002,14.3006847],[122.55031490000002,14.3009147],[122.55058950000002,14.300972700000003],[122.5510013,14.301145699999998],[122.55133440000002,14.3014334],[122.55151060000001,14.3016442],[122.55192290000001,14.301549299999998],[122.55231590000001,14.301301299999999],[122.55278299999999,14.300861299999998],[122.55294560000002,14.300479499999998],[122.55314210000002,14.300345899999998],[122.5545362,14.299984900000002],[122.555705,14.299460799999997],[122.5562851,14.298839900000003],[122.55664,14.2980177],[122.5567399,14.297699800000002],[122.55666119999998,14.297194799999996],[122.55627,14.296524199999999],[122.5560543,14.296447299999999],[122.5552293,14.296847599999998],[122.55465990000002,14.296980499999998],[122.55422799999998,14.297037099999997],[122.5536781,14.297227499999996],[122.55306900000001,14.2976091]]],[[[122.67210720000001,14.323186299999998],[122.6720686,14.323379199999998],[122.67211320000001,14.323618099999997],[122.6720659,14.324126000000001],[122.67198840000002,14.3241391],[122.67201219999998,14.323629600000002],[122.67198239999999,14.3235433],[122.67180719999999,14.3234368],[122.67155849999999,14.323183000000002],[122.66969890000001,14.323278899999996],[122.6695908,14.323341799999998],[122.6695254,14.323330300000002],[122.6696651,14.323050999999998],[122.6697928,14.3230942],[122.66979670000002,14.323140599999997],[122.66985520000001,14.3231407],[122.6702355,14.323117199999997],[122.6702385,14.3230884],[122.6706604,14.323019400000002],[122.6706604,14.322662400000002],[122.67263610000002,14.322541499999998],[122.6725242,14.3231118],[122.67216369999998,14.3231547],[122.67210720000001,14.323186299999998]]],[[[122.57237400000001,14.322291099999996],[122.5715243,14.322550100000003],[122.5712718,14.3226566],[122.5706895,14.323048099999998],[122.570847,14.3228725],[122.57110250000001,14.322665299999999],[122.57195219999998,14.322285299999999],[122.57255820000002,14.3221586],[122.5728256,14.322204699999999],[122.5727959,14.322273799999998],[122.57237400000001,14.322291099999996]]],[[[122.63133930000001,14.321847699999996],[122.6310184,14.321951400000001],[122.63092340000001,14.321916799999999],[122.6307807,14.321721099999996],[122.6308045,14.321479299999996],[122.6310303,14.320661700000002],[122.63108969999999,14.319821199999996],[122.63106599999999,14.319510299999997],[122.63057870000002,14.3186351],[122.6297682,14.317333200000002],[122.62862589999999,14.3161245],[122.62749890000002,14.3151419],[122.62713179999999,14.314614999999998],[122.6269858,14.313897099999997],[122.62706010000001,14.3134906],[122.6294176,14.3121068],[122.6298597,14.311772499999998],[122.630019,14.311287000000002],[122.6300901,14.3111903],[122.6302321,14.311052300000002],[122.6306172,14.3107955],[122.63094710000001,14.310678300000001],[122.63157700000001,14.310735899999997],[122.6319573,14.310851],[122.63213550000002,14.310275200000001],[122.63250390000002,14.3096649],[122.63268219999999,14.309515199999996],[122.6321831,14.310321299999998],[122.6318933,14.311140699999996],[122.6316994,14.311966800000002],[122.6318702,14.312541199999998],[122.6322857,14.313522599999999],[122.6327759,14.3137626],[122.6329728,14.313428],[122.6333406,14.3135243],[122.63353640000001,14.3137877],[122.6334378,14.3140986],[122.63321680000001,14.314217800000002],[122.632971,14.314480599999998],[122.6329953,14.314648099999998],[122.63346160000002,14.3145771],[122.6329938,14.315605],[122.63264920000002,14.3162504],[122.63235370000001,14.316919699999994],[122.63210700000002,14.3178045],[122.63210610000002,14.3183547],[122.6319087,14.3190242],[122.631589,14.319454299999999],[122.6312128,14.3195821],[122.6311729,14.320293300000001],[122.6311016,14.320903499999998],[122.6308996,14.3215138],[122.6309828,14.321721099999998],[122.6311492,14.321721099999996],[122.6312918,14.321663499999998],[122.63139869999999,14.321559899999999],[122.63192160000001,14.320569600000002],[122.63209989999999,14.320373899999996],[122.6316364,14.321329600000002],[122.63133930000001,14.321847699999996]]],[[[122.5856544,14.320051499999998],[122.58514930000001,14.320160799999998],[122.5844838,14.320511999999999],[122.58380640000001,14.3206387],[122.5836113,14.3207559],[122.5835665,14.3207576],[122.5836638,14.320655999999998],[122.5842045,14.320304800000002],[122.5850126,14.319878699999999],[122.58612380000001,14.3196484],[122.58630800000002,14.319723299999998],[122.58639320000002,14.3198581],[122.5863238,14.3199524],[122.58609410000001,14.320062999999996],[122.5859218,14.320097499999996],[122.5856544,14.320051499999998]]],[[[122.58807570000002,14.319397999999998],[122.587841,14.319487200000001],[122.58762120000002,14.319613899999998],[122.58762120000002,14.3195621],[122.5877816,14.319469999999999],[122.58803710000001,14.319354800000003],[122.58825100000001,14.3193088],[122.5884174,14.319354800000001],[122.58864910000001,14.3195678],[122.58840250000002,14.319412399999996],[122.58822130000001,14.3193836],[122.58807570000002,14.319397999999998]]],[[[122.6025742,14.315468599999999],[122.59916349999999,14.317149699999998],[122.5984504,14.3174031],[122.59799880000001,14.317621800000003],[122.59767800000002,14.3178521],[122.5979632,14.3174721],[122.5990446,14.317115199999996],[122.6016353,14.3158485],[122.6025742,14.315468599999999]]],[[[122.6339181,14.3172303],[122.63433410000002,14.316113400000003],[122.6347381,14.315526099999998],[122.6339181,14.3172303]]],[[[122.4203217,14.316870500000002],[122.4196562,14.3167553],[122.4188124,14.316536600000001],[122.41807560000001,14.316156600000001],[122.417909,14.3159143],[122.41766580000001,14.3153367],[122.41761720000001,14.315157199999998],[122.41769129999999,14.314954000000002],[122.41764269999999,14.314762499999997],[122.4173358,14.314845499999999],[122.41688150000002,14.315023799999999],[122.41674619999999,14.315155099999998],[122.4165132,14.315154499999998],[122.41612150000002,14.314818599999999],[122.4159622,14.3147465],[122.415446,14.314595700000002],[122.41513060000001,14.3137636],[122.4148255,14.3131768],[122.4143156,14.312593000000001],[122.4141875,14.3122534],[122.41440729999998,14.3119031],[122.414661,14.311891999999999],[122.41495140000002,14.3119332],[122.41535650000002,14.311802600000002],[122.4156879,14.311731599999998],[122.4158478,14.3115765],[122.4157729,14.311380399999996],[122.4157874,14.3112176],[122.41608229999999,14.311003],[122.4163033,14.3109318],[122.41659989999998,14.310927],[122.41687349999998,14.311015299999996],[122.4172099,14.310816099999998],[122.41758060000001,14.3107778],[122.4176933,14.310586700000004],[122.4183371,14.310328500000002],[122.418701,14.310101200000002],[122.41872180000001,14.309661099999998],[122.41839210000002,14.308148399999999],[122.4184711,14.3079477],[122.41845279999998,14.307421399999997],[122.41827639999998,14.307315699999998],[122.4179918,14.3073245],[122.41786409999999,14.307396],[122.41761930000001,14.3074204],[122.417472,14.307361200000003],[122.4171615,14.3070991],[122.41666339999999,14.306584199999998],[122.4165578,14.3063454],[122.4165425,14.306163200000002],[122.4166024,14.305790099999996],[122.4165735,14.305589099999999],[122.41620580000001,14.3054734],[122.41591149999999,14.305415299999996],[122.4155589,14.3051848],[122.41513450000001,14.304236399999999],[122.41442949999998,14.303631799999996],[122.4141508,14.303540500000002],[122.4137728,14.303308699999999],[122.413486,14.3029025],[122.41327990000002,14.302048100000002],[122.41325420000001,14.301675000000001],[122.4130377,14.301145300000002],[122.4128617,14.300886499999999],[122.41286269999999,14.3004847],[122.41292270000001,14.3000829],[122.41304090000001,14.299896599999999],[122.41360880000002,14.2994088],[122.4135505,14.2991934],[122.4126687,14.298688899999998],[122.4125079,14.2982579],[122.4125239,14.2977699],[122.4127173,14.296966599999998],[122.4135221,14.295997700000001],[122.41397750000002,14.2956411],[122.41457610000002,14.295349299999998],[122.4149299,14.295106199999998],[122.41509280000001,14.294747700000002],[122.41535859999999,14.2944183],[122.415168,14.2941164],[122.4146975,14.293914300000003],[122.41416840000001,14.293640299999998],[122.4139189,14.293352599999999],[122.41372850000002,14.293007699999999],[122.41361160000001,14.292648499999997],[122.41345010000002,14.2925118],[122.41326289999999,14.292196699999996],[122.41312820000002,14.291771799999996],[122.4132324,14.291341500000001],[122.41339500000001,14.2910405],[122.41357829999998,14.2905896],[122.4135599,14.2904068],[122.41321949999998,14.290276599999999],[122.41295389999999,14.2899662],[122.4128804,14.289774699999999],[122.412837,14.289319599999999],[122.4129624,14.2891199],[122.4128305,14.288889899999997],[122.4125404,14.288778699999998],[122.41222030000002,14.2883955],[122.41217080000001,14.288264099999997],[122.412147,14.287650199999998],[122.4122097,14.2872956],[122.4123585,14.287212899999998],[122.4122882,14.286987400000001],[122.4117417,14.2867262],[122.41142140000001,14.286759099999998],[122.41101030000002,14.286653599999998],[122.4108877,14.2865499],[122.41072919999999,14.286327300000002],[122.4106874,14.286158599999997],[122.41042070000002,14.2859157],[122.4100152,14.285657099999998],[122.40829510000002,14.285179299999998],[122.40671460000002,14.284949000000001],[122.40509479999999,14.285019899999998],[122.4040288,14.2851448],[122.402781,14.2851102],[122.40211600000002,14.284980699999998],[122.4019051,14.2848127],[122.40165200000001,14.2844883],[122.4002735,14.2821159],[122.39961989999999,14.281367300000001],[122.39841679999999,14.280529299999998],[122.39795680000002,14.280320199999998],[122.3967793,14.279952799999997],[122.396126,14.279812499999997],[122.39436710000001,14.2796628],[122.3940225,14.279467],[122.3937135,14.279455500000001],[122.39327379999999,14.279674299999998],[122.3925251,14.280319299999999],[122.39181210000001,14.280584199999996],[122.3912179,14.2809066],[122.3909802,14.281102400000002],[122.39087330000001,14.281367299999998],[122.39117600000002,14.2820806],[122.39119,14.282325199999997],[122.39107190000001,14.282639399999999],[122.39063929999999,14.282963599999999],[122.3904023,14.283517999999997],[122.39036060000001,14.283784099999997],[122.39023699999998,14.283940499999998],[122.3894388,14.2842428],[122.38934440000001,14.284464699999997],[122.38933929999999,14.284675699999998],[122.3896122,14.2854297],[122.38959700000001,14.285671200000001],[122.38950100000001,14.285785099999998],[122.38916199999998,14.285897799999999],[122.38892400000002,14.286041699999998],[122.38858830000001,14.2867093],[122.38847780000002,14.287675499999999],[122.38845879999998,14.287967300000002],[122.38907340000002,14.2887582],[122.38907220000002,14.2891984],[122.3880496,14.289999500000002],[122.38685090000001,14.2905706],[122.3859674,14.290740499999998],[122.38522170000002,14.2907195],[122.38498730000002,14.290316999999998],[122.38516479999998,14.2900112],[122.3854214,14.2894569],[122.3855402,14.289055299999998],[122.38554160000001,14.288538599999999],[122.3853266,14.288231899999996],[122.38464210000001,14.2873881],[122.38401509999998,14.287022799999999],[122.38379980000002,14.286811799999997],[122.3836441,14.286352100000002],[122.3835474,14.285816],[122.38352879999998,14.2854523],[122.3832155,14.285202700000001],[122.38306970000001,14.285033900000002],[122.3828827,14.284686899999999],[122.3827669,14.2841873],[122.38278859999998,14.283402699999996],[122.3827707,14.282790299999997],[122.3824383,14.2823301],[122.38229370000002,14.2814798],[122.38236240000002,14.280929599999997],[122.38249969999998,14.2803803],[122.38306429999999,14.279559599999999],[122.3833809,14.278734900000002],[122.38360430000002,14.2774193],[122.38353260000001,14.2767015],[122.38359650000001,14.276504000000001],[122.38375010000001,14.276262399999998],[122.3839798,14.276123800000002],[122.3839798,14.275989499999996],[122.3836975,14.275649999999999],[122.38313290000002,14.275449799999995],[122.3825445,14.2756833],[122.381882,14.275767700000001],[122.3815582,14.275766900000002],[122.3822067,14.2754384],[122.38236940000002,14.275123099999998],[122.38256290000001,14.274348499999999],[122.38256509999998,14.2735304],[122.3826404,14.272913399999998],[122.38284670000002,14.2727992],[122.3830379,14.272842700000002],[122.38322920000002,14.2728432],[122.3834649,14.272771999999998],[122.3836419,14.272629],[122.3839944,14.272902599999997],[122.3844358,14.272932399999998],[122.38473039999998,14.272818399999997],[122.3849144,14.2725865],[122.38498470000002,14.2725456],[122.38524879999999,14.272545599999999],[122.38541380000001,14.2726096],[122.3856779,14.2726096],[122.3860739,14.272481699999998],[122.386272,14.2723537],[122.38660210000002,14.272289700000002],[122.38709720000001,14.272289699999998],[122.38729379999998,14.272416799999998],[122.3873563,14.2727427],[122.38723490000001,14.273275100000001],[122.38714250000001,14.273515],[122.3866641,14.274224800000002],[122.386581,14.274539899999999],[122.3863797,14.274944099999999],[122.38615779999999,14.275316299999997],[122.3858334,14.275961299999999],[122.38556019999999,14.276337499999997],[122.38516950000002,14.277204800000002],[122.3850356,14.277363300000001],[122.38456799999999,14.2781072],[122.3842517,14.278357999999999],[122.3837197,14.278943299999998],[122.3835184,14.2795006],[122.3834034,14.280058],[122.38338899999998,14.2805736],[122.3835328,14.2809498],[122.3838205,14.281222699999999],[122.38429380000001,14.2818227],[122.3844256,14.282081399999994],[122.384575,14.2826963],[122.3847499,14.282936199999998],[122.38505259999998,14.283041399999998],[122.3852318,14.283063799999999],[122.3858949,14.282960699999997],[122.38622569999998,14.2828639],[122.3865509,14.2825749],[122.38705250000001,14.281854800000001],[122.3873334,14.281694199999999],[122.38754690000002,14.281630099999997],[122.3878568,14.281329499999996],[122.3880791,14.2807703],[122.38810919999999,14.280526399999998],[122.388316,14.280225499999998],[122.38841910000001,14.280197100000004],[122.3886841,14.280197699999999],[122.3889636,14.280227199999997],[122.38919259999999,14.280148999999998],[122.3897324,14.2797319],[122.39011270000002,14.2792597],[122.39023819999998,14.2789844],[122.39035180000002,14.2784653],[122.3903146,14.278303],[122.3899855,14.2778615],[122.38991029999998,14.2775478],[122.38999570000001,14.2764716],[122.3901381,14.276013100000002],[122.3905038,14.2753471],[122.39109569999998,14.274797],[122.39141969999999,14.2746926],[122.391995,14.274385099999996],[122.3922158,14.274206599999996],[122.39284530000002,14.273615],[122.3932593,14.272907900000002],[122.39349670000001,14.272181299999996],[122.3935387,14.271148],[122.39346460000002,14.270385999999998],[122.3936405,14.269779899999998],[122.3941332,14.268967800000002],[122.39417380000002,14.268470400000002],[122.3940575,14.2679151],[122.3938433,14.2673022],[122.3935893,14.266899599999997],[122.39361010000002,14.2664595],[122.3940243,14.265656799999999],[122.3943579,14.265638499999998],[122.3945928,14.265868799999998],[122.3947296,14.266060499999998],[122.3949634,14.2666926],[122.3952791,14.267054599999996],[122.3957468,14.267249599999998],[122.3964335,14.2672896],[122.3973761,14.267004900000002],[122.39882819999998,14.266970299999999],[122.39963370000001,14.2666087],[122.3998502,14.266379599999997],[122.400557,14.2662283],[122.4010277,14.266306],[122.4012231,14.2665936],[122.40130060000001,14.266995699999999],[122.4012996,14.2673784],[122.40111919999998,14.2687941],[122.4011578,14.269043000000002],[122.40109450000001,14.2698095],[122.4011496,14.270186099999997],[122.40131689999998,14.270668599999997],[122.4016041,14.2710782],[122.40254610000001,14.2720939],[122.4027619,14.272243899999998],[122.4029719,14.272264799999999],[122.4031207,14.272243199999998],[122.4033221,14.272033],[122.40352170000001,14.271904399999999],[122.403784,14.271821499999998],[122.4040856,14.271858099999998],[122.404269,14.272066700000002],[122.4043272,14.2723395],[122.4043478,14.272892199999998],[122.40440770000001,14.273042599999998],[122.4045877,14.2731712],[122.40498709999999,14.273953099999996],[122.4050531,14.2746249],[122.40511300000001,14.2748567],[122.40502390000002,14.2756774],[122.40491290000001,14.275914000000002],[122.4047135,14.2761575],[122.403962,14.276749300000002],[122.40353450000002,14.2770353],[122.40309290000002,14.2770342],[122.40260750000002,14.2769612],[122.4015637,14.276528],[122.4012546,14.276527199999999],[122.4007683,14.2767843],[122.4003266,14.276840600000002],[122.39973150000002,14.2764981],[122.3994739,14.2765084],[122.3991199,14.2768089],[122.3989426,14.277066800000002],[122.39888300000001,14.277339399999999],[122.3989117,14.2776121],[122.39909490000001,14.2778853],[122.3994692,14.278273799999997],[122.3996602,14.2783891],[122.39984409999998,14.278466500000004],[122.4001678,14.278469299999998],[122.4003666,14.278419599999998],[122.40064629999999,14.2785104],[122.40085159999998,14.2786504],[122.40125659999998,14.279075999999996],[122.4017827,14.279420999999997],[122.4021274,14.279812499999998],[122.40254330000002,14.2800199],[122.4028166,14.280111999999999],[122.40299490000001,14.280434499999998],[122.4031171,14.2808094],[122.4032287,14.280891499999997],[122.40345279999998,14.280990399999999],[122.4038981,14.2809066],[122.40417310000001,14.2807613],[122.4046287,14.280669299999998],[122.40507010000002,14.2807135],[122.40598169999998,14.2810746],[122.4064372,14.2813485],[122.40695190000001,14.281522],[122.4073049,14.281608999999996],[122.4078194,14.281839899999998],[122.4088032,14.282717899999998],[122.40947840000001,14.283408500000002],[122.4099184,14.2839694],[122.4101465,14.284412099999999],[122.41028490000001,14.2845676],[122.41037490000001,14.284603699999998],[122.4106118,14.284563900000002],[122.41089999999998,14.284676799999996],[122.41092400000001,14.284851399999997],[122.4110966,14.284920999999999],[122.4113554,14.284935000000003],[122.41171480000001,14.284865300000002],[122.41225370000001,14.284634999999996],[122.41252000000001,14.2845866],[122.4129226,14.284419400000003],[122.4134547,14.2841268],[122.4135683,14.284029599999998],[122.41404129999998,14.283255699999998],[122.4141376,14.283011899999996],[122.4143789,14.2827261],[122.4145284,14.2826827],[122.41475979999998,14.282707100000001],[122.41482870000002,14.282807299999998],[122.4148953,14.283114199999998],[122.41530570000002,14.283746799999996],[122.4156144,14.2839198],[122.41607059999998,14.2839353],[122.4161109,14.283966400000002],[122.4162096,14.2843811],[122.4162096,14.284992199999998],[122.4160377,14.285269999999999],[122.4160494,14.285560400000001],[122.4164007,14.2859995],[122.4164099,14.286191700000002],[122.4161779,14.286656499999996],[122.4151376,14.287729599999997],[122.41473489999998,14.288412499999998],[122.41473489999998,14.288596799999997],[122.4142606,14.289514200000001],[122.4140675,14.290188299999999],[122.4140807,14.2907768],[122.41434429999998,14.291279800000002],[122.4146234,14.2914958],[122.4151967,14.291755499999999],[122.4158589,14.2918289],[122.41624429999999,14.291829899999998],[122.41649360000001,14.291732600000001],[122.41731510000001,14.2908454],[122.41754570000002,14.2902464],[122.41777470000001,14.289900099999999],[122.417909,14.2897566],[122.41849330000001,14.2895507],[122.41923159999999,14.289518200000002],[122.419422,14.289623599999999],[122.4193994,14.2898434],[122.4191309,14.290591299999999],[122.4195,14.2915018],[122.4195336,14.291957099999998],[122.4196007,14.292152200000002],[122.4198021,14.292477399999996],[122.4199027,14.2933879],[122.4200034,14.293908199999999],[122.41993630000002,14.2942334],[122.4198021,14.294591099999998],[122.41986920000001,14.295046299999997],[122.41995520000002,14.295079700000002],[122.42023850000001,14.295520899999998],[122.42019100000002,14.2957627],[122.4197988,14.2962579],[122.4197037,14.2964537],[122.41960730000001,14.2966939],[122.4194704,14.297318099999996],[122.4196127,14.297824400000001],[122.41983110000001,14.2982392],[122.4203814,14.298740000000002],[122.4212298,14.299102299999998],[122.4215756,14.299095],[122.42183079999998,14.2990478],[122.4222435,14.298838299999996],[122.4221513,14.299151399999998],[122.422121,14.299390900000002],[122.42214810000002,14.2999319],[122.4222899,14.300633199999996],[122.42221410000002,14.3008611],[122.42165580000001,14.301389],[122.421554,14.301781899999998],[122.421553,14.302140700000002],[122.4217285,14.302614799999999],[122.4222422,14.303190199999998],[122.4225346,14.303890899999999],[122.4226796,14.304114499999999],[122.42293120000001,14.304282699999998],[122.42360810000001,14.304341699999998],[122.4239848,14.3043255],[122.4244254,14.304193],[122.4247025,14.304068399999998],[122.4250219,14.3040581],[122.42523659999999,14.3040586],[122.4256889,14.304233799999999],[122.42603890000001,14.304222],[122.42625070000001,14.303999999999997],[122.4265658,14.3035702],[122.4267428,14.303436599999996],[122.4269983,14.3034362],[122.42757590000001,14.303821400000002],[122.42775230000001,14.303907900000002],[122.4280959,14.303860899999997],[122.4278401,14.304109099999996],[122.4273391,14.304328000000002],[122.42695609999998,14.304441900000002],[122.42675370000002,14.3045397],[122.4263943,14.304800200000003],[122.4261407,14.305063199999998],[122.425864,14.305597100000002],[122.4254803,14.305978899999998],[122.42461200000001,14.306181400000002],[122.42452310000002,14.3062605],[122.42442270000001,14.306427400000002],[122.424328,14.307151400000002],[122.42411960000001,14.307381199999996],[122.42375120000001,14.307552599999998],[122.4236698,14.307710299999998],[122.42367680000001,14.307875299999997],[122.42388260000001,14.3079476],[122.4242026,14.3079868],[122.42434559999998,14.308207099999999],[122.4242718,14.308321699999999],[122.4236534,14.308384799999999],[122.42310020000001,14.308871499999999],[122.42295220000001,14.3091725],[122.4230249,14.309517200000002],[122.42319370000001,14.3097114],[122.42340670000002,14.309869799999998],[122.42357089999999,14.310215900000001],[122.4236038,14.3105018],[122.4235296,14.3107312],[122.42342539999999,14.310842300000001],[122.42316139999998,14.310845200000001],[122.42293309999998,14.3108949],[122.42264560000001,14.3110664],[122.4224609,14.311345799999996],[122.42241210000002,14.3117117],[122.4223721,14.3120948],[122.422531,14.312310500000002],[122.422788,14.312574299999998],[122.42288550000002,14.312801799999997],[122.423252,14.313024199999996],[122.4233628,14.313233499999997],[122.423217,14.313465099999995],[122.4229572,14.3135435],[122.4230784,14.314118],[122.4230781,14.314249499999999],[122.423016,14.3145484],[122.42291740000002,14.3147276],[122.42290450000002,14.314978699999998],[122.4231735,14.315326199999998],[122.42324670000002,14.315469899999998],[122.42320959999999,14.315577499999998],[122.4230745,14.315660899999997],[122.4225962,14.315623899999999],[122.422265,14.315634999999999],[122.4219949,14.315694200000003],[122.4217984,14.315801299999999],[122.4214672,14.3158005],[122.421308,14.315680499999997],[122.4210136,14.3156798],[122.4209151,14.315846999999998],[122.4210862,14.316098599999998],[122.42125770000001,14.3161947],[122.4213451,14.316494799999997],[122.4212498,14.316612999999998],[122.4203217,14.316870500000002]]],[[[122.6756395,14.3143255],[122.67572289999998,14.314725800000001],[122.6756516,14.315100099999999],[122.67546150000001,14.315491600000001],[122.67509310000001,14.3158082],[122.6748994,14.315911599999996],[122.67475439999998,14.316107599999999],[122.67464330000001,14.316159699999998],[122.67475439999998,14.3148007],[122.67469499999999,14.314449500000004],[122.6746118,14.314374599999999],[122.6740473,14.314155799999996],[122.67375610000002,14.3149792],[122.67360160000001,14.314938900000001],[122.67410080000002,14.313747099999999],[122.6741899,14.313775799999998],[122.67451080000001,14.3131022],[122.67546329999999,14.3135664],[122.6756813,14.313557100000002],[122.67579420000001,14.313643400000002],[122.6757764,14.313839199999999],[122.6756729,14.3140599],[122.6756395,14.3143255]]],[[[122.6505225,14.314009899999997],[122.6499209,14.314379799999996],[122.6496139,14.314488200000001],[122.64944570000002,14.314517199999997],[122.6491255,14.314481899999999],[122.64893960000002,14.314372400000002],[122.6487259,14.314297599999998],[122.6486799,14.314216499999999],[122.64875090000001,14.314106099999997],[122.6488268,14.314087700000002],[122.6492344,14.3141157],[122.6493939,14.3140681],[122.6497396,14.313813099999999],[122.65009179999998,14.313765599999998],[122.650192,14.3136028],[122.65038780000002,14.313913999999997],[122.6505225,14.314009899999997]]],[[[122.7932642,14.311311599999998],[122.79276510000001,14.312186799999997],[122.79213530000001,14.3128431],[122.79180250000002,14.3133959],[122.79112510000002,14.313890999999998],[122.79021000000002,14.314282499999997],[122.7894741,14.314344099999996],[122.7891722,14.314318899999996],[122.78867509999999,14.314026800000002],[122.7886057,14.3139371],[122.788368,14.3130965],[122.78820169999999,14.3127856],[122.7880828,14.312255900000002],[122.78798770000002,14.311357699999999],[122.78804720000001,14.310954599999999],[122.78823730000002,14.310171599999999],[122.78816599999999,14.309837699999997],[122.7874767,14.308260100000002],[122.78740540000001,14.306878199999998],[122.78756590000002,14.3056473],[122.7874769,14.3054821],[122.78739559999998,14.305403500000002],[122.7866289,14.304994799999998],[122.7863834,14.304966699999996],[122.78615250000001,14.3050338],[122.7857657,14.3052019],[122.7848943,14.305824799999998],[122.784375,14.3063347],[122.78397280000002,14.3069011],[122.7835626,14.3075719],[122.7830678,14.308732200000001],[122.7828889,14.3091678],[122.7826637,14.3099068],[122.78249739999998,14.310303999999997],[122.78222400000001,14.311207999999999],[122.7819448,14.311680099999997],[122.7814456,14.312209799999996],[122.78079199999999,14.312664599999996],[122.7800968,14.313217399999997],[122.77963330000001,14.313378599999998],[122.7794551,14.313620399999996],[122.77905100000001,14.314023400000004],[122.77894410000002,14.3142537],[122.77874199999998,14.314196099999997],[122.778454,14.313727699999998],[122.77843500000002,14.313759499999998],[122.77837679999999,14.313713199999999],[122.77829639999999,14.313555599999995],[122.77830479999999,14.313477],[122.7784307,14.313348399999995],[122.7784687,14.313251099999999],[122.77860920000002,14.3131659],[122.7787019,14.3131457],[122.77874550000001,14.313112999999998],[122.778751,14.3130705],[122.77891260000001,14.3130046],[122.7789969,14.312844700000001],[122.77944430000001,14.3126276],[122.77963819999998,14.312627499999998],[122.7799746,14.312458399999999],[122.7800235,14.312393600000002],[122.780001,14.312297299999997],[122.7800948,14.312259],[122.7801768,14.312122400000002],[122.78024210000001,14.3120862],[122.7803055,14.3119869],[122.7806771,14.311696699999999],[122.7807184,14.311580400000002],[122.7807022,14.31149],[122.78084350000002,14.3113093],[122.7809388,14.311083299999998],[122.7810645,14.3109026],[122.78104690000002,14.310767],[122.78106890000001,14.3106818],[122.78115319999999,14.310577900000002],[122.78120840000001,14.310285800000003],[122.7813334,14.310089099999999],[122.7813804,14.309863100000001],[122.78145590000001,14.309682299999999],[122.7814587,14.309522],[122.78141030000002,14.3095249],[122.78125700000001,14.308997600000001],[122.78078780000001,14.308839200000001],[122.78045900000001,14.3088302],[122.78037940000002,14.308777099999999],[122.7801785,14.3084899],[122.78012960000001,14.3083271],[122.78011999999998,14.3081357],[122.78018740000002,14.3079267],[122.7805842,14.307616999999999],[122.7808341,14.3073679],[122.781055,14.3070261],[122.78122549999999,14.3065866],[122.78144990000001,14.306392799999998],[122.7815226,14.306290199999998],[122.7816217,14.306076499999998],[122.7817388,14.3055231],[122.7821207,14.304890500000003],[122.782262,14.304717199999997],[122.78226210000001,14.304585599999996],[122.78221320000002,14.304388199999998],[122.7822931,14.304190900000002],[122.7823118,14.3039337],[122.782226,14.303861899999996],[122.7819868,14.3038258],[122.7818764,14.303837599999996],[122.7817721,14.3038914],[122.78168630000002,14.303873399999997],[122.7816493,14.3038011],[122.7818221,14.3029285],[122.7818041,14.302551699999997],[122.78170619999999,14.302324400000003],[122.7815836,14.302186700000002],[122.78127710000001,14.302060799999998],[122.781222,14.3019771],[122.7811609,14.301731800000002],[122.78093419999999,14.301474399999998],[122.78097110000002,14.3013788],[122.7811858,14.301361],[122.7814804,14.301074199999997],[122.78162640000001,14.301008799999996],[122.78167670000002,14.301062399999998],[122.78165930000002,14.3012429],[122.78172539999998,14.301427299999997],[122.7818051,14.301493199999998],[122.78194,14.301523200000002],[122.78213520000001,14.3014853],[122.78252910000002,14.301141],[122.7826825,14.301069299999998],[122.7827929,14.3010694],[122.7828602,14.301218999999998],[122.78284170000002,14.301410399999998],[122.7826577,14.3017292],[122.78257410000002,14.302090099999997],[122.7826094,14.302199400000003],[122.78271420000002,14.302338900000002],[122.7829375,14.302435899999999],[122.78309530000001,14.3024396],[122.78338240000001,14.3023214],[122.7834395,14.302351399999997],[122.78349679999998,14.3026131],[122.7836451,14.302845500000002],[122.78373789999999,14.302913499999999],[122.7838683,14.302963200000004],[122.7845568,14.3029729],[122.7850237,14.303457799999999],[122.7851842,14.303587399999998],[122.7853752,14.3036668],[122.7858521,14.3037081],[122.78633730000001,14.303606099999998],[122.78691160000001,14.303384099999995],[122.7870146,14.303384199999998],[122.78716179999999,14.303448899999996],[122.7873885,14.303684799999997],[122.78771320000001,14.3040594],[122.7878013,14.304260500000002],[122.7880735,14.304488599999999],[122.7882262,14.304773299999999],[122.78831440000002,14.304891800000002],[122.78846950000002,14.305020999999996],[122.78903870000002,14.305333699999997],[122.78927610000001,14.3053476],[122.78956529999999,14.305276799999996],[122.78960939999999,14.305348599999997],[122.7895405,14.305448899999998],[122.7894661,14.305666000000002],[122.7894781,14.3058163],[122.78952810000001,14.305898700000002],[122.7897192,14.305994599999998],[122.7899014,14.306165699999996],[122.7899456,14.306271199999998],[122.7899809,14.306626],[122.78991510000002,14.306991300000002],[122.78979389999999,14.307212999999999],[122.7891961,14.3078489],[122.7890975,14.308734200000002],[122.78917530000001,14.309381099999998],[122.78933870000002,14.309854399999999],[122.7895478,14.310141699999999],[122.78960640000001,14.310268600000002],[122.7898331,14.310540199999998],[122.7900448,14.3109287],[122.7906113,14.3112898],[122.79085180000001,14.311289799999997],[122.7917787,14.3102522],[122.7931097,14.308432799999999],[122.79494680000002,14.305144399999998],[122.7948771,14.304689399999999],[122.79465930000002,14.304289299999999],[122.7941156,14.304036099999996],[122.79398310000002,14.3040073],[122.7937708,14.3039989],[122.79358800000001,14.304045800000004],[122.79295220000002,14.304652299999999],[122.7927312,14.3047813],[122.792422,14.304910200000002],[122.79212939999998,14.304982299999999],[122.7919797,14.304975100000002],[122.7914704,14.304774299999998],[122.79110980000002,14.3045793],[122.79086830000001,14.304377899999997],[122.79066040000001,14.3041521],[122.79055560000002,14.303994300000003],[122.7902303,14.3032289],[122.7900565,14.303037899999998],[122.789843,14.3026058],[122.7897023,14.302498900000002],[122.78955810000001,14.3024552],[122.789022,14.302373699999999],[122.7888822,14.3022444],[122.78876510000002,14.3016271],[122.78866820000002,14.301301200000001],[122.78846230000002,14.3011574],[122.78820470000001,14.301107],[122.78805040000002,14.300834100000001],[122.78776360000002,14.300575500000003],[122.78776369999999,14.3005037],[122.78781860000001,14.300429],[122.78796250000002,14.300403399999999],[122.7881097,14.300425099999998],[122.7882201,14.300389300000003],[122.78830120000002,14.3002817],[122.78839219999999,14.2999104],[122.78844689999998,14.299515399999997],[122.78850749999998,14.2993274],[122.7886378,14.2991428],[122.7890017,14.298875700000002],[122.7889945,14.298660399999996],[122.7889578,14.2985671],[122.78852750000001,14.298217999999997],[122.788408,14.2980234],[122.7883513,14.297757099999998],[122.7884618,14.297128499999998],[122.7883143,14.297213600000001],[122.78828270000001,14.297196299999996],[122.7882309,14.297120199999997],[122.7877584,14.296710400000002],[122.7876195,14.296540600000004],[122.7874344,14.296198999999998],[122.7873882,14.2960117],[122.78746549999998,14.296034500000001],[122.78746100000001,14.296079700000002],[122.7875005,14.296105700000002],[122.787513,14.296170199999997],[122.7875922,14.296242400000002],[122.78770850000001,14.296486800000002],[122.7878274,14.296600599999998],[122.78788789999999,14.296722399999997],[122.78805850000002,14.2967821],[122.7881755,14.296857500000002],[122.7883146,14.296863200000002],[122.78836100000001,14.2968099],[122.788309,14.2964919],[122.78823,14.296371099999996],[122.78824,14.296189299999998],[122.7882842,14.296151099999996],[122.7885406,14.2961312],[122.78870609999998,14.296228000000001],[122.7888091,14.2962472],[122.7888974,14.2962234],[122.7889378,14.2961569],[122.789036,14.296088699999999],[122.78909370000001,14.296086899999999],[122.7892777,14.296156700000001],[122.7896039,14.296219200000001],[122.78975100000001,14.2963581],[122.79030010000001,14.296381899999998],[122.79048250000001,14.296438400000001],[122.7909929,14.2967098],[122.7925393,14.296801999999998],[122.7938228,14.2970093],[122.79669870000001,14.298322099999995],[122.79778599999999,14.299990299999996],[122.7978419,14.3007494],[122.79775989999999,14.301215299999999],[122.7976494,14.301569599999999],[122.79724540000001,14.3032509],[122.7966274,14.305139400000003],[122.79589060000002,14.306935799999998],[122.7952804,14.307918699999997],[122.7953439,14.3079952],[122.7947022,14.308951000000002],[122.79406050000001,14.310252199999999],[122.7932642,14.311311599999998]]],[[[122.4325147,14.312345100000002],[122.432788,14.312874799999998],[122.43316830000002,14.313749900000001],[122.4331207,14.3139572],[122.43279989999999,14.313197199999996],[122.43234830000002,14.3123451],[122.4325147,14.312345100000002]]],[[[122.60889359999999,14.311791200000002],[122.6087241,14.311824000000001],[122.6085934,14.311962199999998],[122.6084508,14.3120486],[122.60833190000001,14.3120486],[122.608225,14.312037099999998],[122.6080111,14.3119565],[122.6077496,14.3117953],[122.60784469999999,14.311795299999998],[122.60818490000001,14.311668100000002],[122.6084089,14.311481499999998],[122.60861120000001,14.3114268],[122.60918160000001,14.3111965],[122.61057030000002,14.310531400000004],[122.6106089,14.310759899999999],[122.60947869999998,14.311248300000003],[122.60885480000002,14.311628300000002],[122.60889359999999,14.311791200000002]]],[[[122.60627010000002,14.311058299999997],[122.6068464,14.311328899999998],[122.6073872,14.3114613],[122.60735150000001,14.311593699999994],[122.6073931,14.311697399999998],[122.6068643,14.311490100000002],[122.60620470000002,14.311161899999998],[122.605765,14.311058299999996],[122.6052718,14.311046799999998],[122.60442209999998,14.311092799999997],[122.60405350000002,14.3110231],[122.60321590000001,14.311167699999999],[122.60247390000002,14.311002999999998],[122.602,14.310939799999998],[122.60211360000001,14.3107851],[122.6023721,14.310574600000002],[122.60247429999998,14.3103493],[122.6025017,14.3101947],[122.6021627,14.309869299999999],[122.6017658,14.309736499999998],[122.60090450000001,14.3098665],[122.6007381,14.309918299999998],[122.6000769,14.3102024],[122.59979290000001,14.310433700000003],[122.59887240000002,14.310719199999998],[122.598305,14.3108347],[122.5978133,14.310765299999998],[122.5974536,14.310668999999997],[122.59729460000001,14.3103733],[122.59707139999999,14.309496100000002],[122.59662080000001,14.308834599999999],[122.59625110000002,14.308589799999996],[122.595577,14.3084622],[122.5945562,14.308816899999997],[122.5941478,14.308866900000002],[122.5938896,14.3087013],[122.59368770000002,14.308413800000002],[122.59341209999998,14.308234],[122.5929156,14.308146699999998],[122.59148319999998,14.308575299999998],[122.5906217,14.308764300000002],[122.5889763,14.3090158],[122.58863569999998,14.309038899999994],[122.58842040000002,14.309319499999999],[122.588254,14.3093943],[122.58803409999999,14.3093886],[122.5869883,14.3092389],[122.586923,14.309146800000004],[122.58694080000001,14.308910700000002],[122.5869943,14.3087783],[122.58714279999998,14.308645800000003],[122.58727950000001,14.308571],[122.5877875,14.308559499999998],[122.5901577,14.306900700000002],[122.59149540000001,14.3061584],[122.59190010000002,14.3057626],[122.592153,14.305400600000002],[122.59251199999999,14.304715099999997],[122.59300459999999,14.3043018],[122.59505880000002,14.3031054],[122.5956585,14.302416799999998],[122.5958922,14.3023086],[122.59634479999998,14.302223399999995],[122.5972681,14.3023197],[122.5970094,14.302965200000001],[122.59682429999998,14.3035929],[122.5966647,14.304682600000001],[122.5966902,14.305144699999998],[122.59736999999998,14.307092399999998],[122.59807169999999,14.308254899999996],[122.5981865,14.308399700000002],[122.5988389,14.308862199999998],[122.59935370000001,14.3090514],[122.6006101,14.309319599999997],[122.60177789999999,14.309624599999996],[122.60208870000001,14.309624600000001],[122.6023066,14.3096799],[122.6024435,14.309754700000001],[122.6027243,14.310023399999997],[122.60366749999999,14.3104653],[122.60442659999998,14.310861999999998],[122.60464199999998,14.310937399999998],[122.6052599,14.310971899999997],[122.60571750000001,14.310873999999998],[122.60627010000002,14.311058299999997]]],[[[122.43729939999999,14.3060638],[122.4360805,14.3064807],[122.4355833,14.306480699999998],[122.4356758,14.306092300000001],[122.43564899999998,14.3059713],[122.43536369999998,14.3059326],[122.43508399999999,14.305932],[122.4347895,14.305988699999999],[122.4345387,14.306213],[122.434289,14.306016199999997],[122.43423070000001,14.3057864],[122.43447550000002,14.304698900000002],[122.43455870000001,14.304123200000001],[122.43457060000001,14.3035589],[122.4343448,14.3031904],[122.43165899999998,14.301497599999998],[122.4306132,14.301042699999998],[122.4303993,14.300916100000002],[122.43033990000002,14.3008297],[122.43030940000001,14.3006287],[122.4304439,14.300454499999999],[122.4305242,14.300255900000002],[122.4305061,14.300133799999998],[122.43041830000001,14.2999111],[122.4302723,14.299795499999998],[122.4301881,14.299778999999997],[122.43010210000001,14.299808700000002],[122.4299792,14.299940000000001],[122.4299052,14.300095299999999],[122.42986509999999,14.3004086],[122.42981350000001,14.300465899999997],[122.4297656,14.3004837],[122.4295744,14.300418699999998],[122.4294422,14.300310700000002],[122.42939070000001,14.300306999999997],[122.42932080000001,14.300314000000002],[122.42918070000002,14.300421299999998],[122.4291005,14.3000678],[122.42895969999998,14.2999538],[122.4286084,14.299828299999996],[122.42838389999999,14.2996893],[122.42831060000002,14.299575500000001],[122.4282201,14.299292300000001],[122.42816510000002,14.298905300000001],[122.4281018,14.298777699999999],[122.42791009999999,14.298596799999999],[122.42698970000001,14.298065199999998],[122.42668960000002,14.297926999999998],[122.4263708,14.297860400000001],[122.42609529999999,14.297662399999997],[122.42601630000001,14.297411],[122.42612130000002,14.2971063],[122.426232,14.296962999999998],[122.42645320000001,14.296831999999998],[122.4266682,14.296837799999999],[122.426616,14.296099],[122.42675250000002,14.294757499999998],[122.426887,14.294522000000002],[122.42702510000001,14.294419600000001],[122.4271587,14.294393699999999],[122.42737279999999,14.294414699999999],[122.4276378,14.294386600000003],[122.4279682,14.294196100000002],[122.42831639999999,14.293747100000001],[122.4287293,14.293441899999998],[122.42884740000001,14.2933083],[122.42895060000001,14.2931213],[122.4291131,14.2930218],[122.42933730000001,14.293004899999998],[122.4296642,14.293097000000001],[122.42979,14.293052199999996],[122.4299769,14.292880400000001],[122.4303536,14.292380399999999],[122.43052899999999,14.292251299999998],[122.4310821,14.2919987],[122.43124189999999,14.291869099999998],[122.43155449999999,14.291989999999997],[122.4321766,14.2923673],[122.4323864,14.292660400000003],[122.43243099999998,14.292948499999998],[122.4323899,14.293470499999998],[122.43244650000001,14.2941866],[122.4326138,14.294520099999998],[122.43278280000001,14.2946362],[122.4328946,14.294677800000002],[122.4332465,14.2947526],[122.43363150000002,14.294771400000002],[122.4339036,14.294748],[122.4340362,14.294712399999998],[122.43417619999998,14.294619499999998],[122.43429439999998,14.294426000000003],[122.4346042,14.294161199999998],[122.43468550000001,14.294003499999999],[122.4347154,14.293838499999998],[122.4346278,14.293558399999998],[122.4346575,14.293458000000001],[122.4349273,14.2931963],[122.4350685,14.292835300000002],[122.43505000000002,14.292567599999996],[122.4350061,14.292417499999999],[122.4348774,14.292176899999998],[122.43460810000002,14.291934599999998],[122.4341262,14.291616399999999],[122.4335888,14.2914618],[122.4332874,14.2913104],[122.4328025,14.2909863],[122.43267140000002,14.290754399999999],[122.43272229999998,14.290677500000001],[122.4331786,14.2906678],[122.4333563,14.290614299999998],[122.4336282,14.2904213],[122.43378279999999,14.2903643],[122.4339126,14.290364599999998],[122.43409900000002,14.290461899999999],[122.4344515,14.290767700000002],[122.43470869999999,14.290919099999998],[122.4349917,14.2909193],[122.4353938,14.290647999999997],[122.4357109,14.290361699999998],[122.4358507,14.290369200000002],[122.43598299999998,14.290441299999998],[122.43640979999999,14.290471],[122.43713890000001,14.290257399999998],[122.43738219999999,14.290078599999998],[122.4375816,14.2897776],[122.43762649999998,14.289469100000002],[122.43749290000001,14.289194300000002],[122.43747850000001,14.2890723],[122.43778120000002,14.2886855],[122.4378554,14.288441599999999],[122.4378708,14.288147400000001],[122.4378348,14.288044399999999],[122.4379088,14.287929599999998],[122.4381598,14.287755899999999],[122.4382905,14.287755899999995],[122.43841459999999,14.287878899999999],[122.43874769999998,14.288070999999999],[122.4389435,14.2882533],[122.4391489,14.288512099999998],[122.43924319999999,14.2892798],[122.4393799,14.289538499999999],[122.4397717,14.2898169],[122.43998730000001,14.289932199999999],[122.4401344,14.2899708],[122.4402434,14.289948699999998],[122.44038249999998,14.2900835],[122.4404542,14.290674099999997],[122.4404542,14.291195199999995],[122.4400598,14.291612099999998],[122.4399523,14.292029],[122.4399523,14.292480599999998],[122.4401674,14.293349199999998],[122.4400957,14.293488099999998],[122.4398089,14.2937313],[122.43962960000002,14.294113499999996],[122.4396655,14.294356599999999],[122.4398089,14.2947388],[122.4402391,14.2951209],[122.4403466,14.295433599999997],[122.4404183,14.2960936],[122.4406334,14.29658],[122.4405617,14.296788400000002],[122.4404036,14.296972399999996],[122.4401168,14.297061300000001],[122.4392407,14.2970495],[122.43893690000002,14.296876499999998],[122.43862370000001,14.296579199999996],[122.43844780000002,14.2962821],[122.4382045,14.2956765],[122.4379694,14.295522799999999],[122.43741039999999,14.2953971],[122.4371949,14.295243499999996],[122.43688180000001,14.295104799999999],[122.4365279,14.295117499999998],[122.43626309999999,14.295078600000002],[122.4360178,14.295078100000001],[122.43556619999998,14.295182199999998],[122.43477,14.295725799999998],[122.43443690000001,14.295811799999996],[122.43393490000001,14.296125699999997],[122.43372550000001,14.296345299999997],[122.4336,14.2966399],[122.433608,14.296849899999996],[122.43369199999998,14.297125],[122.4341426,14.297465799999998],[122.43422560000002,14.297609499999998],[122.43440110000002,14.298069199999999],[122.4344395,14.2983947],[122.43464500000002,14.298643900000002],[122.43508609999999,14.2988077],[122.4351544,14.298970499999998],[122.4351727,14.299487200000002],[122.4356224,14.3001581],[122.43604380000001,14.3004079],[122.43638700000001,14.3005044],[122.4366715,14.300533799999997],[122.4368773,14.3006204],[122.43700440000002,14.300792899999998],[122.43711250000001,14.301064699999996],[122.4374008,14.301426600000001],[122.43786820000001,14.301702799999996],[122.4381447,14.301717399999996],[122.43870950000002,14.301660699999998],[122.43910730000002,14.301693099999996],[122.43936120000001,14.301949099999998],[122.43989909999999,14.302179199999998],[122.4402092,14.302227500000003],[122.4417123,14.302115299999999],[122.44217380000002,14.301987199999997],[122.4424093,14.301987799999997],[122.4426592,14.3021032],[122.44285000000002,14.3023477],[122.4429964,14.3026638],[122.4429958,14.302907799999998],[122.44274490000001,14.303165499999999],[122.44246390000002,14.303164899999999],[122.44224380000001,14.303011299999998],[122.44208330000001,14.302848199999998],[122.4418332,14.302804600000004],[122.4415398,14.302837499999997],[122.44137850000001,14.3029627],[122.44100680000001,14.303678200000002],[122.44054959999998,14.304021599999999],[122.43979790000002,14.304436],[122.43950300000002,14.304665],[122.4389919,14.3051636],[122.4388534,14.3054242],[122.4382782,14.305910800000001],[122.4380317,14.306063800000002],[122.43729939999999,14.3060638]]],[[[122.63609290000001,14.303492699999996],[122.63539170000001,14.3038727],[122.6345123,14.304667299999998],[122.6336329,14.3055655],[122.6331813,14.3060952],[122.63311000000002,14.306394599999999],[122.63307439999998,14.3061873],[122.6333358,14.305657600000002],[122.63381120000001,14.305254599999998],[122.633941,14.305061099999998],[122.63352800000001,14.305020100000002],[122.63246919999999,14.304358299999999],[122.63165340000002,14.304096799999996],[122.63167530000001,14.303797200000002],[122.63195559999998,14.303395799999999],[122.63217669999999,14.303195199999998],[122.6330017,14.302794499999997],[122.63351710000002,14.302673299999999],[122.63379670000002,14.3026666],[122.6342335,14.3025847],[122.6344236,14.3024869],[122.63478389999999,14.302093999999999],[122.6350051,14.301792899999999],[122.6350135,14.301680899999996],[122.63486549999999,14.301520699999998],[122.63460090000001,14.301476499999998],[122.63396060000001,14.3014755],[122.63368609999999,14.301421499999998],[122.6335272,14.301288399999999],[122.63331380000001,14.3009147],[122.63305669999998,14.300572600000002],[122.6330939,14.300368999999998],[122.6332821,14.300284599999996],[122.6336826,14.300441600000001],[122.63386580000001,14.300461],[122.63396510000001,14.3003557],[122.6338018,14.2995088],[122.63390560000002,14.299035299999998],[122.6340825,14.2988921],[122.6340828,14.298705499999999],[122.6339881,14.298506699999995],[122.6339227,14.298247800000002],[122.6340397,14.2980739],[122.63430500000001,14.297844599999998],[122.6343862,14.2976939],[122.63476200000001,14.297485],[122.6351778,14.297504500000002],[122.6352575,14.297555999999997],[122.6352867,14.2977174],[122.634962,14.297943700000001],[122.63474600000002,14.298204099999998],[122.6346131,14.298447899999998],[122.63449499999999,14.298677399999999],[122.63442080000002,14.299021800000002],[122.63439080000002,14.2994236],[122.634508,14.299753900000002],[122.6346697,14.299897699999999],[122.6349785,14.3000776],[122.63512560000001,14.300113700000002],[122.63539050000001,14.300114099999996],[122.6354198,14.300228999999996],[122.63538989999999,14.3005447],[122.6355367,14.300774599999999],[122.63572770000002,14.300961500000001],[122.6360366,14.301091099999999],[122.63624280000002,14.301048399999999],[122.6363022,14.300675299999998],[122.6362443,14.3000724],[122.63615680000001,14.299598600000001],[122.6360181,14.299070099999998],[122.63605110000002,14.298660299999996],[122.6363502,14.298321400000003],[122.6365122,14.298249900000004],[122.63679230000001,14.297963200000002],[122.6368587,14.297855699999998],[122.6370453,14.297692899999996],[122.637205,14.297619399999999],[122.63747189999998,14.297540599999998],[122.63775319999999,14.2975964],[122.6379481,14.297756900000001],[122.6380582,14.2979652],[122.6380288,14.298325899999998],[122.63792070000001,14.2984118],[122.6376895,14.298423899999998],[122.6376074,14.2985683],[122.63763349999999,14.2986878],[122.63774639999998,14.2987471],[122.63804219999999,14.298768899999999],[122.63815940000002,14.299084899999999],[122.6383357,14.299300499999998],[122.63833490000002,14.299831299999997],[122.63827190000002,14.300008300000002],[122.6378491,14.299845200000004],[122.63720669999998,14.2994536],[122.637087,14.2994439],[122.6369384,14.2994833],[122.6368885,14.299568099999998],[122.63688799999998,14.299893499999996],[122.63694980000001,14.300479899999997],[122.6371044,14.300564],[122.6375835,14.3006122],[122.6378974,14.300698799999996],[122.63806410000001,14.300766000000001],[122.6381522,14.300909699999997],[122.638152,14.3010341],[122.6380832,14.301120099999997],[122.6377807,14.301172799999996],[122.63764220000002,14.3012376],[122.63755469999998,14.301428699999999],[122.63766230000002,14.301588800000001],[122.6377872,14.301710999999997],[122.63787570000001,14.301971400000001],[122.6378559,14.302095800000002],[122.6374332,14.3021985],[122.6370794,14.3025137],[122.63686570000002,14.3027676],[122.6368368,14.302941499999996],[122.63691619999999,14.303331599999996],[122.6367017,14.3033268],[122.63609290000001,14.303492699999996]]],[[[122.6617004,14.3024622],[122.6565184,14.3061867],[122.6563228,14.305755799999998],[122.6615294,14.3020075],[122.6617004,14.3024622]]],[[[122.6305343,14.2892653],[122.63079269999999,14.289431899999999],[122.6309383,14.289744399999998],[122.63099900000002,14.2901392],[122.63096130000001,14.290701299999998],[122.63081759999999,14.290953400000001],[122.6305066,14.2912269],[122.6302607,14.2915734],[122.6302726,14.291788699999998],[122.63039510000002,14.2918965],[122.63057900000001,14.2919806],[122.6308402,14.292336699999998],[122.63105210000002,14.2929302],[122.63097989999999,14.2931853],[122.6309536,14.293530100000002],[122.63103000000001,14.293679799999998],[122.63124980000002,14.294325999999996],[122.6322142,14.296184599999997],[122.631871,14.296590299999997],[122.63165499999998,14.2966857],[122.6312816,14.296991299999998],[122.6305156,14.297334599999997],[122.6301814,14.297736000000002],[122.6299716,14.298102799999999],[122.6298937,14.2987346],[122.62990390000002,14.299381399999998],[122.6298733,14.299646000000001],[122.6295888,14.300069899999999],[122.62947520000002,14.300509899999996],[122.6293621,14.300759499999998],[122.62925410000001,14.300913499999998],[122.6291748,14.301169400000001],[122.62917460000001,14.301332299999997],[122.6292233,14.301528599999996],[122.62935039999999,14.301791899999998],[122.62952030000001,14.301948999999997],[122.6295987,14.3021264],[122.62955539999999,14.302452499999996],[122.62946689999998,14.302595900000002],[122.6293878,14.302940299999996],[122.6294838,14.3042418],[122.62961359999998,14.304561299999998],[122.62952740000001,14.3049781],[122.62947739999998,14.305504299999997],[122.62967290000002,14.306007],[122.6292319,14.305647399999996],[122.6288153,14.305006299999999],[122.6287535,14.304537],[122.6287722,14.303787400000001],[122.628881,14.303408800000001],[122.6288837,14.303241299999998],[122.6289729,14.302901199999999],[122.6290353,14.302452199999996],[122.6289369,14.3020521],[122.6287224,14.301810099999999],[122.6286507,14.3015639],[122.6286593,14.3012769],[122.6289797,14.300509099999998],[122.6290983,14.2999543],[122.62909980000002,14.299644600000002],[122.6286884,14.298433599999997],[122.6285925,14.2982385],[122.62827480000001,14.297194599999997],[122.6281353,14.2970761],[122.6278831,14.2970586],[122.62779740000002,14.296962799999998],[122.6277979,14.296663800000001],[122.62785210000001,14.2964899],[122.6281544,14.2963795],[122.6282525,14.296193599999997],[122.6282531,14.295851099999998],[122.62847490000001,14.2951936],[122.62851160000001,14.2949231],[122.62849960000001,14.2943521],[122.62858510000001,14.293846299999998],[122.6286135,14.293575100000002],[122.6285993,14.2934487],[122.6284721,14.2932711],[122.6271019,14.2922538],[122.6258668,14.291476699999995],[122.6253279,14.2910357],[122.624612,14.290318299999997],[122.6245766,14.290218],[122.6245841,14.290104999999999],[122.6247895,14.2899113],[122.6247588,14.289685],[122.62464340000001,14.2895801],[122.62410899999999,14.2893845],[122.62362740000002,14.289269699999997],[122.6230348,14.289233099999997],[122.62283359999999,14.2892328],[122.62224940000002,14.2894233],[122.6219255,14.2894993],[122.6216606,14.289460599999998],[122.6212439,14.2891104],[122.6209922,14.288996499999996],[122.62072590000001,14.289006500000001],[122.61995370000001,14.289161699999998],[122.61948720000001,14.289400199999996],[122.61915530000002,14.289806399999998],[122.618932,14.291325099999998],[122.61887020000002,14.291594099999998],[122.6187042,14.2919883],[122.6184836,14.292253199999998],[122.61831340000002,14.292367700000002],[122.6181319,14.292374499999998],[122.6177162,14.292220199999997],[122.6173481,14.292131100000002],[122.61728220000002,14.292000800000002],[122.61736149999999,14.291621599999997],[122.61715360000001,14.291286300000001],[122.61709330000001,14.2906762],[122.61695879999999,14.2904248],[122.61681950000002,14.2903793],[122.61592649999999,14.2906699],[122.61554450000001,14.290675599999998],[122.6149956,14.290804399999999],[122.6148545,14.290864],[122.6147019,14.2910633],[122.6146632,14.291533499999996],[122.6145396,14.2920835],[122.61401119999998,14.292680699999998],[122.6134093,14.2931941],[122.6130457,14.2935552],[122.6129138,14.2936461],[122.6128069,14.293679],[122.61270279999998,14.2936765],[122.6125777,14.2935961],[122.6124586,14.2933104],[122.6116672,14.292909399999996],[122.61151289999998,14.292874799999998],[122.6113914,14.2928815],[122.6111529,14.2929392],[122.6118897,14.292414100000002],[122.61191450000001,14.292258699999998],[122.6118537,14.291983500000004],[122.61167060000001,14.291828999999998],[122.6113995,14.291678099999999],[122.61043180000001,14.291413],[122.6096165,14.291244199999998],[122.6090093,14.291237200000001],[122.6088745,14.2911892],[122.60888690000002,14.2911054],[122.60914469999999,14.2909743],[122.6097335,14.2909513],[122.61013830000002,14.290904199999998],[122.61061669999998,14.290904899999996],[122.61092930000001,14.290854700000002],[122.6111015,14.290738299999997],[122.61141470000001,14.290439799999998],[122.61215120000001,14.290117999999996],[122.6123722,14.289974799999998],[122.6125566,14.289747899999998],[122.61280230000001,14.289509000000002],[122.61303570000001,14.289341999999998],[122.6131711,14.289019199999998],[122.6133563,14.2883138],[122.6135652,14.288122799999998],[122.6137247,14.288087199999998],[122.6138348,14.2882428],[122.6139441,14.288865],[122.61420129999999,14.289116599999998],[122.61449539999998,14.289272600000002],[122.6147528,14.2893448],[122.61512090000001,14.2892855],[122.61599159999999,14.2888982],[122.6162493,14.288826899999998],[122.6169124,14.2883734],[122.61707190000001,14.2883617],[122.61755020000001,14.288410300000002],[122.61791820000002,14.288375],[122.61838459999998,14.2881605],[122.61853180000001,14.288172700000002],[122.61866660000001,14.288220700000002],[122.61887510000001,14.288221099999996],[122.61940289999998,14.2879946],[122.61978320000001,14.2879713],[122.6200655,14.2878761],[122.6202866,14.287661100000001],[122.6205322,14.2874941],[122.6207899,14.287434700000002],[122.62102290000001,14.287447000000002],[122.62153780000001,14.2875914],[122.62251340000002,14.287992199999996],[122.62275140000001,14.2879641],[122.6228865,14.2878925],[122.6231567,14.287641800000001],[122.62399689999998,14.2862964],[122.62404549999998,14.286039800000001],[122.62405130000002,14.285444199999999],[122.6241563,14.284993200000002],[122.6244122,14.284587100000003],[122.6246488,14.2843682],[122.62472520000001,14.2841085],[122.6247292,14.2839401],[122.6245841,14.2837331],[122.62443729999998,14.2835998],[122.62420170000001,14.2834637],[122.6236942,14.283305],[122.62341989999999,14.283113099999998],[122.623305,14.2828163],[122.62336430000002,14.282543699999996],[122.6236508,14.2821793],[122.6239552,14.282036199999999],[122.6241125,14.2818451],[122.62411290000001,14.2816154],[122.62403469999998,14.281443100000004],[122.62381910000002,14.281251400000002],[122.6237143,14.280854099999999],[122.623679,14.280507699999998],[122.6233794,14.2801419],[122.62337969999999,14.2799876],[122.62348800000001,14.279738899999998],[122.623518,14.2794423],[122.6234007,14.279174199999998],[122.6232635,14.2790688],[122.6229201,14.2790586],[122.62271110000002,14.2790923],[122.62262080000002,14.279053399999997],[122.6224734,14.2788844],[122.6224596,14.278665599999998],[122.6225016,14.278417799999998],[122.6226667,14.278043899999998],[122.62275919999999,14.277958699999997],[122.6230787,14.2777976],[122.62320110000002,14.277757099999999],[122.62340630000001,14.277750600000001],[122.62350869999999,14.2777781],[122.62361669999999,14.277909099999999],[122.6237651,14.278351899999999],[122.6238514,14.278419399999997],[122.62410270000001,14.278428599999998],[122.62447180000001,14.2782094],[122.6250219,14.277789299999998],[122.6251302,14.277578899999998],[122.62506280000001,14.276794199999998],[122.6248311,14.276331699999998],[122.62426830000001,14.276032599999997],[122.62391670000001,14.2759283],[122.62379759999999,14.275836099999998],[122.6238326,14.275635699999999],[122.624006,14.275372299999999],[122.62409979999998,14.275138399999998],[122.6241013,14.275090899999995],[122.62387290000001,14.2745822],[122.6237302,14.274413699999998],[122.6237302,14.274363699999999],[122.6238644,14.2742337],[122.62399860000001,14.274136099999998],[122.6241533,14.274136099999996],[122.62420780000001,14.274192],[122.624677,14.274386399999996],[122.62500340000001,14.274648499999996],[122.6256659,14.275062699999996],[122.62598560000002,14.2753108],[122.62606279999999,14.2753432],[122.62616960000001,14.275303900000004],[122.62622860000002,14.275221500000002],[122.6262735,14.274740699999997],[122.6262591,14.2745541],[122.62603669999999,14.274156599999998],[122.6258608,14.274063600000002],[122.62567240000001,14.274016299999996],[122.62546630000001,14.2739238],[122.62513920000002,14.273722399999999],[122.624867,14.2737035],[122.6247512,14.2738099],[122.62461990000001,14.273795599999998],[122.6244698,14.273599299999999],[122.6244259,14.273441400000001],[122.62447770000001,14.2732405],[122.62475070000002,14.2728247],[122.624773,14.272674000000002],[122.62464100000001,14.272379499999998],[122.6246192,14.272221599999998],[122.62465629999998,14.2720207],[122.6249363,14.271841699999996],[122.62511110000001,14.271442499999997],[122.62563910000001,14.271078499999996],[122.62582609999998,14.270831499999996],[122.625888,14.270658],[122.6259037,14.270480900000003],[122.62582459999999,14.270127899999997],[122.6257329,14.2699603],[122.6255796,14.269936099999999],[122.62545079999998,14.269953900000003],[122.6253485,14.2700732],[122.6251356,14.2704956],[122.62495899999999,14.270676799999999],[122.62436699999999,14.270828300000002],[122.6242682,14.270846800000001],[122.62421069999999,14.2707952],[122.6241989,14.270526000000002],[122.6242236,14.270091299999999],[122.6242863,14.2699414],[122.62459270000001,14.269713300000001],[122.6246789,14.269510099999996],[122.6249799,14.2692115],[122.6251089,14.269026300000002],[122.62512760000001,14.268847],[122.62518300000002,14.2687723],[122.62566770000001,14.268590599999996],[122.6258028,14.268483199999997],[122.6263312,14.2678501],[122.6263224,14.2676922],[122.6262886,14.2676228],[122.62598329999999,14.267225399999997],[122.6257713,14.267095999999999],[122.6255469,14.267052599999998],[122.6254776,14.2669959],[122.62548280000001,14.266892799999997],[122.6255618,14.266647300000002],[122.6255399,14.2664421],[122.6254943,14.266362099999998],[122.62513150000001,14.2661175],[122.6250663,14.2660011],[122.62503760000001,14.2657725],[122.62511080000002,14.2651712],[122.62520830000001,14.264897200000002],[122.62550650000001,14.264535000000002],[122.62557050000001,14.264355099999998],[122.62554799999998,14.2641514],[122.6255778,14.2639648],[122.6256369,14.263835699999998],[122.6258202,14.2636465],[122.6263309,14.262430200000003],[122.6263239,14.262229200000002],[122.6262579,14.2620569],[122.6261625,14.261927499999999],[122.6259861,14.261776499999998],[122.6257343,14.2616544],[122.6256519,14.2614795],[122.6255607,14.261403399999999],[122.62538470000001,14.261335399999997],[122.6251884,14.261341100000001],[122.6250535,14.261358799999996],[122.6247883,14.261517600000001],[122.62463019999998,14.261507699999996],[122.6242226,14.261378400000002],[122.62403069999999,14.261284099999997],[122.62395000000001,14.261201599999998],[122.6238706,14.261033999999999],[122.6238707,14.260938299999998],[122.6240245,14.260663399999997],[122.6240188,14.2603823],[122.62405590000002,14.2602389],[122.6241296,14.260149299999997],[122.6242829,14.260131599999998],[122.6244116,14.260185599999998],[122.6245279,14.260293399999998],[122.6247179,14.2603655],[122.62484590000001,14.260354800000002],[122.6248974,14.2602895],[122.6249544,14.260165499999998],[122.62498300000001,14.2594928],[122.62504480000001,14.259241700000002],[122.6252169,14.258978800000001],[122.62529289999999,14.258787099999997],[122.6252787,14.2586679],[122.62521129999999,14.2585642],[122.62513950000002,14.258517399999999],[122.62461699999999,14.258355899999994],[122.6242901,14.2583268],[122.6242124,14.258271499999998],[122.62415190000002,14.258161499999996],[122.6241574,14.258046599999998],[122.6242376,14.257864800000002],[122.62427499999998,14.25753],[122.6242024,14.257406699999995],[122.62404540000001,14.257316299999998],[122.6237302,14.257061700000001],[122.6237302,14.256769000000002],[122.62378589999999,14.2565259],[122.6234953,14.256085999999996],[122.62376370000001,14.255825799999998],[122.62403220000002,14.255663199999999],[122.62451280000002,14.255601100000002],[122.6245604,14.255496999999998],[122.6247445,14.2554016],[122.6251859,14.255450199999999],[122.62549270000001,14.255355],[122.6260572,14.2550807],[122.62648700000001,14.2547345],[122.62688010000001,14.2543285],[122.62702800000001,14.253922000000001],[122.6272861,14.253563600000001],[122.62785029999999,14.253540499999998],[122.6282549,14.253577099999998],[122.62849980000001,14.2538047],[122.62857300000002,14.254044],[122.6285477,14.2544866],[122.6283756,14.254761399999998],[122.6281791,14.2549405],[122.6279827,14.255012000000002],[122.6278351,14.255334699999997],[122.62761330000001,14.255920499999998],[122.62747739999999,14.256566199999998],[122.62758720000001,14.256889300000001],[122.627587,14.257032799999998],[122.62754969999999,14.257343700000002],[122.62742450000002,14.257649899999999],[122.627426,14.257745],[122.6274875,14.257857999999999],[122.6276344,14.2580137],[122.6277933,14.258348899999996],[122.6277929,14.258612],[122.62770660000001,14.258886999999998],[122.6276941,14.259042499999998],[122.62776900000001,14.259260100000002],[122.6280123,14.259425700000001],[122.6281961,14.2594978],[122.6283308,14.259617600000002],[122.6284286,14.259809099999998],[122.62860000000002,14.260024699999999],[122.62873479999999,14.2600847],[122.62882060000001,14.2600849],[122.62896669999999,14.259985499999999],[122.6290553,14.2598544],[122.6290756,14.2594621],[122.6290073,14.259241899999997],[122.629047,14.258945299999999],[122.62903750000001,14.258715599999997],[122.6289108,14.258208300000002],[122.62892100000002,14.2580073],[122.62906989999999,14.257785999999996],[122.6292746,14.2577304],[122.62941160000001,14.257730600000002],[122.6296108,14.257908100000002],[122.6296642,14.2580381],[122.6297934,14.2584967],[122.62998899999998,14.2588511],[122.63011550000002,14.259492399999997],[122.63011450000002,14.2600857],[122.63002570000002,14.2604013],[122.6298783,14.260534999999999],[122.6292942,14.260773399999998],[122.62898469999999,14.261040800000002],[122.6287929,14.2613276],[122.6287286,14.2616241],[122.62862050000001,14.261738799999998],[122.6284635,14.261776800000002],[122.6282643,14.2620183],[122.62819770000002,14.262395099999999],[122.6282268,14.262532399999998],[122.6282522,14.262582099999996],[122.62839540000002,14.262678399999999],[122.62872970000001,14.262772699999998],[122.62903360000001,14.2629359],[122.62947010000002,14.263017899999996],[122.62985269999999,14.2630185],[122.63009789999998,14.263085799999999],[122.63024470000002,14.2632583],[122.63043059999998,14.263574399999998],[122.63049889999999,14.263851999999998],[122.63044949999998,14.264043299999999],[122.6303314,14.264272799999999],[122.6303407,14.264559900000002],[122.6302129,14.264750999999999],[122.6290531,14.264996099999998],[122.62867960000001,14.2652079],[122.6285368,14.2653316],[122.62833400000001,14.265585399999999],[122.6279923,14.2663275],[122.62796460000001,14.266779600000003],[122.6280183,14.266927999999995],[122.62813590000002,14.267033399999995],[122.62839090000001,14.267091199999996],[122.6288522,14.2669867],[122.6292156,14.266728899999999],[122.62953940000001,14.2667581],[122.62970620000002,14.266729599999998],[122.6297946,14.266672399999997],[122.6299813,14.2664717],[122.63034440000001,14.266453100000001],[122.6304817,14.266491599999998],[122.63056,14.266635300000003],[122.6305885,14.2671616],[122.63081390000002,14.2673533],[122.6309305,14.268042499999998],[122.63120459999999,14.268396999999998],[122.63129259999998,14.268626799999996],[122.6312529,14.268875500000002],[122.6310169,14.269200500000004],[122.630938,14.269429999999993],[122.6309961,14.269937300000002],[122.6311528,14.270119299999996],[122.6313586,14.270244000000002],[122.63159340000001,14.270674999999997],[122.6317895,14.2707423],[122.6320148,14.2709531],[122.6324561,14.2711069],[122.6326031,14.2712411],[122.6327694,14.2714997],[122.6331321,14.2717491],[122.6336398,14.271884899999998],[122.63383090000002,14.271820200000002],[122.63406770000002,14.271564500000002],[122.63448120000001,14.2707483],[122.6347762,14.270337299999998],[122.6349922,14.2702228],[122.6352772,14.269945799999999],[122.63564050000001,14.269754900000004],[122.63596720000001,14.269814199999999],[122.6363568,14.269717699999998],[122.6367595,14.2694504],[122.6369622,14.2691397],[122.63699569999999,14.268981899999998],[122.63706460000002,14.268847999999998],[122.6374674,14.268513699999998],[122.6377129,14.2684089],[122.63789930000002,14.268409100000001],[122.6379673,14.2684479],[122.63801670000001,14.268639],[122.6379523,14.269036],[122.6380102,14.269600699999998],[122.6382101,14.2704095],[122.6384257,14.270543799999999],[122.63860229999999,14.270544099999999],[122.63920200000001,14.269808200000002],[122.6394284,14.2693875],[122.639517,14.269157999999997],[122.63951739999999,14.268909199999996],[122.6394401,14.2681914],[122.63947959999999,14.2679905],[122.6395937,14.267946200000003],[122.63999020000001,14.268144199999998],[122.6404605,14.268173799999996],[122.64094130000001,14.268155399999998],[122.6410786,14.268184299999994],[122.64117640000002,14.268366299999999],[122.64108760000002,14.2686915],[122.64130940000001,14.2695147],[122.6412624,14.269830399999996],[122.64126170000002,14.270308900000002],[122.64132020000001,14.2704908],[122.64131990000001,14.270720400000002],[122.64126019999999,14.271217900000002],[122.6412894,14.2713711],[122.64140689999999,14.2715339],[122.64139639999999,14.2719454],[122.6412585,14.272308799999994],[122.64125819999998,14.272461899999996],[122.6413366,14.272548199999997],[122.6416204,14.2727065],[122.6417894,14.2728503],[122.6419069,14.273022699999999],[122.641892,14.273151799999997],[122.6417835,14.273391900000002],[122.6416441,14.273563999999997],[122.64166289999999,14.273725599999999],[122.6417731,14.273876499999998],[122.64195690000001,14.273970099999998],[122.64215730000001,14.274001900000002],[122.6422468,14.2741464],[122.64223469999999,14.274271799999998],[122.64228089999999,14.274434299999994],[122.6423549,14.2745313],[122.64251340000001,14.274578300000002],[122.6427434,14.274552599999998],[122.6428831,14.2746389],[122.64292540000001,14.2747791],[122.64287520000002,14.274983399999996],[122.6426981,14.2752558],[122.6426315,14.275521299999998],[122.6424118,14.275886100000001],[122.642282,14.276256799999999],[122.6422619,14.2764292],[122.642284,14.276539899999998],[122.6423575,14.276618899999999],[122.6423941,14.276740999999998],[122.6423422,14.2769705],[122.642239,14.277092399999999],[122.6421724,14.277329099999998],[122.64218670000001,14.277558799999996],[122.64226740000001,14.277716800000002],[122.6421563,14.278176],[122.64219249999998,14.2785564],[122.64215429999999,14.2788742],[122.64220659999998,14.278943999999997],[122.6423978,14.279023199999997],[122.6430233,14.279060000000001],[122.643347,14.2791107],[122.64359710000001,14.279190000000002],[122.64389350000002,14.279228800000002],[122.64401080000002,14.279032599999999],[122.6441568,14.278896599999998],[122.6445102,14.278768000000001],[122.6447092,14.278624699999998],[122.64484930000002,14.2784168],[122.645026,14.278359699999998],[122.6451805,14.2784101],[122.64518029999999,14.278489099999996],[122.6451506,14.278668499999998],[122.6450548,14.278754399999999],[122.64495889999999,14.278897799999998],[122.6449587,14.2790198],[122.64501,14.2791563],[122.6451792,14.279242599999998],[122.6456405,14.279321699999999],[122.64591510000001,14.279186299999997],[122.6462174,14.278827899999994],[122.6469243,14.278570599999998],[122.64731800000001,14.278247099999998],[122.64778180000002,14.2777024],[122.64793099999999,14.277483999999996],[122.64807409999999,14.277417000000002],[122.6484018,14.2774236],[122.64878449999999,14.277373899999997],[122.64910110000001,14.277295400000002],[122.64997020000001,14.276801499999996],[122.6501984,14.2767372],[122.65037500000001,14.276737499999998],[122.650727,14.2769261],[122.6509655,14.276983499999998],[122.65108090000001,14.276967299999999],[122.65126570000001,14.276885900000002],[122.65155320000001,14.2766558],[122.6516799,14.276417200000001],[122.65168090000002,14.276162799999996],[122.65153180000001,14.275798999999997],[122.6513511,14.274895399999997],[122.6510715,14.274873499999996],[122.65074340000001,14.274917899999998],[122.65061859999999,14.274857700000002],[122.6505566,14.274693299999997],[122.65057900000001,14.274528300000002],[122.6506823,14.2743131],[122.6510057,14.273878100000001],[122.65110279999999,14.273639099999999],[122.6511913,14.2735388],[122.65141210000002,14.273474499999997],[122.65166080000002,14.273347299999998],[122.6517516,14.273249699999996],[122.6518065,14.273119999999997],[122.65183240000002,14.2729441],[122.65222100000001,14.272602299999997],[122.6523211,14.2724079],[122.65229870000002,14.2722805],[122.6522236,14.272147999999998],[122.6522311,14.272054699999998],[122.6523712,14.271911400000002],[122.6527365,14.271723699999999],[122.6528262,14.2716269],[122.6528264,14.271481399999999],[122.65280700000001,14.271366599999999],[122.65265999999998,14.271241999999999],[122.6523657,14.271203300000002],[122.65213039999999,14.2711264],[122.65182800000001,14.270808799999998],[122.65112089999998,14.270388099999998],[122.6501498,14.2702336],[122.6495614,14.270002999999999],[122.64926780000002,14.269572],[122.64907229999999,14.269064499999999],[122.64909269999998,14.2685574],[122.6492404,14.268251399999999],[122.64933900000001,14.2678975],[122.64953580000001,14.267543799999999],[122.6498012,14.2672666],[122.65002700000001,14.267171300000001],[122.65026240000002,14.267229],[122.6503799,14.267343999999998],[122.6504474,14.268090499999998],[122.6504963,14.2682341],[122.65069209999999,14.2685119],[122.65068190000001,14.268751099999998],[122.65072080000002,14.268961699999997],[122.6508383,14.269114999999998],[122.6511618,14.269287699999998],[122.65127959999998,14.269287900000002],[122.6515053,14.269230800000003],[122.651574,14.26925],[122.6516817,14.269384199999996],[122.6518875,14.2695184],[122.65212290000001,14.2695953],[122.6523777,14.269758400000002],[122.6525932,14.2700362],[122.6529069,14.270189699999996],[122.6530366,14.2704461],[122.65398819999999,14.270876099999997],[122.6541645,14.271091699999998],[122.65430110000001,14.271847],[122.6550737,14.272818799999998],[122.65507930000001,14.273153599999999],[122.6551989,14.2736699],[122.65531309999999,14.2738515],[122.65551500000001,14.2738362],[122.6558385,14.2735916],[122.6560594,14.273505799999999],[122.65616240000001,14.273505899999998],[122.65633880000001,14.273649699999996],[122.6563828,14.273735899999998],[122.65641179999999,14.274037399999997],[122.6563083,14.274324299999996],[122.65599880000002,14.274596600000002],[122.6555482,14.2748295],[122.65527430000002,14.2750522],[122.65512160000002,14.275515099999996],[122.6549825,14.276848299999997],[122.65451739999999,14.278031],[122.65426419999999,14.2788535],[122.6540552,14.279212],[122.6535179,14.279706199999996],[122.65217600000001,14.280528899999998],[122.6515452,14.280856699999996],[122.6505532,14.281168799999998],[122.6501252,14.281201299999998],[122.649649,14.2811792],[122.6494159,14.281238599999998],[122.6476176,14.2833721],[122.64673389999999,14.2838014],[122.64636579999998,14.2838547],[122.64611909999999,14.2839771],[122.6459377,14.284136099999998],[122.645739,14.284503199999998],[122.64570770000002,14.284878699999998],[122.64576930000001,14.285126400000001],[122.64595980000001,14.2853421],[122.6462045,14.285474399999998],[122.647173,14.285840099999998],[122.64802730000001,14.286085699999994],[122.6483508,14.2862871],[122.6487183,14.286589099999999],[122.64892430000002,14.2866324],[122.6490564,14.286847899999998],[122.6490708,14.287063300000002],[122.6489086,14.287249599999999],[122.64868729999999,14.2875794],[122.6485249,14.2879093],[122.64783169999998,14.288855599999998],[122.6476986,14.289257299999997],[122.64746260000001,14.289587099999999],[122.6468216,14.290764],[122.6467787,14.290971199999996],[122.6465322,14.2915976],[122.6464507,14.2921174],[122.6465254,14.2926775],[122.64775339999998,14.295449999999997],[122.64865820000001,14.2968517],[122.6490793,14.297297999999996],[122.6498071,14.297637899999998],[122.6500079,14.297850099999998],[122.6518212,14.300299799999998],[122.651988,14.3006138],[122.6524167,14.3009828],[122.6527399,14.301153400000002],[122.653261,14.301258799999996],[122.65386900000001,14.304758299999996],[122.65350090000001,14.304787699999997],[122.65301310000001,14.302933000000001],[122.65240060000002,14.3024238],[122.65169530000001,14.3023928],[122.651205,14.302182799999997],[122.65092910000001,14.302152499999998],[122.6505608,14.3023613],[122.65016190000001,14.3025102],[122.6499472,14.3025099],[122.6497903,14.302447399999998],[122.6498324,14.302281299999999],[122.64993920000002,14.302228199999998],[122.650193,14.302223199999998],[122.6503599,14.3021373],[122.65085140000001,14.301602099999998],[122.6508714,14.3013917],[122.65080309999999,14.301152299999996],[122.6505873,14.3010563],[122.650244,14.3009793],[122.65002810000001,14.3009885],[122.64983139999998,14.3012944],[122.64957590000002,14.3015141],[122.6493991,14.301590399999998],[122.6492519,14.301609399999995],[122.6492419,14.301714599999999],[122.64931040000002,14.3018487],[122.64943770000001,14.302002],[122.6495159,14.3022126],[122.6494955,14.302719699999997],[122.6496766,14.3032035],[122.64954720000001,14.303376499999999],[122.64931760000002,14.303401],[122.64923090000002,14.3032588],[122.6490832,14.3028148],[122.6488091,14.302383799999998],[122.64868160000002,14.302335800000002],[122.64817070000001,14.302009699999997],[122.6478965,14.302009199999999],[122.6477269,14.3020879],[122.64747580000001,14.302342599999996],[122.64723670000001,14.302409499999996],[122.6468687,14.302352200000001],[122.64671430000001,14.302227600000002],[122.64663090000002,14.3022179],[122.6465326,14.3023039],[122.64647349999998,14.302476],[122.6463839,14.303289200000002],[122.64734410000001,14.304238],[122.64755980000001,14.3043723],[122.6482467,14.3043924],[122.64829549999999,14.3045265],[122.6481654,14.304600500000001],[122.647785,14.304688399999998],[122.6474121,14.3046687],[122.64727479999999,14.3046111],[122.6470103,14.3043619],[122.6468733,14.3040938],[122.6465892,14.3037967],[122.64611880000001,14.303413300000003],[122.64603120000001,14.302934699999998],[122.646023,14.301876099999996],[122.6454713,14.301740699999998],[122.64537590000002,14.301565299999998],[122.6453673,14.301491500000001],[122.6454775,14.301385199999999],[122.6455946,14.301337199999999],[122.6458399,14.301337599999998],[122.64636129999998,14.3012785],[122.646791,14.30101],[122.6469078,14.300859499999998],[122.6468886,14.300582],[122.64677110000001,14.300428699999998],[122.6462609,14.3003992],[122.6458682,14.3004656],[122.6457203,14.300424599999998],[122.64533579999998,14.300426099999997],[122.6452109,14.300378500000003],[122.64516210000001,14.3002445],[122.6452657,14.3000253],[122.641501,14.2956282],[122.6383424,14.291637699999999],[122.6394461,14.291729099999998],[122.64033549999999,14.291670599999998],[122.64061270000002,14.290863599999998],[122.6406444,14.2902357],[122.6408907,14.289608100000002],[122.6417348,14.2890861],[122.64307299999999,14.287635699999997],[122.64333630000002,14.2871812],[122.6434467,14.285787500000001],[122.6436693,14.284663499999997],[122.64398990000001,14.2835875],[122.64426289999999,14.2829213],[122.64399519999999,14.2824554],[122.64380740000001,14.282049300000002],[122.64378480000002,14.2819307],[122.6438032,14.2818039],[122.64391380000002,14.281639],[122.6438478,14.281495399999999],[122.64370080000002,14.281409000000002],[122.6433647,14.281440699999997],[122.6432893,14.281391100000002],[122.64288160000001,14.2813053],[122.6425529,14.2813355],[122.64222149999999,14.2814857],[122.64207149999999,14.2816988],[122.642044,14.281702900000004],[122.6417726,14.281513800000003],[122.64163309999999,14.281276699999996],[122.6415014,14.280774199999996],[122.64173180000002,14.2793966],[122.6416363,14.2792672],[122.6414599,14.279144999999996],[122.6413713,14.279331400000002],[122.64120749999998,14.2805225],[122.64133850000002,14.281441299999997],[122.64166199999998,14.2821721],[122.6417107,14.282489699999998],[122.6418791,14.282988799999998],[122.64187890000001,14.2831108],[122.6417537,14.283200299999999],[122.64164690000001,14.283228800000002],[122.63977240000001,14.283188300000004],[122.63950680000002,14.283275399999999],[122.6388458,14.283564499999997],[122.6387428,14.2835596],[122.6386349,14.283506799999998],[122.6385076,14.2833248],[122.6384932,14.283181199999996],[122.63854740000001,14.2829899],[122.6385427,14.282903799999998],[122.6384291,14.2827733],[122.6376937,14.2824348],[122.6374513,14.282165299999999],[122.63742950000001,14.282010999999997],[122.63752550000001,14.281824600000002],[122.63791730000001,14.281680900000001],[122.6381211,14.281503999999996],[122.63818220000002,14.281312399999997],[122.63817020000002,14.281132999999995],[122.63813370000001,14.280941499999999],[122.6380114,14.280708099999996],[122.6378767,14.280606199999998],[122.63770499999998,14.2805641],[122.6374597,14.280575699999998],[122.6371707,14.280485600000002],[122.6368285,14.2805101],[122.6367327,14.280553100000004],[122.6366626,14.2806749],[122.6366625,14.2807396],[122.63667339999999,14.280818499999999],[122.63674690000002,14.280919099999997],[122.63719549999999,14.281077699999999],[122.6373351,14.281196299999998],[122.637375,14.2815947],[122.637349,14.281713],[122.6372938,14.281745299999999],[122.6368021,14.281456799999999],[122.63666200000002,14.2814772],[122.6363631,14.281611099999997],[122.6360981,14.281642999999997],[122.6357167,14.281558599999997],[122.6354651,14.281544500000003],[122.6353792,14.2815653],[122.63509859999999,14.2817026],[122.6347418,14.282068099999995],[122.6345071,14.282254499999999],[122.634271,14.282617699999996],[122.6340775,14.2834029],[122.63397,14.283696200000003],[122.63395729999999,14.283971299999996],[122.6343205,14.284814899999999],[122.6342563,14.285239999999996],[122.63408989999999,14.2854307],[122.6337586,14.2854661],[122.63340340000002,14.2851904],[122.6329139,14.284519900000003],[122.63263210000001,14.284292200000001],[122.6323134,14.284184],[122.6319086,14.284243199999997],[122.63160159999998,14.2844461],[122.6314294,14.284744799999999],[122.63135520000002,14.285127499999998],[122.631419,14.285632699999995],[122.63135849999999,14.285961299999997],[122.63131200000001,14.286556000000001],[122.6311283,14.286889599999997],[122.63095949999999,14.287088499999998],[122.63094840000001,14.287657599999998],[122.6310066,14.287870400000001],[122.63100870000001,14.288273699999998],[122.6309716,14.288471000000001],[122.6308531,14.288703499999999],[122.63051030000001,14.2889901],[122.6304855,14.289133600000003],[122.6305343,14.2892653]],[[122.6264664,14.283151399999996],[122.626222,14.283346499999999],[122.6260207,14.2836112],[122.6260494,14.2839457],[122.62638020000001,14.2842801],[122.62638020000001,14.284489099999998],[122.6263083,14.284614499999996],[122.6258769,14.2849768],[122.6258481,14.285311199999999],[122.62617890000001,14.285561999999997],[122.6264664,14.2855481],[122.6266677,14.285492299999998],[122.62727159999999,14.285255500000002],[122.62758800000002,14.284920999999999],[122.6277605,14.2845866],[122.6277893,14.2841407],[122.62767420000002,14.283834199999998],[122.62735790000002,14.283625199999998],[122.62717100000002,14.283555499999999],[122.62695530000002,14.2832211],[122.6268115,14.283081699999997],[122.6264664,14.283151399999996]],[[122.63288050000001,14.280873999999997],[122.6334492,14.281161999999998],[122.6336589,14.2813501],[122.63400709999999,14.2814836],[122.63418050000001,14.2814764],[122.63430710000002,14.281405799999996],[122.6344569,14.281143800000002],[122.6344356,14.2810213],[122.6343668,14.280937099999997],[122.6341828,14.280883999999999],[122.63405590000002,14.280883799999996],[122.63395790000001,14.280841799999997],[122.6338527,14.280387500000002],[122.6337631,14.280204199999998],[122.633667,14.280105999999998],[122.6334625,14.2799858],[122.63329720000002,14.279806099999998],[122.63313829999998,14.279482900000001],[122.63313850000002,14.279375299999995],[122.6332244,14.279339499999999],[122.63340829999999,14.279381699999998],[122.63351230000002,14.279531299999999],[122.6336777,14.279627299999996],[122.63389850000002,14.2796216],[122.63413169999998,14.279544299999998],[122.6343894,14.279413099999996],[122.63477709999998,14.2791258],[122.63486570000002,14.2789441],[122.6349649,14.278274499999998],[122.6349281,14.2767434],[122.63445950000002,14.275269000000002],[122.63424450000001,14.274732799999999],[122.6341087,14.2737757],[122.6338377,14.2735238],[122.63361590000001,14.273494900000001],[122.6333414,14.2733701],[122.6330965,14.273159200000004],[122.63276320000001,14.272976899999998],[122.6324594,14.2727372],[122.63193690000001,14.272623800000003],[122.63172630000001,14.2726266],[122.63132370000001,14.272833700000001],[122.6312581,14.272932799999998],[122.63109480000001,14.2734575],[122.6309927,14.273595],[122.6308294,14.274214700000002],[122.6307517,14.2746318],[122.630874,14.275376000000001],[122.63108340000001,14.275799699999999],[122.6316893,14.277274199999999],[122.63200860000002,14.278393499999998],[122.6321231,14.278680000000001],[122.6321228,14.2789072],[122.63196300000001,14.2791223],[122.6312734,14.279415399999998],[122.63101830000001,14.2795889],[122.6308611,14.2797705],[122.6307115,14.2801161],[122.63077739999999,14.280418899999997],[122.6309969,14.280679699999999],[122.6310817,14.280737799999999],[122.63146890000002,14.280857499999998],[122.63179470000001,14.280861099999997],[122.63227149999999,14.280758299999999],[122.632572,14.280758699999998],[122.63288050000001,14.280873999999997]],[[122.6364734,14.275334699999998],[122.6360595,14.2756157],[122.63580450000002,14.275965199999998],[122.6354667,14.2762637],[122.63535600000002,14.276484799999999],[122.63536779999998,14.276747899999998],[122.6354241,14.276936800000001],[122.63573349999999,14.277373799999998],[122.63589400000001,14.2774634],[122.63605510000001,14.277455099999997],[122.63629240000002,14.277331999999998],[122.63658070000001,14.277260599999998],[122.6368851,14.2771215],[122.6370472,14.2769563],[122.6370786,14.276884099999998],[122.63708470000002,14.276568700000002],[122.6371707,14.2764243],[122.6372448,14.2761373],[122.63718419999998,14.2756707],[122.63706190000002,14.2754552],[122.6368414,14.275323300000002],[122.6364734,14.275334699999998]],[[122.6287436,14.274468100000002],[122.6284102,14.274362299999998],[122.6279696,14.274410899999996],[122.62787039999999,14.274447599999998],[122.62774259999999,14.274600499999998],[122.6276834,14.274820499999999],[122.6278399,14.275098200000002],[122.6280851,14.2751656],[122.62826130000002,14.275424200000002],[122.62831350000002,14.275599199999998],[122.62849620000001,14.2757691],[122.62868259999999,14.275769400000001],[122.6288397,14.275721799999998],[122.62889869999998,14.275664399999997],[122.628968,14.275300899999998],[122.62906780000002,14.274988],[122.6291276,14.274938799999996],[122.62916470000002,14.274985499999998],[122.6292552,14.275601400000001],[122.6293091,14.2757538],[122.62949680000001,14.275894999999995],[122.6296146,14.275895200000003],[122.629723,14.2757898],[122.6297917,14.275551000000002],[122.6298713,14.274919600000002],[122.6297932,14.274651499999996],[122.6296168,14.2745173],[122.6295089,14.2745171],[122.62936160000001,14.274564699999999],[122.6292437,14.274660199999998],[122.6290475,14.274650399999997],[122.6288514,14.274554400000001],[122.6287436,14.274468100000002]],[[122.62537569999999,14.279640799999997],[122.62557819999999,14.2795891],[122.62575499999998,14.279493699999998],[122.6260203,14.2792549],[122.6260761,14.279085899999998],[122.62607470000002,14.2788662],[122.6260506,14.278719099999998],[122.62596250000001,14.278594600000002],[122.6252466,14.278392499999995],[122.62496200000001,14.278401600000002],[122.6241963,14.2786492],[122.62396050000001,14.2788211],[122.62394069999999,14.278935900000002],[122.62406700000001,14.2791618],[122.6244893,14.2795013],[122.6246902,14.2795925],[122.6250003,14.279674100000001],[122.62537569999999,14.279640799999997]]],[[[122.42849790000001,14.303000399999997],[122.4288722,14.303017699999998],[122.42858700000001,14.3030522],[122.42846219999998,14.303098299999998],[122.4283612,14.3031674],[122.42820080000001,14.303363099999997],[122.4282899,14.3031443],[122.42837900000002,14.303040699999999],[122.42849790000001,14.303000399999997]]],[[[122.6816328,14.302965099999998],[122.68149260000001,14.3030954],[122.68157180000001,14.3024969],[122.681541,14.3023771],[122.68160980000002,14.302223299999998],[122.68162489999999,14.3021145],[122.68114999999999,14.301836600000001],[122.6812335,14.3017033],[122.68139060000001,14.301792399999998],[122.68143320000001,14.301727899999998],[122.6822056,14.302058999999996],[122.68201850000001,14.3024736],[122.6816328,14.302965099999998]]],[[[122.4292882,14.302660700000004],[122.42932379999999,14.302562800000002],[122.4294902,14.302430399999999],[122.4296684,14.302390100000002],[122.4292882,14.302660700000004]]],[[[122.47539230000001,14.2958704],[122.47526269999999,14.295930999999998],[122.4750621,14.296202800000001],[122.4747012,14.296849699999996],[122.4741846,14.297469699999999],[122.47388370000002,14.2981397],[122.4737289,14.298633899999999],[122.47361130000002,14.298810099999999],[122.4732953,14.298975999999996],[122.4729593,14.299018],[122.4722181,14.2991758],[122.47173940000002,14.2993302],[122.4715305,14.2994853],[122.4712354,14.299783599999998],[122.4710261,14.300118100000002],[122.4707312,14.3003327],[122.4703629,14.300487400000002],[122.4702284,14.300307699999998],[122.4702186,14.2992551],[122.470305,14.2990041],[122.47047720000002,14.298813099999997],[122.470932,14.2984075],[122.47107979999998,14.2981446],[122.4712888,14.297929800000002],[122.4718533,14.297799499999998],[122.47212350000001,14.2976566],[122.4722589,14.297453500000001],[122.47255280000002,14.297256100000002],[122.47301370000001,14.2968425],[122.47318080000001,14.296626299999998],[122.4732796,14.2963394],[122.4732511,14.2961561],[122.4731647,14.295941399999997],[122.4730055,14.295855500000002],[122.47270470000001,14.295883799999999],[122.47247240000002,14.295976500000002],[122.4721216,14.296011100000001],[122.47192640000002,14.2959154],[122.47173110000001,14.295532199999997],[122.47151560000002,14.295340399999999],[122.4713293,14.2952825],[122.47102189999998,14.2951179],[122.4709614,14.294979299999994],[122.47100680000001,14.294746000000002],[122.4712712,14.294457999999999],[122.47130230000002,14.294249],[122.47143370000002,14.294024599999998],[122.4716367,14.293924399999998],[122.47256789999999,14.293874699999998],[122.4728615,14.2937566],[122.4730354,14.293615399999998],[122.4731788,14.293267599999998],[122.4731891,14.2930476],[122.4738699,14.292507099999998],[122.47421200000001,14.292016399999998],[122.47450759999998,14.291462099999999],[122.4746855,14.290907499999998],[122.4747066,14.290276000000002],[122.47480850000001,14.289938199999996],[122.474918,14.289775699999998],[122.47508090000001,14.2896835],[122.4752574,14.2897413],[122.4753252,14.2899412],[122.4753015,14.290213799999998],[122.4752305,14.290307],[122.4752302,14.290440999999998],[122.47525940000001,14.2905176],[122.47536710000001,14.2906327],[122.4755631,14.290747900000001],[122.4758638,14.290797099999997],[122.4761929,14.2908057],[122.47633940000001,14.290774],[122.4765317,14.2905944],[122.4766074,14.290439999999997],[122.47673370000001,14.290779400000002],[122.4770075,14.291145200000003],[122.47755550000001,14.291510099999998],[122.4777252,14.291768799999996],[122.4778612,14.2919121],[122.4781626,14.2920452],[122.47861730000001,14.292105599999998],[122.47885249999999,14.292240099999999],[122.4789306,14.292402900000003],[122.47889080000002,14.2926325],[122.4787236,14.292804400000001],[122.47856540000001,14.2930653],[122.4785607,14.2932538],[122.47859470000002,14.293378199999998],[122.47868270000001,14.293521999999998],[122.4788493,14.293632399999998],[122.47916300000001,14.293743099999997],[122.4793102,14.293743399999999],[122.47957520000001,14.293715299999999],[122.4797815,14.293610500000002],[122.4799095,14.2934098],[122.4799002,14.2931801],[122.47973390000001,14.292959699999999],[122.4797343,14.292811399999998],[122.4798331,14.2925054],[122.47993160000001,14.292347699999997],[122.48009939999999,14.2919175],[122.48011949999999,14.291707000000002],[122.4800515,14.291285900000002],[122.47998350000002,14.291122999999999],[122.47950420000001,14.290442599999997],[122.4789951,14.289962999999997],[122.4784365,14.289655599999996],[122.4780836,14.2895304],[122.4775015,14.2894775],[122.47720200000002,14.289492499999998],[122.47654400000002,14.2898008],[122.47629810000001,14.289447],[122.47606319999998,14.2892072],[122.47598510000002,14.289034799999998],[122.47590740000001,14.2886902],[122.475964,14.288349899999998],[122.4761638,14.2881166],[122.47634070000001,14.288021299999999],[122.477018,14.287830199999997],[122.4772142,14.287840199999998],[122.4778124,14.2879755],[122.4781166,14.287957000000002],[122.4783819,14.2878141],[122.4785781,14.287814499999998],[122.4788035,14.287929800000002],[122.47894049999998,14.288111999999996],[122.4791461,14.2887554],[122.4792135,14.2888398],[122.47951610000001,14.289167],[122.47978950000001,14.2892919],[122.4812697,14.289314300000001],[122.48187559999998,14.289509],[122.4821082,14.289499599999996],[122.48229559999999,14.289462700000001],[122.48256820000002,14.289316],[122.482932,14.2890106],[122.48307110000002,14.289271000000001],[122.4830482,14.2896902],[122.4830037,14.2898916],[122.48307500000001,14.2905987],[122.48292380000001,14.290907299999999],[122.4821994,14.291919099999998],[122.48178639999999,14.2923201],[122.4813203,14.2927136],[122.48122059999999,14.292935800000002],[122.48126700000002,14.293248000000002],[122.4813493,14.2934415],[122.48144100000002,14.293524399999999],[122.4815046,14.293683099999999],[122.48143390000001,14.293874999999998],[122.4812082,14.293864999999997],[122.48079660000002,14.293663099999998],[122.4805904,14.2936914],[122.48013359999999,14.2941846],[122.4799674,14.2942929],[122.47985309999999,14.2942926],[122.4796183,14.294014599999997],[122.47952999999998,14.2939761],[122.47939270000002,14.293975799999998],[122.4791061,14.294155699999997],[122.47897579999999,14.294151099999999],[122.4781131,14.293843099999998],[122.47762239999999,14.293861099999997],[122.4774284,14.2939466],[122.47695840000002,14.294324500000002],[122.4766633,14.294610999999998],[122.4765686,14.294829999999996],[122.4765691,14.2950605],[122.4766319,14.2954721],[122.47618040000002,14.295528499999998],[122.4760723,14.2956048],[122.4760282,14.295857499999999],[122.47585139999998,14.295904899999998],[122.47556390000001,14.2958633],[122.47539230000001,14.2958704]]],[[[122.6019146,14.298771199999997],[122.6016532,14.299024599999997],[122.6013679,14.2990361],[122.6010946,14.298978499999999],[122.60055829999999,14.298604199999998],[122.6005536,14.2984587],[122.60074999999999,14.298183899999996],[122.6007619,14.298045800000002],[122.60080940000002,14.297942099999998],[122.6009401,14.297838500000001],[122.601154,14.297792399999997],[122.60178390000002,14.2977463],[122.6019503,14.297884499999999],[122.6020097,14.2980227],[122.60209290000002,14.298126399999996],[122.6022592,14.2981955],[122.60244939999998,14.298195499999999],[122.602592,14.2981033],[122.60273460000002,14.2979536],[122.60273460000002,14.297688799999996],[122.6028891,14.297688799999998],[122.6030198,14.297757899999999],[122.60344759999998,14.2977809],[122.60359509999999,14.2977452],[122.60356960000001,14.2978286],[122.603279,14.297963299999997],[122.6029366,14.298322099999998],[122.6026182,14.298741399999999],[122.6022711,14.298667599999998],[122.6019146,14.298771199999997]]],[[[122.60570559999998,14.296963299999998],[122.6053966,14.2974009],[122.6052183,14.2975391],[122.60473110000001,14.297573599999998],[122.6045291,14.297527500000001],[122.60427949999999,14.297285699999998],[122.605765,14.296491099999999],[122.60570559999998,14.296963299999998]]],[[[122.6678707,14.2949396],[122.6675846,14.295319699999999],[122.66746670000002,14.2953913],[122.6673882,14.295381599999999],[122.66728970000001,14.295285300000002],[122.667262,14.2951628],[122.66715230000001,14.2949615],[122.66705039999998,14.294845199999996],[122.66689939999999,14.294762099999996],[122.66671670000001,14.294735500000002],[122.66627089999999,14.294788299999999],[122.665361,14.294832399999999],[122.6651093,14.294812899999998],[122.664412,14.294673800000002],[122.6641952,14.294745600000002],[122.6640136,14.2947693],[122.6639204,14.2947261],[122.6638519,14.294649399999997],[122.663764,14.294328999999998],[122.66345669999998,14.2938178],[122.66375190000001,14.293244099999999],[122.6641639,14.293260100000001],[122.664364,14.293386999999994],[122.6644912,14.293645599999998],[122.6646332,14.2938013],[122.6648954,14.293862600000002],[122.66536300000001,14.293909800000002],[122.66564380000001,14.2938529],[122.66590900000001,14.293724099999999],[122.66626279999998,14.293327499999997],[122.6665747,14.293125500000002],[122.66679169999999,14.292919799999998],[122.6669776,14.2928815],[122.6673796,14.292912400000002],[122.66759930000002,14.293017399999997],[122.66772180000001,14.2931464],[122.6678263,14.2933535],[122.66780399999999,14.2935655],[122.66771540000002,14.293804599999998],[122.6677009,14.2941058],[122.6677623,14.294342400000001],[122.66787120000001,14.294588099999999],[122.6678707,14.2949396]]],[[[122.78694130000001,14.294391699999998],[122.78699190000002,14.294432799999997],[122.7869783,14.294542199999999],[122.78703309999999,14.294573300000001],[122.78704980000002,14.2946474],[122.7872721,14.2947924],[122.7872691,14.2949493],[122.78732620000001,14.294994599999999],[122.7873246,14.295039800000001],[122.7873732,14.2951004],[122.7873806,14.2952125],[122.7872403,14.295310899999997],[122.7872034,14.295367499999998],[122.78715700000001,14.295364999999997],[122.7871158,14.295220400000002],[122.7870839,14.2948587],[122.78695759999998,14.294511299999996],[122.78688340000001,14.2944064],[122.78694130000001,14.294391699999998]]],[[[122.785226,14.293068399999997],[122.78559350000002,14.293547099999998],[122.78589989999999,14.293852399999999],[122.78642709999998,14.294127999999999],[122.7861388,14.2941756],[122.78601600000002,14.294247299999999],[122.7858893,14.294263300000003],[122.78582370000001,14.294212900000002],[122.7857525,14.294031699999998],[122.7856331,14.293861199999998],[122.78532980000001,14.293564800000002],[122.7848518,14.293139800000002],[122.78460970000002,14.293038099999997],[122.7843864,14.293018800000002],[122.78376640000002,14.293061099999997],[122.78357630000001,14.293025],[122.7833556,14.2929411],[122.78258530000001,14.292328300000001],[122.7823688,14.292276300000001],[122.78227679999999,14.292282199999999],[122.78221140000001,14.2921049],[122.7820564,14.2918992],[122.781799,14.291683699999998],[122.78119190000001,14.291010599999998],[122.7810274,14.290906299999998],[122.7808713,14.290873900000001],[122.78017210000002,14.290952200000001],[122.7800838,14.290887499999998],[122.7799284,14.290307899999997],[122.7796481,14.290081299999997],[122.77931340000002,14.290037799999999],[122.77901910000001,14.2901071],[122.77874670000001,14.290080299999998],[122.77840089999998,14.289993800000001],[122.7782758,14.289921999999999],[122.7780922,14.289570099999997],[122.77807400000002,14.2894808],[122.7781068,14.2892737],[122.7782252,14.2890033],[122.77825530000001,14.288353800000001],[122.778224,14.288089200000002],[122.77816739999999,14.287955399999998],[122.7779702,14.287867499999999],[122.777858,14.287879799999999],[122.7777527,14.2879298],[122.77761500000001,14.2880395],[122.7775251,14.288204499999999],[122.7775192,14.288514599999997],[122.7772467,14.2887655],[122.7771582,14.288901800000001],[122.7771213,14.289059699999997],[122.77715060000001,14.289167300000003],[122.7774225,14.2895193],[122.7770913,14.289605099999998],[122.77688869999999,14.2897664],[122.77675600000002,14.289992299999996],[122.7766564,14.2903367],[122.7765605,14.290523199999999],[122.7761921,14.2909319],[122.77603270000002,14.2913911],[122.7760322,14.291888699999998],[122.77596340000001,14.292060899999996],[122.7757964,14.292175599999997],[122.775476,14.292224499999998],[122.77506069999998,14.291964300000002],[122.77478600000002,14.291868399999995],[122.77461920000002,14.291906499999998],[122.774531,14.2918012],[122.77467849999998,14.291428099999997],[122.77473759999998,14.291188899999996],[122.7747184,14.2907679],[122.774552,14.290394499999998],[122.7740718,14.2898199],[122.77404239999998,14.289705099999997],[122.7742977,14.2896001],[122.77437629999999,14.289490100000002],[122.774458,14.289248100000002],[122.77446509999999,14.288949500000001],[122.77438710000001,14.288471000000001],[122.77478979999998,14.288117299999998],[122.7749416,14.287566700000001],[122.77489749999998,14.2868234],[122.77478130000001,14.286720199999998],[122.774644,14.286720099999998],[122.7745066,14.286729499999998],[122.77433969999998,14.2868346],[122.77424150000002,14.286844099999998],[122.7742024,14.286767499999998],[122.77409450000002,14.286671699999996],[122.77370210000001,14.286585200000001],[122.77355489999998,14.286585100000002],[122.77334879999998,14.286651899999999],[122.7730543,14.286833400000003],[122.77280900000001,14.286804499999999],[122.7726225,14.2868521],[122.77221010000001,14.287148399999998],[122.7719451,14.287176800000001],[122.77192560000002,14.2870907],[122.77209270000002,14.286813299999999],[122.77215180000002,14.286574199999999],[122.77215190000001,14.286421099999997],[122.77221090000002,14.286354100000002],[122.77299610000001,14.2860965],[122.77367320000002,14.286030199999999],[122.77386950000002,14.285982499999998],[122.774223,14.2857532],[122.77439990000002,14.285523699999999],[122.7744295,14.2853611],[122.7743569,14.2850903],[122.7742077,14.284952100000002],[122.77404750000001,14.284662200000001],[122.7739426,14.284559700000003],[122.7736552,14.2844321],[122.7732633,14.2844065],[122.77311830000001,14.2844386],[122.772858,14.284422799999998],[122.77239450000002,14.284216600000002],[122.7722426,14.284063300000001],[122.7721544,14.2839149],[122.77211530000001,14.2837714],[122.77213020000002,14.283627799999996],[122.7723144,14.283403099999997],[122.7724131,14.283207899999999],[122.7724011,14.282980600000002],[122.772297,14.282848899999998],[122.7721131,14.282794899999997],[122.7719475,14.2827828],[122.77168989999998,14.2828124],[122.771561,14.282925900000002],[122.7714811,14.283051500000001],[122.7714565,14.283153099999998],[122.7712723,14.2833503],[122.77114350000001,14.283415999999999],[122.7708061,14.283511300000002],[122.77051790000002,14.2834991],[122.77051190000002,14.2833376],[122.7706657,14.282829399999999],[122.7707471,14.282425499999999],[122.7707326,14.282294200000003],[122.7706119,14.281942400000002],[122.7704722,14.2816604],[122.77013450000001,14.281309000000002],[122.77001630000001,14.281243199999997],[122.76934490000001,14.2813235],[122.7676899,14.2818804],[122.76630629999998,14.282022499999998],[122.7660822,14.282169799999998],[122.76577339999999,14.2818941],[122.76577339999999,14.281670200000002],[122.76597140000001,14.281414299999998],[122.7663015,14.281126399999998],[122.7666646,14.2809345],[122.76731510000002,14.280274500000003],[122.76772470000002,14.2801433],[122.7679705,14.280011899999998],[122.7681363,14.2798039],[122.7682875,14.279448800000003],[122.76835020000001,14.2793735],[122.7684311,14.2793664],[122.76862960000001,14.279596299999998],[122.76888699999999,14.2797436],[122.7692256,14.279711699999998],[122.769428,14.2796616],[122.7697188,14.279486099999996],[122.76978890000001,14.279360499999997],[122.76982220000001,14.279141699999998],[122.76987380000001,14.279091499999996],[122.77000249999999,14.279152599999998],[122.7702899,14.279377500000002],[122.77037819999998,14.279406300000002],[122.7705352,14.279406400000001],[122.7707782,14.2792942],[122.7709402,14.2791652],[122.7710794,14.279003899999998],[122.7711604,14.278799499999996],[122.7711784,14.2785311],[122.77110620000002,14.2782477],[122.770998,14.2781382],[122.77071240000001,14.2780256],[122.77056869999998,14.277736200000003],[122.7699096,14.277713699999998],[122.7698851,14.277651399999995],[122.76989990000001,14.277570100000002],[122.77047200000001,14.276991499999998],[122.77048380000001,14.2768658],[122.7704545,14.276712599999998],[122.7703285,14.276468000000001],[122.77013189999998,14.276284300000002],[122.76983870000001,14.276189299999999],[122.76977420000001,14.275775799999998],[122.76969589999999,14.2756178],[122.76952429999999,14.275497999999999],[122.76934789999999,14.2754207],[122.769247,14.275218299999997],[122.7692717,14.274993400000001],[122.76934549999999,14.27485],[122.7694191,14.274811799999998],[122.7695025,14.2748166],[122.7697084,14.274931699999998],[122.7699645,14.274994099999997],[122.7701647,14.2749034],[122.77078320000001,14.2745212],[122.7710581,14.274406699999998],[122.7713069,14.2743513],[122.7714361,14.2741534],[122.7715637,14.274110500000003],[122.7717305,14.274115400000001],[122.7718246,14.2741794],[122.77193139999999,14.274369199999997],[122.7719951,14.274398],[122.7727407,14.274508700000002],[122.7728535,14.274566300000002],[122.7731917,14.274853699999998],[122.77317199999999,14.2749876],[122.7729704,14.275389300000002],[122.77284230000001,14.275910699999999],[122.77267030000002,14.276259800000002],[122.7723924,14.2766075],[122.77215180000002,14.277437099999998],[122.7721698,14.2776272],[122.77223220000002,14.2777377],[122.77236040000001,14.2778697],[122.772558,14.2779583],[122.7729691,14.277883300000001],[122.77360109999998,14.277602799999999],[122.77343500000002,14.278104999999998],[122.77334290000002,14.278194600000003],[122.77312819999999,14.278290099999996],[122.77280749999998,14.2787009],[122.77275799999998,14.278795999999998],[122.77268950000001,14.2791283],[122.77268440000002,14.2792957],[122.77271779999998,14.279464799999998],[122.772827,14.279616999999998],[122.77303849999998,14.2796441],[122.77334530000002,14.279530800000003],[122.773425,14.279542799999998],[122.773428,14.279629599999998],[122.7733696,14.279746099999997],[122.77308830000001,14.2801765],[122.7730169,14.2803436],[122.7729762,14.2806458],[122.77303280000001,14.280805899999999],[122.7731231,14.280936100000003],[122.77327630000002,14.281028899999999],[122.77340810000001,14.281046999999997],[122.7735553,14.281026199999994],[122.77364120000001,14.281044199999998],[122.7736963,14.281107000000002],[122.77369010000001,14.281178799999998],[122.77336790000001,14.281462599999998],[122.77330030000002,14.281564199999998],[122.7732801,14.2817083],[122.7733624,14.2818127],[122.7734595,14.281873399999998],[122.7739837,14.281935599999999],[122.7743221,14.282043599999998],[122.7745405,14.282161399999998],[122.77476350000002,14.2822235],[122.77494750000001,14.282159],[122.7752534,14.281698199999994],[122.7753528,14.281674999999998],[122.7754321,14.281704999999999],[122.77554390000002,14.2818331],[122.7756981,14.282195599999998],[122.7758214,14.282238799999998],[122.7759291,14.2822389],[122.77603930000001,14.2822013],[122.77615480000001,14.282070199999998],[122.7763455,14.281668499999999],[122.7768445,14.281369000000002],[122.7771048,14.281144399999999],[122.77721779999999,14.2809531],[122.7772327,14.280799999999996],[122.77714930000002,14.2805039],[122.77716950000001,14.2803604],[122.77723450000002,14.280233899999997],[122.77765280000001,14.280099800000002],[122.77780619999999,14.279985899999996],[122.7778898,14.2798138],[122.7779194,14.279679799999998],[122.77790480000002,14.279526700000002],[122.77796390000002,14.2792923],[122.77809149999999,14.279225499999999],[122.7782044,14.279249499999997],[122.77830239999999,14.279321399999999],[122.7783661,14.2794315],[122.7783647,14.279670700000002],[122.7784476,14.279858699999998],[122.7785396,14.279949000000002],[122.77891500000001,14.280029999999998],[122.77897860000002,14.280125799999997],[122.7790714,14.280623499999999],[122.779157,14.2807828],[122.7793605,14.280925199999997],[122.77965000000002,14.280968499999998],[122.7798315,14.2809447],[122.78003319999999,14.280837900000002],[122.78068250000001,14.280145900000003],[122.78078989999999,14.279972499999998],[122.7808692,14.2795652],[122.7807945,14.279184799999998],[122.7805989,14.278785199999998],[122.780409,14.278611600000003],[122.78020670000001,14.278503799999998],[122.77976290000001,14.278430899999996],[122.7795299,14.278451899999999],[122.7793974,14.2783535],[122.77934100000002,14.2782155],[122.7793547,14.278084299999994],[122.7794177,14.277974200000001],[122.779496,14.2779245],[122.77975090000001,14.2778555],[122.77979649999999,14.2777947],[122.7798029,14.277522600000001],[122.77993810000001,14.277307400000003],[122.7799182,14.277102799999998],[122.7797793,14.276971100000003],[122.7796188,14.276895999999999],[122.77957290000002,14.276767899999998],[122.77949370000002,14.2767133],[122.7792431,14.276750700000001],[122.77904580000002,14.2768563],[122.77897629999998,14.276744100000002],[122.77897629999998,14.276264299999998],[122.778866,14.2761574],[122.7787877,14.2759644],[122.77858670000002,14.275820700000004],[122.77835130000001,14.2757439],[122.7781695,14.275754599999999],[122.77788710000002,14.275464600000001],[122.777821,14.275240600000002],[122.77792010000002,14.275145399999996],[122.77792520000001,14.274992300000001],[122.777818,14.274241100000001],[122.77792109999999,14.274154999999999],[122.7780192,14.274150300000002],[122.7783331,14.274275],[122.77861160000002,14.2742646],[122.77880310000002,14.274119599999999],[122.7789125,14.2739507],[122.77900110000002,14.2737115],[122.77904970000002,14.273268899999996],[122.77950439999998,14.2729695],[122.7799665,14.272969499999999],[122.78026360000001,14.2730335],[122.78026360000001,14.273289399999998],[122.78039560000002,14.273641199999998],[122.7805293,14.2736898],[122.78056150000002,14.2737392],[122.78085539999998,14.2738568],[122.78114090000001,14.274143999999998],[122.78123270000002,14.274299599999999],[122.78120810000001,14.2744252],[122.781088,14.274549799999997],[122.781013,14.274735299999996],[122.7810063,14.274864499999998],[122.78118470000001,14.275380099999998],[122.78131949999998,14.2754998],[122.78152169999998,14.2755957],[122.78258859999998,14.275782099999999],[122.7832325,14.275836499999999],[122.78420140000001,14.275855300000002],[122.78455100000001,14.2757659],[122.78466760000002,14.275664299999999],[122.78473529999998,14.275455099999999],[122.7847416,14.2752816],[122.7848152,14.275209900000004],[122.7851445,14.275190099999998],[122.78524440000001,14.275359799999999],[122.7852258,14.275539200000003],[122.78528690000002,14.275760599999998],[122.7854278,14.275934099999999],[122.785685,14.276142800000002],[122.78601140000002,14.276207400000002],[122.7862652,14.2761909],[122.7863781,14.2761336],[122.7865402,14.275961499999998],[122.7866432,14.2759328],[122.7866822,14.276195999999999],[122.7867606,14.276339599999995],[122.78718940000002,14.276594800000002],[122.7875492,14.2767088],[122.7876875,14.276708899999996],[122.78777089999998,14.276694599999995],[122.78793289999999,14.2765847],[122.7882826,14.276137799999999],[122.78835220000002,14.276105199999998],[122.78844230000001,14.2761373],[122.788772,14.2763749],[122.78950619999999,14.277023200000002],[122.7897064,14.2771319],[122.78976970000001,14.277223899999997],[122.7897952,14.277544699999998],[122.78969259999998,14.2776478],[122.7896336,14.277829999999998],[122.78963349999998,14.2779277],[122.78972879999999,14.2782794],[122.7896992,14.278501900000002],[122.7897334,14.2787928],[122.7898018,14.2789182],[122.7900591,14.279219899999998],[122.79029440000001,14.2794139],[122.7904047,14.279600599999997],[122.7903677,14.2797871],[122.7904203,14.280043400000002],[122.79051460000001,14.280110199999998],[122.7906911,14.2801606],[122.7908382,14.280246899999998],[122.79088969999998,14.280347399999997],[122.79095560000002,14.2806632],[122.7912643,14.2810439],[122.7915729,14.281647],[122.7919037,14.2820386],[122.7919036,14.2820997],[122.7918408,14.282218599999998],[122.7916714,14.282390599999996],[122.79124030000001,14.2826052],[122.790966,14.282700799999999],[122.78969339999999,14.2829817],[122.78936429999999,14.283100100000002],[122.78840930000001,14.283842499999999],[122.7878566,14.2841514],[122.7873167,14.2846508],[122.7866787,14.285797099999998],[122.7858676,14.287488999999999],[122.7855006,14.288573999999999],[122.7850927,14.290276299999999],[122.7850531,14.290534500000001],[122.78497430000002,14.2917464],[122.78495029999999,14.292142199999997],[122.7849685,14.292343600000002],[122.7851209,14.292842199999999],[122.785226,14.293068399999997]],[[122.77502790000001,14.2894799],[122.77516149999998,14.289237200000002],[122.775201,14.2890459],[122.7751717,14.288883200000003],[122.7750344,14.2888257],[122.7748381,14.288854199999998],[122.77463189999999,14.2890358],[122.77457279999999,14.289227099999996],[122.7745922,14.289428099999999],[122.7747295,14.2895239],[122.77482759999998,14.289533600000002],[122.77502790000001,14.2894799]]],[[[122.6691468,14.290722499999996],[122.6690315,14.290998100000001],[122.6689163,14.2911844],[122.66830050000002,14.29192],[122.6681246,14.2920271],[122.66775929999999,14.292100300000001],[122.6676052,14.2920865],[122.66752469999999,14.2920358],[122.6675196,14.291899999999998],[122.66768360000002,14.291508199999999],[122.6676937,14.2912977],[122.6676449,14.2911541],[122.6671057,14.290818400000001],[122.66689970000002,14.290722499999996],[122.6667133,14.290750899999999],[122.6665365,14.290865499999999],[122.66613859999998,14.291247099999998],[122.66580549999999,14.2914417],[122.66521390000001,14.2915773],[122.6648638,14.291611000000001],[122.66448030000001,14.2917236],[122.6642838,14.2918621],[122.66418950000002,14.2920583],[122.6640424,14.2920198],[122.66394440000002,14.291924000000002],[122.66394480000001,14.2916848],[122.6641157,14.291575099999998],[122.66451570000001,14.291131899999998],[122.6647523,14.290968399999999],[122.665308,14.2907488],[122.6654361,14.2906542],[122.6642698,14.2906409],[122.66356940000001,14.290471300000002],[122.65829260000001,14.289454300000001],[122.6586315,14.2884381],[122.65880959999998,14.288130300000002],[122.65900120000002,14.2878733],[122.65964509999999,14.2872733],[122.66005080000001,14.286775099999998],[122.6603508,14.286170599999997],[122.66093739999998,14.284314800000002],[122.6612096,14.283588200000002],[122.66126280000002,14.283013100000002],[122.66147700000002,14.282467999999998],[122.6615729,14.2823317],[122.6616905,14.2822632],[122.66217639999999,14.2822895],[122.6623826,14.282175],[122.66249330000001,14.281988599999998],[122.6626821,14.2818269],[122.6630878,14.2816564],[122.66325190000002,14.2815303],[122.6633199,14.2813795],[122.6633193,14.281081899999997],[122.66325550000002,14.2808009],[122.66274650000001,14.279986599999999],[122.66274680000001,14.279756900000002],[122.6628207,14.279591999999997],[122.6629974,14.279534799999999],[122.6631298,14.279542199999996],[122.6633062,14.279657299999997],[122.6634604,14.279923000000004],[122.66368100000001,14.280045299999998],[122.66461950000001,14.280102699999999],[122.66473200000001,14.280059099999999],[122.664889,14.2798954],[122.66494719999999,14.279752900000002],[122.66491810000001,14.2794801],[122.66493309999998,14.279322199999996],[122.6650661,14.278927699999999],[122.6652887,14.278619799999998],[122.66548630000001,14.278461800000002],[122.66553069999999,14.278296799999998],[122.665494,14.2782393],[122.6653175,14.2781458],[122.6648324,14.277721699999997],[122.6646415,14.2774487],[122.66464169999999,14.277283600000002],[122.6648131,14.277163299999998],[122.6649134,14.277054000000001],[122.66492949999999,14.276767299999996],[122.664859,14.276629299999998],[122.6647645,14.276543799999999],[122.664562,14.276436699999994],[122.6644958,14.276436599999997],[122.6643191,14.276515300000002],[122.66416439999999,14.276629899999998],[122.66405400000001,14.2766297],[122.66398050000001,14.276543499999999],[122.6640397,14.2763139],[122.66415770000002,14.276156200000003],[122.664335,14.27607],[122.6649746,14.276121499999999],[122.6654162,14.276114899999998],[122.6659758,14.275864499999999],[122.6663763,14.275392699999996],[122.6666787,14.2748528],[122.66702839999999,14.273977299999999],[122.66712679999999,14.273795600000001],[122.66732849999998,14.273585999999998],[122.66738750000002,14.2733742],[122.66737340000002,14.272886899999998],[122.66743250000002,14.272733900000002],[122.66766830000002,14.2725333],[122.6680807,14.272313800000001],[122.66858940000002,14.272294299999999],[122.66874210000002,14.272224499999998],[122.66887500000001,14.272045799999999],[122.66913180000002,14.2714923],[122.6692989,14.271291599999996],[122.6696132,14.2710719],[122.6699664,14.271043699999996],[122.6701234,14.2710822],[122.67054499999999,14.2712646],[122.6710747,14.271370600000001],[122.67141779999999,14.271552900000001],[122.67171170000002,14.271859499999998],[122.6718683,14.272146800000002],[122.6719757,14.272500999999997],[122.6720044,14.2730273],[122.67177660000002,14.273923599999998],[122.67162300000001,14.274132700000001],[122.6712942,14.274439899999999],[122.6709424,14.274614299999994],[122.67069689999998,14.274786199999998],[122.67036230000001,14.275145899999998],[122.66942949999999,14.2758944],[122.66908539999999,14.276410699999998],[122.6687366,14.276703999999999],[122.66865300000002,14.276857000000001],[122.6684222,14.277009799999998],[122.66803890000001,14.277392],[122.667926,14.2774779],[122.6675622,14.277508399999999],[122.66686580000001,14.2777898],[122.6668069,14.2778544],[122.6667772,14.2779931],[122.66681480000001,14.279107899999996],[122.6668629,14.279239599999999],[122.66692700000002,14.279286700000002],[122.6669514,14.2793872],[122.66686100000001,14.2795953],[122.6666514,14.279860400000002],[122.66662180000002,14.2800039],[122.6666802,14.2803054],[122.6666899,14.280549699999998],[122.6666257,14.2807073],[122.66654209999999,14.280802799999996],[122.6658017,14.281370599999997],[122.6657427,14.281470999999994],[122.66574250000001,14.281592999999999],[122.66580340000002,14.281698199999997],[122.6662809,14.2820828],[122.6663524,14.2822038],[122.66630680000002,14.282265899999999],[122.6660873,14.282325499999999],[122.66602089999999,14.282404299999998],[122.6660061,14.282490400000002],[122.6660133,14.2826196],[122.6660573,14.2827202],[122.6662136,14.2828496],[122.6661995,14.283102399999999],[122.66605180000002,14.283212200000001],[122.6660418,14.283377],[122.66605300000002,14.2834132],[122.6661911,14.283493499999999],[122.6663094,14.2836284],[122.666313,14.283714499999997],[122.6662761,14.283786199999996],[122.6661582,14.2838435],[122.66607,14.283821800000004],[122.6655851,14.283247],[122.66534979999999,14.283095900000001],[122.66515120000001,14.2830526],[122.6647977,14.2832531],[122.66410550000002,14.283560699999997],[122.6639581,14.283682499999998],[122.6638622,14.283854599999998],[122.66386190000001,14.284041200000003],[122.6640355,14.284339299999997],[122.6641915,14.285053599999996],[122.6643194,14.285438499999998],[122.66453640000002,14.2857287],[122.664595,14.285908199999998],[122.66460959999999,14.286030199999999],[122.6644852,14.286230600000001],[122.6644993,14.2864046],[122.66457059999999,14.2864557],[122.665043,14.286518799999998],[122.6651754,14.286605099999997],[122.66523390000002,14.286820499999996],[122.66518930000001,14.287121899999999],[122.66492739999998,14.287553799999998],[122.66470110000002,14.2877893],[122.66444900000002,14.2879769],[122.66408159999999,14.289097799999999],[122.66412710000002,14.2893281],[122.66434110000002,14.289950000000001],[122.66472129999998,14.2901112],[122.6661195,14.290095299999999],[122.6661509,14.290061],[122.6663625,14.2890376],[122.66641780000002,14.2889168],[122.6665914,14.2888368],[122.6668494,14.288803599999998],[122.6670393,14.288745000000002],[122.6673447,14.2884705],[122.66751230000001,14.288160899999996],[122.6675528,14.287897199999996],[122.66749320000001,14.2875464],[122.66762090000002,14.287441299999998],[122.6680331,14.2873749],[122.6681213,14.287432400000002],[122.66815830000002,14.2875951],[122.66824770000001,14.2877903],[122.66848300000001,14.287952300000002],[122.6687191,14.2879691],[122.66930820000002,14.287692400000001],[122.66956360000002,14.287530099999996],[122.66954350000002,14.287826699999998],[122.66949910000001,14.2879941],[122.6693123,14.288257],[122.6691699,14.2883525],[122.66899330000001,14.288361799999999],[122.66881650000002,14.2884764],[122.66876710000001,14.288658199999999],[122.66883570000002,14.288773099999995],[122.66901780000002,14.288887999999996],[122.6691494,14.288926600000002],[122.6691689,14.289051099999998],[122.6690803,14.2891945],[122.6685829,14.289361400000002],[122.6684717,14.2894362],[122.6684519,14.289517000000002],[122.66862040000001,14.289739999999998],[122.668932,14.290007599999997],[122.6690886,14.2902949],[122.669147,14.290582099999998],[122.6691468,14.290722499999996]]],[[[122.69185210000002,14.2913503],[122.69115640000001,14.291435099999996],[122.69080440000002,14.291552799999998],[122.69061630000002,14.291664100000002],[122.6904602,14.291816],[122.69020650000002,14.291090099999998],[122.6901136,14.2909576],[122.69000820000001,14.2909576],[122.68995690000001,14.291020999999999],[122.6898811,14.290914799999996],[122.69027780000002,14.290376099999998],[122.6903551,14.290185999999999],[122.69032530000001,14.290036299999999],[122.69027190000001,14.290019099999999],[122.6901827,14.290070899999998],[122.6900995,14.290053600000002],[122.69005200000001,14.290001799999999],[122.6900461,14.289898099999998],[122.69017679999999,14.289800299999998],[122.69062840000001,14.289679299999998],[122.6908958,14.289443299999999],[122.6912879,14.2888214],[122.6916567,14.288465],[122.69161480000001,14.288401],[122.69179820000001,14.2881503],[122.6919,14.288245600000002],[122.6919653,14.288090099999994],[122.6919653,14.287900099999998],[122.6918643,14.287203299999996],[122.69190590000001,14.286955699999998],[122.69214010000002,14.286641400000004],[122.6923054,14.286548100000001],[122.6926501,14.2862677],[122.6931615,14.285611199999998],[122.69321310000001,14.2854586],[122.6934568,14.285118799999998],[122.6936586,14.2848994],[122.69352900000001,14.284738599999997],[122.6933914,14.2847503],[122.6933498,14.2847158],[122.6932904,14.284571799999997],[122.6932072,14.283949899999998],[122.6931478,14.283736899999996],[122.6928721,14.283477599999998],[122.6925868,14.283040799999998],[122.6916591,14.282096900000003],[122.6903228,14.281121699999996],[122.6893081,14.280467299999998],[122.6891097,14.280273200000002],[122.6889037,14.280237099999999],[122.68877870000001,14.2801436],[122.68877890000002,14.2799929],[122.68886740000002,14.279899699999996],[122.6891914,14.279706400000002],[122.68954460000002,14.279387400000001],[122.6896778,14.279197399999997],[122.68975700000001,14.2788921],[122.6898712,14.278800099999996],[122.6901716,14.2787029],[122.6910621,14.2786868],[122.6914721,14.278611899999996],[122.6916979,14.278444899999998],[122.6920604,14.278105199999997],[122.69218520000001,14.2780649],[122.6923516,14.2780649],[122.6925595,14.2781512],[122.69279720000002,14.2782088],[122.6929339,14.278203099999999],[122.69307050000002,14.278157],[122.6933142,14.277926699999998],[122.6935875,14.277569600000001],[122.69373599999999,14.2774372],[122.694152,14.277270200000002],[122.6944319,14.277282600000001],[122.6945643,14.277321099999998],[122.69466700000001,14.2775413],[122.69476990000001,14.277646699999998],[122.69497590000002,14.277709099999997],[122.69505430000001,14.277766599999996],[122.69521089999999,14.27803],[122.6953139,14.278073199999996],[122.6955199,14.278083],[122.6955885,14.278130999999998],[122.69561780000001,14.278240999999998],[122.69561770000001,14.2783224],[122.6955489,14.278437099999996],[122.69493250000001,14.2789722],[122.6948316,14.279192099999996],[122.69483140000001,14.279361799999998],[122.69489179999998,14.279487199999997],[122.695076,14.279648399999997],[122.6953552,14.279723299999999],[122.6956642,14.279753200000002],[122.69576650000002,14.2797433],[122.6958752,14.279688700000001],[122.69602370000001,14.279688700000001],[122.696338,14.2799482],[122.69639509999999,14.2800256],[122.69639210000001,14.280100500000001],[122.69616620000001,14.2804879],[122.6961661,14.280592900000004],[122.6962317,14.2807339],[122.6963535,14.280846199999997],[122.6964931,14.280903799999997],[122.6969617,14.280960600000002],[122.6970652,14.280934000000002],[122.6972002,14.280831799999998],[122.697328,14.2806446],[122.69763990000001,14.280463199999996],[122.6978717,14.2804978],[122.6980967,14.280613200000003],[122.6981981,14.280790799999998],[122.6981943,14.280859],[122.69801430000001,14.2812464],[122.698044,14.281309699999998],[122.69836480000001,14.281540100000003],[122.69837380000001,14.281609199999998],[122.69827240000001,14.281806899999996],[122.69825760000002,14.2819351],[122.69832159999999,14.282158],[122.6984421,14.282366400000004],[122.6984993,14.2824366],[122.6986619,14.282521899999997],[122.69919079999998,14.282527599999998],[122.69940370000002,14.2825806],[122.6995088,14.2826618],[122.69955920000001,14.282746399999999],[122.69957480000001,14.282857299999998],[122.6996899,14.283022799999998],[122.6999539,14.283268399999997],[122.70008210000002,14.283351100000003],[122.70012370000002,14.2834605],[122.70004639999999,14.283552599999997],[122.69992160000001,14.283592899999999],[122.69977309999999,14.283581399999997],[122.69944630000002,14.2834777],[122.6991254,14.2834259],[122.69854900000001,14.283454700000002],[122.69831500000001,14.2835681],[122.6982077,14.283698],[122.698139,14.283738799999997],[122.6979483,14.283764099999999],[122.69758640000002,14.283875099999998],[122.69724179999999,14.284214800000003],[122.69642780000001,14.285176400000001],[122.6963499,14.285329699999997],[122.6963478,14.2854049],[122.6964376,14.285735099999997],[122.6964173,14.285774599999998],[122.69623319999998,14.2858174],[122.69609320000002,14.285924900000001],[122.6958087,14.286327900000002],[122.6957346,14.2867065],[122.69560010000001,14.2869439],[122.6952348,14.287242599999999],[122.6950343,14.287345099999998],[122.69427249999998,14.287611500000002],[122.69417849999999,14.2876723],[122.6941223,14.2877676],[122.6941508,14.288050100000001],[122.6941199,14.2882137],[122.69368259999999,14.288614099999998],[122.6931019,14.289234999999996],[122.692951,14.2894584],[122.69264869999999,14.2901457],[122.6923872,14.290951899999996],[122.6923159,14.2912858],[122.6922516,14.291338999999997],[122.6920849,14.291368399999998],[122.69185210000002,14.2913503]]],[[[122.6756656,14.2865979],[122.67592299999998,14.28667],[122.67607020000001,14.286670199999998],[122.6761928,14.286742199999997],[122.6761544,14.286863099999998],[122.6759225,14.287028899999996],[122.67570119999999,14.2874113],[122.67559,14.287985299999999],[122.6755895,14.2883083],[122.67561359999999,14.288643199999997],[122.6757113,14.2888946],[122.67591960000001,14.289038400000003],[122.6762016,14.289170299999995],[122.6757961,14.289660199999998],[122.6755013,14.2899349],[122.67470390000001,14.2900295],[122.6745078,14.289933499999998],[122.6742753,14.289574399999998],[122.67423950000001,14.288868600000004],[122.67415430000001,14.2884259],[122.6740078,14.287935299999997],[122.6740079,14.287851599999996],[122.6742954,14.2875637],[122.6744257,14.287313900000001],[122.67449090000001,14.287102599999999],[122.6745679,14.287005299999999],[122.6749292,14.2869139],[122.6752913,14.2866871],[122.6754499,14.2866182],[122.6756656,14.2865979]]],[[[122.8060188,14.284196999999999],[122.80499670000002,14.284565500000003],[122.8046444,14.2848359],[122.8043194,14.285521400000002],[122.80417680000001,14.285717200000002],[122.80406979999998,14.286016599999996],[122.80402230000001,14.286385099999999],[122.803951,14.2866615],[122.8039628,14.2867882],[122.8042217,14.287234199999999],[122.8042648,14.287380399999998],[122.8042208,14.287650199999998],[122.80405790000002,14.287214299999999],[122.8039153,14.286960999999996],[122.803844,14.286661499999997],[122.8039549,14.2860332],[122.8038559,14.2856941],[122.80398659999999,14.285129799999998],[122.8041658,14.2849972],[122.8041886,14.284934100000001],[122.8049254,14.284450399999997],[122.80554339999999,14.284197],[122.8060188,14.284196999999999]]],[[[122.8285314,14.285520499999997],[122.82782740000002,14.285750399999998],[122.82723999999999,14.285829600000001],[122.82658890000002,14.285650999999996],[122.8285314,14.285520499999997]]],[[[122.8264738,14.285583799999996],[122.8265351,14.2856196],[122.8264997,14.285602],[122.8264738,14.285583799999996]]],[[[122.8264738,14.285583799999996],[122.82637250000002,14.2855247],[122.8263917,14.285532299999996],[122.8264738,14.285583799999996]]],[[[122.8225877,14.281263799999998],[122.8219665,14.281279299999998],[122.82196919999998,14.281234099999999],[122.8220243,14.281181899999998],[122.8224202,14.280917900000002],[122.82244640000002,14.280782300000002],[122.82239039999999,14.280691899999999],[122.8225418,14.2805999],[122.8227646,14.2811895],[122.8227313,14.281234599999998],[122.8225877,14.281263799999998]]],[[[122.82311430000001,14.279110100000002],[122.82309070000001,14.279562099999998],[122.8230368,14.279833399999998],[122.8227738,14.2803424],[122.822681,14.280437599999999],[122.82259289999999,14.2804615],[122.8225976,14.2801495],[122.82250460000002,14.279878199999999],[122.822576,14.279652199999997],[122.82268449999998,14.2795193],[122.822821,14.279259400000003],[122.8230853,14.279096399999997],[122.8231118,14.278896],[122.82319230000002,14.278760199999999],[122.8225489,14.277758299999997],[122.82143599999999,14.2764728],[122.8207597,14.275489000000002],[122.8201935,14.275007799999997],[122.81953350000002,14.274544],[122.8188355,14.274202999999998],[122.8176343,14.2738639],[122.8159717,14.2735481],[122.8139992,14.273717600000001],[122.81277730000001,14.274018099999997],[122.8114669,14.2742456],[122.80960570000002,14.274869000000002],[122.8079797,14.2757734],[122.8068784,14.2765611],[122.80649110000002,14.277132000000002],[122.8060157,14.278191599999994],[122.8054691,14.278260699999999],[122.8051986,14.2782057],[122.80497790000001,14.278257299999998],[122.8042928,14.278182399999999],[122.8039339,14.277983199999996],[122.8036061,14.2777399],[122.8026436,14.276809699999998],[122.8022033,14.275373899999998],[122.80209400000001,14.274117899999997],[122.8020955,14.272467199999998],[122.8021333,14.271283099999998],[122.8020869,14.2706198],[122.802118,14.270159299999998],[122.8022226,14.269698899999996],[122.80259720000001,14.269137000000004],[122.80259710000001,14.2692835],[122.8026441,14.269493100000002],[122.80269589999999,14.2695623],[122.8029183,14.2697178],[122.80333199999998,14.2699269],[122.80401,14.2700968],[122.80504090000001,14.270244800000002],[122.80736720000002,14.270193499999998],[122.80747140000001,14.270265400000001],[122.8076198,14.2704972],[122.8077704,14.270604099999998],[122.8080092,14.270975099999996],[122.80804590000001,14.2711546],[122.80808220000002,14.271982499999998],[122.8081676,14.2722491],[122.8083023,14.272452599999998],[122.8084739,14.272578299999997],[122.80859040000001,14.272626299999999],[122.8087069,14.2726263],[122.8089093,14.272566700000004],[122.80912389999999,14.2726087],[122.8095774,14.272944000000003],[122.81005570000002,14.273058],[122.810194,14.2732107],[122.81045039999998,14.273335900000001],[122.8107018,14.273306199999997],[122.810947,14.2733961],[122.8110697,14.2733962],[122.8112985,14.2732725],[122.8115519,14.273187799999999],[122.81236270000001,14.273101499999996],[122.81301250000001,14.272931499999999],[122.8134403,14.272782399999999],[122.8142269,14.272428],[122.8144576,14.272283399999997],[122.8148359,14.271906099999999],[122.8151048,14.271508000000003],[122.81542880000002,14.2712068],[122.81577490000001,14.270977399999998],[122.8161031,14.270714499999999],[122.81654800000001,14.2704397],[122.8170823,14.2701569],[122.8174386,14.269922700000002],[122.81800249999999,14.269421],[122.8182983,14.268946899999998],[122.8185045,14.268707799999998],[122.8190691,14.268167599999998],[122.81922750000001,14.268049299999998],[122.8194645,14.2676943],[122.8195995,14.2674264],[122.8197321,14.267297299999996],[122.82038709999999,14.2669413],[122.8211268,14.266207300000001],[122.8213662,14.265878500000001],[122.82151349999998,14.265729099999998],[122.8217037,14.2655977],[122.8219429,14.2655321],[122.8220962,14.2655322],[122.8222802,14.265568199999999],[122.8224334,14.265634099999998],[122.82264170000002,14.2658735],[122.8227428,14.2660649],[122.82287339999999,14.266183599999996],[122.8231479,14.2662966],[122.8234251,14.2663128],[122.82461810000001,14.266528099999999],[122.82505429999999,14.266562],[122.82545240000002,14.266444400000001],[122.8259026,14.266139],[122.82618240000001,14.265995699999998],[122.82630020000002,14.2658881],[122.82650610000002,14.2657806],[122.82665319999998,14.265797900000003],[122.82672690000001,14.266039199999996],[122.82668259999998,14.266225700000001],[122.82669699999998,14.266584599999998],[122.8267852,14.266728199999998],[122.82705010000001,14.2667571],[122.8272267,14.266728500000001],[122.82728550000002,14.266814700000001],[122.8272411,14.267173500000004],[122.82718750000001,14.268239400000002],[122.82740229999999,14.2696807],[122.82753819999999,14.270178199999998],[122.8274754,14.270326699999996],[122.82730360000001,14.270410299999995],[122.8268988,14.270386699999998],[122.8267172,14.2705475],[122.82661620000002,14.271187300000001],[122.82641990000002,14.271282799999994],[122.82596660000002,14.271364499999997],[122.8257549,14.271498899999997],[122.82560759999998,14.271660200000001],[122.82533300000001,14.272283899999996],[122.8252756,14.272750299999998],[122.8252753,14.273086999999997],[122.8254142,14.273501099999999],[122.825774,14.274087000000002],[122.8258372,14.274364399999998],[122.8258627,14.274818200000002],[122.8256875,14.275640899999997],[122.8255732,14.275947499999996],[122.8255052,14.276036299999998],[122.8254865,14.2761977],[122.82550550000002,14.276497299999999],[122.82539459999998,14.276845599999998],[122.8252402,14.2769804],[122.82489820000002,14.277152699999997],[122.82469030000001,14.277299199999998],[122.8244154,14.277711799999999],[122.8242974,14.277970099999997],[122.82413050000001,14.2781518],[122.8239243,14.278276],[122.8235247,14.2786175],[122.8232048,14.2787565],[122.8232829,14.278795699999996],[122.82330000000002,14.278929400000003],[122.8232384,14.279030299999997],[122.82311430000001,14.279110100000002]]],[[[122.80060560000001,14.2738319],[122.80066500000001,14.274016099999997],[122.80066500000001,14.274373199999998],[122.80055810000002,14.2746035],[122.8003679,14.274730199999999],[122.8003085,14.274891399999998],[122.8003442,14.2751448],[122.8009384,14.276135299999998],[122.8010334,14.276446199999999],[122.80079580000002,14.276895399999999],[122.80029660000001,14.277160299999998],[122.800059,14.277379099999996],[122.8000352,14.2774597],[122.80005689999999,14.277585899999998],[122.79988670000002,14.2775777],[122.79971420000001,14.277507999999997],[122.7996279,14.277326899999998],[122.7996279,14.2771457],[122.7997429,14.2769506],[122.799973,14.276713699999998],[122.80029639999998,14.276491099999996],[122.8003468,14.276393299999999],[122.8003468,14.276142399999998],[122.80008800000002,14.275919499999999],[122.79966680000001,14.275799400000002],[122.79966680000001,14.2756861],[122.79955979999998,14.275628499999998],[122.79893000000001,14.275617],[122.79856159999999,14.275478800000004],[122.7985022,14.2752485],[122.798493,14.274900900000002],[122.7985909,14.274552900000003],[122.7988879,14.274137099999997],[122.79911899999999,14.2739451],[122.79921520000002,14.273735399999998],[122.799334,14.2737858],[122.7994648,14.273659099999998],[122.7994122,14.273506199999998],[122.7990429,14.272783799999997],[122.7989538,14.272467099999998],[122.7990072,14.2719488],[122.7991617,14.2716148],[122.7993519,14.271355700000003],[122.79960140000001,14.271142600000001],[122.7998272,14.2709929],[122.8000827,14.270894999999998],[122.80029660000001,14.2708547],[122.80026179999999,14.270938499999998],[122.8002848,14.270929499999996],[122.79994010000001,14.2716897],[122.7999877,14.2718624],[122.7996906,14.2722425],[122.7997381,14.2724728],[122.7999877,14.272841399999997],[122.8000352,14.2731293],[122.80014209999999,14.2733712],[122.8003798,14.273566999999998],[122.80060560000001,14.2738319]]],[[[122.8524107,14.2728246],[122.85209130000001,14.273822000000003],[122.85193700000002,14.273749800000001],[122.8518676,14.2735798],[122.8515256,14.2730443],[122.85069059999998,14.272008800000002],[122.8504578,14.271842199999998],[122.85005230000002,14.271744],[122.8496051,14.271846],[122.8492893,14.272151900000003],[122.8490263,14.2723304],[122.8489637,14.272368299999998],[122.84872740000002,14.272393799999998],[122.84830980000001,14.272112199999997],[122.8479163,14.272053400000003],[122.8477705,14.2720675],[122.84723900000002,14.272469199999998],[122.84713619999998,14.2721103],[122.8471843,14.271868599999998],[122.84737200000001,14.271708499999999],[122.84777,14.2708332],[122.84807960000002,14.2699866],[122.84819789999999,14.2691828],[122.84812460000002,14.2686159],[122.8479775,14.268204699999998],[122.84775810000001,14.267955999999998],[122.84750580000001,14.267732999999998],[122.8470837,14.267581900000001],[122.8467966,14.2675501],[122.845138,14.267692399999998],[122.84495750000002,14.267805899999999],[122.84473269999998,14.268020300000003],[122.84454869999999,14.268032199999999],[122.8438499,14.267672900000004],[122.8436047,14.267612899999998],[122.8433717,14.2675051],[122.8432491,14.267409299999997],[122.84323699999999,14.2672299],[122.8432984,14.2670266],[122.84346020000001,14.266773199999996],[122.8434915,14.266586399999998],[122.8434774,14.266199899999998],[122.84340400000002,14.265616399999997],[122.8433871,14.265043800000003],[122.843266,14.264556799999998],[122.84275870000002,14.2639237],[122.84263579999998,14.263804999999998],[122.84241159999999,14.2637247],[122.8422705,14.263724600000002],[122.8419761,14.263855899999998],[122.8410193,14.2640467],[122.8407005,14.263986699999997],[122.8405289,14.263842999999998],[122.8404919,14.2636356],[122.8405942,14.263490200000001],[122.84100770000002,14.2632333],[122.84104460000002,14.2630778],[122.84104470000001,14.262922300000001],[122.8408876,14.262462],[122.84087609999999,14.2621472],[122.8409929,14.261567100000002],[122.8409932,14.261064699999999],[122.8409602,14.2608271],[122.8408832,14.260719499999999],[122.84073749999999,14.260677],[122.8405552,14.260676799999997],[122.8404684,14.260724699999999],[122.8403611,14.260855199999998],[122.84028,14.2608802],[122.8401634,14.260890199999999],[122.8400545,14.260844199999998],[122.8399902,14.2607392],[122.8399606,14.2605207],[122.83970429999998,14.2602255],[122.8396959,14.260093399999997],[122.8397449,14.259897999999998],[122.8398633,14.259670200000002],[122.8402734,14.259198199999998],[122.84034719999998,14.258939899999998],[122.8403032,14.2587246],[122.8402003,14.258602500000002],[122.8399726,14.258434599999998],[122.8395235,14.2583078],[122.8393958,14.258244199999998],[122.8393173,14.2581334],[122.8392882,14.258016999999999],[122.8392885,14.257575599999997],[122.8396847,14.256762200000002],[122.8396887,14.2565679],[122.83962850000002,14.256284800000001],[122.8394274,14.256006600000001],[122.8391616,14.2557997],[122.8381587,14.2555411],[122.83723409999999,14.2551672],[122.8367797,14.2546789],[122.8364674,14.2540378],[122.83646830000002,14.252776800000001],[122.8366241,14.250938599999998],[122.836903,14.2504468],[122.83716930000001,14.2501039],[122.83748679999998,14.249805700000001],[122.83821819999999,14.2495843],[122.8385613,14.249561499999999],[122.83911799999998,14.249727800000002],[122.83959680000001,14.249961699999997],[122.8407194,14.250303700000002],[122.8413632,14.2504118],[122.8457414,14.250199300000002],[122.8462806,14.250037899999999],[122.84728940000001,14.2495966],[122.84814300000001,14.249410499999998],[122.8488936,14.249411],[122.85044440000001,14.250042599999999],[122.8525866,14.250001300000001],[122.8526233,14.250264499999998],[122.85271380000002,14.250569100000002],[122.85284529999998,14.2506701],[122.85305229999999,14.250623599999999],[122.85329770000001,14.250312800000001],[122.85369040000002,14.2499542],[122.8542547,14.249715299999998],[122.8552642,14.249650399999998],[122.85571200000001,14.249384899999999],[122.85595620000001,14.248865699999998],[122.85619559999999,14.2474702],[122.856178,14.246483100000003],[122.8560392,14.245714899999998],[122.85587160000001,14.245367599999998],[122.85568049999999,14.2451234],[122.8556365,14.244893699999999],[122.8556295,14.2443555],[122.85566639999999,14.2440469],[122.85588870000001,14.243042300000003],[122.85632940000002,14.242899],[122.8564235,14.2427989],[122.8564914,14.242611999999998],[122.8564182,14.2420522],[122.8564331,14.2417795],[122.85653620000001,14.241592899999999],[122.85661,14.241277200000003],[122.856566,14.241119300000001],[122.8562865,14.240860699999999],[122.8558499,14.240810499999997],[122.8554772,14.2408459],[122.8551829,14.2407883],[122.85506540000002,14.240472399999998],[122.85515399999998,14.239984499999998],[122.85536030000002,14.239539600000002],[122.8555747,14.238814399999999],[122.8555387,14.238552999999998],[122.85569969999999,14.238047],[122.85569990000002,14.237630800000002],[122.8555972,14.237300600000001],[122.8552987,14.236902599999999],[122.8549926,14.2362446],[122.854804,14.235668399999998],[122.8548093,14.235287499999998],[122.85487069999999,14.235078199999997],[122.8549324,14.2344802],[122.85490199999998,14.2340017],[122.8547104,14.233707599999997],[122.85434429999998,14.233492999999998],[122.8542901,14.233280699999998],[122.8543198,14.232764000000001],[122.85473449999999,14.232297099999997],[122.85487260000001,14.2320879],[122.8549342,14.2316992],[122.8548117,14.231459899999999],[122.85460360000002,14.231245299999996],[122.8543687,14.230923899999997],[122.85429910000002,14.230645899999997],[122.854425,14.2293766],[122.8545723,14.229103999999996],[122.8547932,14.228888800000002],[122.85533780000002,14.228673799999997],[122.8560002,14.2282723],[122.85734289999999,14.2271673],[122.8575736,14.226886300000002],[122.85788090000001,14.22578],[122.8575628,14.224592799999998],[122.85734289999999,14.2232769],[122.8569755,14.2226068],[122.85695130000002,14.2220326],[122.8575894,14.2213393],[122.85784729999999,14.2207174],[122.8580469,14.218793100000001],[122.85826610000001,14.217571800000002],[122.8584994,14.2171772],[122.85864950000001,14.216756999999998],[122.858647,14.216292100000004],[122.85859820000002,14.215957199999997],[122.85877020000001,14.215431],[122.8593346,14.2148093],[122.85967809999998,14.2144746],[122.8600303,14.2140523],[122.86007100000002,14.213637499999997],[122.8598506,14.2132546],[122.85944000000002,14.213187599999998],[122.8589554,14.2133857],[122.8586487,14.213612800000002],[122.8572504,14.214377500000001],[122.8569315,14.2144969],[122.8565219,14.2145737],[122.8562608,14.214451299999999],[122.85615840000001,14.214294199999998],[122.8559759,14.213228400000002],[122.855858,14.212959399999999],[122.85592740000001,14.212367099999996],[122.85636910000001,14.211936799999997],[122.85678639999999,14.211338999999999],[122.8568846,14.211051900000001],[122.856819,14.210554400000001],[122.8563552,14.209958800000003],[122.8559783,14.209787699999998],[122.85563490000001,14.209694500000001],[122.8551667,14.209444400000002],[122.8547353,14.208902699999998],[122.8542857,14.207868999999999],[122.8539777,14.2066915],[122.8540266,14.206311700000002],[122.8540266,14.205639799999997],[122.8536966,14.204807799999998],[122.8535315,14.204583799999998],[122.85343249999998,14.204327899999997],[122.8532345,14.204103899999998],[122.8533005,14.203559899999998],[122.8535315,14.2030159],[122.8535315,14.202695899999998],[122.85343249999998,14.202312],[122.8529704,14.202248000000003],[122.8518151,14.201992000000002],[122.85125399999998,14.201767999999998],[122.851089,14.201255999999999],[122.851155,14.200583999999997],[122.851089,14.2002001],[122.85079189999999,14.199528100000002],[122.8502968,14.198984099999999],[122.84933959999998,14.198664099999998],[122.84884449999998,14.1986001],[122.8478543,14.198568099999997],[122.8473262,14.198152100000001],[122.84719409999998,14.197832099999996],[122.84597289999999,14.196936199999998],[122.8451477,14.196968199999999],[122.8447846,14.1967122],[122.8440914,14.196456200000002],[122.8435303,14.196456199999998],[122.8429692,14.196072200000001],[122.84227600000001,14.1957202],[122.84151690000002,14.195752200000003],[122.84098880000002,14.1956882],[122.84042759999998,14.1953042],[122.8405597,14.194728199999997],[122.8408237,14.1942802],[122.84098880000002,14.194152199999998],[122.8416489,14.194056199999997],[122.84181390000002,14.1938642],[122.84194600000001,14.193480199999998],[122.84194600000001,14.1928722],[122.84188,14.192616199999998],[122.8413848,14.191944199999996],[122.8411868,14.191464200000002],[122.8411538,14.190856200000002],[122.8407577,14.190440200000001],[122.8402626,14.1903442],[122.83963550000001,14.190472200000002],[122.8392394,14.190696200000001],[122.8388763,14.191112199999997],[122.83835560000001,14.1913042],[122.8371934,14.1927666],[122.8364571,14.1937828],[122.83547599999999,14.194141],[122.8335152,14.1929435],[122.8327189,14.192045799999999],[122.832597,14.191088799999996],[122.83284290000002,14.1901919],[122.8338089,14.189290599999996],[122.83505100000002,14.188459],[122.83566439999998,14.1879212],[122.8370401,14.1861649],[122.8370944,14.185463999999994],[122.836997,14.184507099999998],[122.83652039999998,14.183190699999999],[122.8366558,14.181683900000001],[122.8369015,14.1809664],[122.8369024,14.179770199999998],[122.8360699,14.178047200000002],[122.8357277,14.176563700000003],[122.83572829999999,14.175702499999998],[122.83599919999999,14.174171599999998],[122.8362693,14.173502],[122.8364665,14.172162399999998],[122.8362499,14.1708889],[122.83568329999999,14.170176299999998],[122.83530310000002,14.1693602],[122.8352068,14.168498199999998],[122.8353914,14.166994299999999],[122.83588250000001,14.165942000000001],[122.835961,14.165219099999996],[122.83685189999998,14.1635107],[122.8377445,14.1628387],[122.83955900000001,14.1625813],[122.84199510000002,14.163733199999998],[122.8430462,14.163746999999999],[122.8448116,14.163461099999997],[122.84863620000002,14.163750599999998],[122.8532451,14.164518999999999],[122.8591281,14.166627799999999],[122.8603043,14.167681100000001],[122.8610507,14.168184],[122.8631779,14.168647099999996],[122.863574,14.168839099999998],[122.86469620000001,14.1689351],[122.86502630000001,14.169031099999998],[122.8657855,14.169031099999998],[122.86614860000002,14.168935099999997],[122.86684170000001,14.1685831],[122.8673368,14.167975000000004],[122.8676669,14.167014899999996],[122.867997,14.1662788],[122.868327,14.1653507],[122.86836010000002,14.164870699999998],[122.8686571,14.1646147],[122.86882220000001,14.164614699999998],[122.8693173,14.164710699999999],[122.8701425,14.165350699999998],[122.87073660000001,14.165862799999996],[122.87090160000001,14.165894799999998],[122.87123170000001,14.1658948],[122.8718918,14.165606800000003],[122.8721559,14.1651267],[122.872552,14.1646467],[122.87275,14.1643586],[122.87308010000001,14.164262600000004],[122.8738063,14.163750599999998],[122.87535760000002,14.163750599999998],[122.87581970000001,14.1636545],[122.8765789,14.1633985],[122.8768429,14.1631745],[122.87694200000001,14.161254200000002],[122.8763808,14.160614199999998],[122.8756877,14.159942099999999],[122.8746975,14.159525999999998],[122.8733442,14.159013899999998],[122.8722879,14.1588219],[122.8718588,14.158565899999997],[122.87119870000001,14.158277799999999],[122.8700104,14.157925800000001],[122.8695483,14.157669699999998],[122.86918519999999,14.157381699999998],[122.8689872,14.1568696],[122.86892119999999,14.156197499999998],[122.8695153,14.154629299999998],[122.8698454,14.1543412],[122.87047250000002,14.153541099999998],[122.87093460000001,14.1533491],[122.8715948,14.1535731],[122.8721559,14.153861100000002],[122.87242000000002,14.1536051],[122.87258500000002,14.153285],[122.87317910000002,14.153284999999999],[122.8737733,14.1534771],[122.8740043,14.153829099999998],[122.87426840000002,14.1549813],[122.8746644,14.1556854],[122.8751926,14.1563575],[122.87545659999999,14.1564215],[122.8761168,14.156421499999999],[122.87647990000002,14.156325499999998],[122.87714000000001,14.1555574],[122.87720600000002,14.154501199999995],[122.87704100000002,14.1539892],[122.8764138,14.153221],[122.8762818,14.152452899999998],[122.8762818,14.151876799999998],[122.8767769,14.150596600000002],[122.87747010000001,14.149636399999999],[122.8780972,14.148836299999997],[122.8785263,14.1484522],[122.87964860000001,14.1483242],[122.8801767,14.147812099999998],[122.8807708,14.147491999999998],[122.8811669,14.1471399],[122.88166199999999,14.146883899999997],[122.8823882,14.146851899999998],[122.8826852,14.146691799999996],[122.8836424,14.146883899999999],[122.88450060000001,14.147715999999999],[122.8846327,14.1480361],[122.8846327,14.148324199999998],[122.88506169999998,14.1493804],[122.88509480000002,14.150148500000002],[122.8853918,14.1505646],[122.8857219,14.150724599999998],[122.88621699999999,14.1506926],[122.8866131,14.150244499999996],[122.8874383,14.1497004],[122.8879334,14.149700399999999],[122.8886926,14.148964299999998],[122.8891877,14.148740199999997],[122.88971580000002,14.148836299999997],[122.89037590000001,14.149444400000002],[122.89047490000002,14.150596600000002],[122.890607,14.1512047],[122.8912341,14.151364699999998],[122.8918282,14.1513647],[122.89209230000002,14.151076700000003],[122.8922573,14.1510447],[122.89288450000001,14.150564599999997],[122.8935116,14.150372500000001],[122.8940727,14.1502765],[122.8944028,14.1505966],[122.89446880000001,14.150788599999998],[122.89486489999999,14.151332700000001],[122.8955251,14.1517488],[122.8957231,14.151780800000001],[122.8960202,14.1517808],[122.89648230000002,14.1519728],[122.89674630000002,14.151972799999998],[122.8974065,14.152612899999998],[122.8975715,14.153413099999998],[122.8978686,14.154149199999999],[122.8982317,14.1543412],[122.8985287,14.155269399999998],[122.89885880000001,14.1558455],[122.89905680000001,14.156421500000002],[122.89994799999998,14.1568056],[122.9003771,14.1568696],[122.90130130000001,14.1568376],[122.9019285,14.1563895],[122.9020935,14.155749400000001],[122.9020935,14.154949299999998],[122.9019285,14.1540212],[122.9021265,14.153124999999998],[122.9020935,14.1525809],[122.90179640000001,14.1523889],[122.9016644,14.152132799999997],[122.9008392,14.151716799999999],[122.90047620000001,14.1512687],[122.9002781,14.150724599999998],[122.9001461,14.1497004],[122.90019000000001,14.1492322],[122.90147899999998,14.147869299999996],[122.9023378,14.1461352],[122.9035028,14.144939500000001],[122.9044227,14.143564300000005],[122.90491369999998,14.141830100000002],[122.90595619999999,14.1403353],[122.906335,14.140170499999996],[122.9085464,14.1408106],[122.90917360000002,14.141194700000002],[122.90963570000001,14.1414187],[122.91108800000002,14.1416428],[122.91164910000002,14.142218899999998],[122.9126724,14.142923099999999],[122.91349750000002,14.143691199999997],[122.91376160000002,14.1443314],[122.9135305,14.1451955],[122.9130024,14.145963700000001],[122.9129694,14.1466358],[122.9131675,14.1469879],[122.9133985,14.147564],[122.91326650000002,14.1480441],[122.91326650000002,14.148332200000002],[122.9134645,14.148716199999999],[122.9141577,14.149324299999998],[122.91438869999999,14.149964499999998],[122.9147188,14.150412499999996],[122.9152799,14.150988599999998],[122.91564300000002,14.151180699999998],[122.91623710000002,14.151756799999998],[122.91666620000001,14.152652899999998],[122.91669920000001,14.152813],[122.9175574,14.153260999999999],[122.91844859999999,14.153228999999996],[122.9192408,14.152813000000002],[122.9196039,14.152396900000003],[122.9190098,14.151596799999998],[122.91838260000002,14.151500700000001],[122.91821759999999,14.151436700000001],[122.91825060000001,14.150924600000002],[122.91864669999998,14.1505406],[122.9187457,14.150188499999999],[122.9187457,14.149452399999998],[122.9192738,14.1483322],[122.9197029,14.1471159],[122.92029700000002,14.146731899999999],[122.92052810000001,14.146251799999998],[122.92023100000002,14.145771700000001],[122.9195709,14.1457076],[122.9188117,14.1457397],[122.9179865,14.145547599999999],[122.91775550000001,14.145291599999998],[122.9174254,14.1450355],[122.9166002,14.1450035],[122.9160721,14.144491399999996],[122.91544500000002,14.144107299999998],[122.915478,14.1434352],[122.91587410000001,14.142634999999999],[122.91594010000001,14.1420269],[122.91584110000001,14.1410347],[122.91617110000001,14.139978400000002],[122.91597310000002,14.1391782],[122.915478,14.138922199999998],[122.9153789,14.138538100000002],[122.91481779999998,14.138218],[122.91485079999998,14.1377379],[122.9150159,14.137417799999996],[122.9153459,14.1371298],[122.91544500000002,14.136361599999999],[122.91567600000002,14.1356574],[122.91613810000001,14.135017200000002],[122.91643520000001,14.1349212],[122.9173924,14.135241299999999],[122.91821759999999,14.1354334],[122.9187787,14.135177299999999],[122.9192408,14.1352093],[122.9198679,14.1354974],[122.9217576,14.135857499999998],[122.9224508,14.1363696],[122.92294590000002,14.136817699999998],[122.92380409999998,14.137489799999999],[122.9241671,14.1376179],[122.9248273,14.138994199999999],[122.9248603,14.1392503],[122.92519040000002,14.139442300000002],[122.92558650000001,14.139378299999999],[122.92614760000001,14.1389302],[122.92644460000001,14.138321999999999],[122.9266097,14.1372658],[122.9266427,14.1364976],[122.9268737,14.135665399999999],[122.9271378,14.1352173],[122.9269728,14.133937],[122.9269067,14.133552899999998],[122.92614760000001,14.132784699999997],[122.92575149999999,14.132112499999998],[122.9252564,14.131376299999998],[122.9250913,14.1308962],[122.9247613,14.130224],[122.9243982,14.129263799999999],[122.92429919999998,14.128911699999998],[122.92454450000001,14.128224299999998],[122.92710459999999,14.1281418],[122.9301687,14.128681000000002],[122.93323260000001,14.1297584],[122.93562280000002,14.129759],[122.93843200000002,14.128647499999996],[122.9415257,14.1263438],[122.9444392,14.1252924],[122.94685129999999,14.125178099999998],[122.9482635,14.1246617],[122.94991090000002,14.123973000000001],[122.9519702,14.123284399999998],[122.95432370000002,14.1223662],[122.95691230000001,14.1223667],[122.9585008,14.122424400000002],[122.9595303,14.122568099999997],[122.96143760000001,14.122404499999998],[122.96285439999998,14.121908399999995],[122.96456060000001,14.1214493],[122.9657939,14.1206758],[122.9662082,14.119382600000002],[122.9662378,14.118521399999999],[122.96653800000001,14.117219999999998],[122.96732650000001,14.1159378],[122.96909159999998,14.114617499999998],[122.96997420000001,14.113871199999997],[122.97109209999999,14.1128378],[122.9713275,14.112235],[122.9712922,14.1115166],[122.97062160000002,14.1112301],[122.9682096,14.1117466],[122.96597399999999,14.112320399999998],[122.9643267,14.112205300000001],[122.96349480000002,14.1117213],[122.96238509999999,14.1105425],[122.9617682,14.1089992],[122.96174609999998,14.108888099999998],[122.9619745,14.106702599999998],[122.962541,14.105012499999999],[122.9622727,14.104622099999998],[122.961503,14.104147100000002],[122.9607333,14.104147099999997],[122.95947390000002,14.104350699999998],[122.95814450000002,14.104418500000001],[122.95744480000002,14.104215],[122.95695500000001,14.1036721],[122.95681510000001,14.1029256],[122.9570949,14.1021791],[122.9579346,14.101636199999998],[122.9590541,14.101364799999999],[122.9602436,14.1008219],[122.96052340000001,14.099532499999999],[122.9601036,14.098514599999998],[122.96108320000002,14.097700299999998],[122.96185290000001,14.097157400000002],[122.96262249999998,14.0968859],[122.9636021,14.096207299999998],[122.96416190000001,14.095460800000001],[122.96416190000001,14.095053599999998],[122.96395189999998,14.093899999999998],[122.96395189999998,14.091864099999999],[122.96381199999999,14.0911854],[122.96311230000002,14.0901674],[122.9629024,14.0894209],[122.96262249999998,14.088945899999999],[122.9620628,14.088335099999997],[122.96059340000001,14.087181399999999],[122.9602691,14.086824900000002],[122.9599101,14.086800599999998],[122.959264,14.0861634],[122.9583544,14.086231299999998],[122.95751470000002,14.086638499999998],[122.9567451,14.085959799999998],[122.95660510000002,14.084466799999998],[122.95723489999999,14.0843989],[122.9584244,14.083720200000004],[122.95961379999999,14.083584500000002],[122.9598237,14.083584500000002],[122.9607333,14.083720200000004],[122.961503,14.0839238],[122.96283240000001,14.084127399999998],[122.96423180000001,14.0850776],[122.96542130000002,14.0854848],[122.9666108,14.085348999999999],[122.9675204,14.0846704],[122.9676603,14.084059599999998],[122.9676603,14.083041599999998],[122.9673105,14.081752100000003],[122.96668080000002,14.080598399999998],[122.966051,14.079987599999999],[122.9656312,14.079308900000001],[122.9656312,14.0784266],[122.96549130000001,14.077205000000001],[122.9650715,14.076797799999998],[122.96325219999999,14.075779699999998],[122.9624126,14.0751011],[122.9623426,14.074829599999997],[122.9623426,14.074218799999995],[122.9629024,14.0736758],[122.96353210000001,14.0733365],[122.9644417,14.073268600000002],[122.966051,14.0736079],[122.96710060000001,14.074286599999999],[122.96829010000002,14.0753047],[122.96898980000002,14.075304699999995],[122.9691997,14.074422399999998],[122.9693396,14.074286599999999],[122.97066900000002,14.0742188],[122.9715087,14.074490200000001],[122.9723483,14.074558099999999],[122.97367770000001,14.074761700000002],[122.9747273,14.075236799999995],[122.975287,14.075304699999998],[122.9761266,14.075168899999996],[122.97689630000002,14.074761700000002],[122.97724620000001,14.074286599999999],[122.97744969999998,14.074212599999997],[122.97689630000002,14.0736758],[122.9768263,14.072725600000002],[122.9759167,14.072318399999999],[122.97563690000001,14.071775500000001],[122.9757768,14.070621699999998],[122.9758468,14.069671499999997],[122.975217,14.068517699999997],[122.975217,14.067635399999999],[122.97633659999998,14.066888799999997],[122.9764765,14.066888799999997],[122.9774561,14.067431700000002],[122.9781558,14.067635399999999],[122.9796951,14.0676354],[122.9817242,14.067499600000001],[122.9829837,14.066956600000001],[122.98410320000002,14.067024499999997],[122.9846629,14.067499600000001],[122.98557249999999,14.0681104],[122.9859923,14.0682462],[122.98571250000002,14.068924900000003],[122.98550259999999,14.0702823],[122.98557249999999,14.070485899999998],[122.9860152,14.0711607],[122.98609540000001,14.071093599999998],[122.9866591,14.070854400000002],[122.98737959999998,14.070431599999997],[122.9876107,14.0701608],[122.9876611,14.0700336],[122.98752260000002,14.069791699999998],[122.9871844,14.0694902],[122.98711090000002,14.069346699999999],[122.98711090000002,14.069203099999998],[122.98734620000002,14.069073999999999],[122.98774320000001,14.069116999999999],[122.9880526,14.069054699999999],[122.9883582,14.068741499999998],[122.9884483,14.068318600000001],[122.98839930000001,14.0680316],[122.98810520000002,14.067361699999998],[122.9878603,14.064778000000002],[122.9878603,14.063868900000001],[122.98799279999999,14.0625721],[122.9883996,14.0613809],[122.98861600000001,14.059797599999998],[122.9889389,14.058725399999998],[122.989184,14.058222999999998],[122.98938009999999,14.056787599999998],[122.9892821,14.055878500000004],[122.9889881,14.055376099999998],[122.9886695,14.054371299999998],[122.98864509999999,14.0538689],[122.9886941,14.053246899999996],[122.9889392,14.0530556],[122.98942930000001,14.053151299999998],[122.98957630000001,14.053581900000001],[122.98957630000001,14.054108200000002],[122.9896988,14.054562799999996],[122.99007430000002,14.0552501],[122.9903451,14.0554992],[122.9909381,14.055619899999998],[122.9912557,14.055754400000001],[122.99145270000001,14.056002699999997],[122.99163470000002,14.056835599999998],[122.99192880000001,14.057649000000001],[122.9923208,14.0580796],[122.992854,14.0580424],[122.99337460000001,14.057768599999996],[122.9939455,14.057522699999998],[122.9944014,14.057561399999999],[122.99485970000002,14.057771500000001],[122.9950656,14.057959999999998],[122.9952616,14.058318899999998],[122.9954086,14.0593715],[122.9954086,14.0608667],[122.9955122,14.0613994],[122.9957258,14.061684],[122.99604310000001,14.061938999999999],[122.9966339,14.062027],[122.99729810000001,14.0622208],[122.99842290000001,14.0633668],[122.99883960000001,14.063629900000002],[122.9994277,14.064156199999998],[122.9996861,14.0648498],[122.9997674,14.065466799999996],[122.9997137,14.065887899999998],[122.99913360000001,14.066715999999998],[122.9987905,14.067457699999999],[122.99852090000002,14.067696899999998],[122.9982514,14.068141599999997],[122.9982514,14.068653799999993],[122.9983507,14.069171299999999],[122.99858969999998,14.069530799999997],[122.9987984,14.069733099999997],[122.99909009999999,14.069852999999998],[122.9992274,14.069852999999998],[122.99952150000001,14.0699295],[122.99965869999998,14.0701784],[122.9997371,14.070656799999997],[122.99994510000002,14.071196000000002],[123.0001685,14.0713458],[123.00067819999998,14.071345799999998],[123.00077629999998,14.0713841],[123.00077629999998,14.071537199999998],[123.00065860000001,14.071785999999998],[123.00042339999999,14.0721688],[123.0004037,14.0724367],[123.0005214,14.0727429],[123.0005832,14.073550099999997],[123.00071870000001,14.0737767],[123.00100969999998,14.073933699999996],[123.001392,14.073919399999998],[123.0019744,14.073748],[123.0027008,14.073833200000001],[123.00295080000001,14.073962399999996],[123.0029819,14.074061200000001],[123.00292139999999,14.074335599999998],[123.00278900000002,14.0747088],[123.0027743,14.075893299999999],[123.0027304,14.076158399999999],[123.00270599999999,14.076182199999998],[123.0024415,14.0761682],[123.0022645,14.0764234],[123.0022523,14.0766504],[123.0025195,14.0771299],[123.00270050000002,14.0777341],[123.0027989,14.077790099999998],[123.00304890000001,14.0776466],[123.00321060000002,14.077474299999999],[123.00344490000002,14.077339199999997],[123.00353410000001,14.077402599999997],[123.00356349999998,14.0777471],[123.0038135,14.078120299999998],[123.0037903,14.0784266],[123.0036224,14.0786514],[123.0034315,14.0788248],[123.0033014,14.079297199999997],[123.0031217,14.0795108],[123.0026812,14.079656199999999],[123.00234300000001,14.079627500000003],[123.00206360000001,14.079512599999997],[123.0017254,14.0794552],[123.0014166,14.0796131],[123.00118129999998,14.079972],[123.00112250000001,14.080345199999998],[123.0012401,14.0807614],[123.0013578,14.0808619],[123.0014686,14.081042199999999],[123.001446,14.081306900000001],[123.00121069999999,14.0816801],[123.0008872,14.081723099999998],[123.0005049,14.081636999999999],[122.99999139999998,14.081381000000002],[122.9993725,14.081364299999997],[122.99876960000002,14.081393000000004],[122.9984461,14.081507799999997],[122.99831760000001,14.081769999999999],[122.9983652,14.082010199999997],[122.9984461,14.082182499999998],[122.99932839999998,14.082914499999996],[122.9995784,14.0832303],[122.99974020000002,14.083732699999999],[122.99968140000001,14.084694400000002],[122.99981370000002,14.085053300000002],[122.99999469999999,14.085221899999999],[123.00039910000001,14.0850066],[123.0006134,14.084845599999998],[123.00100969999998,14.084163499999997],[123.00125689999999,14.0839778],[123.00159580000002,14.083881999999997],[123.0017961,14.083666799999998],[123.00203240000002,14.083065199999998],[123.0021246,14.082250600000002],[123.0022054,14.082028099999997],[123.00234029999999,14.0817805],[123.00250379999999,14.081704499999999],[123.0027422,14.0817625],[123.0028586,14.081842100000001],[123.0028892,14.082020899999996],[123.0029236,14.083287599999998],[123.00273230000002,14.0839427],[123.00253140000001,14.084408499999999],[123.0025437,14.0846836],[123.0026195,14.0850277],[123.00277650000001,14.0851979],[123.00299180000002,14.0852298],[123.0032919,14.085451299999999],[123.00340710000002,14.085708899999997],[123.0034673,14.086518299999998],[123.0035609,14.0867051],[123.0039534,14.086888300000002],[123.00446649999999,14.0868545],[123.00480830000001,14.0867407],[123.0055299,14.0866952],[123.00584030000002,14.0867768],[123.00613440000001,14.0870878],[123.0061834,14.0873988],[123.0059926,14.087845799999998],[123.00593150000002,14.0881176],[123.0059422,14.0885597],[123.00598740000001,14.0886667],[123.006355,14.089121299999999],[123.00738450000001,14.089862900000002],[123.0079482,14.0903652],[123.00852910000002,14.091477700000002],[123.00877910000001,14.0916642],[123.009235,14.0916786],[123.0096321,14.091377099999997],[123.00979770000001,14.091158899999998],[123.0096016,14.091027300000002],[123.0093688,14.090764199999999],[123.0093075,14.0905847],[123.009381,14.090393300000002],[123.00950360000002,14.090309599999998],[123.0095526,14.09019],[123.00933200000001,14.089866999999996],[123.0091849,14.089783299999997],[123.00908690000001,14.089663699999996],[123.00908690000001,14.089568000000002],[123.0093442,14.0893168],[123.0093442,14.089053600000002],[123.00919709999998,14.0889101],[123.00906230000001,14.0888623],[123.00891530000001,14.0887426],[123.00890299999999,14.088587100000002],[123.00895199999998,14.088443600000002],[123.00922160000002,14.0881804],[123.00929510000002,14.088072799999999],[123.0092968,14.087929],[123.00911239999999,14.087772800000002],[123.00887689999999,14.0877393],[123.0084873,14.0875629],[123.00831469999999,14.087402999999997],[123.00794710000001,14.086780999999998],[123.007898,14.086553699999998],[123.00753040000001,14.086230799999997],[123.0072608,14.0860872],[123.0067093,14.085931700000001],[123.0066113,14.085764300000001],[123.0065867,14.085560899999999],[123.00685440000001,14.085359099999998],[123.00779989999998,14.084328800000002],[123.0079338,14.083983499999999],[123.0081492,14.083808500000002],[123.00919690000002,14.083335999999997],[123.00957680000002,14.082869500000001],[123.0095083,14.082339699999997],[123.00923870000001,14.0816698],[123.00892010000001,14.080999999999998],[123.00850340000001,14.0806651],[123.0083073,14.0802344],[123.00828280000002,14.079971299999999],[123.0084789,14.0797799],[123.0083808,14.0793971],[123.00825830000001,14.079253599999994],[123.00825820000001,14.0786316],[123.00818470000002,14.078177],[123.00804939999999,14.077584199999997],[123.0079577,14.07745],[123.007817,14.077064599999998],[123.0077435,14.076550300000001],[123.00784449999999,14.076435299999998],[123.0082827,14.0765503],[123.0087555,14.0765671],[123.0090424,14.076287100000002],[123.0091761,14.0759935],[123.00912820000002,14.075676999999999],[123.00901789999999,14.075497599999997],[123.00891979999999,14.075186600000002],[123.00923840000002,14.0749713],[123.00938550000001,14.0746842],[123.00940489999999,14.074558700000003],[123.00926780000002,14.074316699999999],[123.0087286,14.074107399999999],[123.00850810000001,14.073927999999999],[123.0084897,14.073748599999998],[123.00861220000002,14.0736768],[123.0088512,14.0737366],[123.0090534,14.073826299999999],[123.0092127,14.0740177],[123.00932300000001,14.0740835],[123.00947790000001,14.074087],[123.0096048,14.0740057],[123.0096109,14.073784399999997],[123.0095251,14.0736529],[123.00905329999999,14.073288000000002],[123.0089676,14.0731505],[123.00892040000001,14.0729343],[123.00899920000002,14.0727612],[123.0090237,14.072605699999999],[123.00884200000002,14.071707999999996],[123.00892090000002,14.071507600000002],[123.00968970000001,14.070912199999999],[123.00990239999999,14.070893299999994],[123.0101122,14.0709846],[123.01022340000002,14.071084599999999],[123.01054929999998,14.0716547],[123.01083780000002,14.0720746],[123.0112162,14.072485000000002],[123.01130560000001,14.072718700000001],[123.0114657,14.072997500000001],[123.01178290000001,14.073199299999999],[123.0120299,14.0733146],[123.01233140000001,14.073525599999996],[123.0124539,14.0738886],[123.0123988,14.0740262],[123.01224070000002,14.0741177],[123.0120748,14.074121600000002],[123.01187800000001,14.074063899999997],[123.0116574,14.0740519],[123.0115226,14.0741955],[123.01141240000001,14.074446699999998],[123.01144909999998,14.074673999999998],[123.01169419999998,14.074877299999999],[123.01173100000001,14.075086599999997],[123.01171390000002,14.0754799],[123.0116601,14.0756639],[123.0113879,14.075774399999998],[123.0111551,14.0758223],[123.0110934,14.075875],[123.0111551,14.0761094],[123.0112409,14.076169199999995],[123.01136559999999,14.076410099999999],[123.01124800000001,14.076682799999999],[123.01132150000001,14.076869399999998],[123.01155679999998,14.076941200000002],[123.01204210000002,14.076840700000002],[123.01239500000001,14.076840599999997],[123.0127345,14.077076099999996],[123.0129097,14.077242499999999],[123.0128422,14.077799199999996],[123.0126451,14.078032],[123.0126451,14.0782186],[123.01252750000002,14.078419599999998],[123.0122628,14.078433899999999],[123.0119834,14.078649299999997],[123.01179220000002,14.0786206],[123.01143930000002,14.078247400000002],[123.01108629999999,14.0781469],[123.01070400000002,14.0782331],[123.0105275,14.078477099999999],[123.010454,14.078749800000002],[123.01057170000001,14.0792809],[123.01060110000002,14.079668500000002],[123.01070409999998,14.0799412],[123.01089520000001,14.080041699999999],[123.01118940000002,14.080012900000002],[123.0112923,14.079883799999998],[123.0112803,14.079331399999997],[123.0113658,14.079194800000002],[123.01174809999999,14.079180399999997],[123.0121599,14.079280799999996],[123.01250050000002,14.079743599999999],[123.01255699999999,14.0800559],[123.01255699999999,14.080658799999998],[123.01260110000001,14.080773599999999],[123.01270409999998,14.080859800000002],[123.0128952,14.080888399999997],[123.0133486,14.0808884],[123.0135373,14.081012800000002],[123.01357190000002,14.081159600000001],[123.0134565,14.0813932],[123.0134859,14.081680299999999],[123.0134565,14.081776],[123.01339769999998,14.081804699999998],[123.0130252,14.081766399999998],[123.01291730000001,14.081785599999998],[123.01283890000002,14.0818526],[123.0128095,14.082082199999997],[123.0128193,14.082244899999996],[123.0129272,14.082407599999996],[123.01343700000001,14.0824745],[123.0136541,14.082614699999999],[123.0134566,14.083163499999998],[123.013486,14.083402799999996],[123.0134468,14.0834697],[123.0132149,14.083420599999998],[123.0128464,14.083508099999998],[123.01251550000002,14.083871699999998],[123.0125449,14.084110900000002],[123.0127651,14.084270099999998],[123.01296649999999,14.084512799999999],[123.01299589999999,14.0848382],[123.0130548,14.0849721],[123.01299589999999,14.085106099999997],[123.01297640000001,14.085364499999997],[123.01312340000001,14.085527199999998],[123.01319210000001,14.085565400000002],[123.01354500000001,14.085594099999998],[123.0136136,14.0856611],[123.0136136,14.085881199999998],[123.0136921,14.0860726],[123.01402539999998,14.086196999999999],[123.01403520000001,14.0863022],[123.0136921,14.086570200000002],[123.0135058,14.0867616],[123.0135059,14.086924299999996],[123.01355489999999,14.087086900000001],[123.01385880000001,14.0873931],[123.0141529,14.0875462],[123.01433919999998,14.0875271],[123.01446669999999,14.087431399999998],[123.0145941,14.087239999999996],[123.01471170000002,14.087220799999999],[123.0150157,14.0876036],[123.01548390000002,14.0880725],[123.01553290000001,14.088227999999997],[123.0150795,14.0884911],[123.01480989999999,14.0886945],[123.01457710000001,14.088957699999998],[123.01465060000001,14.089149100000002],[123.0145832,14.0892747],[123.01497030000002,14.0896257],[123.0154971,14.089727],[123.015831,14.0894451],[123.0163059,14.089296299999999],[123.0164284,14.089439900000002],[123.01647740000001,14.089595399999997],[123.0164652,14.089858499999998],[123.0162447,14.0902652],[123.0162447,14.090408799999999],[123.016306,14.0906121],[123.0163917,14.090755599999998],[123.0163918,14.091234099999998],[123.01674719999998,14.0916049],[123.016735,14.0921671],[123.016833,14.092322599999996],[123.0172195,14.0924997],[123.01717620000001,14.092693399999998],[123.0168698,14.092801100000003],[123.016588,14.093064199999999],[123.01593859999998,14.094200599999999],[123.01546060000001,14.0947748],[123.01489690000001,14.095289200000003],[123.0147578,14.095283999999998],[123.0145788,14.095161799999998],[123.0144771,14.0950424],[123.0142594,14.094536700000003],[123.0142322,14.094233099999997],[123.01430850000001,14.092442399999998],[123.0142472,14.0920955],[123.01412460000002,14.0918921],[123.01395309999998,14.091700799999998],[123.0138953,14.091598899999997],[123.0138696,14.091430599999999],[123.01322040000001,14.091506199999998],[123.0130586,14.091692799999999],[123.0128814,14.092023399999999],[123.01270579999999,14.093659299999997],[123.01274989999999,14.0944774],[123.01264700000002,14.095037299999998],[123.01239700000002,14.095381799999998],[123.012456,14.0969894],[123.01267660000002,14.097563600000003],[123.01365030000001,14.0989265],[123.0134708,14.099286],[123.0134296,14.099690099999998],[123.0129934,14.099737899999996],[123.0127434,14.0996661],[123.0125081,14.0993934],[123.01178740000002,14.0987044],[123.01087560000002,14.0982165],[123.01000790000002,14.097929399999996],[123.0096402,14.097671099999998],[123.00940489999999,14.097541899999996],[123.0090814,14.097541900000001],[123.00903719999998,14.097398399999998],[123.0088755,14.097226099999999],[123.0075813,14.096967799999998],[123.0067577,14.096608999999997],[123.0065077,14.0965515],[123.0060978,14.096546],[123.0057864,14.096421499999996],[123.0053177,14.096324299999996],[123.0010196,14.094607499999995],[123.0003416,14.094400099999998],[122.99988000000002,14.094389],[122.9992189,14.0938391],[122.9985123,14.093540199999998],[122.9980926,14.0931997],[122.99679480000002,14.092329],[122.9966295,14.092122300000002],[122.99659840000001,14.091573399999998],[122.9970242,14.089862500000002],[122.997507,14.0880926],[122.99749010000001,14.086702699999998],[122.9975208,14.086375],[122.99736889999998,14.084921699999999],[122.9970258,14.0836298],[122.9967317,14.082864299999997],[122.9967317,14.0820987],[122.99653560000002,14.0815246],[122.9957023,14.080663299999996],[122.9941338,14.080089099999997],[122.99281029999999,14.079993399999994],[122.9900163,14.0803761],[122.98854570000002,14.080376000000001],[122.9855557,14.079514599999998],[122.9823696,14.0787967],[122.98075200000001,14.0783181],[122.98031090000002,14.078031],[122.98018710000001,14.0778928],[122.9797651,14.0777649],[122.9797651,14.078426599999998],[122.9801697,14.079211699999998],[122.9803312,14.079145199999997],[122.9810959,14.079145299999999],[122.98465160000002,14.079953999999999],[122.9888497,14.0812594],[122.9912287,14.0812085],[122.9920961,14.0809412],[122.9925863,14.0808515],[122.99295390000002,14.080941299999997],[122.9938117,14.0813599],[122.99470019999998,14.082257100000001],[122.99512910000001,14.082855199999997],[122.9956436,14.083909999999998],[122.9965077,14.084798999999999],[122.99663020000001,14.085576499999998],[122.9965689,14.086862299999998],[122.99617059999999,14.0889855],[122.99530410000001,14.091490299999998],[122.9953766,14.092040100000002],[122.9959183,14.093680399999998],[122.9965515,14.0942297],[122.99703979999998,14.09478],[122.9978502,14.0954674],[122.9996841,14.096430499999999],[123.00124660000002,14.097148199999998],[123.00265880000002,14.097475099999999],[123.003067,14.097479799999999],[123.00455560000002,14.0975967],[123.0061795,14.098493799999998],[123.00654710000002,14.098764599999999],[123.00703890000001,14.0987971],[123.00846499999999,14.098750999999996],[123.01039019999999,14.098935399999998],[123.01160229999999,14.099304200000002],[123.01231540000002,14.1001111],[123.01269569999998,14.100710399999999],[123.0129333,14.101217499999999],[123.01271939999998,14.1019552],[123.0123867,14.102692799999996],[123.01210150000001,14.103430499999998],[123.01203019999998,14.1044909],[123.01203019999998,14.106772899999998],[123.0122441,14.107717999999998],[123.0127299,14.108602699999999],[123.0128739,14.108709200000002],[123.0141574,14.110415],[123.01453770000002,14.111360099999999],[123.01427619999998,14.1119824],[123.0138246,14.1125126],[123.0135156,14.112766199999998],[123.0130711,14.1126527],[123.0128977,14.112431899999999],[123.01248170000001,14.112120699999998],[123.01178059999998,14.111855699999996],[123.01078230000002,14.111694300000002],[123.0092137,14.111659699999997],[123.00825109999998,14.1119709],[123.00700320000001,14.112431899999999],[123.00558560000002,14.113082],[123.00340239999998,14.114022399999998],[123.00285570000001,14.114299000000003],[123.00248729999998,14.1147139],[123.0024337,14.114832099999997],[123.0022306,14.114967000000002],[123.0018909,14.1154033],[123.0010137,14.116938299999997],[123.0001581,14.1189436],[122.9996114,14.119796499999998],[122.99927870000002,14.120372699999999],[122.99896650000001,14.120781899999999],[122.99896970000002,14.1208337],[122.9981616,14.1218479],[122.99642650000001,14.1233],[122.993408,14.125443600000002],[122.992481,14.126342500000002],[122.992154,14.1264614],[122.9904132,14.127541099999997],[122.9879651,14.130399199999998],[122.98573090000001,14.133118899999996],[122.98463760000001,14.1349397],[122.98388130000001,14.136393600000002],[122.9828102,14.1386813],[122.9818449,14.1412549],[122.9815834,14.143052599999999],[122.98141710000002,14.143559599999998],[122.98091790000001,14.1440206],[122.980609,14.1445507],[122.9803204,14.1453393],[122.9794443,14.146648],[122.9789145,14.146897099999997],[122.9785986,14.147293199999996],[122.97812790000002,14.1476089],[122.9777602,14.147666299999996],[122.9774218,14.1474797],[122.97714239999999,14.1472787],[122.97671580000001,14.1472356],[122.9766685,14.147446699999998],[122.9774498,14.148015000000001],[122.97793710000002,14.148268299999998],[122.9785362,14.1489776],[122.97858730000002,14.149122299999998],[122.9784461,14.149379],[122.978042,14.1494482],[122.9770913,14.1494021],[122.97568900000002,14.149125499999998],[122.9744768,14.1491486],[122.97281310000001,14.149425099999998],[122.9697946,14.150185699999998],[122.96739400000001,14.1511306],[122.9658253,14.151960299999999],[122.9654147,14.1523403],[122.9633534,14.154725800000001],[122.9622998,14.156222799999998],[122.96016850000001,14.1593581],[122.95855230000001,14.160602599999999],[122.9539413,14.162722799999997],[122.95175469999998,14.1654882],[122.94728630000002,14.171986899999998],[122.94386370000001,14.1782549],[122.9417246,14.184292299999996],[122.940869,14.188025300000001],[122.94082140000002,14.190191299999997],[122.9409653,14.191307100000001],[122.9400371,14.192622299999998],[122.937185,14.1943735],[122.93214619999999,14.196954299999996],[122.9262611,14.201890299999999],[122.9229242,14.206217],[122.92168830000001,14.210180000000001],[122.9214031,14.215387099999997],[122.9222587,14.2171382],[122.9235422,14.219073500000002],[122.92430270000001,14.2199029],[122.9247781,14.220317699999997],[122.92568130000001,14.221285299999998],[122.92568130000001,14.2219765],[122.92525350000001,14.2226216],[122.9251073,14.2226462],[122.9248732,14.223128500000001],[122.9248732,14.223773599999998],[122.9247781,14.224464699999997],[122.92430270000001,14.224833399999996],[122.9240651,14.224833399999996],[122.92373230000001,14.224602999999997],[122.9235422,14.223497100000001],[122.92243859999999,14.222254799999998],[122.92206609999998,14.222142799999999],[122.9211466,14.221753699999997],[122.92003990000002,14.221366400000003],[122.91783419999999,14.2213865],[122.91565120000001,14.221838299999996],[122.911373,14.222253000000002],[122.9077603,14.222851999999998],[122.903387,14.224280399999998],[122.89749250000001,14.227367699999999],[122.89643730000002,14.228320800000002],[122.8959238,14.228611800000003],[122.8939835,14.230236099999999],[122.8920259,14.232297899999999],[122.88875100000001,14.2356264],[122.888337,14.236202200000001],[122.8871,14.237475799999999],[122.878496,14.2483494],[122.87393850000001,14.2551048],[122.8729782,14.2559691],[122.8722682,14.2570484],[122.8715558,14.258001599999998],[122.86827579999999,14.2622171],[122.8660178,14.266017899999996],[122.8650315,14.268026599999999],[122.8650315,14.2687706],[122.86507960000002,14.2693775],[122.865175,14.269372300000002],[122.8651977,14.269341500000001],[122.86524410000001,14.269354400000001],[122.86539769999999,14.269281999999999],[122.86540040000001,14.2691178],[122.86542970000002,14.2691153],[122.8654564,14.269036700000001],[122.86554250000002,14.269036500000002],[122.86573550000001,14.269237],[122.8658165,14.269266499999999],[122.8659682,14.269435],[122.86598540000001,14.2695087],[122.86609289999998,14.2695847],[122.86610219999999,14.269734500000002],[122.86614890000001,14.269824899999998],[122.8661079,14.269870099999999],[122.8661158,14.270042499999997],[122.8660714,14.270096099999998],[122.86606970000001,14.270457799999999],[122.86611570000001,14.2705483],[122.8661171,14.270729099999999],[122.8660688,14.270819499999996],[122.8660636,14.271045500000001],[122.8659847,14.2711647],[122.8659673,14.271254599999999],[122.8656136,14.271606899999998],[122.865537,14.2717392],[122.8654223,14.271858999999997],[122.865406,14.271928000000004],[122.8651419,14.2721224],[122.865008,14.2721274],[122.86495670000001,14.272167799999997],[122.86482520000001,14.272170199999998],[122.86473250000002,14.272214500000002],[122.86408350000002,14.272214],[122.86399390000001,14.272171600000002],[122.8638125,14.2721676],[122.8637591,14.272125299999999],[122.8636308,14.2721187],[122.8635737,14.2720745],[122.8633882,14.272073800000001],[122.8633018,14.272032499999998],[122.86309280000002,14.2720102],[122.8629049,14.2719027],[122.8629004,14.271631500000002],[122.8628119,14.271495800000002],[122.86282019999999,14.271450599999996],[122.8627516,14.2713485],[122.86265480000002,14.271036200000001],[122.8625989,14.270953199999996],[122.86243340000001,14.270862599999997],[122.8624405,14.270772199999996],[122.8625305,14.270660899999996],[122.8624752,14.270593699999996],[122.86134010000002,14.2701682],[122.8613245,14.270409899999999],[122.8613716,14.270455099999998],[122.86137709999998,14.270527299999998],[122.8613326,14.2705743],[122.861198,14.270623800000001],[122.86083949999998,14.270618400000002],[122.8603835,14.2704474],[122.86019710000001,14.2703126],[122.8597736,14.2702067],[122.8596809,14.2702447],[122.85942930000002,14.270525300000001],[122.8593095,14.270589599999997],[122.85919509999998,14.2707037],[122.8588462,14.270723599999997],[122.8585558,14.2708485],[122.8581571,14.2708539],[122.8580211,14.270769599999998],[122.85793039999999,14.270758499999998],[122.85779210000001,14.270679099999999],[122.8576575,14.270662899999998],[122.857641,14.2706309],[122.8571706,14.270626799999997],[122.85689920000002,14.270707199999999],[122.8567602,14.2706236],[122.85644710000001,14.270622000000003],[122.8562966,14.2706665],[122.8556617,14.270709299999998],[122.85562350000001,14.2706561],[122.8556233,14.2705874],[122.85565679999999,14.270551099999999],[122.85574050000001,14.270542299999999],[122.855761,14.270471699999996],[122.85579539999999,14.2704518],[122.8557886,14.2702695],[122.85566430000002,14.270158600000002],[122.85553619999999,14.270118099999998],[122.85533420000002,14.2699108],[122.855251,14.269657400000002],[122.8552034,14.269369499999998],[122.85504890000001,14.269150599999998],[122.85507270000001,14.268839699999996],[122.8553936,14.268448099999999],[122.855453,14.2695307],[122.855762,14.269772599999998],[122.8564037,14.269795599999998],[122.85691470000002,14.269715],[122.8579393,14.269422399999998],[122.85879230000002,14.269277399999998],[122.85993780000001,14.269031899999998],[122.8609392,14.268746399999998],[122.86179760000002,14.268381999999999],[122.8623865,14.268078499999998],[122.8627251,14.267949599999998],[122.8626365,14.268365799999998],[122.86271729999999,14.268711499999997],[122.8630849,14.26925],[122.86335810000001,14.2694757],[122.8636889,14.269455699999998],[122.8639076,14.269342999999997],[122.86405170000002,14.269157199999999],[122.86401969999999,14.2688689],[122.8635932,14.268294500000001],[122.8635493,14.267820799999999],[122.8638738,14.2667301],[122.8642439,14.265669899999997],[122.86426600000001,14.264965499999995],[122.8641668,14.2644125],[122.8639856,14.263809200000003],[122.8639469,14.2633894],[122.8641235,14.263014699999996],[122.8643342,14.262226299999996],[122.86441300000001,14.2612729],[122.86433980000001,14.260591099999997],[122.8638875,14.260199199999999],[122.86369170000002,14.259553200000001],[122.86371940000001,14.259107599999997],[122.86367320000001,14.2582526],[122.8634282,14.257981699999995],[122.86293180000001,14.257721099999998],[122.8623734,14.257324499999998],[122.86102460000001,14.255782399999998],[122.86060390000002,14.2550778],[122.86035870000002,14.254862399999999],[122.85984369999998,14.254742400000001],[122.8591078,14.2548855],[122.85859250000001,14.255267999999997],[122.85778280000001,14.255650299999997],[122.8563231,14.256247499999999],[122.8558447,14.256342899999998],[122.8555504,14.256342699999998],[122.85483209999998,14.256115],[122.85467000000001,14.2561454],[122.85438929999998,14.256254799999999],[122.85411260000001,14.256476600000001],[122.85327880000001,14.257506600000001],[122.85266040000002,14.257964999999997],[122.85243219999998,14.258062299999999],[122.8521625,14.258115699999998],[122.85174320000002,14.2580766],[122.85163920000001,14.258013999999998],[122.85139709999999,14.257605199999999],[122.85138560000001,14.257470500000002],[122.8514204,14.2572984],[122.8515841,14.257190999999995],[122.85196790000002,14.257152],[122.8521335,14.257104199999999],[122.8524095,14.256925],[122.85260610000002,14.256745999999998],[122.8527389,14.2565549],[122.85283560000002,14.256323300000002],[122.8528958,14.255939899999998],[122.8528425,14.255720799999999],[122.85269730000002,14.255490499999997],[122.8526326,14.2554605],[122.8523841,14.255428999999998],[122.85194550000001,14.2555596],[122.85187449999998,14.255528799999999],[122.85183050000002,14.2553852],[122.8518159,14.2551009],[122.85160919999998,14.254590799999999],[122.85126929999998,14.254369600000002],[122.85097490000001,14.254253699999996],[122.8508011,14.254237299999998],[122.850465,14.254287399999997],[122.8495166,14.254730599999995],[122.8494051,14.254749399999998],[122.84905,14.2546729],[122.8483507,14.2543995],[122.8479644,14.254381299999997],[122.8473396,14.254514999999998],[122.8470997,14.254667800000002],[122.8466441,14.255110299999997],[122.84643670000001,14.2556542],[122.8463397,14.256041299999996],[122.84618170000002,14.256368200000002],[122.8457777,14.256884699999999],[122.84553180000002,14.257074300000001],[122.8453538,14.257326199999998],[122.8453667,14.257525800000002],[122.84554239999999,14.257671399999998],[122.8456779,14.2577322],[122.84597289999999,14.257771100000001],[122.8463985,14.257771399999998],[122.84660080000002,14.2578253],[122.84683519999999,14.2579627],[122.8469133,14.258166400000004],[122.8468416,14.258271199999998],[122.8466244,14.258350800000002],[122.8462668,14.2583308],[122.84610739999998,14.258366499999996],[122.84597239999998,14.258474100000003],[122.8456619,14.259238199999999],[122.84544070000001,14.259591900000002],[122.84523130000001,14.259853],[122.8449785,14.260084900000003],[122.84448719999999,14.260255399999998],[122.84432759999999,14.2605663],[122.84430290000002,14.260793499999998],[122.84441220000001,14.261126200000003],[122.8446074,14.261225699999999],[122.84571279999999,14.261428399999998],[122.8459457,14.261584099999999],[122.84612950000002,14.261931100000002],[122.8463516,14.262578499999996],[122.84643169999998,14.263153999999998],[122.84653120000002,14.263482399999996],[122.8467436,14.2639465],[122.84685649999999,14.264082200000002],[122.8470108,14.264184400000003],[122.84727620000001,14.264150399999998],[122.84744510000002,14.2640158],[122.8475618,14.2637356],[122.847614,14.263330399999996],[122.84749859999998,14.263080099999998],[122.84737489999999,14.2628944],[122.8472376,14.2627795],[122.84717879999998,14.2626455],[122.8471593,14.262435],[122.8473498,14.261741999999998],[122.8474989,14.2615069],[122.8477675,14.2612983],[122.8478803,14.261169699999998],[122.84799920000002,14.260926599999998],[122.8480116,14.260783],[122.8481654,14.260572000000002],[122.84850249999998,14.260292899999998],[122.84868590000002,14.2602203],[122.8488487,14.2602388],[122.84914059999998,14.260353499999997],[122.849324,14.260508799999998],[122.8494219,14.2607899],[122.8494219,14.2609155],[122.84950749999999,14.261286400000001],[122.8497072,14.261649],[122.8504425,14.2625466],[122.8510309,14.262941699999999],[122.851546,14.2630137],[122.85193500000001,14.2632768],[122.8522778,14.263357399999999],[122.85255990000002,14.263357599999999],[122.8527561,14.263393599999999],[122.8528909,14.2635013],[122.85290310000002,14.2636568],[122.85285400000001,14.263752499999999],[122.8526043,14.263963499999997],[122.8524753,14.264165599999995],[122.852315,14.264833799999998],[122.8523003,14.265216199999996],[122.8527345,14.2658662],[122.8537718,14.266875000000002],[122.8541164,14.267280299999998],[122.85433690000002,14.267781499999998],[122.85448369999999,14.268343799999995],[122.85447920000001,14.268408599999997],[122.8549182,14.269173699999998],[122.8548945,14.269565300000002],[122.8545261,14.269818599999997],[122.8533614,14.2711316],[122.8524107,14.2728246]],[[122.9722783,14.085756199999997],[122.9725582,14.0858241],[122.97276809999998,14.0858241],[122.973048,14.0856884],[122.97332789999999,14.085348999999999],[122.97332789999999,14.084873999999997],[122.973048,14.084398900000002],[122.9725582,14.084398899999995],[122.9722083,14.085077599999998],[122.9722783,14.085756199999997]],[[122.97262820000002,14.080191200000002],[122.97276809999998,14.080394799999999],[122.9731879,14.080326899999998],[122.97346779999998,14.080055400000003],[122.97346779999998,14.079919699999998],[122.9731879,14.0791053],[122.972908,14.0790374],[122.97262820000002,14.079105299999998],[122.9725582,14.079580399999998],[122.97262820000002,14.080191200000002]],[[122.96912969999998,14.079580399999996],[122.9692696,14.079241],[122.96905970000002,14.078833800000002],[122.9686399,14.078223],[122.96759040000002,14.077951499999998],[122.96703060000002,14.078765900000002],[122.96738049999999,14.079240999999998],[122.96815009999999,14.079851799999997],[122.9687798,14.0799197],[122.96912969999998,14.079580399999996]],[[122.9926805,14.0773968],[122.99276310000002,14.077880599999999],[122.99315530000001,14.0781438],[122.99308170000002,14.078717899999996],[122.99312089999998,14.0788089],[122.9934273,14.079157199999997],[122.9936209,14.0792443],[122.99397439999998,14.0793052],[122.9942826,14.079124700000001],[122.99433169999999,14.078585700000001],[122.993964,14.078024199999998],[122.99401309999999,14.0777132],[122.9942337,14.077330399999997],[122.9942337,14.077043300000001],[122.9941847,14.076684500000002],[122.9940009,14.076529],[122.99360950000002,14.076438300000001],[122.9933191,14.076529],[122.99293470000002,14.0769715],[122.9926805,14.0773968]],[[122.9789954,14.0765942],[122.97808530000002,14.075774399999998],[122.9781049,14.076057399999996],[122.9792275,14.077108799999998],[122.9789954,14.0765942]],[[122.9916604,14.073382999999998],[122.9916236,14.073634199999999],[122.99170380000001,14.0740147],[122.99224860000001,14.074603099999997],[122.9925672,14.074603100000001],[122.9928176,14.074447499999998],[122.9930819,14.0740768],[122.99300830000001,14.073502599999996],[122.9928123,14.0731916],[122.9922976,14.0729763],[122.99195450000002,14.0730002],[122.9916604,14.073382999999998]],[[122.9901525,14.073061],[122.9906311,14.072760899999997],[122.99075359999999,14.072402099999998],[122.9907537,14.0719954],[122.9906311,14.071516899999999],[122.99045960000001,14.0712777],[122.99009200000002,14.071253699999998],[122.98977340000002,14.071325500000002],[122.98950379999998,14.0716843],[122.98950370000001,14.072402],[122.9896017,14.072904399999997],[122.9899203,14.073095799999999],[122.9901525,14.073061]],[[122.98987149999999,14.0693877],[122.9897244,14.0697226],[122.98974889999998,14.070153299999998],[122.9899695,14.070464299999998],[122.99031260000001,14.0706078],[122.99059780000002,14.070520799999999],[122.9908272,14.0702968],[122.99090080000002,14.0698901],[122.9908518,14.0695552],[122.99065570000002,14.069268099999999],[122.99016560000001,14.069220299999998],[122.98987149999999,14.0693877]],[[122.99420749999999,14.065810099999998],[122.9942462,14.066293800000002],[122.99433200000001,14.066517099999997],[122.99455250000001,14.066947699999997],[122.9946015,14.067139100000002],[122.9948465,14.0674728],[122.994901,14.0675124],[122.99532900000001,14.0675001],[122.9956063,14.067378300000001],[122.99609650000001,14.066540999999996],[122.99643960000002,14.06623],[122.99680719999999,14.0660865],[122.99727289999998,14.066062599999999],[122.9974149,14.0659794],[122.9975008,14.065791499999998],[122.99751790000002,14.065643899999998],[122.99751790000002,14.065009900000002],[122.99741989999998,14.0647946],[122.9973044,14.064639499999998],[122.9972865,14.0643871],[122.9974935,14.063909499999998],[122.99768959999999,14.0637177],[122.9977211,14.0636049],[122.9975425,14.063311400000002],[122.9972275,14.063167800000002],[122.99675140000001,14.063167799999997],[122.996491,14.063221600000002],[122.99541029999999,14.063694099999998],[122.99522730000001,14.063905299999997],[122.99506020000001,14.064488499999998],[122.9949937,14.064591199999999],[122.9946751,14.064842399999996],[122.9944674,14.0649314],[122.9942663,14.065293400000002],[122.99420749999999,14.065810099999998]],[[122.99320470000002,14.0654405],[122.99327820000002,14.0652969],[122.99320840000001,14.065024299999997],[122.9928248,14.064459599999998],[122.9927391,14.064005099999996],[122.99278810000001,14.063191699999999],[122.9927461,14.062744500000003],[122.9926166,14.062545699999998],[122.99210190000001,14.0624979],[122.99194,14.062603200000002],[122.991722,14.063060100000001],[122.99153820000001,14.0639572],[122.99163620000002,14.064363900000002],[122.9918059,14.0646123],[122.9924537,14.0653053],[122.99278110000002,14.065529099999997],[122.99320470000002,14.0654405]]],[[[122.3797915,14.27129],[122.37998750000001,14.2717391],[122.38026680000002,14.272113399999999],[122.3803678,14.2723092],[122.3798865,14.271641200000001],[122.3797915,14.271405100000003],[122.3796726,14.271249699999998],[122.3797261,14.271220899999998],[122.3797915,14.27129]]],[[[122.3790309,14.27],[122.37925300000002,14.270527899999998],[122.3794171,14.270708300000003],[122.3796132,14.2710251],[122.37926860000002,14.270702599999998],[122.3789358,14.270000000000001],[122.3790309,14.27]]],[[[122.80039769999999,14.270152099999995],[122.8003798,14.270261500000002],[122.80014809999999,14.2702558],[122.8000649,14.270186699999998],[122.79959549999998,14.270238499999998],[122.7994707,14.270226999999998],[122.79927460000002,14.2700485],[122.79891460000002,14.269871899999998],[122.79868030000002,14.269791499999998],[122.798423,14.269528099999999],[122.7981171,14.2687384],[122.79799449999999,14.268654599999998],[122.79782280000002,14.268654399999999],[122.797504,14.268582399999998],[122.79744270000002,14.2685106],[122.797492,14.268247499999998],[122.79763929999999,14.2681519],[122.7979091,14.268140199999998],[122.79857119999998,14.2684158],[122.7988655,14.268440000000002],[122.799074,14.268404300000002],[122.7993072,14.268261000000003],[122.7994054,14.268117499999999],[122.79941789999998,14.267914200000002],[122.79949160000001,14.267770699999998],[122.7996388,14.267758899999999],[122.7999085,14.2678907],[122.8003253,14.2680106],[122.800681,14.268010899999998],[122.801,14.267939399999998],[122.80126990000001,14.267784199999998],[122.80152969999999,14.267420199999998],[122.8017845,14.266907],[122.8018193,14.266731200000002],[122.80161820000001,14.2664537],[122.80136760000002,14.2664099],[122.80120209999998,14.266337999999998],[122.80119600000002,14.266236300000001],[122.8012513,14.2661466],[122.8016159,14.265978699999996],[122.80195990000001,14.2657359],[122.8022306,14.2654258],[122.80242970000002,14.265016900000003],[122.8024962,14.2646796],[122.80252900000002,14.263577],[122.80268890000002,14.263134499999998],[122.80262869999999,14.261806799999999],[122.80287469999999,14.2610056],[122.8031205,14.260395700000004],[122.8032558,14.2599772],[122.80339379999998,14.259788599999998],[122.8035068,14.2594622],[122.80346690000002,14.2592424],[122.80333090000002,14.259109000000002],[122.80315879999999,14.259061899999997],[122.80235389999999,14.259100900000002],[122.8017062,14.259310900000001],[122.8014609,14.259291500000002],[122.80133340000002,14.259214900000002],[122.80077470000002,14.2586402],[122.80056879999998,14.258525200000001],[122.8003529,14.258505900000001],[122.79995039999999,14.2587735],[122.79954769999999,14.259299499999997],[122.79941029999999,14.259404599999998],[122.7992916,14.259447100000001],[122.7989485,14.2594006],[122.79825270000002,14.2592218],[122.798076,14.2592536],[122.7978368,14.259416399999996],[122.7976932,14.2595563],[122.7975361,14.259632699999997],[122.7973596,14.259575099999998],[122.7972125,14.2594698],[122.7970457,14.25946],[122.79678930000001,14.259578099999997],[122.7964903,14.259514999999999],[122.796271,14.2593333],[122.79624510000001,14.259183599999998],[122.7963094,14.258890499999998],[122.79627920000001,14.2587426],[122.7961047,14.258521500000002],[122.79587910000001,14.2584064],[122.795889,14.258291599999998],[122.79604610000001,14.258167400000001],[122.79620309999999,14.2581292],[122.79631110000001,14.258052799999996],[122.7963505,14.257957099999997],[122.7965722,14.257684899999997],[122.79672210000001,14.257641199999998],[122.79700439999999,14.257670000000001],[122.7972031,14.2576199],[122.7973357,14.257498000000002],[122.79744510000002,14.257234800000003],[122.7974682,14.257111899999998],[122.79738760000001,14.256974099999999],[122.79696099999998,14.256787199999998],[122.79676200000002,14.256731499999999],[122.79640919999999,14.256779499999999],[122.79611459999998,14.256973099999998],[122.7959086,14.257044699999996],[122.7956878,14.2570732],[122.7953862,14.256915],[122.7952023,14.256843099999998],[122.7951026,14.256834200000002],[122.7948132,14.2568962],[122.79450729999999,14.2570267],[122.79440490000002,14.2569567],[122.79421180000001,14.256687899999998],[122.79405069999999,14.2565687],[122.7938997,14.2565686],[122.79354479999999,14.256731599999998],[122.79349329999998,14.2567316],[122.79338300000002,14.256674100000003],[122.79320670000001,14.256365300000004],[122.7930523,14.2562073],[122.79236090000002,14.255912400000001],[122.79210350000001,14.255768699999997],[122.7913752,14.255595799999996],[122.7907941,14.2554087],[122.7907058,14.255308099999999],[122.79067650000002,14.255222],[122.7907281,14.255071299999996],[122.7910301,14.2547702],[122.7911112,14.254597999999996],[122.79111910000002,14.2540023],[122.7911562,14.2536722],[122.79134380000002,14.253406499999999],[122.7916992,14.253267899999999],[122.79182329999999,14.253159099999998],[122.7919368,14.252973899999999],[122.79192230000001,14.2527895],[122.7918672,14.252649499999999],[122.7916871,14.252462799999996],[122.7916617,14.2521219],[122.79162500000001,14.2519532],[122.79154430000001,14.251780899999996],[122.7914633,14.2517449],[122.79133459999998,14.251751999999998],[122.79118000000001,14.2518272],[122.79076770000002,14.2520816],[122.7906503,14.252224000000002],[122.79056499999999,14.2524148],[122.7905582,14.2526714],[122.7905752,14.252807699999998],[122.7907221,14.253070999999998],[122.7907319,14.253138],[122.79071209999998,14.253315],[122.79057690000002,14.25359],[122.79048970000001,14.253669999999998],[122.7903831,14.253698],[122.7902924,14.253661499999996],[122.790187,14.253570499999999],[122.79008580000001,14.253543400000002],[122.78996130000002,14.253587100000003],[122.7898876,14.2536923],[122.78987100000002,14.253904299999999],[122.79006510000002,14.2542294],[122.7901371,14.2544532],[122.7901418,14.254733099999997],[122.79009240000002,14.2547968],[122.7898528,14.2547651],[122.7897101,14.254663399999998],[122.78954349999998,14.254476599999997],[122.7893719,14.2543712],[122.7892297,14.254299300000001],[122.78903820000001,14.254285599999998],[122.7887244,14.254399399999997],[122.7884889,14.2544422],[122.78810120000001,14.2545663],[122.7875467,14.2547954],[122.78703210000002,14.255107499999996],[122.7865706,14.255575999999998],[122.7865106,14.2556654],[122.7864231,14.2559347],[122.7864229,14.2560734],[122.78652090000001,14.256255299999998],[122.78665810000001,14.256360699999998],[122.78668260000002,14.256528899999998],[122.78617650000001,14.2572885],[122.7857969,14.257749999999996],[122.78557230000001,14.258120400000001],[122.7855183,14.2582639],[122.78531210000001,14.258435999999998],[122.78490000000001,14.258454799999999],[122.78459780000001,14.2583411],[122.78445380000001,14.258186399999998],[122.78439019999999,14.258061999999997],[122.7843415,14.2576792],[122.7844353,14.2573315],[122.7843817,14.256626599999999],[122.7845194,14.256301399999998],[122.7845196,14.2560908],[122.78448050000002,14.255928099999998],[122.78420600000001,14.255717399999996],[122.7840786,14.255564099999999],[122.7840395,14.255391899999998],[122.7841082,14.2550708],[122.7840459,14.254918500000002],[122.7838392,14.2548457],[122.78367700000001,14.254836499999998],[122.78327859999999,14.254959600000001],[122.78233680000001,14.254922899999999],[122.78208650000002,14.2550446],[122.7819024,14.255188000000002],[122.7817987,14.255891199999999],[122.78144489999998,14.256529699999998],[122.78121650000001,14.256795],[122.7808189,14.257024299999994],[122.78064199999999,14.257166799999997],[122.78059480000002,14.257266600000001],[122.78056160000001,14.257488600000002],[122.7806046,14.257971400000002],[122.7805823,14.258179500000002],[122.78050130000001,14.258236899999998],[122.78036719999999,14.258268199999998],[122.78027710000002,14.258224199999999],[122.78007490000002,14.257834599999997],[122.779928,14.257647899999998],[122.7798767,14.257432499999998],[122.7798768,14.257274600000004],[122.77981080000002,14.2570521],[122.77968580000001,14.2569299],[122.77950199999998,14.2568508],[122.7792738,14.256865],[122.7789827,14.2570446],[122.77855260000001,14.257022199999998],[122.7782876,14.257057799999997],[122.77804460000002,14.257287299999998],[122.77789,14.2573661],[122.77757339999998,14.257487799999998],[122.7771934,14.257573299999999],[122.77702600000002,14.2576659],[122.7769618,14.257717000000001],[122.7768482,14.257961999999997],[122.77670530000002,14.258150299999997],[122.7766089,14.2581666],[122.7765261,14.258144099999999],[122.7761829,14.257892599999998],[122.77539840000001,14.257544999999997],[122.7752882,14.2574013],[122.77521480000001,14.2572218],[122.7751877,14.257027200000001],[122.77506000000001,14.256734099999997],[122.77481490000001,14.256494599999996],[122.7743771,14.256476199999998],[122.77396519999999,14.256382499999999],[122.7735459,14.2562242],[122.7729502,14.2558863],[122.7724137,14.255268599999999],[122.7722257,14.254862299999997],[122.7721875,14.254575499999998],[122.77229050000001,14.2543113],[122.7728208,14.253862099999997],[122.77318399999999,14.253680600000001],[122.7734196,14.2535086],[122.77338049999999,14.253345899999998],[122.7732138,14.253230900000002],[122.7729294,14.253134899999997],[122.7727766,14.253122299999998],[122.7723947,14.2532014],[122.77221309999999,14.2532969],[122.7719381,14.253554999999999],[122.7717023,14.253851399999997],[122.77149699999998,14.254407099999998],[122.7702682,14.255553399999998],[122.76987679999999,14.256592799999998],[122.76990569999998,14.2570665],[122.7696993,14.257482599999998],[122.76947830000002,14.257712000000001],[122.7694485,14.258027800000002],[122.7694708,14.258403999999999],[122.7693299,14.2586942],[122.76890080000001,14.258950099999996],[122.76840570000002,14.258918099999997],[122.7683067,14.258790199999996],[122.7680426,14.258566199999999],[122.7674815,14.2584063],[122.7669204,14.258310300000002],[122.7667476,14.258477799999998],[122.7660622,14.258694200000003],[122.7658641,14.258854099999999],[122.7656991,14.259237999999996],[122.765336,14.259589899999996],[122.76502410000002,14.2597663],[122.76449469999999,14.259519799999998],[122.76349329999998,14.2592955],[122.7631479,14.259354599999998],[122.7629667,14.259450499999998],[122.7627313,14.259450199999996],[122.7621584,14.259064299999999],[122.76165580000001,14.258984299999998],[122.7610184,14.2587085],[122.75993990000002,14.2579778],[122.7594989,14.257522800000004],[122.7588621,14.256637],[122.75817340000002,14.2558037],[122.75817340000002,14.254759299999998],[122.75807440000001,14.254599399999998],[122.75731530000002,14.2545674],[122.75700729999998,14.254473100000002],[122.7569603,14.254420099999999],[122.75694120000001,14.253941599999997],[122.75764909999998,14.2524878],[122.7577482,14.251626699999997],[122.7577134,14.251399200000002],[122.75738650000001,14.250739099999997],[122.7572993,14.2497406],[122.7573963,14.249309199999999],[122.75766730000001,14.249109099999997],[122.75820520000002,14.248963599999998],[122.75975279999999,14.249365400000002],[122.7610424,14.249521499999998],[122.7611912,14.2495695],[122.76140820000002,14.2497047],[122.7617052,14.249960600000001],[122.76213430000001,14.2500886],[122.76256339999999,14.250088599999998],[122.76302549999998,14.249896599999996],[122.7632896,14.249736699999996],[122.7635536,14.249512700000002],[122.76381770000002,14.2491288],[122.7640157,14.249032899999998],[122.76467589999999,14.248520999999998],[122.765006,14.247849199999996],[122.765006,14.247529199999999],[122.765072,14.247273299999998],[122.7654499,14.2472413],[122.7655007,14.247350599999999],[122.76586490000001,14.247621899999999],[122.76624740000001,14.2477227],[122.7666006,14.2477231],[122.7670276,14.2474651],[122.76743970000001,14.247465499999999],[122.7677192,14.2475376],[122.76799860000001,14.247753099999997],[122.7682191,14.248011699999996],[122.7684728,14.248754399999997],[122.7686736,14.2490563],[122.768939,14.2491894],[122.76918910000002,14.249175299999996],[122.7693806,14.2490033],[122.76939560000001,14.248773599999998],[122.76952820000001,14.248601499999996],[122.7697489,14.248601699999996],[122.76994019999998,14.248644999999998],[122.7701607,14.2488748],[122.77042550000002,14.2489612],[122.77069040000002,14.2489615],[122.7708228,14.249004600000001],[122.7708369,14.2496219],[122.7710939,14.250167599999997],[122.7713806,14.250454899999998],[122.7715127,14.2507134],[122.7715273,14.250871299999998],[122.7717772,14.2511299],[122.77196850000001,14.2512019],[122.7722482,14.251072900000002],[122.7723125,14.250979099999999],[122.77221370000001,14.250330299999996],[122.7722859,14.250166299999997],[122.77254360000002,14.250011000000002],[122.77306570000002,14.249818200000002],[122.7733458,14.249846699999999],[122.77350020000002,14.2499258],[122.77369130000001,14.250170000000002],[122.7740443,14.2503857],[122.77491210000001,14.250788400000001],[122.7752947,14.250831799999997],[122.77561839999998,14.250918199999997],[122.77614790000001,14.251177099999998],[122.77648630000002,14.251234799999999],[122.7766626,14.251507700000001],[122.77667720000001,14.25168],[122.7765592,14.251995700000002],[122.77638220000001,14.252318400000002],[122.776341,14.252561200000002],[122.77644250000002,14.252921199999996],[122.77694450000001,14.253759],[122.7771528,14.2539267],[122.7777415,14.253951099999998],[122.77849440000001,14.2536804],[122.7788597,14.2536187],[122.7791521,14.2536414],[122.7796379,14.253812499999997],[122.7800469,14.2540848],[122.7806487,14.2543534],[122.78098820000001,14.254355900000002],[122.7812658,14.254235500000002],[122.7813739,14.2540633],[122.7813839,14.2539389],[122.7813351,14.253651800000002],[122.7807277,14.252703900000002],[122.7807573,14.2525604],[122.78088490000002,14.2524935],[122.7811008,14.252455499999998],[122.7813556,14.2526758],[122.78177750000002,14.252676199999998],[122.78194430000002,14.2527242],[122.78198339999999,14.252819899999999],[122.78178710000002,14.2529346],[122.7816692,14.2530876],[122.78164940000002,14.253269299999996],[122.7817769,14.253345999999997],[122.7819437,14.2533366],[122.7822873,14.253040299999999],[122.7824935,14.252944799999998],[122.78257209999998,14.252801299999998],[122.7826409,14.252619599999997],[122.78269029999998,14.252246399999999],[122.78278860000002,14.252131699999996],[122.78291640000002,14.2518543],[122.7829561,14.251347099999998],[122.78307420000002,14.251002799999998],[122.7832607,14.2508403],[122.7834962,14.2508309],[122.78361379999998,14.250897999999998],[122.7837707,14.251051200000001],[122.7841237,14.2512142],[122.7841923,14.2512717],[122.7842707,14.251377000000002],[122.78426050000002,14.251759799999999],[122.78432900000001,14.252018200000002],[122.7845641,14.252401199999998],[122.7847089,14.2525548],[122.7848885,14.252584199999998],[122.7851109,14.252373799999999],[122.78546700000001,14.251811899999998],[122.78566340000002,14.2516446],[122.7858107,14.251465399999999],[122.7858478,14.2511903],[122.78581130000002,14.2508673],[122.78565210000001,14.250580099999997],[122.7854806,14.250448300000002],[122.785174,14.250412200000001],[122.78480609999998,14.2504214],[122.7846517,14.250263399999998],[122.7846225,14.250069599999998],[122.7850944,14.249036499999999],[122.7854579,14.248468699999998],[122.78553170000002,14.248307300000002],[122.7855622,14.247982999999998],[122.7856894,14.2478422],[122.7861884,14.2475782],[122.7863971,14.247387000000002],[122.78647690000001,14.247243599999997],[122.7865385,14.2470044],[122.7866858,14.246837099999999],[122.78686980000002,14.246765499999999],[122.7870782,14.246825499999996],[122.78724369999999,14.246975099999998],[122.7876011,14.2470059],[122.78785870000002,14.246922399999999],[122.78819000000001,14.246731399999998],[122.7884602,14.246289000000003],[122.78850980000001,14.246019699999998],[122.7888455,14.2458976],[122.78918130000001,14.245851099999998],[122.7892822,14.2459309],[122.78950289999999,14.245943100000002],[122.78967480000001,14.245739899999998],[122.78973630000002,14.2455605],[122.79015340000001,14.244950699999999],[122.79036270000002,14.2444367],[122.7906555,14.244129400000002],[122.79097630000001,14.243934800000002],[122.7913689,14.243785699999998],[122.79154060000002,14.243779799999999],[122.79166310000001,14.243863699999999],[122.79176110000002,14.2440551],[122.7917842,14.244392099999999],[122.7918541,14.2445982],[122.7919761,14.244674299999998],[122.7922947,14.244643999999997],[122.79273930000001,14.2442932],[122.7929516,14.2442871],[122.7932762,14.2444958],[122.79345279999998,14.244467299999998],[122.7936983,14.244256999999998],[122.79379650000001,14.244142199999999],[122.7939635,14.2438362],[122.7942032,14.243612599999999],[122.79438760000001,14.2435668],[122.7948173,14.243540299999998],[122.79497930000001,14.2434734],[122.79531770000001,14.243223599999997],[122.79558770000001,14.2431976],[122.79572990000001,14.243359200000002],[122.79569050000002,14.243483599999998],[122.79539590000002,14.243808699999999],[122.7951701,14.2439712],[122.7948461,14.2443058],[122.7948165,14.244497199999998],[122.79490460000001,14.244669499999995],[122.7952294,14.2447818],[122.7956874,14.2447739],[122.79603800000001,14.244870699999996],[122.7960622,14.244937099999998],[122.79602840000001,14.245200099999998],[122.79592030000002,14.245439099999999],[122.79579380000001,14.245554299999998],[122.7949059,14.245852100000002],[122.79468559999998,14.246147899999999],[122.79461670000002,14.2464445],[122.79444979999998,14.246568699999997],[122.794175,14.246683300000003],[122.79396900000002,14.246805400000001],[122.7937187,14.247009399999996],[122.7936083,14.247213600000002],[122.79355950000001,14.2474529],[122.7936241,14.248319199999996],[122.79378090000002,14.248539400000002],[122.79378069999999,14.2487595],[122.79371190000002,14.248912499999996],[122.79351560000002,14.248998499999999],[122.7932212,14.249017399999998],[122.79305430000001,14.2491416],[122.79297570000001,14.249323399999996],[122.79294599999999,14.249581699999997],[122.79294569999999,14.2499071],[122.79325920000001,14.2504432],[122.7935533,14.250663499999998],[122.7938181,14.2507499],[122.7942596,14.2508077],[122.794652,14.250808000000001],[122.79492700000002,14.2507767],[122.7952212,14.2505884],[122.7954249,14.2505237],[122.79558619999999,14.250519299999999],[122.7957445,14.2505681],[122.7958609,14.2506639],[122.7963091,14.2508944],[122.79643080000001,14.2509993],[122.79656549999999,14.2512387],[122.7967616,14.2514422],[122.7970121,14.2518622],[122.79704850000002,14.2521933],[122.7969814,14.252477599999999],[122.79698120000002,14.252707300000003],[122.7971523,14.2533085],[122.79715200000001,14.253735999999998],[122.7972959,14.253861899999999],[122.79744310000001,14.2538799],[122.79794,14.253563400000003],[122.79807510000002,14.253366099999996],[122.79821650000001,14.252989400000002],[122.798327,14.252798200000003],[122.7985971,14.2525233],[122.79870770000001,14.252224299999998],[122.7987018,14.252002999999998],[122.7986529,14.251817599999999],[122.7985151,14.251605199999998],[122.7985161,14.251494100000002],[122.7985674,14.251428800000001],[122.7986962,14.251392999999998],[122.79909470000001,14.251501],[122.79927860000001,14.251483200000001],[122.79942590000002,14.251321800000001],[122.7994813,14.251094600000002],[122.7997571,14.250889099999997],[122.7999046,14.250843799999998],[122.8015037,14.250584999999997],[122.8016232,14.250538399999998],[122.8019567,14.2502395],[122.8023167,14.2500731],[122.8025156,14.2498938],[122.8028104,14.2492482],[122.8031347,14.248717299999997],[122.80325239999999,14.248645700000003],[122.80331869999999,14.248645700000003],[122.8035245,14.248889900000002],[122.8036348,14.248933099999999],[122.8037599,14.2489332],[122.80389960000001,14.249012199999996],[122.803951,14.2491845],[122.8039213,14.249485899999998],[122.80380329999998,14.249808799999997],[122.803597,14.250110000000001],[122.8029858,14.250647799999998],[122.8025955,14.2510853],[122.80220830000002,14.2514076],[122.8021857,14.2514802],[122.8022496,14.251617299999998],[122.8023522,14.2516305],[122.8024698,14.251716700000001],[122.8024918,14.251838699999999],[122.80244020000002,14.2519822],[122.8022117,14.2523552],[122.802241,14.2525562],[122.8024469,14.252728599999996],[122.80263820000002,14.252757499999996],[122.80288109999998,14.2526572],[122.8036617,14.251854100000001],[122.80382360000002,14.2518327],[122.80399280000002,14.251940499999998],[122.8040514,14.2522061],[122.80405080000001,14.252866299999997],[122.8038961,14.2531461],[122.8038151,14.253203399999997],[122.80370750000002,14.253224],[122.80360590000001,14.253305299999997],[122.80363880000002,14.2533683],[122.8037353,14.253439],[122.80394460000001,14.253463900000002],[122.80417170000001,14.253733999999998],[122.8044042,14.253805199999997],[122.804582,14.2537934],[122.80469860000001,14.2537456],[122.80486440000001,14.253452699999999],[122.80495660000001,14.253177700000002],[122.8049629,14.252992299999997],[122.8049201,14.252638799999998],[122.80480959999998,14.252210099999997],[122.80461069999998,14.251838299999998],[122.8044492,14.251386],[122.8044053,14.251141999999996],[122.8044349,14.250912299999998],[122.80457489999999,14.250725899999999],[122.80484,14.250489200000002],[122.8050461,14.250367399999998],[122.8052376,14.2501881],[122.8053337,14.2496428],[122.8053265,14.249377199999998],[122.8051845,14.249088599999999],[122.80506210000001,14.248920999999996],[122.80501320000002,14.248669799999998],[122.80508700000001,14.248454599999999],[122.80551640000002,14.2481918],[122.80565140000002,14.248060299999997],[122.80574970000002,14.247868999999998],[122.8058112,14.247617899999998],[122.8057991,14.247522200000002],[122.80566430000002,14.2474024],[122.8054926,14.247378399999999],[122.80539450000002,14.247330400000001],[122.80532119999998,14.247019399999997],[122.80517409999999,14.246947499999997],[122.80507599999999,14.246947399999998],[122.804978,14.246863599999998],[122.80496589999998,14.246684199999997],[122.80502800000001,14.245715299999999],[122.8048814,14.2451172],[122.8046977,14.244818],[122.80440360000001,14.244566499999998],[122.8042444,14.244267399999998],[122.80413449999999,14.2437649],[122.80413480000001,14.2434419],[122.8043435,14.243083299999999],[122.8048247,14.242589699999998],[122.804776,14.242158999999997],[122.8046291,14.241907700000002],[122.8043839,14.241775899999997],[122.80406520000001,14.241667999999997],[122.80368500000002,14.2416916],[122.80343960000002,14.2418349],[122.803194,14.2421816],[122.8032189,14.241751000000004],[122.8033666,14.241212899999999],[122.8033422,14.2410335],[122.8032319,14.2409616],[122.803134,14.2406984],[122.8031221,14.240339500000001],[122.8034044,14.239945],[122.80373570000002,14.239789799999999],[122.80417709999999,14.239837999999999],[122.8044713,14.2399818],[122.8055013,14.2401262],[122.8062981,14.2404258],[122.80678010000001,14.240647000000001],[122.8069722,14.240825499999998],[122.80722620000002,14.241341499999999],[122.80731029999998,14.241689],[122.80733910000001,14.2419936],[122.8072895,14.242627500000001],[122.8070314,14.243356999999996],[122.80674650000002,14.2438056],[122.807151,14.244066399999998],[122.8072979,14.244281799999998],[122.807359,14.2445809],[122.80733430000001,14.244820099999998],[122.8067205,14.2454775],[122.806524,14.2459199],[122.8064868,14.246398300000003],[122.80655990000001,14.246888799999997],[122.80711019999998,14.247500899999997],[122.8076248,14.2479678],[122.8079938,14.248133099999999],[122.8082636,14.248217099999996],[122.8084964,14.2484206],[122.80856979999999,14.248683799999998],[122.8086305,14.249389599999999],[122.80874049999998,14.249856199999998],[122.8087034,14.250179099999997],[122.80850700000002,14.250442099999999],[122.80763570000002,14.2510275],[122.80729229999999,14.251336499999999],[122.8072031,14.251532499999998],[122.80716800000002,14.251787899999998],[122.8072907,14.2522656],[122.8072891,14.252399199999997],[122.80716689999998,14.252731100000002],[122.80698740000001,14.253055000000002],[122.806921,14.2532703],[122.806965,14.2534354],[122.8071661,14.2536765],[122.8073011,14.253739099999999],[122.8073842,14.253744299999997],[122.80763450000002,14.253543599999999],[122.8082308,14.253292900000002],[122.8084074,14.253278699999997],[122.80862070000002,14.2533075],[122.8087164,14.2532502],[122.80893040000001,14.252582899999998],[122.80901139999999,14.252489699999998],[122.80918810000001,14.252425200000003],[122.8092764,14.252425299999997],[122.8094087,14.25249],[122.80942329999999,14.252640699999997],[122.8095336,14.252726900000004],[122.80971760000001,14.252770099999998],[122.80980580000002,14.2528563],[122.80981300000002,14.2530214],[122.8097099,14.253179199999998],[122.8094079,14.253458899999998],[122.80929,14.253652600000002],[122.8092383,14.2538822],[122.809172,14.2540328],[122.8089066,14.2542873],[122.8088849,14.254492599999999],[122.8089683,14.254723599999998],[122.8091429,14.254779699999998],[122.809376,14.254696100000002],[122.8097196,14.254427299999996],[122.8098731,14.254236000000002],[122.80994680000002,14.254056699999998],[122.80997770000002,14.2537756],[122.81008189999999,14.253763699999997],[122.8102414,14.2536861],[122.81036420000001,14.253560600000002],[122.8104993,14.253249700000001],[122.8106651,14.252962800000002],[122.81081240000002,14.252801399999996],[122.8109412,14.252801499999999],[122.8110454,14.252867399999998],[122.81105750000002,14.253034799999998],[122.8109102,14.2531663],[122.8108059,14.253309799999998],[122.81080580000001,14.2534353],[122.81087310000001,14.2536268],[122.811167,14.254051600000002],[122.81118530000002,14.2541713],[122.8111117,14.254248999999998],[122.8106824,14.254302499999998],[122.81045540000001,14.254439799999998],[122.81025290000001,14.254637],[122.8102344,14.254798500000001],[122.8103017,14.2549301],[122.810412,14.255031899999999],[122.81055920000001,14.255043999999998],[122.81069410000002,14.2549424],[122.81090270000001,14.254906699999998],[122.81093309999999,14.2551758],[122.81086550000002,14.255301399999999],[122.81069990000002,14.2554388],[122.8104177,14.2555522],[122.8102888,14.255677699999998],[122.81020870000002,14.2561501],[122.81013499999999,14.256353400000002],[122.8100551,14.256478900000001],[122.80997539999998,14.256496799999997],[122.80987730000001,14.2564489],[122.8097916,14.256347099999997],[122.8096812,14.256293200000002],[122.8093317,14.256286999999997],[122.8091109,14.256364500000002],[122.8089759,14.256507999999998],[122.80894509999999,14.256675400000002],[122.8089693,14.2570403],[122.80882809999999,14.2572196],[122.8086563,14.257344999999999],[122.8083681,14.2573747],[122.8080494,14.257193600000003],[122.8078618,14.2571831],[122.8077206,14.257284699999996],[122.8076884,14.257389299999998],[122.80770960000001,14.257617599999998],[122.80782450000001,14.2577453],[122.80809420000001,14.257894999999998],[122.80836359999999,14.258343799999997],[122.8084862,14.258427600000001],[122.80869460000001,14.258463599999999],[122.80899510000002,14.258463899999999],[122.8090196,14.258499799999997],[122.8090134,14.2585895],[122.8088476,14.2588226],[122.8087127,14.258894299999998],[122.80825269999998,14.2589477],[122.80801959999998,14.2590133],[122.8077926,14.2591866],[122.8075105,14.259276099999996],[122.80713229999999,14.2592837],[122.8069584,14.259496900000002],[122.80694600000001,14.2596225],[122.80697039999998,14.259772],[122.80711139999998,14.2598678],[122.8071358,14.259963499999998],[122.80711739999998,14.2600233],[122.80693339999999,14.260059099999996],[122.8068537,14.260046999999997],[122.8066576,14.259903399999999],[122.8063696,14.259622],[122.8061061,14.2594783],[122.8059161,14.259310699999999],[122.80582429999998,14.259149099999997],[122.80572619999998,14.2590653],[122.80555459999998,14.2590053],[122.80542580000001,14.258999300000001],[122.805254,14.2591606],[122.8051925,14.259298099999997],[122.80500840000002,14.2595671],[122.8047899,14.2597117],[122.8046483,14.259733199999998],[122.8044263,14.259976399999996],[122.8042243,14.260598300000002],[122.80420050000001,14.261266399999998],[122.80455519999998,14.261925299999996],[122.80483440000002,14.2621521],[122.8049679,14.262176299999998],[122.8051656,14.262122499999998],[122.80544770000002,14.2621048],[122.80552750000001,14.262009099999997],[122.80562560000001,14.261961399999999],[122.8057176,14.261961399999999],[122.8058402,14.262033300000002],[122.80586460000002,14.262147],[122.80583389999998,14.2622725],[122.8058583,14.2623503],[122.8059539,14.262459499999997],[122.80668280000002,14.262703799999999],[122.8071886,14.262758100000003],[122.80728059999998,14.262794],[122.8073418,14.262895800000003],[122.80735400000002,14.263057199999999],[122.80744560000001,14.2634162],[122.80754360000002,14.2636076],[122.8076722,14.263775199999998],[122.80789280000002,14.263936799999998],[122.80806450000001,14.263991999999996],[122.8083983,14.264257599999999],[122.80874770000001,14.2642284],[122.80891059999999,14.2641362],[122.8090211,14.264004699999997],[122.8090581,14.263801399999998],[122.80905820000001,14.263645900000002],[122.808944,14.263118899999998],[122.80910709999999,14.2627109],[122.80914550000001,14.2619594],[122.80922530000001,14.261857799999998],[122.80971820000002,14.261546400000002],[122.8098696,14.261260299999996],[122.8098697,14.2611144],[122.8097169,14.2608977],[122.8094963,14.260754],[122.8093565,14.260710799999998],[122.80935670000001,14.2605386],[122.8094597,14.260474099999998],[122.8095407,14.260474100000001],[122.80968040000002,14.2605388],[122.8098128,14.2606825],[122.8100832,14.260819099999999],[122.81038510000002,14.260835999999996],[122.81059549999999,14.260764399999998],[122.8106673,14.260621000000004],[122.81068130000001,14.2603602],[122.8107624,14.260202400000002],[122.81122230000001,14.2601366],[122.81147639999999,14.259951799999998],[122.81149860000001,14.259758],[122.81144000000002,14.259513899999998],[122.81136650000002,14.2593704],[122.8113226,14.259126299999998],[122.81138159999999,14.258946900000002],[122.81149929999998,14.258918299999998],[122.81169059999999,14.258939999999999],[122.8121025,14.259155599999998],[122.8122791,14.2591773],[122.8123601,14.259069699999998],[122.8123677,14.258847199999995],[122.8122722,14.258610299999999],[122.8122945,14.2584166],[122.8124196,14.2583377],[122.8124933,14.258251699999997],[122.8124494,14.257865299999999],[122.8122731,14.257482399999999],[122.81200839999998,14.257300300000002],[122.8119496,14.2571663],[122.8119595,14.257099299999998],[122.81210670000002,14.257013299999997],[122.8123226,14.2569944],[122.8129017,14.2567365],[122.81304900000002,14.256497299999996],[122.8131279,14.2560572],[122.8129895,14.255742299999998],[122.8124297,14.2552888],[122.812334,14.2550423],[122.81239320000002,14.254736099999997],[122.81309019999999,14.254229499999997],[122.81333569999998,14.253933],[122.81349289999999,14.2536844],[122.8136404,14.253186900000001],[122.8137291,14.2526702],[122.8137293,14.252430999999996],[122.8136805,14.252153500000002],[122.8133961,14.2520767],[122.8132,14.251923399999997],[122.8130922,14.2516841],[122.8130873,14.251540399999998],[122.8132299,14.251334899999998],[122.81337709999998,14.251263299999998],[122.81357480000001,14.2512333],[122.81403410000001,14.251417399999998],[122.81422460000002,14.251464799999999],[122.81458380000001,14.251379099999998],[122.8148977,14.251369700000001],[122.8152802,14.251475299999997],[122.81550579999998,14.2515807],[122.81576619999998,14.251882899999998],[122.81582070000002,14.2522],[122.8159527,14.252455999999997],[122.81624980000001,14.2526799],[122.817009,14.2529998],[122.817306,14.253159799999999],[122.817339,14.253351699999998],[122.817339,14.253927600000003],[122.817306,14.2542795],[122.817174,14.254599399999998],[122.817042,14.254823299999998],[122.8166789,14.254855299999996],[122.81631580000001,14.254727300000003],[122.8158638,14.2547508],[122.8157216,14.2548101],[122.81555439999998,14.254953099999998],[122.8155128,14.2550926],[122.8155518,14.2553701],[122.8156591,14.255655899999999],[122.81563239999998,14.2558709],[122.8153646,14.2562982],[122.81492220000001,14.257407900000002],[122.81440130000001,14.2585223],[122.8143567,14.258740800000002],[122.81440100000002,14.258852399999999],[122.81484620000002,14.259142600000002],[122.81510130000001,14.259181099999996],[122.8152259,14.2590921],[122.8153541,14.258337599999999],[122.8154357,14.258205299999998],[122.8155388,14.258100099999998],[122.8157,14.2580234],[122.81581839999998,14.2580812],[122.81584770000002,14.258253500000002],[122.81593590000001,14.258368399999997],[122.8160536,14.258454600000002],[122.8160927,14.258607699999997],[122.8160417,14.258798999999996],[122.8157586,14.259167299999998],[122.81567169999998,14.259394499999999],[122.81567,14.2595452],[122.8158307,14.259839599999998],[122.8162583,14.2600911],[122.81639349999999,14.260391999999998],[122.8163755,14.260646199999998],[122.81641210000001,14.260919699999997],[122.81646360000002,14.260985899999998],[122.81668399999998,14.2611337],[122.81683180000002,14.261141799999999],[122.8170409,14.261047299999998],[122.81732720000001,14.260694699999998],[122.8174254,14.260627799999998],[122.8175431,14.260580099999997],[122.817916,14.260532499999997],[122.8180435,14.2605518],[122.8191617,14.2609832],[122.81957019999999,14.260931399999999],[122.82031959999999,14.2607544],[122.8207023,14.260735600000002],[122.82086899999999,14.260831400000002],[122.8209669,14.261041999999998],[122.82096610000002,14.261417],[122.8208843,14.261622200000001],[122.82067270000002,14.2617865],[122.8204653,14.261816099999999],[122.82032340000002,14.261754100000001],[122.820099,14.261757399999999],[122.8199066,14.2618689],[122.8195759,14.2619848],[122.81932200000001,14.262221600000002],[122.81916200000002,14.262468499999999],[122.81914800000001,14.262558899999998],[122.8192479,14.262724199999997],[122.81940480000002,14.262858299999998],[122.81945370000001,14.263059299999997],[122.8194634,14.263212399999997],[122.81943180000002,14.263410499999999],[122.8193062,14.263547199999998],[122.8190216,14.2636044],[122.81854080000001,14.263642299999997],[122.81831519999999,14.263603899999998],[122.8182416,14.2635129],[122.8182148,14.263367],[122.8181668,14.263289599999998],[122.81802,14.263241299999999],[122.81788090000002,14.263282200000004],[122.8177504,14.2634201],[122.8175047,14.263802799999997],[122.8174186,14.264221399999998],[122.8172468,14.264316999999997],[122.8171119,14.264316899999999],[122.8168788,14.264424299999996],[122.8167069,14.2646036],[122.816613,14.265089399999999],[122.81652009999999,14.265146499999997],[122.81630170000001,14.265201399999999],[122.8162035,14.265261100000002],[122.81606850000001,14.265404499999999],[122.8159222,14.2654366],[122.81588460000002,14.2653924],[122.815856,14.265266600000002],[122.8159313,14.264943399999995],[122.8157135,14.2647957],[122.8154681,14.264758199999998],[122.81536989999998,14.2648059],[122.815198,14.265080900000001],[122.8152142,14.2653654],[122.81529570000001,14.265559399999997],[122.81525880000001,14.265703000000002],[122.81468220000001,14.2659657],[122.81423450000001,14.2660072],[122.813791,14.265979399999999],[122.8135305,14.266115799999996],[122.8133595,14.266153799999996],[122.81319160000001,14.266141199999998],[122.81306329999998,14.265978200000001],[122.8130634,14.265808899999996],[122.8133163,14.265440400000001],[122.81344570000002,14.265301099999999],[122.813532,14.265119900000002],[122.8135033,14.264771499999995],[122.8133595,14.264729699999998],[122.8131726,14.264855099999998],[122.8130144,14.265022399999998],[122.81293410000002,14.2650134],[122.81282800000001,14.264948600000004],[122.8127699,14.2648159],[122.81274549999999,14.2646484],[122.81269399999998,14.2645621],[122.8124105,14.264395299999997],[122.8120223,14.264283800000001],[122.81164839999998,14.264283799999998],[122.81134650000001,14.264325599999998],[122.8110733,14.264464999999998],[122.81077130000001,14.264687900000002],[122.81054129999998,14.264910899999997],[122.809923,14.2651478],[122.809808,14.2652453],[122.8097073,14.265426499999998],[122.8097073,14.2658724],[122.809671,14.2660131],[122.80902210000002,14.266033],[122.8088688,14.265997],[122.8087035,14.265766000000001],[122.8085269,14.2656701],[122.80774199999999,14.2656948],[122.8074576,14.2655832],[122.80722420000001,14.2655799],[122.80708529999998,14.2656367],[122.8064676,14.2660311],[122.8062405,14.266051100000002],[122.80566570000002,14.2658557],[122.8051712,14.265906600000001],[122.8050141,14.266021299999998],[122.80483929999998,14.266327600000002],[122.8047997,14.266790099999998],[122.8048177,14.266999399999998],[122.8049051,14.267284399999998],[122.8049049,14.2675619],[122.8048607,14.267624000000001],[122.8047514,14.267678700000001],[122.80452460000001,14.2676525],[122.80427429999999,14.267752800000002],[122.80397240000002,14.267946299999997],[122.8037295,14.2680466],[122.80350149999998,14.268193899999998],[122.8033294,14.2682463],[122.8035826,14.2678199],[122.80408170000001,14.2664493],[122.80429559999999,14.265389699999998],[122.80426260000002,14.265389199999998],[122.8043431,14.265009600000003],[122.80465500000001,14.264785700000001],[122.8049864,14.2649101],[122.8051988,14.264917499999997],[122.8054008,14.264779199999998],[122.8054127,14.264629499999998],[122.80536510000002,14.264387699999997],[122.80502050000001,14.2640652],[122.80466400000002,14.26395],[122.80436690000002,14.264019099999999],[122.8038678,14.264410699999999],[122.803642,14.264641000000001],[122.8035826,14.2651017],[122.8035033,14.2653789],[122.8034518,14.265378199999997],[122.80305970000002,14.266633599999997],[122.8029765,14.266679599999998],[122.8029765,14.266460800000004],[122.80308340000002,14.266184399999998],[122.80315469999998,14.265827300000002],[122.80322600000001,14.265643099999998],[122.80322600000001,14.265366599999998],[122.803333,14.265021099999997],[122.8032617,14.264468299999999],[122.80339240000002,14.263926899999996],[122.8033493,14.2639028],[122.80339240000002,14.263731199999999],[122.80340429999998,14.263443199999998],[122.8033449,14.262901899999997],[122.80339240000002,14.2622914],[122.8033449,14.261830699999997],[122.80341410000001,14.261562399999999],[122.8034358,14.261561200000001],[122.8034875,14.261807699999999],[122.803642,14.262084100000001],[122.80429559999999,14.262613899999998],[122.804557,14.2627752],[122.8052463,14.2630631],[122.8054008,14.2630055],[122.8054127,14.262821299999999],[122.8051869,14.2625333],[122.80472340000001,14.262256900000002],[122.8042124,14.261577299999999],[122.80405790000002,14.261197299999997],[122.8041649,14.260448599999998],[122.804459,14.259731900000002],[122.80496109999999,14.259584800000003],[122.8050086,14.2594581],[122.80491360000002,14.259308299999999],[122.8047353,14.259239200000001],[122.8043075,14.2592508],[122.80406979999998,14.2594235],[122.8038915,14.259769099999996],[122.80383210000001,14.259734499999997],[122.80368950000002,14.2593659],[122.8035707,14.259388999999997],[122.80322600000001,14.260298899999999],[122.8028814,14.2614852],[122.8029052,14.261773099999996],[122.80301209999999,14.2619459],[122.8029171,14.262210799999998],[122.8027626,14.262326000000002],[122.8027269,14.2624527],[122.80277440000002,14.262602399999995],[122.8025843,14.264583499999999],[122.8022991,14.266000099999998],[122.80209709999998,14.2667603],[122.8014197,14.2678199],[122.80098,14.268626100000002],[122.80073039999999,14.2692595],[122.8007597,14.269521399999999],[122.80073039999999,14.269582],[122.8007245,14.2699218],[122.80029660000001,14.269461099999997],[122.80012140000001,14.269393899999999],[122.79994610000001,14.2694208],[122.79994610000001,14.269507200000001],[122.8001659,14.2697029],[122.80039769999999,14.270152099999995]]],[[[122.3787813,14.2677657],[122.37886449999999,14.268162999999998],[122.3788467,14.2684798],[122.37871110000002,14.268759299999997],[122.37865290000002,14.2689598],[122.37873690000002,14.269254500000002],[122.37908440000001,14.2698618],[122.3790606,14.269896400000002],[122.3789715,14.2699137],[122.3785971,14.269090199999999],[122.3785734,14.268917399999998],[122.3787576,14.268543100000002],[122.37879910000001,14.268364599999996],[122.37874570000001,14.268070899999998],[122.3785496,14.2675814],[122.37830460000002,14.2671243],[122.3780075,14.2666769],[122.37779010000001,14.2661921],[122.3777504,14.2655309],[122.37783209999999,14.265397200000002],[122.37804940000001,14.2652453],[122.3781741,14.265096099999994],[122.37854619999999,14.264475799999998],[122.37871000000001,14.264010999999996],[122.37882130000001,14.263460999999996],[122.3788119,14.263392699999997],[122.3787117,14.263098300000001],[122.37852489999999,14.262761799999996],[122.3785056,14.262651699999997],[122.3785353,14.262527399999998],[122.3788442,14.261909200000002],[122.3788963,14.2614805],[122.3791876,14.2608115],[122.3791731,14.260706199999998],[122.3790054,14.260630699999998],[122.3789772,14.260309399999999],[122.37911920000002,14.2598313],[122.3792133,14.259730299999998],[122.37924610000002,14.259514800000002],[122.37908949999999,14.259250799999998],[122.37901670000001,14.259043699999998],[122.3789957,14.2588841],[122.37903280000002,14.258723500000002],[122.37928639999998,14.258292399999998],[122.37903680000001,14.258303899999998],[122.3788935,14.2584239],[122.37866839999998,14.258683999999997],[122.37832380000002,14.259236899999998],[122.37806830000001,14.259524799999998],[122.37800289999998,14.259478799999993],[122.3783654,14.2588971],[122.3785691,14.258507099999996],[122.37894769999998,14.2581024],[122.37932200000002,14.2578432],[122.37953599999999,14.257779899999997],[122.3796786,14.2578087],[122.3798011,14.257900799999998],[122.3799466,14.2578539],[122.38005110000002,14.2577585],[122.380125,14.257633099999998],[122.3801499,14.257489699999997],[122.3801446,14.257196599999999],[122.37997279999999,14.2570838],[122.3795241,14.257154199999999],[122.3789358,14.257363499999999],[122.3778153,14.258126099999998],[122.3776781,14.2581308],[122.37732810000001,14.257942799999999],[122.37715640000002,14.2579424],[122.37692309999998,14.2580494],[122.37676310000002,14.258264300000002],[122.3765912,14.2583296],[122.37643190000001,14.2583172],[122.37618089999998,14.2581551],[122.3759847,14.258154599999996],[122.3758877,14.258223099999999],[122.3757707,14.2583915],[122.37561589999999,14.258470000000003],[122.3754866,14.258473099999998],[122.37525400000001,14.2583623],[122.3751608,14.258374600000002],[122.3751056,14.2584723],[122.3740337,14.259081399999998],[122.3736797,14.259165399999999],[122.3734477,14.259157900000002],[122.37323750000002,14.2591102],[122.37289280000002,14.258902900000002],[122.37263930000002,14.258537299999999],[122.37240560000001,14.257762599999998],[122.37216199999999,14.257163699999998],[122.3716905,14.2561866],[122.37110509999998,14.255636400000002],[122.37097950000002,14.255784400000003],[122.37076560000001,14.255939899999998],[122.3705634,14.255999399999999],[122.3703006,14.2560017],[122.3701879,14.255970999999999],[122.36992700000002,14.2558116],[122.36980890000001,14.255680699999994],[122.369803,14.2553525],[122.36976140000002,14.2550818],[122.36963660000002,14.254793799999998],[122.3694643,14.254534699999997],[122.36914340000001,14.2542467],[122.3686918,14.254022099999998],[122.36844820000002,14.253968999999998],[122.36835860000001,14.253893599999998],[122.36830510000001,14.2537042],[122.3681952,14.2535543],[122.36781240000002,14.253446199999999],[122.3676876,14.2533771],[122.36762070000002,14.253304599999998],[122.36755309999998,14.2528943],[122.3671939,14.2524828],[122.3669499,14.2523629],[122.36652549999998,14.252349599999997],[122.36636450000002,14.252414899999996],[122.3659694,14.252690699999999],[122.36551079999998,14.253076300000002],[122.3659031,14.251370100000003],[122.36591460000001,14.250850299999998],[122.3659934,14.250657400000001],[122.3661248,14.250595099999996],[122.3664748,14.250505799999997],[122.36699700000001,14.250071600000002],[122.3673167,14.2495798],[122.3675987,14.2492267],[122.36786169999999,14.249117099999998],[122.368107,14.249098599999998],[122.3682938,14.2489364],[122.3684508,14.248936799999996],[122.368637,14.249004299999998],[122.3690038,14.249038599999999],[122.36923670000002,14.249025],[122.36966870000002,14.248872999999998],[122.36986499999999,14.248835299999998],[122.37011100000001,14.2488323],[122.3705279,14.2490476],[122.37070260000002,14.249048],[122.37110080000001,14.248953400000003],[122.37144130000001,14.248800700000002],[122.3716112,14.248858999999998],[122.37180740000001,14.248878699999997],[122.37206620000002,14.248828899999998],[122.3722696,14.2487172],[122.3723392,14.248631299999998],[122.37244640000002,14.248392399999997],[122.3725257,14.248076799999996],[122.3727609,14.2476851],[122.372869,14.247637600000001],[122.3729278,14.247666399999998],[122.3730247,14.248097299999998],[122.373004,14.2489392],[122.3730625,14.2490925],[122.3733709,14.249127799999998],[122.37353229999998,14.2490268],[122.3737481,14.249017799999999],[122.3738458,14.249171099999998],[122.3738453,14.2493625],[122.3737958,14.249496299999999],[122.3734239,14.249657999999998],[122.3728731,14.249713999999999],[122.37229390000002,14.249856],[122.3720577,14.250088],[122.37194920000002,14.250333499999996],[122.37186979999998,14.250649099999999],[122.37177139999999,14.2507732],[122.37158470000001,14.250878],[122.3713937,14.250919099999999],[122.3712713,14.251010199999998],[122.37113359999998,14.251242499999998],[122.37120999999999,14.252034799999999],[122.37136389999999,14.252370699999997],[122.37149700000002,14.252488899999998],[122.3718039,14.252631],[122.37199310000001,14.2526684],[122.3717967,14.252744399999997],[122.37142830000002,14.252819999999998],[122.3706509,14.252705199999996],[122.3703257,14.252790800000001],[122.37007919999999,14.2529695],[122.3698361,14.2531995],[122.36971400000002,14.253417800000001],[122.36972570000002,14.2535643],[122.3695297,14.253607499999998],[122.36951480000002,14.253685199999998],[122.36985350000002,14.2539789],[122.3700788,14.2542781],[122.37070620000001,14.2549795],[122.37084580000001,14.2550559],[122.3708974,14.2551694],[122.3710781,14.2553368],[122.3711388,14.255360799999998],[122.3711898,14.255307200000003],[122.3712217,14.2551716],[122.37133129999998,14.255117599999998],[122.37173110000002,14.255200200000003],[122.3720636,14.255201099999997],[122.37222469999999,14.255268499999998],[122.37236020000002,14.2554284],[122.37273830000001,14.2556663],[122.37316019999999,14.255798799999999],[122.37351210000001,14.255848099999998],[122.37385070000002,14.255787399999999],[122.37481210000001,14.2553957],[122.3750438,14.255326499999997],[122.37550129999998,14.255332299999997],[122.3759232,14.2552862],[122.37609550000002,14.255170999999995],[122.3761609,14.255021299999996],[122.3762263,14.254946400000001],[122.37645209999998,14.254814],[122.37712590000001,14.254682499999996],[122.377222,14.2546145],[122.3775575,14.254226999999998],[122.3777609,14.254121799999998],[122.37805180000001,14.2538955],[122.37830949999999,14.253539200000004],[122.3783648,14.253161099999998],[122.3783243,14.2530349],[122.37812050000001,14.252963699999997],[122.3779346,14.2529483],[122.37764889999998,14.253053999999999],[122.37737439999998,14.252995900000002],[122.3768557,14.252535200000002],[122.37665069999998,14.252171099999998],[122.37660239999998,14.2518743],[122.37661320000001,14.251529899999998],[122.37677070000001,14.251338899999999],[122.3769473,14.2513202],[122.37714329999999,14.251397300000002],[122.3772703,14.251588999999994],[122.3773781,14.2516563],[122.37757409999999,14.251714199999999],[122.377682,14.251714500000002],[122.37813700000001,14.251557799999999],[122.37846820000001,14.2512094],[122.37862579999998,14.250980099999998],[122.3786264,14.2507888],[122.3784896,14.2505875],[122.3783824,14.2503193],[122.37842230000001,14.2500801],[122.378658,14.249965899999998],[122.3790603,14.249938299999997],[122.37940339999999,14.250044399999998],[122.37955030000002,14.2501501],[122.37970639999999,14.250456699999999],[122.37982190000001,14.250541600000002],[122.38011900000001,14.250530299999998],[122.3802379,14.250414199999998],[122.38032390000001,14.250121899999998],[122.380288,14.2497988],[122.38034720000002,14.2496554],[122.38063520000001,14.249290199999999],[122.3806504,14.249103600000003],[122.3805479,14.248931100000002],[122.38022330000001,14.248794499999997],[122.3799279,14.2487344],[122.3798496,14.2486781],[122.3795855,14.248397600000002],[122.37955630000002,14.2483042],[122.3796309,14.247931200000002],[122.3796315,14.2477016],[122.3795658,14.247521999999998],[122.3793315,14.247098],[122.3793026,14.246896899999998],[122.3793251,14.246753499999999],[122.37948080000001,14.246316099999998],[122.37948859999999,14.2461654],[122.3793499,14.2457417],[122.3789012,14.2457046],[122.37890900000001,14.2455611],[122.379056,14.2452796],[122.3791143,14.244901399999998],[122.3790008,14.2442141],[122.37873160000001,14.2434699],[122.37879550000001,14.243111200000001],[122.3788845,14.2428627],[122.3788752,14.2426713],[122.37882640000001,14.2425563],[122.3787579,14.242489099999997],[122.3786207,14.242440900000002],[122.3785523,14.242364200000003],[122.37844510000001,14.242095999999998],[122.37826929999999,14.241827599999995],[122.3779166,14.241654499999997],[122.37777930000001,14.241634999999999],[122.3776127,14.241557999999998],[122.37739910000002,14.241227300000002],[122.37741110000002,14.241189199999999],[122.3780402,14.240731899999997],[122.37850030000001,14.2401744],[122.3783565,14.2396448],[122.3780689,14.2394219],[122.37749379999998,14.239115200000002],[122.37719759999999,14.239009499999998],[122.376865,14.2386673],[122.3768269,14.2385502],[122.3768006,14.238201599999996],[122.3768434,14.2382166],[122.3770144,14.238057599999998],[122.3770149,14.237888099999996],[122.3768537,14.2376266],[122.3766481,14.237482499999999],[122.37622400000001,14.2368467],[122.3759791,14.236675199999999],[122.3757824,14.236575999999998],[122.37560659999998,14.2363028],[122.3755632,14.236044400000003],[122.3754462,14.235785700000001],[122.37524050000002,14.235684699999997],[122.3749977,14.235518],[122.37492109999998,14.235342499999998],[122.37484509999999,14.234992599999998],[122.3748461,14.234607199999997],[122.3748912,14.234277199999996],[122.37535810000001,14.2336474],[122.3754215,14.233480799999999],[122.37542690000001,14.232798],[122.37520300000001,14.231747199999996],[122.3749823,14.231518399999999],[122.3747724,14.231429999999996],[122.3743699,14.231515199999997],[122.3741978,14.231670299999996],[122.3741839,14.2322444],[122.37420690000002,14.232794599999998],[122.3739854,14.233104999999998],[122.3738134,14.233200299999996],[122.3734333,14.233199299999999],[122.37313919999998,14.233126699999998],[122.37285770000001,14.232946599999996],[122.37273539999998,14.2328267],[122.372369,14.2323114],[122.3719771,14.232149899999998],[122.37149380000001,14.2317529],[122.37121959999999,14.2315872],[122.3709854,14.231578100000002],[122.3705312,14.231756299999999],[122.3702117,14.232006699999998],[122.369941,14.232340899999999],[122.3697809,14.232615499999996],[122.3695583,14.233272799999998],[122.3692999,14.233607000000001],[122.36906660000001,14.233725999999999],[122.36888870000001,14.233749499999997],[122.36868530000001,14.233693899999995],[122.36862580000002,14.233509599999998],[122.368727,14.2323616],[122.3688535,14.231866700000001],[122.3691469,14.231298199999998],[122.36961450000001,14.2307014],[122.37030219999998,14.230103500000002],[122.3705024,14.229762],[122.3704808,14.229597799999999],[122.3716569,14.228892900000002],[122.37207700000002,14.228794599999999],[122.37225359999998,14.2287951],[122.37256880000001,14.228744],[122.37281339999998,14.2285669],[122.3733647,14.227769799999999],[122.37339270000001,14.2274727],[122.3733293,14.227163799999998],[122.3735266,14.226767300000002],[122.37462129999999,14.2256972],[122.37515290000002,14.224990499999999],[122.375517,14.224589499999999],[122.3756652,14.224207200000002],[122.37571570000001,14.2236715],[122.37571700000001,14.223202600000002],[122.3756883,14.2229155],[122.37556159999998,14.2226472],[122.3754188,14.222537999999998],[122.375367,14.222370800000002],[122.3754504,14.222102099999999],[122.37554740000002,14.2220016],[122.37579010000002,14.221925],[122.376466,14.221922099999999],[122.37668750000002,14.221896599999999],[122.3768301,14.221758299999996],[122.37688970000002,14.221647699999998],[122.3771332,14.2214185],[122.37753300000001,14.220970700000002],[122.37787500000002,14.220694499999999],[122.3781492,14.220623599999996],[122.37833940000002,14.2206409],[122.37844630000001,14.220600599999996],[122.3786603,14.2202953],[122.3787438,14.2202433],[122.3788194,14.220233599999998],[122.379195,14.220399000000002],[122.3793495,14.220399000000002],[122.3795694,14.2202147],[122.379642,14.2197601],[122.37974270000001,14.219476899999998],[122.3798646,14.219246199999999],[122.3799853,14.218866900000002],[122.38000910000001,14.218383],[122.37994970000001,14.218083499999999],[122.37994970000001,14.217795499999998],[122.38000910000001,14.217519],[122.38018730000002,14.2171734],[122.38027050000001,14.216873899999998],[122.3802586,14.216297899999997],[122.38033,14.216136599999999],[122.38048439999999,14.2160906],[122.3806508,14.216251800000002],[122.38079339999999,14.216205799999997],[122.38116180000002,14.216182699999997],[122.3813876,14.216274900000004],[122.3817323,14.216585899999998],[122.38189860000001,14.216920000000002],[122.3819462,14.2172426],[122.38189860000001,14.217599700000001],[122.38171270000001,14.218294899999998],[122.38171239999998,14.2184192],[122.3817551,14.218491099999998],[122.38182240000002,14.218533099999998],[122.3819021,14.218533299999999],[122.38200040000001,14.218467799999997],[122.3820375,14.218339899999997],[122.38242220000001,14.217545499999995],[122.382612,14.2168809],[122.382792,14.2166573],[122.38297360000001,14.2165473],[122.3830056,14.216408299999998],[122.3829795,14.216323700000002],[122.3828931,14.216302799999998],[122.3826576,14.216340400000004],[122.3825645,14.2162876],[122.3824473,14.216129400000002],[122.3823888,14.215995300000001],[122.38239490000001,14.2155455],[122.3821748,14.215315299999999],[122.3820377,14.215247999999997],[122.38181680000001,14.215239900000002],[122.38054640000001,14.2144113],[122.3799954,14.2141515],[122.3796282,14.213920899999996],[122.3794302,14.213669299999996],[122.3791805,14.2135107],[122.3779829,14.2133661],[122.37773670000001,14.213307399999998],[122.3771095,14.2129518],[122.376982,14.212951499999999],[122.37690810000001,14.213042200000002],[122.37679520000002,14.213094500000002],[122.37635390000001,14.213064599999997],[122.37625070000001,14.213140899999997],[122.3760042,14.213665600000002],[122.3759091,14.213775],[122.3758497,14.213803800000003],[122.37577250000001,14.213792300000001],[122.37565360000002,14.2137635],[122.3755764,14.2136656],[122.375511,14.213498500000002],[122.375303,14.2134697],[122.37522,14.213410899999998],[122.37496089999999,14.213128],[122.37491709999999,14.2129796],[122.37481459999998,14.2127975],[122.37464979999999,14.2126805],[122.3743523,14.2125539],[122.37409089999998,14.212507800000001],[122.37381159999998,14.212553900000001],[122.37360960000001,14.212663299999997],[122.37345509999999,14.212801599999999],[122.3732828,14.2128246],[122.37315800000002,14.212692099999995],[122.3730024,14.2126116],[122.37292139999998,14.212633699999998],[122.37275189999998,14.212746399999999],[122.372574,14.212769899999998],[122.37250069999999,14.2127039],[122.3724831,14.212404799999998],[122.3723547,14.212266999999999],[122.37217090000001,14.2122246],[122.37182150000001,14.212229699999998],[122.37156970000001,14.212372500000003],[122.3711528,14.212389399999998],[122.3708215,14.212502099999998],[122.37057579999998,14.2126749],[122.3704343,14.212854],[122.37042750000002,14.2130693],[122.37015120000001,14.2132539],[122.36992889999999,14.2133374],[122.3693047,14.213407199999999],[122.3691328,14.213526299999996],[122.3688991,14.2137649],[122.36871500000001,14.213842199999998],[122.3683043,14.2138291],[122.36815699999998,14.2139065],[122.367996,14.214019599999999],[122.3678402,14.214278299999998],[122.36753019999999,14.214636300000002],[122.3673972,14.2148608],[122.3671428,14.215108799999996],[122.36679410000002,14.215612499999999],[122.3663188,14.2161424],[122.36584550000002,14.216593799999998],[122.36493259999999,14.217209399999998],[122.36454310000002,14.217374399999999],[122.3636987,14.217659200000002],[122.36277659999999,14.217694999999997],[122.3623064,14.217444999999994],[122.3622292,14.217004599999996],[122.36223080000002,14.216430499999998],[122.3620752,14.2159517],[122.36206040000002,14.215662199999999],[122.3621856,14.215269799999998],[122.3621344,14.215176399999999],[122.3618812,14.215166499999999],[122.36097850000002,14.2152981],[122.3606643,14.215412],[122.36037,14.215392100000003],[122.3602428,14.215296099999998],[122.35998,14.214796799999998],[122.3594303,14.214719799999997],[122.35918239999998,14.214782999999999],[122.35903979999999,14.2149328],[122.3582674,14.2163498],[122.3578158,14.2174557],[122.3571027,14.2183888],[122.35696010000001,14.2186307],[122.3568294,14.2192758],[122.3567106,14.219529299999996],[122.3566749,14.2203472],[122.35669870000001,14.220681200000003],[122.35629460000001,14.221510699999998],[122.3561996,14.2214876],[122.3565323,14.220612100000002],[122.35661550000002,14.219540799999999],[122.3567106,14.219287299999998],[122.35693639999998,14.218423399999999],[122.3570552,14.2182736],[122.3571918,14.2178995],[122.357067,14.2179859],[122.3566749,14.217870099999999],[122.35600960000001,14.217275],[122.3558146,14.216853499999997],[122.35577610000001,14.2166046],[122.3558559,14.2161455],[122.35601379999999,14.2158014],[122.35617129999999,14.2155914],[122.35633480000001,14.215506099999999],[122.35659289999998,14.2154585],[122.3570932,14.2154395],[122.3571997,14.2153614],[122.3577372,14.214798100000001],[122.35788839999998,14.214595999999998],[122.35790150000001,14.2144065],[122.35784240000001,14.214313699999998],[122.3574897,14.214159599999997],[122.35766749999999,14.213739100000002],[122.35768930000002,14.2129736],[122.35763110000002,14.2127247],[122.35739710000001,14.212244],[122.3573985,14.211717699999998],[122.357485,14.211490699999999],[122.35764499999999,14.2112878],[122.35790270000001,14.2111809],[122.3581479,14.2111935],[122.3585283,14.2113467],[122.35880220000001,14.211359499999999],[122.35908639999998,14.2113241],[122.35949940000002,14.2110839],[122.35973550000001,14.2108166],[122.3598753,14.209955799999998],[122.3599943,14.2094968],[122.3601204,14.2092828],[122.36034819999999,14.209210699999998],[122.3605444,14.209192099999997],[122.36131000000002,14.2090219],[122.3621925,14.209100799999998],[122.36309560000001,14.208854400000002],[122.36333070000002,14.2089699],[122.36362480000001,14.2090089],[122.36389960000001,14.208971399999994],[122.3641358,14.208684899999998],[122.3642929,14.208627900000003],[122.3646264,14.208609699999998],[122.3651347,14.2092426],[122.36523170000001,14.209606400000002],[122.3651527,14.209797599999998],[122.3648779,14.2098543],[122.3644263,14.2100253],[122.3642099,14.210235299999999],[122.36401750000002,14.210608],[122.3638553,14.210750999999998],[122.3635495,14.210703100000003],[122.36318920000001,14.210443099999999],[122.3627123,14.2103714],[122.3625022,14.2105752],[122.3623942,14.210983099999998],[122.3624266,14.211481299999999],[122.3625427,14.211734499999999],[122.3627776,14.2119247],[122.36299839999998,14.212030999999996],[122.36317449999999,14.212067000000001],[122.36349879999999,14.211994000000002],[122.36373450000002,14.211860700000003],[122.3639312,14.211688999999998],[122.36410770000002,14.211689399999997],[122.36498929999999,14.2121128],[122.36522389999999,14.212419600000002],[122.3653795,14.2128985],[122.3656252,14.2133692],[122.36567190000001,14.213568999999996],[122.3655727,14.2137613],[122.36533760000002,14.2138744],[122.36502739999999,14.213901000000002],[122.3648776,14.213969400000002],[122.36481950000001,14.2140881],[122.3648839,14.214294100000002],[122.3651147,14.214656799999997],[122.3653464,14.215099999999998],[122.3653335,14.2153152],[122.3651736,14.215494199999998],[122.36501390000001,14.2156015],[122.36493400000002,14.215702899999995],[122.3648366,14.2159087],[122.3649057,14.2161949],[122.36511539999998,14.216400599999998],[122.3652792,14.2164432],[122.3655382,14.216428399999998],[122.36623560000001,14.215808299999999],[122.36676120000001,14.215247799999995],[122.36696799999999,14.2148214],[122.3670182,14.2144374],[122.3670894,14.214202699999998],[122.3672375,14.2138802],[122.367551,14.213460299999998],[122.3677571,14.213258299999998],[122.36823290000001,14.213033600000001],[122.368798,14.212670199999998],[122.3690557,14.2125752],[122.36952080000002,14.212584600000001],[122.3697095,14.212468100000004],[122.36996840000002,14.211937699999998],[122.37017639999999,14.211227799999998],[122.37041940000002,14.210941899999998],[122.3707042,14.2108803],[122.3710082,14.211033799999996],[122.37117459999999,14.2111491],[122.371292,14.2112834],[122.37140889999999,14.2115516],[122.3716185,14.211679299999998],[122.3719635,14.211686999999998],[122.3721347,14.2115918],[122.37222349999999,14.2113815],[122.372197,14.211210299999998],[122.3717843,14.210586100000002],[122.3716481,14.210193499999997],[122.37164870000001,14.209982999999996],[122.37175609999998,14.209764199999999],[122.3719323,14.209680399999996],[122.3721531,14.209633100000001],[122.37245009999998,14.2096432],[122.37252340000002,14.209710000000001],[122.3725569,14.209933199999998],[122.37262990000002,14.2101247],[122.3728012,14.210256800000002],[122.3732177,14.210377499999995],[122.37357350000002,14.2103066],[122.37386760000001,14.210343299999998],[122.3739899,14.210475200000001],[122.3741237,14.210870199999999],[122.3741354,14.2110736],[122.3743839,14.2117286],[122.3744981,14.211888799999997],[122.374904,14.2121947],[122.37492210000002,14.212233099999999],[122.37494650000001,14.2123696],[122.3749109,14.212513599999998],[122.3749406,14.2126288],[122.3752852,14.212870699999998],[122.3755526,14.212928300000002],[122.3757872,14.212889099999996],[122.37588490000002,14.212820199999998],[122.37599030000001,14.212676500000002],[122.37602570000001,14.212590100000002],[122.3760351,14.212439799999999],[122.37611339999998,14.2123549],[122.37622850000001,14.211713700000002],[122.3760559,14.210849499999997],[122.3764585,14.210152599999999],[122.37651599999998,14.2096229],[122.37651599999998,14.208898099999999],[122.37663110000001,14.208563599999998],[122.37700490000002,14.2082569],[122.37715970000002,14.208181899999998],[122.37726389999999,14.208181900000001],[122.37767379999998,14.2083916],[122.3780416,14.208392600000002],[122.37821349999999,14.208333200000002],[122.3785328,14.208130699999998],[122.37864340000002,14.2080233],[122.37923210000001,14.207953099999997],[122.3793428,14.207821799999996],[122.3793464,14.2065301],[122.37929809999999,14.206242900000001],[122.3784845,14.205018000000003],[122.3779077,14.204298800000002],[122.37775190000002,14.2038965],[122.3774195,14.203503300000001],[122.3772664,14.2033986],[122.37717029999999,14.2032232],[122.3770104,14.2026465],[122.3768431,14.201797799999998],[122.3766508,14.2012431],[122.3766319,14.2009943],[122.37667190000002,14.2006977],[122.3769085,14.2002582],[122.37717389999999,14.2000484],[122.37761589999998,14.199810300000001],[122.3779005,14.199782299999999],[122.3782241,14.1998119],[122.3784396,14.199889],[122.3789733,14.2002428],[122.3793579,14.200354199999998],[122.3799297,14.2003757],[122.38054709999999,14.200318099999999],[122.3808559,14.200248899999997],[122.3811911,14.200274900000002],[122.3812733,14.200357599999997],[122.3813308,14.200564199999999],[122.3815913,14.200645500000002],[122.3817875,14.200645999999997],[122.3820087,14.200443299999998],[122.3821073,14.200240199999998],[122.38216950000002,14.1999054],[122.3821709,14.199391099999998],[122.38207360000001,14.1991038],[122.3820005,14.198960099999999],[122.3817924,14.198815999999997],[122.3816254,14.198814299999999],[122.3812118,14.198990499999999],[122.3810989,14.198931800000002],[122.38104480000001,14.198718399999997],[122.38103390000002,14.198228],[122.38120689999998,14.197737999999998],[122.3814288,14.1974509],[122.3816739,14.1973206],[122.3822873,14.1971786],[122.3824592,14.197083399999999],[122.38281549999999,14.1967853],[122.38330720000002,14.196308100000001],[122.38362049999999,14.1961337],[122.384062,14.196077399999998],[122.3844061,14.1958008],[122.38443650000002,14.195446900000002],[122.384722,14.195026600000002],[122.3852227,14.1948556],[122.3859684,14.194752300000003],[122.3868018,14.194831000000002],[122.38696850000001,14.1948792],[122.38732159999999,14.1948706],[122.38759639999999,14.194785099999999],[122.3878024,14.194766499999997],[122.3880474,14.194834099999998],[122.3884784,14.195230599999999],[122.3886449,14.195221899999996],[122.3888655,14.195058099999999],[122.38901520000002,14.194897899999997],[122.38954810000001,14.193893899999997],[122.38990920000002,14.193091199999996],[122.3901558,14.1928349],[122.3905182,14.1925971],[122.3908417,14.192457099999999],[122.3910677,14.1923237],[122.39144120000002,14.1919993],[122.39149079999999,14.191788899999999],[122.3914917,14.191454],[122.39164970000002,14.1910525],[122.39193479999999,14.190823599999998],[122.39217029999999,14.190776299999996],[122.39265150000001,14.190547900000002],[122.3927892,14.1904047],[122.3930544,14.190242699999997],[122.3932602,14.190291099999998],[122.3932892,14.1904538],[122.39327890000001,14.190645200000002],[122.39291440000001,14.1912567],[122.3927309,14.191741599999999],[122.39271550000001,14.19228],[122.3927444,14.192490599999998],[122.3929005,14.1927972],[122.3930276,14.192931500000002],[122.3932333,14.193056399999998],[122.39343910000001,14.1930952],[122.3941356,14.193058699999996],[122.3942727,14.1931356],[122.39452759999999,14.193174500000001],[122.39501819999998,14.193099200000002],[122.3952244,14.1929944],[122.3953426,14.192803399999999],[122.39547140000002,14.1923253],[122.3956094,14.1920768],[122.3958388,14.191901599999996],[122.3959885,14.191828399999999],[122.3963056,14.1917408],[122.3964039,14.191674099999997],[122.3965739,14.191461899999998],[122.39661100000001,14.191244],[122.3964164,14.1906407],[122.3964269,14.1903919],[122.3965353,14.190181699999998],[122.3967141,14.189340100000003],[122.39679300000002,14.1891585],[122.3969306,14.1890631],[122.39722510000001,14.188949100000004],[122.39742160000002,14.188806],[122.39744179999998,14.188614699999999],[122.3973738,14.188336999999999],[122.3972556,14.188116999999997],[122.3973024,14.187865],[122.3973995,14.187789099999998],[122.3976401,14.1877183],[122.3981766,14.187752399999999],[122.3984016,14.187895300000001],[122.3987921,14.1886295],[122.39902679999999,14.1889028],[122.3991177,14.189059099999996],[122.3991172,14.189269600000001],[122.39903780000002,14.189594700000002],[122.398744,14.1901364],[122.39868470000002,14.1903229],[122.39850470000002,14.191614200000002],[122.3983714,14.1919583],[122.3983704,14.1923315],[122.3984759,14.193374299999999],[122.3986464,14.193695799999997],[122.39908709999999,14.193940899999998],[122.3989983,14.194127199999997],[122.39882130000001,14.194298999999999],[122.3982909,14.1945848],[122.39773159999999,14.194683799999998],[122.397408,14.1946687],[122.39679129999999,14.194193499999999],[122.39648160000002,14.1939968],[122.3961737,14.1940914],[122.3960702,14.1942921],[122.39606949999998,14.194536100000002],[122.39617110000002,14.1950674],[122.3961413,14.195210899999998],[122.39596440000001,14.1953683],[122.3957437,14.195367800000001],[122.3954496,14.195295300000002],[122.39475899999998,14.194977700000003],[122.39461199999998,14.194948699999998],[122.3942737,14.194904799999998],[122.3940819,14.195119599999998],[122.39402230000002,14.1954065],[122.39404570000002,14.195638299999999],[122.39432749999999,14.195885699999998],[122.3944252,14.196039],[122.3944242,14.196402599999997],[122.39434519999999,14.196593800000002],[122.3938941,14.196573499999998],[122.3937564,14.196735899999998],[122.3937839,14.197444],[122.3936853,14.197654300000002],[122.3934962,14.197737599999998],[122.3932097,14.197920899999998],[122.39312799999999,14.1980643],[122.3930567,14.198373899999998],[122.3930745,14.198657500000001],[122.39322090000002,14.1989353],[122.39373,14.199261899999998],[122.3940631,14.199415899999998],[122.3940624,14.199693399999997],[122.39397370000002,14.199836699999999],[122.3937477,14.199979699999997],[122.3935317,14.200074799999998],[122.39346240000002,14.200323399999997],[122.3934905,14.200811499999997],[122.39340180000002,14.2009739],[122.3926754,14.201201699999999],[122.3924197,14.201459400000001],[122.3921638,14.2017937],[122.39154320000002,14.202796799999998],[122.3913961,14.202777300000001],[122.39087690000001,14.202527200000002],[122.39027029999998,14.201980299999999],[122.38997690000001,14.201635],[122.38962430000001,14.2014619],[122.38940860000001,14.201451799999996],[122.3891829,14.201479899999999],[122.3889566,14.2017473],[122.38880850000001,14.202100899999996],[122.3886712,14.202090999999998],[122.38850490000002,14.201918299999999],[122.388388,14.2016501],[122.38828140000001,14.2011427],[122.38826349999998,14.200501499999998],[122.38841190000001,14.200042599999996],[122.3883644,14.199449199999998],[122.3879545,14.198711400000002],[122.3878841,14.198528500000002],[122.3878336,14.1981457],[122.3878588,14.197802099999999],[122.38783980000001,14.197591599999999],[122.3877616,14.1974765],[122.3875951,14.197399599999999],[122.3874283,14.1974087],[122.38724170000002,14.1975135],[122.38700240000001,14.198050299999997],[122.3864958,14.1984553],[122.38632169999998,14.198544599999998],[122.38594380000002,14.1985555],[122.3857475,14.198602899999997],[122.38553880000002,14.198710000000002],[122.3854403,14.1988772],[122.3852179,14.1995106],[122.38520520000002,14.199931499999998],[122.3853017,14.2002643],[122.3854343,14.20109],[122.3854457,14.201401000000002],[122.3854328,14.2016521],[122.38528470000001,14.202034499999998],[122.385247,14.2023693],[122.38530730000001,14.202728299999999],[122.38538040000002,14.2029079],[122.385527,14.2030996],[122.38555110000001,14.203243200000001],[122.3854397,14.203625699999996],[122.3855492,14.2039489],[122.3855486,14.204176200000001],[122.3854373,14.204534699999996],[122.38542039999999,14.204959700000002],[122.38565290000001,14.2054897],[122.38569630000002,14.205776899999998],[122.38584210000002,14.206279700000001],[122.38592040000002,14.206836900000003],[122.3858689,14.2073043],[122.3858925,14.207757700000002],[122.3860394,14.2080425],[122.38658809999998,14.208702999999998],[122.3867699,14.208805300000002],[122.38708849999999,14.208877899999997],[122.38751780000001,14.208795299999998],[122.38771440000001,14.208640299999997],[122.3878131,14.2084133],[122.38786350000001,14.2079111],[122.3881004,14.207630100000001],[122.38820780000002,14.2074124],[122.3881856,14.206679899999997],[122.38835810000002,14.206357399999998],[122.38854519999998,14.206175199999993],[122.3888225,14.206000700000002],[122.3890089,14.2059763],[122.38946280000002,14.206013400000002],[122.3896161,14.205952199999999],[122.3897817,14.205822799999998],[122.39000260000002,14.205751599999997],[122.39018650000001,14.205752099999996],[122.390324,14.2058484],[122.3907261,14.206636199999997],[122.3911164,14.207146599999998],[122.3913406,14.207588699999999],[122.39140700000002,14.2078244],[122.3915293,14.207968299999997],[122.39188310000002,14.208080099999998],[122.3919699,14.2081852],[122.392073,14.208556199999999],[122.3922188,14.208796399999999],[122.3924132,14.208944699999996],[122.3925428,14.208985999999998],[122.39287380000002,14.209008399999997],[122.39295450000002,14.209073199999999],[122.3929824,14.209640199999997],[122.3929527,14.209740599999996],[122.3928496,14.2097906],[122.39245239999998,14.209789599999999],[122.39228310000001,14.2098179],[122.39205459999998,14.209975200000002],[122.3919584,14.210182999999999],[122.3919062,14.210434100000002],[122.39194700000002,14.2105862],[122.39183300000002,14.2108665],[122.39184359999999,14.211128300000002],[122.3917861,14.211630100000004],[122.3917333,14.2118403],[122.39171010000001,14.2122708],[122.391805,14.212695300000002],[122.3919116,14.212945399999999],[122.39222250000002,14.213215799999997],[122.39246560000001,14.213340499999997],[122.3931857,14.213429999999999],[122.39401660000001,14.213575599999999],[122.39446160000001,14.213576700000003],[122.39463089999998,14.213619099999999],[122.39477389999999,14.2137282],[122.3947809,14.213871799999998],[122.39449730000001,14.214229899999996],[122.39429030000001,14.214613299999998],[122.394043,14.2149249],[122.39341870000001,14.2155919],[122.39292579999999,14.2164044],[122.39285650000001,14.217069399999994],[122.39273800000001,14.217375299999997],[122.3923239,14.218168500000003],[122.3921467,14.2183977],[122.39186190000001,14.218530899999998],[122.39158710000001,14.2185876],[122.39114540000001,14.218526],[122.390979,14.218556500000002],[122.3909106,14.218621599999999],[122.39085019999999,14.2190451],[122.3909281,14.2192845],[122.39109430000002,14.2195805],[122.39126040000001,14.2197159],[122.39143220000001,14.219746799999998],[122.39152730000002,14.220299699999995],[122.3919011,14.221191700000002],[122.39236119999998,14.221582],[122.39267760000001,14.221805],[122.39302269999999,14.221693500000002],[122.3931377,14.2213311],[122.3931377,14.220912999999998],[122.39267760000001,14.220216100000004],[122.39267760000001,14.219853699999998],[122.3927926,14.2196028],[122.3928701,14.219533900000004],[122.39330170000001,14.219357499999997],[122.39383159999998,14.219263199999997],[122.39431520000001,14.219111399999997],[122.3949052,14.218765899999998],[122.39514500000001,14.218416500000002],[122.39517530000002,14.218072100000004],[122.3950588,14.2176268],[122.39504519999998,14.217193],[122.39523740000001,14.216852199999998],[122.39542920000001,14.216680499999999],[122.3956511,14.2162217],[122.39591639999999,14.2160501],[122.3961815,14.215950299999998],[122.39640300000002,14.215635099999998],[122.39655160000001,14.2151044],[122.396714,14.214889599999996],[122.3969934,14.214919],[122.39709610000001,14.215048399999999],[122.39722720000002,14.215551099999997],[122.39718970000001,14.2158094],[122.39721130000001,14.216164100000002],[122.39732800000002,14.216355100000001],[122.39762989999998,14.216483399999996],[122.3979985,14.2164633],[122.39841530000001,14.2162232],[122.3985703,14.216058500000003],[122.3986074,14.2159366],[122.3986078,14.2157859],[122.39853480000001,14.215555999999996],[122.39811019999999,14.2147871],[122.3980299,14.214528499999998],[122.39803219999999,14.2136745],[122.3981283,14.213509699999998],[122.39828299999999,14.213395300000004],[122.39847419999998,14.2131015],[122.3987094,14.212240899999998],[122.398735,14.211846300000001],[122.39878470000001,14.2115832],[122.39892,14.211439999999998],[122.39907960000001,14.2113448],[122.3991538,14.2110938],[122.39935500000001,14.210860599999997],[122.3996815,14.210809199999998],[122.39997639999999,14.210677200000001],[122.40003819999998,14.210509899999998],[122.4000029,14.2099118],[122.4001139,14.2096728],[122.40053190000002,14.209267199999998],[122.40074130000002,14.208872999999999],[122.40084100000001,14.208287199999997],[122.4010133,14.2080245],[122.4011731,14.2078813],[122.4013572,14.2077981],[122.40150440000001,14.207774499999998],[122.4017437,14.207877],[122.4020638,14.207931500000003],[122.40235040000002,14.207764699999998],[122.40265820000002,14.207275],[122.402647,14.206856399999998],[122.40251310000001,14.206485299999999],[122.4021081,14.205703599999998],[122.4020802,14.2051294],[122.4019486,14.2048133],[122.4017286,14.2045544],[122.40161149999999,14.204324399999999],[122.40148030000002,14.2038648],[122.4014226,14.203434099999999],[122.4015556,14.203204799999996],[122.4021,14.203206100000001],[122.40237980000002,14.203092],[122.4030877,14.202447900000001],[122.40316170000001,14.202283000000001],[122.4032306,14.202023699999998],[122.4032246,14.201912899999998],[122.4031019,14.201798899999998],[122.4027691,14.2015895],[122.40267260000002,14.201393699999997],[122.40260630000002,14.201107900000002],[122.4029317,14.2002371],[122.4030064,14.1997923],[122.4037895,14.198531199999998],[122.4038195,14.198287300000002],[122.4037616,14.197914],[122.4035851,14.1977757],[122.4035051,14.197618599999998],[122.4034404,14.197299599999997],[122.403469,14.196997500000002],[122.40335550000002,14.196651099999999],[122.4033685,14.196352099999999],[122.4034673,14.196065199999998],[122.403664,14.195874399999997],[122.40408160000001,14.1955883],[122.4047,14.1954167],[122.40530590000002,14.195385699999996],[122.4060263,14.1954578],[122.406225,14.195454199999999],[122.40648530000001,14.195503899999999],[122.4067294,14.1957145],[122.4068873,14.196301000000002],[122.4068974,14.197126299999999],[122.40681050000002,14.197532799999996],[122.40668729999999,14.197759699999999],[122.4061822,14.197883700000002],[122.40599990000001,14.198104899999997],[122.4058885,14.198487399999996],[122.40581329999999,14.199133099999996],[122.4051795,14.200487400000002],[122.40485830000001,14.201436299999997],[122.40423079999998,14.2023553],[122.404073,14.202689799999998],[122.40405180000002,14.2032926],[122.4041678,14.2039244],[122.4043778,14.2043484],[122.40431599999998,14.205182100000002],[122.4047691,14.206331399999998],[122.4046787,14.207134999999997],[122.4041159,14.208554499999996],[122.4038843,14.208947599999998],[122.4038324,14.2092553],[122.40383280000002,14.209903],[122.4037655,14.210362100000001],[122.40369900000002,14.2104338],[122.4034607,14.210509500000002],[122.40318300000001,14.2106711],[122.4030925,14.210868199999998],[122.40298019999999,14.211639399999996],[122.40316469999999,14.212183500000002],[122.4033845,14.2125429],[122.4035755,14.212658199999998],[122.4040169,14.2126449],[122.4041492,14.212702699999996],[122.4042075,14.212903800000001],[122.4041777,14.2130472],[122.40391209999999,14.213333600000002],[122.4036607,14.213820999999998],[122.40342309999998,14.214638600000002],[122.40333440000002,14.214803399999997],[122.4031613,14.214907799999999],[122.40308210000002,14.214851199999995],[122.4026743,14.214062600000002],[122.4023666,14.2135738],[122.40227840000001,14.213544899999999],[122.4016135,14.213824800000001],[122.40131840000001,14.214120099999999],[122.40078609999999,14.2149158],[122.40070899999999,14.215078499999997],[122.4004559,14.216295],[122.40008470000001,14.217571500000002],[122.4000536,14.218217299999996],[122.40017790000002,14.2185393],[122.40033180000002,14.218705999999997],[122.40065530000001,14.218778599999998],[122.4008744,14.218787299999997],[122.40105430000001,14.218728],[122.40128500000002,14.218594100000002],[122.40142600000001,14.218421000000001],[122.40172870000002,14.217924400000001],[122.40190550000001,14.217838699999998],[122.40206740000002,14.217832],[122.4023221,14.217952999999996],[122.4024909,14.217943799999999],[122.40260270000002,14.217855499999999],[122.40273290000002,14.217649900000001],[122.40320910000001,14.2171357],[122.4032866,14.2169265],[122.4032626,14.216514499999997],[122.4033586,14.2163927],[122.4035279,14.2163429],[122.40363849999999,14.216264199999998],[122.40383770000001,14.2160207],[122.40397020000002,14.215992300000002],[122.4040952,14.2160501],[122.4041463,14.216165],[122.40411000000002,14.217107899999998],[122.4041462,14.217337699999996],[122.4043074,14.217610799999997],[122.4043364,14.2177472],[122.40431199999999,14.217961499999998],[122.40415870000001,14.218184500000001],[122.4037604,14.218585399999998],[122.40364209999998,14.2188291],[122.4035824,14.219116099999999],[122.40341979999998,14.219402699999998],[122.4032063,14.2195772],[122.40288240000001,14.2196305],[122.40263690000002,14.219743599999996],[122.40237890000002,14.219958200000002],[122.40218209999999,14.220179],[122.4020589,14.2204239],[122.402052,14.220692999999999],[122.4020883,14.2208725],[122.4022044,14.2210103],[122.4023514,14.221088499999999],[122.4028906,14.2212094],[122.4030542,14.2214325],[122.4031198,14.221589199999997],[122.40309290000002,14.221878699999998],[122.4029729,14.222040699999996],[122.40272120000002,14.2221137],[122.40244129999999,14.222256499999999],[122.4022348,14.2224139],[122.40180130000002,14.222834299999999],[122.401616,14.2233721],[122.4015638,14.223615999999998],[122.40143810000001,14.223852499999998],[122.4013034,14.223917799999999],[122.4011622,14.223891299999995],[122.4007619,14.223614000000001],[122.4006957,14.223613799999999],[122.400504,14.223792700000002],[122.4004139,14.224028200000001],[122.400458,14.224214600000003],[122.4005539,14.2244029],[122.4008178,14.224762399999998],[122.4008394,14.224920299999996],[122.4008169,14.225078099999998],[122.40072840000002,14.225178399999997],[122.40058119999999,14.225178000000001],[122.4004414,14.2252135],[122.40025710000002,14.2253279],[122.4000875,14.225485399999998],[122.39998470000002,14.2255009],[122.39965409999999,14.2252582],[122.3995202,14.225278399999999],[122.3994331,14.2253545],[122.39933619999998,14.225820799999997],[122.3993427,14.226143700000002],[122.39940830000002,14.226380700000002],[122.39970780000002,14.226875299999996],[122.39978460000002,14.227133099999996],[122.3997524,14.227190199999997],[122.39952029999999,14.227294199999998],[122.3991703,14.227514599999996],[122.39904740000001,14.2276399],[122.39877140000002,14.227746799999997],[122.3985811,14.2276881],[122.39799350000001,14.2273741],[122.3974423,14.227157400000001],[122.3965478,14.226927299999995],[122.396369,14.226926799999996],[122.3960915,14.227054799999998],[122.3956949,14.227691500000002],[122.3955611,14.2280995],[122.3955263,14.228348700000002],[122.3954275,14.228623500000001],[122.3952554,14.2288025],[122.3951695,14.2288262],[122.39501010000001,14.228801899999997],[122.3948755,14.228693899999998],[122.3948517,14.228454599999997],[122.39495870000002,14.2278401],[122.39495910000001,14.2276894],[122.3949227,14.2275601],[122.39487140000001,14.227473900000001],[122.3942937,14.2268475],[122.39405650000002,14.226825899999998],[122.3939019,14.226868599999996],[122.39310730000001,14.2268881],[122.3928341,14.227253399999999],[122.39277810000002,14.227587],[122.3924125,14.2281135],[122.3924081,14.228197999999997],[122.39252930000002,14.228443900000002],[122.3925437,14.2285803],[122.3924915,14.228809799999999],[122.39218919999999,14.2291632],[122.3920587,14.229757000000001],[122.39205800000002,14.2300261],[122.392228,14.230648500000001],[122.3921785,14.230821799999996],[122.3920679,14.230899300000003],[122.3919514,14.230928899999999],[122.391724,14.231125699999996],[122.39157060000001,14.231167199999998],[122.39145410000002,14.231172800000001],[122.39141300000001,14.231144],[122.391384,14.2310159],[122.3915167,14.2306886],[122.3915047,14.2305809],[122.3914117,14.230456299999998],[122.3912415,14.2304183],[122.39109430000002,14.230460199999996],[122.39095909999999,14.2305676],[122.3907385,14.230549],[122.39044450000002,14.230416699999996],[122.38998130000002,14.230283599999998],[122.38982059999998,14.230181899999998],[122.3897046,14.2299723],[122.38960660000001,14.2299511],[122.3895085,14.229968799999998],[122.389448,14.230022799999999],[122.3893604,14.2302943],[122.3892959,14.230342],[122.3891886,14.230344699999998],[122.3889343,14.230182399999999],[122.38869180000002,14.230155099999996],[122.38852620000002,14.2301666],[122.3883114,14.230237799999998],[122.3880904,14.230362899999994],[122.3879797,14.230494199999999],[122.3879242,14.2306136],[122.3878554,14.2311098],[122.3877814,14.2312831],[122.3877136,14.231396500000002],[122.38742510000002,14.2315154],[122.3871798,14.2315506],[122.3866533,14.2312862],[122.38648159999998,14.231267799999998],[122.3863031,14.231357299999997],[122.386205,14.2315362],[122.3861802,14.231643800000002],[122.38609420000002,14.231715299999996],[122.38594090000001,14.231714899999998],[122.38570809999999,14.2316665],[122.385555,14.231576400000002],[122.38539579999998,14.231528099999998],[122.3850341,14.231503299999998],[122.38482300000001,14.231551799999998],[122.38467249999998,14.231472400000001],[122.38457790000001,14.2312635],[122.3844709,14.231188999999999],[122.38432680000001,14.231188],[122.3842078,14.231204500000002],[122.3840671,14.2313074],[122.38382360000001,14.231568699999999],[122.3835068,14.2317258],[122.38316839999999,14.2317177],[122.3826978,14.231637599999999],[122.3825063,14.231701699999999],[122.38239559999998,14.231830599999999],[122.38237309999998,14.231995599999998],[122.3823872,14.232232400000001],[122.38257159999999,14.2326337],[122.38268020000001,14.232699699999998],[122.3829156,14.232707399999999],[122.38318,14.2328804],[122.3832306,14.2331963],[122.3832297,14.233519200000002],[122.38312610000001,14.233755800000003],[122.38303750000001,14.233855999999998],[122.382993,14.2339922],[122.38297909999999,14.2341946],[122.38315370000001,14.234444799999999],[122.38346929999999,14.234725499999996],[122.3835055,14.234926499999998],[122.38337240000001,14.235191699999998],[122.3831862,14.2353248],[122.3831079,14.235478999999998],[122.3831322,14.2355628],[122.38323620000001,14.2356648],[122.38327270000002,14.235748600000003],[122.38326620000001,14.2359041],[122.38306960000001,14.236041099999998],[122.38295920000002,14.236046799999999],[122.3828794,14.2360944],[122.38280560000001,14.236183999999998],[122.3828296,14.236381399999999],[122.38292119999998,14.236495199999997],[122.3829393,14.2366149],[122.3828409,14.2367223],[122.3825158,14.2367932],[122.3821418,14.236774299999999],[122.38187799999999,14.236865199999997],[122.3812943,14.237147999999998],[122.38098509999999,14.237373499999999],[122.3808667,14.237638800000001],[122.3808512,14.2378971],[122.38093889999999,14.2381413],[122.3815913,14.239025699999996],[122.38161279999998,14.239212400000001],[122.3815904,14.239341499999998],[122.38128860000002,14.239398099999999],[122.381126,14.2396776],[122.3811256,14.239821099999999],[122.3811983,14.240129899999996],[122.3814324,14.240611300000001],[122.3816965,14.2408919],[122.3819462,14.241093499999998],[122.3824604,14.2413962],[122.3832167,14.241950799999996],[122.38331920000002,14.242116099999999],[122.383444,14.2422097],[122.3835984,14.2422639],[122.3839483,14.242291099999997],[122.38413510000001,14.242157699999998],[122.3841844,14.2420621],[122.3842045,14.241861199999999],[122.3843326,14.241679700000002],[122.3844898,14.241565299999998],[122.3847746,14.241441699999998],[122.38489269999998,14.241327099999998],[122.3849521,14.241116799999999],[122.38494360000001,14.2406479],[122.3849832,14.240494899999998],[122.38516990000001,14.240380599999998],[122.38536609999998,14.240371500000004],[122.3854934,14.240486600000002],[122.38550260000001,14.2407163],[122.38561840000001,14.241415099999998],[122.3856272,14.2417979],[122.3855771,14.2421518],[122.38546830000001,14.242486400000002],[122.3854181,14.242936000000004],[122.3854365,14.243366699999997],[122.3853477,14.2435578],[122.38504920000001,14.243847399999996],[122.3849135,14.244101399999996],[122.38480410000001,14.244892200000002],[122.38487160000001,14.2454844],[122.384969,14.245752499999998],[122.3853698,14.246279899999998],[122.3854967,14.2465003],[122.385506,14.2467012],[122.3854463,14.246988099999998],[122.38544590000001,14.247141200000002],[122.38479060000002,14.2480681],[122.3847355,14.2486933],[122.3848384,14.2490436],[122.3849584,14.249201199999998],[122.38510440000002,14.2495963],[122.3852008,14.250242400000001],[122.3851882,14.250374],[122.3850625,14.250600699999998],[122.38508130000001,14.2507007],[122.38516119999998,14.250815299999998],[122.3851537,14.250890599999998],[122.3851276,14.250991000000003],[122.3850131,14.251170100000001],[122.38500119999999,14.2512972],[122.3851142,14.251841699999998],[122.38532709999998,14.252422299999997],[122.3854265,14.2529223],[122.38534050000001,14.252981799999999],[122.38518129999999,14.252921599999997],[122.3849611,14.252717699999998],[122.38470440000002,14.252394100000002],[122.38426379999999,14.252034699999998],[122.384081,14.2519775],[122.38345,14.2518765],[122.3829261,14.251926799999998],[122.38263549999999,14.252014399999997],[122.3820363,14.252271199999994],[122.3816137,14.2525572],[122.3813968,14.252939299999998],[122.381288,14.253273999999996],[122.38131600000001,14.2538003],[122.38140299999999,14.254279],[122.38153439999999,14.2546671],[122.3816929,14.2549119],[122.38177290000002,14.2554067],[122.3819288,14.255683999999995],[122.3820541,14.255838599999999],[122.3822828,14.255929299999996],[122.3825442,14.255952799999994],[122.3827586,14.256054999999996],[122.3828011,14.256192699999998],[122.38269049999998,14.256258199999998],[122.38236379999998,14.256289499999998],[122.3821393,14.256402600000001],[122.3820138,14.256512899999997],[122.3817998,14.2568815],[122.3817334,14.2570652],[122.3817036,14.257313],[122.3817651,14.257574000000002],[122.3819627,14.257847099999998],[122.38200480000002,14.2581402],[122.38209019999998,14.258289899999996],[122.38244520000002,14.258548],[122.38292350000002,14.2586015],[122.3831479,14.2585474],[122.38333100000001,14.2583735],[122.38345220000001,14.258184899999998],[122.38363640000001,14.2580887],[122.38403519999999,14.2581614],[122.38423,14.2581396],[122.38445480000001,14.257894199999999],[122.3845073,14.25774],[122.3844882,14.2571327],[122.3842836,14.256683900000002],[122.3842149,14.256354],[122.38426400000002,14.255880399999999],[122.38432880000002,14.255596999999996],[122.38445900000002,14.255363799999998],[122.3845807,14.255205599999998],[122.3848184,14.2550847],[122.3850085,14.2550847],[122.3853413,14.255171],[122.38562649999999,14.255314999999998],[122.3859392,14.2556008],[122.3864018,14.255753200000001],[122.38670380000002,14.25594],[122.3871369,14.256027799999998],[122.3873205,14.2561287],[122.3875039,14.2563373],[122.38769510000002,14.2564024],[122.38805249999999,14.2564111],[122.3883962,14.256297100000001],[122.38888500000002,14.257173299999998],[122.3885459,14.2573878],[122.38822190000002,14.257472999999997],[122.3877658,14.2574503],[122.38725839999998,14.2573557],[122.3870301,14.257405399999998],[122.3868975,14.2574625],[122.38663930000001,14.257705799999998],[122.3866242,14.257849299999998],[122.38671229999999,14.25795],[122.3869546,14.258108499999997],[122.3869983,14.258280799999998],[122.38695610000002,14.2591449],[122.387003,14.2593453],[122.3875819,14.2602],[122.3875998,14.2603675],[122.38750100000001,14.260630400000002],[122.38747610000001,14.261306099999999],[122.3873419,14.261614600000003],[122.3870469,14.261862699999996],[122.3869254,14.261896200000002],[122.3866743,14.261804299999998],[122.38626220000002,14.261822399999998],[122.38605609999999,14.261898200000001],[122.38591629999999,14.2620993],[122.3857016,14.2626531],[122.38565290000001,14.262990299999998],[122.3856852,14.263281],[122.3856296,14.263413599999996],[122.3855301,14.2635031],[122.3854343,14.263545899999999],[122.3851106,14.263537899999998],[122.3850332,14.263580799999996],[122.38494089999999,14.263698899999998],[122.38496610000001,14.263878399999998],[122.3851472,14.2641638],[122.38546350000001,14.264454899999999],[122.3854997,14.264670299999999],[122.3854847,14.264785100000001],[122.3853621,14.265102499999996],[122.3852757,14.265247699999996],[122.38472109999998,14.265837099999999],[122.38453349999999,14.266166899999998],[122.38450320000001,14.266468199999998],[122.3845415,14.266571800000001],[122.38476930000002,14.2668505],[122.38476270000001,14.2670179],[122.38447799999999,14.267219000000003],[122.3841674,14.267290300000003],[122.3840196,14.267383699999998],[122.38384130000001,14.267607600000002],[122.38371230000001,14.267696999999998],[122.38347920000001,14.267744199999997],[122.38330880000001,14.267722299999999],[122.3829848,14.267348999999998],[122.38284280000002,14.267248199999997],[122.38239550000002,14.267143399999998],[122.38232820000002,14.267065399999998],[122.382335,14.2668203],[122.3824029,14.266664899999999],[122.3827493,14.266432799999997],[122.3828096,14.266264099999999],[122.38281610000001,14.2661505],[122.3828082,14.266076199999999],[122.3827506,14.265986200000002],[122.3823762,14.2657041],[122.382272,14.2655391],[122.38223910000002,14.2652978],[122.38217419999998,14.265243399999997],[122.381984,14.265220299999998],[122.3817149,14.265411300000002],[122.38139040000002,14.265133899999999],[122.3813329,14.2646879],[122.3813185,14.264158399999998],[122.3811316,14.2637403],[122.38061390000001,14.2634616],[122.37988060000002,14.2634198],[122.3794349,14.263601],[122.3790467,14.263991199999998],[122.37888850000002,14.264437099999997],[122.3784571,14.265356799999998],[122.37829900000001,14.2658864],[122.37827019999999,14.2664159],[122.3784284,14.266722500000002],[122.37850380000002,14.266780999999998],[122.3787878,14.267265899999998],[122.37898909999998,14.2674192],[122.37893679999999,14.2675398],[122.378811,14.2675756],[122.3786871,14.2675636],[122.3787813,14.2677657]],[[122.3846087,14.258795799999998],[122.3843362,14.258916700000002],[122.38415880000001,14.2591534],[122.3840626,14.259354099999998],[122.38412090000001,14.259583899999999],[122.38485299999999,14.260934999999998],[122.38523250000001,14.261438399999996],[122.3854971,14.261466299999999],[122.38582320000002,14.261324999999998],[122.38602940000001,14.261268100000004],[122.38630990000001,14.2609674],[122.3865021,14.260609099999998],[122.38666600000002,14.259891900000001],[122.38659370000002,14.259403700000002],[122.38634440000001,14.259087299999997],[122.385977,14.258885399999999],[122.38532980000001,14.258783299999996],[122.3846087,14.258795799999998]],[[122.38175760000001,14.2438606],[122.38158549999999,14.244015700000002],[122.3815841,14.2445539],[122.38171809999999,14.2448652],[122.38193850000002,14.244997399999999],[122.3821433,14.2449979],[122.3823314,14.244794999999998],[122.38238109999999,14.2445679],[122.38227160000001,14.2442327],[122.38211280000002,14.244005100000003],[122.38189260000001,14.243837000000001],[122.38175760000001,14.2438606]],[[122.383695,14.2438895],[122.3834488,14.244235799999998],[122.3833743,14.244594400000002],[122.38353319999999,14.244786199999997],[122.3836963,14.244778199999997],[122.38384019999998,14.2446195],[122.3839878,14.2444405],[122.38407440000002,14.244177599999999],[122.38400130000001,14.244009899999996],[122.38384220000002,14.243889899999997],[122.383695,14.2438895]],[[122.3900627,14.228928500000004],[122.39008200000002,14.2290529],[122.3902092,14.229158499999999],[122.39056190000001,14.2293508],[122.3906106,14.229456099999998],[122.3906004,14.229609199999999],[122.3905019,14.229762099999999],[122.390472,14.2299438],[122.39050099999999,14.230106499999998],[122.3906478,14.2302122],[122.3908341,14.230250900000001],[122.39099120000002,14.230184300000001],[122.3911684,14.2299551],[122.39140430000002,14.229773900000001],[122.39142440000002,14.229601700000003],[122.3913365,14.2294867],[122.39099360000002,14.229313599999998],[122.39090590000002,14.229102800000001],[122.39102179999999,14.228596200000004],[122.39097620000001,14.228481100000002],[122.3906725,14.228336699999998],[122.39056489999999,14.2282216],[122.39036890000001,14.228135],[122.39019230000001,14.228163300000002],[122.3900744,14.228220400000001],[122.389976,14.228344500000004],[122.38997499999999,14.228717699999999],[122.3900627,14.228928500000004]],[[122.39615429999999,14.225271899999996],[122.39691850000001,14.2256183],[122.39746790000001,14.225600600000002],[122.3979845,14.225522300000002],[122.39843039999998,14.2251437],[122.3989429,14.224226399999996],[122.39935629999998,14.223691600000002],[122.3994551,14.223443],[122.39951939999999,14.223030200000002],[122.3994376,14.222639199999996],[122.3990465,14.222140699999999],[122.39875229999998,14.222101599999998],[122.39814370000002,14.222272399999996],[122.3976141,14.2222519],[122.3972414,14.2222318],[122.3969868,14.222058899999997],[122.3965947,14.221943099999999],[122.3962415,14.221999599999998],[122.39606429999999,14.2222097],[122.3959457,14.222553899999994],[122.39580770000002,14.222802300000001],[122.3954536,14.223165],[122.39480480000002,14.223699199999999],[122.3943523,14.224176499999997],[122.39421379999999,14.2246163],[122.39433050000001,14.224980199999996],[122.39452639999999,14.225095599999998],[122.3948598,14.2251538],[122.39552720000002,14.2250215],[122.3958214,14.2250414],[122.39601729999998,14.2251376],[122.39615429999999,14.225271899999996]],[[122.3872507,14.2095137],[122.386809,14.209620199999998],[122.3865021,14.2097749],[122.38626829999998,14.210097299999997],[122.38615710000002,14.210396],[122.3861319,14.210671100000003],[122.38619269999998,14.210826699999998],[122.3865843,14.211102800000003],[122.3866821,14.211222699999999],[122.3868904,14.2113119],[122.38704970000002,14.211295399999996],[122.3872729,14.2111726],[122.38739389999999,14.2109733],[122.38757820000001,14.2108183],[122.3879467,14.210592000000002],[122.3881679,14.210401199999996],[122.3882176,14.2101382],[122.3881201,14.2099346],[122.38780190000001,14.2097065],[122.3876674,14.209562599999998],[122.3874837,14.209502299999999],[122.3872507,14.2095137]]],[[[122.36406409999998,14.247266199999995],[122.3641134,14.2475432],[122.36425920000002,14.2476686],[122.3643963,14.247745499999995],[122.36488670000001,14.247785099999996],[122.3654745,14.2480928],[122.3655278,14.2482901],[122.36531630000002,14.248532599999997],[122.3647473,14.248531099999997],[122.36435500000002,14.2484918],[122.3641002,14.248395400000001],[122.3638653,14.2481843],[122.36368959999999,14.2478776],[122.3634353,14.2476281],[122.3632405,14.247508699999997],[122.3627885,14.2473776],[122.36198129999998,14.2473262],[122.3618078,14.247241000000002],[122.3615926,14.247049099999998],[122.36128310000001,14.2469334],[122.35987470000002,14.246967899999998],[122.36012940000002,14.2464373],[122.3602899,14.2459708],[122.36045629999998,14.2457001],[122.36135350000002,14.245199099999999],[122.361817,14.245049299999996],[122.3619417,14.244813200000001],[122.3619533,14.244484100000003],[122.3625646,14.2432433],[122.3635874,14.241682500000003],[122.3637362,14.241363399999997],[122.36391450000002,14.241202099999999],[122.36408680000001,14.2411906],[122.3641343,14.241150299999996],[122.3641997,14.2411445],[122.3642294,14.241184800000001],[122.3642472,14.241996899999998],[122.36429479999998,14.2422273],[122.36435770000001,14.242349300000003],[122.36457790000001,14.2424449],[122.3648233,14.242407300000002],[122.3649311,14.242445899999996],[122.36504210000001,14.242511400000001],[122.3650669,14.2427226],[122.3649749,14.2428815],[122.36433010000002,14.2433629],[122.36395569999999,14.243955099999997],[122.3637776,14.2444714],[122.3637566,14.244968899999998],[122.36391229999998,14.245447699999998],[122.3643582,14.245836500000001],[122.3648934,14.245917200000001],[122.365645,14.245879299999997],[122.365934,14.245721300000001],[122.3661133,14.2456922],[122.3661968,14.245714299999998],[122.36629169999999,14.245815800000004],[122.3663392,14.246084599999998],[122.36631690000002,14.2461886],[122.366088,14.246475099999998],[122.3656531,14.2467682],[122.36532530000001,14.246889300000001],[122.36522599999999,14.246888999999998],[122.3648307,14.2467707],[122.3644775,14.246769700000002],[122.3642055,14.246901500000002],[122.36406409999998,14.247266199999995]]],[[[122.31358340000001,14.105369599999998],[122.3114395,14.104659999999999],[122.310675,14.104028100000003],[122.31040580000001,14.103561899999999],[122.31011450000001,14.102693699999998],[122.31031799999998,14.100810099999995],[122.31031520000002,14.099051599999996],[122.3100235,14.0982279],[122.3097897,14.097748800000002],[122.3089908,14.096895099999998],[122.3085485,14.0956364],[122.3083115,14.094440499999997],[122.30809779999998,14.0940304],[122.3079605,14.093480100000003],[122.30776980000002,14.092920299999998],[122.30739209999999,14.092114899999999],[122.3070781,14.090982299999999],[122.3068114,14.090730099999998],[122.3062822,14.0903569],[122.3049944,14.0897353],[122.30446560000001,14.089532899999998],[122.3038181,14.0893766],[122.30297970000001,14.0889846],[122.30282060000002,14.088889400000001],[122.3025207,14.0884005],[122.3023987,14.0873203],[122.30228800000002,14.086980399999996],[122.30202019999999,14.084798000000001],[122.30204869999999,14.083810399999999],[122.30211139999999,14.0833441],[122.3023335,14.082854299999996],[122.30271379999999,14.0827119],[122.3026749,14.083417499999998],[122.3026863,14.0836926],[122.30278319999998,14.0840637],[122.30292970000002,14.0842435],[122.3031375,14.0843996],[122.3032595,14.0845794],[122.3033081,14.084734999999997],[122.3031967,14.0850935],[122.30324480000002,14.0853807],[122.3035283,14.085696799999997],[122.3037109,14.085744499999997],[122.3038477,14.0856965],[122.30405370000001,14.085347200000001],[122.3042623,14.0852641],[122.30444619999999,14.0852407],[122.30464210000001,14.0852771],[122.3047289,14.085533700000001],[122.30457420000002,14.086036099999998],[122.3045737,14.086148300000001],[122.3046356,14.0863028],[122.3048966,14.0864875],[122.304909,14.087088299999998],[122.304942,14.0873444],[122.30507400000002,14.087632600000001],[122.30570119999999,14.0881448],[122.3060643,14.0883689],[122.30639429999998,14.088497],[122.3071535,14.0889452],[122.3078797,14.0890092],[122.3084408,14.0890092],[122.3090679,14.0892333],[122.30976109999999,14.089265300000001],[122.3102892,14.089329299999998],[122.31052019999998,14.089457399999997],[122.3109823,14.089937600000003],[122.3112134,14.090705999999997],[122.3120765,14.090825],[122.3122824,14.0908256],[122.31263490000002,14.0909701],[122.312825,14.0913295],[122.31311779999999,14.091545099999998],[122.31364610000001,14.0917525],[122.3138124,14.091925299999998],[122.3140798,14.0923403],[122.3143252,14.092967899999996],[122.3144292,14.0936235],[122.3151482,14.0941256],[122.3161259,14.0941535],[122.3166723,14.094041899999999],[122.3169311,14.0939582],[122.3173912,14.093902400000001],[122.318435,14.0939024],[122.3192048,14.093976999999999],[122.3200188,14.0939367],[122.3203575,14.093936699999999],[122.32064270000001,14.0939713],[122.32111810000002,14.093953999999998],[122.32153859999998,14.093818],[122.32207029999998,14.093735100000004],[122.3227271,14.093736899999996],[122.3230211,14.093785599999999],[122.3232071,14.093862699999999],[122.32371669999999,14.093940599999998],[122.32401100000001,14.0938745],[122.3242074,14.0937411],[122.3244634,14.093378199999998],[122.32470860000001,14.0933406],[122.32490510000001,14.093197599999998],[122.3251608,14.092920799999996],[122.3256709,14.092797900000003],[122.3261612,14.092770500000002],[122.3266421,14.092570900000002],[122.326946,14.0925814],[122.327279,14.0926875],[122.3274852,14.092601999999996],[122.3277309,14.092382599999997],[122.32802560000002,14.0922154],[122.3287378,14.092236799999998],[122.3291153,14.0920295],[122.3293605,14.092022700000001],[122.3294243,14.0919818],[122.32950690000001,14.091824899999999],[122.32954170000001,14.091671900000001],[122.32971879999998,14.091452299999998],[122.3299162,14.090983999999999],[122.3300294,14.090836],[122.33020620000002,14.0907408],[122.3303825,14.0907891],[122.3305976,14.090961999999998],[122.3307251,14.0909767],[122.33090200000001,14.090923899999998],[122.33129000000001,14.0908851],[122.3314533,14.090941299999997],[122.3315639,14.091002799999998],[122.33190080000001,14.091328599999999],[122.33220920000001,14.091444200000002],[122.3329006,14.091374399999998],[122.3330923,14.091174],[122.333255,14.090858700000002],[122.3333149,14.0904856],[122.3335373,14.0902374],[122.3337716,14.090207000000001],[122.3339332,14.090257699999999],[122.33421190000001,14.0904881],[122.33454949999998,14.090704299999997],[122.3346852,14.090696899999994],[122.3348466,14.09077],[122.33514370000002,14.090834],[122.3352427,14.0909301],[122.3353087,14.091250200000001],[122.3353087,14.0913783],[122.3352427,14.091506299999999],[122.3351076,14.091944999999999],[122.33519120000001,14.091959599999997],[122.33523109999999,14.092040600000002],[122.33519470000002,14.0922811],[122.3351352,14.0924383],[122.3350164,14.092570800000003],[122.33482030000002,14.0926803],[122.3340419,14.092945399999994],[122.3336288,14.093268199999997],[122.33359229999999,14.093427100000001],[122.33329529999999,14.0936833],[122.33329529999999,14.0941499],[122.33348619999998,14.094149900000001],[122.3334806,14.094210699999998],[122.33333160000001,14.094411],[122.33314160000002,14.094461],[122.3327432,14.094933500000002],[122.3324194,14.0950187],[122.3315936,14.094902900000001],[122.3313901,14.095001500000002],[122.3310287,14.0953588],[122.330952,14.0956752],[122.331083,14.095817399999998],[122.3316078,14.0959925],[122.33196010000002,14.096208799999998],[122.33228240000001,14.096611600000001],[122.33244690000001,14.097131600000003],[122.33259209999999,14.0972677],[122.3332219,14.097325400000003],[122.33330510000002,14.097509799999994],[122.33325429999998,14.0976575],[122.33296050000001,14.097751799999998],[122.3327347,14.097936200000001],[122.33260850000002,14.098134399999998],[122.33256740000002,14.0988453],[122.3323453,14.0993829],[122.33234480000002,14.099550399999996],[122.33247860000002,14.099897599999998],[122.33280869999999,14.100161699999996],[122.33282060000002,14.100269399999998],[122.3328937,14.1004131],[122.33323620000002,14.1006413],[122.33329710000001,14.100773],[122.33329619999999,14.101071999999997],[122.33335700000002,14.1012277],[122.3336017,14.101383900000002],[122.3338834,14.101432500000001],[122.3340056,14.1015644],[122.3340578,14.1016376],[122.33410320000002,14.102004999999998],[122.3340104,14.102293899999996],[122.3338088,14.102470699999998],[122.3335493,14.102555899999999],[122.3333164,14.102567199999998],[122.3330716,14.102458899999998],[122.3329,14.102458399999998],[122.332777,14.102625499999998],[122.3326903,14.1029482],[122.3327872,14.1033313],[122.3329729,14.103794099999998],[122.3331584,14.104081699999997],[122.33322579999998,14.104483699999998],[122.33342109999998,14.104761799999997],[122.33364609999998,14.104925099999997],[122.33380230000002,14.1051647],[122.33378199999999,14.105423000000002],[122.3336243,14.1056809],[122.3333588,14.1059673],[122.33316189999998,14.106263399999998],[122.3331989,14.106738700000001],[122.33302080000001,14.1073597],[122.332992,14.1077223],[122.333107,14.108098800000002],[122.3335096,14.108754200000002],[122.3337402,14.1092371],[122.3337329,14.1097271],[122.3339207,14.110220200000002],[122.3341795,14.110332899999996],[122.33422830000002,14.1104],[122.3342129,14.110594],[122.334539,14.110834599999999],[122.33506060000002,14.1108425],[122.33530930000002,14.1108047],[122.33549300000001,14.1108291],[122.33567650000002,14.110973200000002],[122.335861,14.111213],[122.3360407,14.111271999999996],[122.336308,14.111300599999998],[122.3365183,14.111227700000002],[122.33687789999999,14.110833],[122.3369618,14.1106284],[122.33734950000002,14.1102451],[122.33822580000002,14.1096746],[122.338499,14.109437499999999],[122.33874340000001,14.109088900000001],[122.3387578,14.1089076],[122.33911730000001,14.1081685],[122.339146,14.1078338],[122.33893040000001,14.107485199999996],[122.3386284,14.107387599999997],[122.338499,14.1074852],[122.338101,14.108051399999999],[122.3377322,14.108147200000001],[122.3375411,14.108073],[122.3371043,14.107206299999998],[122.33700540000001,14.107084899999998],[122.33699079999998,14.106918799999995],[122.337145,14.1066083],[122.3374389,14.106272200000001],[122.3375134,14.1059136],[122.33751390000002,14.1057461],[122.3373796,14.105566299999998],[122.3371594,14.105458100000002],[122.33719689999998,14.105195099999998],[122.33738139999998,14.1049563],[122.3375172,14.104597899999998],[122.33751870000002,14.1040955],[122.33759310000002,14.103784800000001],[122.33781520000001,14.1032591],[122.3388845,14.102193499999998],[122.33894530000002,14.101843],[122.3388788,14.101682599999998],[122.3386075,14.1014624],[122.33825440000001,14.101416699999998],[122.3378866,14.101458700000002],[122.3373713,14.1016726],[122.33715,14.101901599999998],[122.3366919,14.102661099999999],[122.3363977,14.102703400000001],[122.3361772,14.1026597],[122.33611910000002,14.102415499999998],[122.3361352,14.1019276],[122.3362836,14.101482999999998],[122.3363941,14.1010042],[122.3364029,14.1007303],[122.3363452,14.1005215],[122.3361104,14.1003486],[122.3357284,14.100232799999997],[122.3353986,14.099996199999996],[122.3351717,14.0994992],[122.3348637,14.0992257],[122.33471749999998,14.0989095],[122.3347334,14.098522],[122.3349112,14.0980488],[122.33542399999999,14.097609799999999],[122.335522,14.0974673],[122.33551759999999,14.0973306],[122.335284,14.0970992],[122.33517460000002,14.096799899999997],[122.3351073,14.096284399999998],[122.3348828,14.0960097],[122.3348427,14.095911599999999],[122.33496970000002,14.0956272],[122.33560780000002,14.095329899999998],[122.3358657,14.0951273],[122.33604980000001,14.095043999999996],[122.33629470000001,14.0949664],[122.336584,14.094992900000003],[122.33665,14.095135400000002],[122.33666180000002,14.095272999999999],[122.3365429,14.0961578],[122.33657270000002,14.0964552],[122.33625590000001,14.0973331],[122.3362847,14.098337100000002],[122.3366873,14.098895],[122.33742519999998,14.099470500000002],[122.33750070000002,14.099967899999998],[122.3376257,14.100151899999998],[122.3379489,14.100267599999999],[122.338302,14.100211099999997],[122.3385381,14.099924699999999],[122.33922020000001,14.0982081],[122.33917670000001,14.097919799999994],[122.33900840000001,14.097751499999998],[122.3389402,14.097598200000002],[122.3388433,14.097196099999998],[122.33884360000002,14.0970813],[122.3387562,14.096822700000002],[122.338541,14.0966307],[122.3384043,14.096448500000001],[122.3384051,14.0961806],[122.33851330000002,14.0960565],[122.33871919999999,14.0960379],[122.33901800000001,14.096129599999994],[122.3392126,14.096126999999997],[122.33931709999999,14.0960683],[122.3394253,14.095963299999998],[122.3395633,14.095695799999996],[122.3397015,14.095351699999997],[122.3398501,14.0948354],[122.34001700000002,14.094740099999997],[122.34019340000002,14.0947598],[122.34051540000002,14.095306100000004],[122.3405537,14.095602799999998],[122.340424,14.096001799999998],[122.340542,14.0962726],[122.3407673,14.096349699999998],[122.34102240000001,14.0962835],[122.3414552,14.095767899999998],[122.34164250000002,14.095404799999997],[122.34174090000002,14.095299799999998],[122.3419371,14.095252499999999],[122.34217269999999,14.0951383],[122.3422125,14.0949375],[122.3421252,14.094611899999999],[122.3419691,14.094343599999997],[122.3417439,14.094119599999997],[122.34099180000001,14.093708200000002],[122.3407277,14.0934778],[122.3407138,14.0932051],[122.34084690000002,14.092932700000002],[122.3410238,14.092789699999999],[122.3412428,14.092677200000002],[122.34149370000002,14.092477599999997],[122.3418066,14.0916005],[122.3417981,14.091451999999997],[122.3415428,14.091283999999998],[122.3399263,14.0909064],[122.3396033,14.090733299999997],[122.3393689,14.0904169],[122.3392519,14.090215599999999],[122.3392527,14.0899142],[122.33969600000002,14.089197800000003],[122.33974740000001,14.088839],[122.3395996,14.088521899999998],[122.339023,14.088004599999996],[122.3388479,14.087786599999998],[122.3389272,14.086967599999998],[122.3390478,14.086811300000003],[122.3395192,14.086539799999999],[122.3399751,14.086498],[122.3402249,14.0865705],[122.340386,14.086814900000002],[122.3404295,14.087001599999999],[122.34066510000001,14.0873326],[122.3411485,14.087563399999999],[122.341707,14.087650999999997],[122.34192679999998,14.087938699999999],[122.342073,14.088211800000002],[122.3423348,14.0892172],[122.342382,14.089758599999998],[122.3425329,14.0899185],[122.3430501,14.090190699999999],[122.34333080000002,14.090282899999997],[122.3436643,14.0902663],[122.3439012,14.090217999999998],[122.34441339999998,14.089969799999999],[122.34468069999998,14.089687699999999],[122.34481929999998,14.089467999999998],[122.344879,14.089166699999998],[122.3448211,14.088836499999998],[122.344469,14.0885341],[122.34389610000001,14.088331600000002],[122.3437789,14.088173400000004],[122.3437795,14.087972399999996],[122.3438536,14.087757300000002],[122.344043,14.0874933],[122.34471060000001,14.0868458],[122.3451884,14.0868292],[122.3454713,14.087704299999997],[122.3458662,14.0884805],[122.34626180000001,14.088955200000001],[122.3463636,14.0893717],[122.34636310000002,14.0895439],[122.34658280000001,14.089860299999998],[122.3469207,14.0899617],[122.3472298,14.0898477],[122.3475548,14.089331899999998],[122.3475419,14.0887147],[122.34748470000001,14.088125999999999],[122.3472364,14.087536899999998],[122.34689929999999,14.0871484],[122.3465481,14.086530299999998],[122.34651940000002,14.0862862],[122.34614059999998,14.085823200000002],[122.34601870000002,14.085583600000001],[122.34586150000001,14.084829699999997],[122.34586249999998,14.084506700000004],[122.34598549999998,14.084327599999998],[122.34619360000002,14.0844],[122.34640120000002,14.0846756],[122.34649829999998,14.0849749],[122.34687710000001,14.085382599999999],[122.34712199999998,14.085431099999994],[122.3473551,14.085336100000001],[122.34752810000002,14.0848103],[122.34783620000002,14.0842011],[122.3478736,14.083997899999998],[122.34787440000001,14.083710800000004],[122.3479991,14.082945599999999],[122.34806100000002,14.0827305],[122.34827,14.082491800000001],[122.3485032,14.0823489],[122.3489936,14.082254599999999],[122.34907960000001,14.082171099999998],[122.3491169,14.0819798],[122.34909340000002,14.0816209],[122.3490383,14.081512499999997],[122.349147,14.081365599999996],[122.3502033,14.0813656],[122.35083040000002,14.0815897],[122.3511935,14.081909900000001],[122.3512925,14.082069999999998],[122.35165560000002,14.082390100000001],[122.35172159999999,14.082646299999999],[122.35172159999999,14.083350599999996],[122.35168859999999,14.083574699999998],[122.35155660000001,14.0837988],[122.3512516,14.0840354],[122.3509618,14.083926699999997],[122.3507859,14.0838153],[122.3504361,14.083694399999999],[122.3502375,14.083683699999998],[122.3501589,14.083740899999999],[122.35000129999999,14.084027499999998],[122.35019480000001,14.0849084],[122.35050740000001,14.085291999999999],[122.3507813,14.085522300000001],[122.3514018,14.085715699999998],[122.351977,14.0860181],[122.35252089999999,14.086491999999998],[122.35280179999998,14.086839600000001],[122.35296160000001,14.087193300000003],[122.35297059999999,14.087808899999999],[122.352797,14.088526099999997],[122.3527221,14.089028300000003],[122.35274730000002,14.0892981],[122.35288630000001,14.089471300000001],[122.35294209999999,14.0894974],[122.353405,14.0895294],[122.35353700000002,14.0896255],[122.35380110000001,14.089753500000002],[122.35409810000002,14.0902017],[122.3544612,14.0903618],[122.3543952,14.090393799999998],[122.35429619999998,14.0903938],[122.35390009999999,14.0907033],[122.35390009999999,14.091162199999998],[122.35403210000001,14.091642399999998],[122.35396610000001,14.091898500000001],[122.35398830000001,14.092017199999999],[122.35388410000002,14.092131999999998],[122.35380470000001,14.0923953],[122.3538111,14.0924967],[122.3539374,14.092613899999996],[122.3540598,14.092668],[122.35456850000001,14.092619099999999],[122.3549514,14.092419200000002],[122.35513070000002,14.0924197],[122.35527239999999,14.092584200000001],[122.3552884,14.0928794],[122.35521350000002,14.0933529],[122.355109,14.093898000000001],[122.3548717,14.094614999999997],[122.3546338,14.0955723],[122.3546782,14.095767199999997],[122.354839,14.0960147],[122.35501460000002,14.096093800000002],[122.35516170000001,14.0960942],[122.35533840000001,14.096008499999996],[122.3555009,14.095750600000002],[122.3557811,14.0954643],[122.35617850000001,14.095350499999995],[122.35659009999999,14.095394699999998],[122.35665999999999,14.0956707],[122.35635259999998,14.096183499999999],[122.35616070000002,14.096441299999999],[122.35602730000001,14.096799799999998],[122.35598230000001,14.097115499999997],[122.35589319999998,14.097445299999999],[122.3557454,14.0977177],[122.3557298,14.098019],[122.35596780000002,14.098310999999999],[122.3562216,14.0983289],[122.35642020000002,14.0982792],[122.3568786,14.097855299999999],[122.3571724,14.097491799999998],[122.35755590000001,14.097090999999999],[122.35791059999998,14.0964747],[122.3581771,14.095800800000001],[122.3584431,14.0953422],[122.35862000000002,14.095184799999998],[122.35882599999998,14.095171],[122.3589724,14.095401099999998],[122.35928070000001,14.095559799999998],[122.3595013,14.095560300000002],[122.3597516,14.0954605],[122.3599289,14.095173899999999],[122.3601204,14.095030900000001],[122.3605911,14.0949891],[122.36095850000001,14.0950762],[122.3610913,14.095134999999999],[122.3613035,14.095324900000003],[122.361591,14.0959385],[122.3617348,14.097277299999998],[122.3617348,14.097629900000001],[122.36167109999998,14.097948699999996],[122.36164310000001,14.0985348],[122.36149940000001,14.098874099999998],[122.3612412,14.099167599999998],[122.3611962,14.099512000000004],[122.36123930000001,14.099856600000003],[122.3614149,14.100172799999998],[122.3620281,14.1004134],[122.36386600000002,14.100561799999998],[122.36411559999999,14.100634199999998],[122.3655187,14.1015905],[122.3657497,14.102102699999998],[122.36644290000001,14.1038954],[122.36654190000002,14.1047918],[122.36650890000001,14.1054],[122.3663438,14.1059442],[122.3659147,14.106488400000002],[122.3652216,14.107736899999999],[122.3652216,14.108057000000002],[122.3650896,14.108633200000002],[122.3649427,14.108989199999996],[122.3648007,14.1090893],[122.3645037,14.1095055],[122.36377750000001,14.110049700000003],[122.3636785,14.110241800000002],[122.36364549999999,14.1105299],[122.36331540000002,14.110946],[122.36305140000002,14.1111701],[122.3626883,14.111874299999998],[122.3627873,14.112322499999998],[122.3629193,14.1127386],[122.36308440000002,14.113026699999999],[122.3634122,14.1131539],[122.36364720000002,14.113537200000001],[122.36377660000001,14.1140253],[122.36381650000001,14.114704899999998],[122.363791,14.115294200000001],[122.3637164,14.1157592],[122.3637047,14.116144899999997],[122.3642798,14.117497499999997],[122.3643086,14.1177903],[122.3644955,14.118236499999998],[122.3646507,14.118806099999999],[122.3646687,14.118980700000002],[122.3646357,14.119524899999996],[122.3646357,14.120837299999998],[122.3645037,14.121253399999999],[122.3646687,14.121893599999998],[122.36493280000002,14.122437799999998],[122.3649988,14.1229499],[122.3649819,14.123244399999999],[122.36474470000002,14.123822699999998],[122.36439049999998,14.124261900000002],[122.3639768,14.124566300000001],[122.36385319999998,14.124732099999997],[122.36382189999999,14.124941800000002],[122.36347,14.125281600000001],[122.3633912,14.125425899999998],[122.3632935,14.125814399999998],[122.3632545,14.125871899999998],[122.362898,14.1260256],[122.3628247,14.126116099999997],[122.36282439999998,14.126238199999998],[122.3629516,14.126327],[122.363334,14.126328],[122.3635116,14.126374500000002],[122.36383900000001,14.1262863],[122.36436349999998,14.1263116],[122.36454020000001,14.1262451],[122.36479519999999,14.126216999999999],[122.36488330000002,14.126274699999998],[122.3648434,14.126513800000001],[122.36460740000001,14.126761900000004],[122.36438110000002,14.127058000000002],[122.3642016,14.1274108],[122.36410270000002,14.127707100000002],[122.36412159999999,14.1279751],[122.3645996,14.128837599999999],[122.36461820000001,14.129220299999997],[122.36446030000002,14.129574],[122.36423410000002,14.129802999999999],[122.36396929999998,14.1298502],[122.36366530000001,14.129839799999997],[122.3634004,14.1298965],[122.36328240000002,14.130030199999998],[122.36320320000002,14.1303074],[122.36317239999998,14.130795399999998],[122.36310329999999,14.1309674],[122.36300489999999,14.131081999999997],[122.36295540000002,14.131254099999998],[122.3630236,14.131436100000002],[122.3631758,14.131577099999998],[122.36323530000001,14.131585700000002],[122.36343840000002,14.131467699999998],[122.36371360000001,14.131229199999998],[122.36375260000001,14.131296299999997],[122.3637155,14.1314206],[122.363494,14.1317405],[122.3634341,14.1318887],[122.36343369999999,14.132030400000001],[122.3634725,14.132183599999998],[122.36366820000002,14.1323468],[122.363913,14.132452699999998],[122.36420500000001,14.132390499999998],[122.3645661,14.131640699999998],[122.36533070000002,14.130561499999999],[122.36547920000001,14.1300667],[122.36556860000002,14.129629200000002],[122.365672,14.1294644],[122.36601719999999,14.129254799999996],[122.3664808,14.129178199999998],[122.367041,14.129044599999999],[122.36712909999999,14.129102299999994],[122.36711709999999,14.129254499999996],[122.3669846,14.1295659],[122.36699460000001,14.129862599999996],[122.36709600000002,14.1300914],[122.36729520000002,14.130200699999998],[122.36749380000002,14.1301941],[122.3676926,14.130094099999999],[122.36805379999998,14.129779299999997],[122.36822299999999,14.129751],[122.36839939999999,14.1297802],[122.36848000000002,14.1299168],[122.3684871,14.130010100000002],[122.36855950000002,14.130147900000004],[122.36879300000001,14.130305799999999],[122.3689267,14.1305361],[122.3692567,14.130760199999997],[122.3692897,14.130952200000003],[122.3692897,14.1316564],[122.3687427,14.132146999999996],[122.3684869,14.132099499999999],[122.3682012,14.1322519],[122.36790069999999,14.132598],[122.36787070000001,14.1329936],[122.3680167,14.133367099999997],[122.3678838,14.133553399999998],[122.36745720000002,14.1335953],[122.3672069,14.133666399999997],[122.3666903,14.134353999999998],[122.36651280000001,14.134712400000002],[122.3660998,14.1351132],[122.36521280000001,14.135591599999998],[122.3647358,14.1356156],[122.3643713,14.1355873],[122.36368750000001,14.135477799999999],[122.3632225,14.135372300000004],[122.3630311,14.1354364],[122.362847,14.135529199999999],[122.36272170000001,14.135629299999996],[122.36256860000002,14.1359398],[122.3624684,14.136071599999998],[122.36231300000001,14.1362362],[122.3620777,14.136375699999997],[122.3619771,14.1365443],[122.3619391,14.1367324],[122.3619441,14.137083199999994],[122.3620551,14.1373069],[122.36210570000001,14.1376228],[122.3620755,14.137895399999996],[122.3620237,14.138038799999995],[122.3620306,14.138196699999996],[122.3621406,14.138318999999997],[122.3622875,14.138369599999997],[122.3626433,14.138204100000001],[122.3629965,14.138153799999998],[122.36315559999998,14.138210899999999],[122.36338810000001,14.138408400000001],[122.36357410000001,14.1384855],[122.36380960000001,14.1384574],[122.3639765,14.138352599999996],[122.3642021,14.1383244],[122.36429020000001,14.1384108],[122.3643487,14.1385258],[122.3643761,14.1392244],[122.3644539,14.139463800000001],[122.3649322,14.1402593],[122.36495090000001,14.140594199999999],[122.364723,14.1414357],[122.36451589999999,14.141875299999999],[122.3643486,14.142085399999996],[122.364113,14.142161300000001],[122.36395620000002,14.142160900000002],[122.36359380000002,14.1420068],[122.36318289999998,14.1416612],[122.3629678,14.141421500000002],[122.3627132,14.1412964],[122.3622033,14.141294999999996],[122.36207600000002,14.141246899999999],[122.3619202,14.1408541],[122.3619013,14.1405861],[122.3617852,14.1403686],[122.361583,14.140236999999997],[122.36140100000001,14.1399624],[122.3609719,14.140346499999998],[122.36110390000002,14.1410187],[122.3606088,14.142683],[122.36057580000002,14.1437713],[122.3604768,14.144795499999999],[122.36031180000002,14.1455636],[122.35968460000001,14.146395800000002],[122.35948659999998,14.1467158],[122.35918950000001,14.147548000000002],[122.3592887,14.148125399999998],[122.35921320000001,14.148594799999998],[122.3592938,14.1486955],[122.35938939999998,14.148717300000001],[122.35952190000002,14.148667400000003],[122.3597359,14.148424],[122.36014110000002,14.148173899999994],[122.36032510000001,14.148109799999997],[122.3605383,14.1481247],[122.36062629999999,14.148225399999996],[122.36072170000001,14.148421899999997],[122.36103,14.148499199999998],[122.3611327,14.1486143],[122.3612193,14.148817099999999],[122.36138930000001,14.148880500000002],[122.3616835,14.148888399999999],[122.36185250000001,14.1489391],[122.3619651,14.1492073],[122.3619241,14.149649799999997],[122.36187200000002,14.1498793],[122.36176109999998,14.1500871],[122.3615914,14.150251700000002],[122.3611462,14.150343900000003],[122.36082130000001,14.1505399],[122.36071100000001,14.150641399999998],[122.3606358,14.150834299999998],[122.36060090000001,14.151096399999998],[122.36055370000001,14.1512322],[122.36027500000002,14.151575899999994],[122.36008810000001,14.151752400000001],[122.35984210000001,14.152086699999998],[122.3594198,14.152440100000002],[122.3592575,14.1524918],[122.35893870000001,14.152505299999996],[122.358556,14.152619099999999],[122.3580742,14.1530723],[122.35789190000001,14.153349800000003],[122.35775780000002,14.1539949],[122.3578038,14.155085800000002],[122.3579693,14.1554882],[122.3581647,14.155766199999999],[122.358282,14.155881299999999],[122.3582913,14.156082299999998],[122.3581929,14.1561968],[122.35797700000002,14.156253699999997],[122.3570849,14.1561652],[122.35645770000002,14.15602],[122.35635030000002,14.1558474],[122.3563118,14.1556081],[122.3563667,14.1551569],[122.3563317,14.154650100000001],[122.35627210000001,14.1544603],[122.356061,14.154114699999997],[122.3557889,14.154028700000001],[122.35549,14.154037800000001],[122.35538700000001,14.154066299999998],[122.3552911,14.154166500000002],[122.3552758,14.154353],[122.3553784,14.154504],[122.35539950000002,14.154841399999999],[122.35508900000002,14.1554146],[122.35507160000002,14.1563691],[122.3550856,14.156620300000002],[122.35514370000001,14.156864499999998],[122.3551061,14.1571586],[122.35500290000002,14.157258799999996],[122.35486340000001,14.157150799999998],[122.3546955,14.1567054],[122.35448300000002,14.1564464],[122.3542774,14.156331099999997],[122.35400539999999,14.1562657],[122.3538171,14.156315700000002],[122.3537473,14.1564088],[122.3537043,14.156554199999999],[122.35373140000002,14.156761999999997],[122.3538193,14.157054699999998],[122.3538237,14.1574826],[122.35385920000002,14.157571599999999],[122.35391390000001,14.1576554],[122.3540056,14.1577214],[122.35434830000001,14.157913699999998],[122.3546011,14.158015000000002],[122.3552069,14.1592708],[122.35555200000002,14.1617525],[122.3556958,14.1625611],[122.3560409,14.163146600000001],[122.35618470000001,14.163509099999997],[122.35618470000001,14.164010999999999],[122.35632849999999,14.1643735],[122.35646389999998,14.1644485],[122.35650180000002,14.164512299999998],[122.3566629,14.1645775],[122.35692370000001,14.1645448],[122.3571378,14.164482000000001],[122.357322,14.164389200000002],[122.3576238,14.164097500000002],[122.3577504,14.163751599999998],[122.35778860000002,14.163454699999996],[122.35783909999999,14.163314699999995],[122.3579038,14.163268],[122.3581068,14.163315700000002],[122.3582221,14.163386899999999],[122.35870050000001,14.1632877],[122.35893569999999,14.163338499999998],[122.3590679,14.163389099999998],[122.3593543,14.1635693],[122.35948899999998,14.163559499999998],[122.35962609999999,14.163825399999999],[122.3592905,14.164457099999998],[122.3591281,14.164974499999996],[122.35906040000002,14.165098399999998],[122.35845650000002,14.165907],[122.35808270000001,14.166297399999998],[122.3577951,14.1670223],[122.3576792,14.1675738],[122.35738750000002,14.1678393],[122.3572218,14.167916600000002],[122.35665159999999,14.167968900000002],[122.35652890000001,14.167998400000002],[122.3562159,14.168159099999999],[122.35611780000002,14.1681767],[122.3559095,14.1681343],[122.3557873,14.168008399999996],[122.35578750000002,14.167924700000004],[122.35586160000001,14.167733500000002],[122.3558624,14.1674584],[122.35578309999998,14.1673087],[122.35548609999998,14.1670112],[122.3541601,14.166457099999999],[122.3529473,14.166202599999998],[122.35107330000001,14.1656593],[122.3492,14.164864799999998],[122.3486418,14.1645425],[122.3483113,14.163962199999999],[122.3481803,14.163488199999996],[122.3481814,14.163100600000002],[122.34827040000002,14.162828200000002],[122.34831549999998,14.1624982],[122.34830190000001,14.162124999999996],[122.34834750000002,14.161608399999999],[122.34846339999999,14.1612289],[122.3486429,14.160950099999999],[122.3491518,14.160463500000002],[122.3491964,14.160305699999995],[122.3491676,14.1595894],[122.3489189,14.1592466],[122.34878820000002,14.1592052],[122.3486038,14.159206100000002],[122.3483681,14.159298799999998],[122.3481769,14.1593126],[122.347934,14.159249500000001],[122.3478164,14.1592661],[122.34762629999999,14.159356599999997],[122.3475514,14.1594329],[122.3474257,14.159669399999999],[122.3473287,14.160128399999998],[122.3471736,14.1603577],[122.34690080000001,14.160600900000002],[122.3465557,14.160832199999998],[122.34587690000001,14.1610553],[122.345276,14.161125499999997],[122.34493410000002,14.161276599999999],[122.34424080000001,14.1614596],[122.3438584,14.1614371],[122.3436379,14.161393399999998],[122.34347629999999,14.161313999999999],[122.343403,14.161227699999992],[122.3433741,14.161069699999999],[122.34346250000002,14.160991],[122.34374189999998,14.161027699999998],[122.3439392,14.161003299999999],[122.34402710000002,14.1609603],[122.3445761,14.1605127],[122.3446898,14.160394300000002],[122.34516960000002,14.159704699999999],[122.3451842,14.1594992],[122.34510010000001,14.159339599999996],[122.34482769999998,14.159151499999998],[122.3446565,14.159162199999999],[122.3444967,14.159305300000002],[122.34429420000001,14.1594004],[122.3439517,14.159671899999998],[122.3438705,14.159793699999996],[122.34378209999998,14.159843699999998],[122.34370859999999,14.159814799999998],[122.34367220000001,14.159706999999996],[122.34370200000001,14.159556400000001],[122.34370010000002,14.159267199999999],[122.3436027,14.159015799999999],[122.3432728,14.158668000000002],[122.34291760000002,14.158425399999999],[122.34281390000001,14.158430400000002],[122.34242,14.158668199999997],[122.3421881,14.1590526],[122.34206410000002,14.1595187],[122.3418425,14.159876900000002],[122.34177420000002,14.160163799999998],[122.34146589999999,14.1610984],[122.34139650000002,14.161514300000002],[122.3414069,14.1621363],[122.3414788,14.162734599999999],[122.3414585,14.1633237],[122.341523,14.164397299999996],[122.3416082,14.1646008],[122.34169230000002,14.165211099999999],[122.3416161,14.1661079],[122.3417013,14.166335399999996],[122.34193380000002,14.1664796],[122.3429388,14.1665421],[122.34352190000001,14.1664677],[122.3439508,14.166648699999996],[122.34422400000001,14.166923299999999],[122.3443513,14.167261700000001],[122.3446201,14.167573399999997],[122.34485860000001,14.167762599999998],[122.3454889,14.168138],[122.3455742,14.168305599999997],[122.34558489999999,14.168855900000002],[122.34548590000001,14.169178499999996],[122.3454483,14.1694416],[122.34531300000002,14.169608700000001],[122.34511650000002,14.169739699999996],[122.34439089999998,14.169912299999998],[122.34422099999999,14.170217100000002],[122.3442046,14.170409899999997],[122.34437289999998,14.170627399999997],[122.34483120000002,14.1710671],[122.34503620000001,14.1714217],[122.3451231,14.171890799999998],[122.345093,14.172120299999998],[122.34494460000002,14.172579200000001],[122.34485580000002,14.172751199999999],[122.3444525,14.173171100000001],[122.3443735,14.173381399999998],[122.3443525,14.1738598],[122.3442737,14.173974399999999],[122.3440969,14.174088799999996],[122.34377420000001,14.1742332],[122.3434483,14.174527099999999],[122.34316340000001,14.174717699999999],[122.3429635,14.1750078],[122.342904,14.175222900000001],[122.34290329999999,14.1754525],[122.3429982,14.175725499999995],[122.3431591,14.176034500000002],[122.34316550000001,14.176379],[122.34309899999998,14.1764721],[122.34270130000002,14.176643299999999],[122.3425833,14.1767721],[122.3425976,14.176901400000002],[122.3427336,14.1771879],[122.34314630000002,14.177547899999999],[122.34344249999998,14.177726599999998],[122.3436609,14.177966],[122.3439485,14.178133299999999],[122.3443655,14.178188999999998],[122.34476500000001,14.178179699999998],[122.3451195,14.1784117],[122.3455814,14.179039599999998],[122.3457687,14.179134699999999],[122.34609190000002,14.179272],[122.34644500000002,14.179287300000002],[122.3467393,14.179259399999996],[122.3473938,14.1792971],[122.3475263,14.179247199999999],[122.3479541,14.1788321],[122.3481978,14.178488299999998],[122.34825750000002,14.1781871],[122.34832420000001,14.178014999999998],[122.3484571,14.177843100000002],[122.3484795,14.1777355],[122.3484434,14.1774843],[122.3484374,14.1770249],[122.34853350000002,14.176838599999998],[122.3485048,14.1766161],[122.34840930000001,14.1765584],[122.34805620000002,14.176557399999998],[122.34762269999999,14.176419900000003],[122.34722430000001,14.1764009],[122.3471509,14.176346800000001],[122.3470837,14.176262900000001],[122.3470717,14.1761732],[122.3471089,14.1760358],[122.3472337,14.1758557],[122.34727589999999,14.175503900000002],[122.34719669999998,14.1753363],[122.347105,14.1752463],[122.34701320000002,14.175204200000001],[122.34687230000002,14.1751919],[122.3465043,14.1752566],[122.34643070000001,14.175286300000002],[122.3462063,14.175513],[122.34608479999999,14.175574899999999],[122.34599470000002,14.175566200000002],[122.3459458,14.1755183],[122.3459094,14.175392599999999],[122.34597740000001,14.175177499999997],[122.34610640000001,14.175100099999998],[122.34617410000001,14.1749926],[122.34620120000001,14.174730699999998],[122.3460729,14.174568899999999],[122.3458767,14.1744132],[122.3458893,14.174334700000001],[122.3459727,14.174257700000002],[122.3464608,14.173977899999999],[122.34702020000002,14.173399300000002],[122.3471799,14.173274199999998],[122.34735779999998,14.173232799999997],[122.34750920000002,14.173244],[122.34762540000001,14.173322],[122.34770520000001,14.173435800000002],[122.34782199999998,14.173462000000002],[122.3478925,14.1734294],[122.3480074,14.173270399999998],[122.3482171,14.1728225],[122.34832170000001,14.172679199999997],[122.3484629,14.172595900000003],[122.3486663,14.172365399999999],[122.3487129,14.172217799999999],[122.3487472,14.171789300000002],[122.3488386,14.171592699999998],[122.34900459999999,14.1714137],[122.34915169999998,14.1714141],[122.3493902,14.1716121],[122.34959830000001,14.171726300000001],[122.35003960000002,14.171745500000002],[122.3503833,14.171573000000002],[122.35055680000002,14.171341099999998],[122.3506132,14.171180599999996],[122.3505085,14.170658299999998],[122.35054579999999,14.170461000000003],[122.35065059999998,14.170263999999998],[122.35121180000002,14.1698268],[122.35162260000001,14.169855199999999],[122.35188660000001,14.1700792],[122.35191960000002,14.170239299999997],[122.3520517,14.1703673],[122.3523157,14.170783299999998],[122.35234870000001,14.171135299999996],[122.35243020000001,14.171510299999998],[122.352242,14.172168400000002],[122.3520434,14.173028999999998],[122.35193259999998,14.173184200000001],[122.35173639999998,14.173219600000001],[122.3516015,14.1732132],[122.35130520000001,14.173101199999998],[122.3511141,14.173064799999997],[122.3509522,14.173071499999995],[122.3508784,14.173171799999999],[122.3508337,14.173358299999997],[122.35081970000002,14.173608999999999],[122.3507578,14.173689699999999],[122.35046440000002,14.1738955],[122.35038320000001,14.174024500000002],[122.3503827,14.174189499999995],[122.35043390000001,14.174275800000002],[122.3510599,14.1747338],[122.3513048,14.174830099999996],[122.35158680000002,14.174806999999998],[122.3517833,14.174675899999997],[122.35185720000001,14.174556500000001],[122.3519555,14.1744671],[122.3520978,14.174394299999996],[122.35221309999999,14.174437899999997],[122.35223610000001,14.1745288],[122.3521999,14.1747488],[122.3521988,14.175143500000003],[122.3522843,14.1752634],[122.3525171,14.1752999],[122.35291000000001,14.175061699999999],[122.35338910000002,14.174704200000003],[122.3537436,14.1742323],[122.3538442,14.174167199999998],[122.3540157,14.174215499999999],[122.3541475,14.174384599999996],[122.3542228,14.1748447],[122.35414799999998,14.175136799999999],[122.3540004,14.175291899999998],[122.35375510000001,14.175339099999999],[122.3536322,14.1754464],[122.3536194,14.175661699999996],[122.35386410000001,14.175817800000003],[122.35419499999999,14.175830699999999],[122.35453850000002,14.175759899999997],[122.3547594,14.1756648],[122.3550169,14.1756415],[122.3551393,14.175725599999996],[122.3552488,14.1760129],[122.35544460000001,14.176145],[122.3556653,14.1761217],[122.35577589999998,14.1760144],[122.3559115,14.175763500000002],[122.35591230000001,14.175476499999997],[122.3558029,14.175129299999996],[122.3559138,14.174926299999996],[122.356147,14.1748552],[122.3562939,14.174903399999996],[122.35646520000002,14.175035399999999],[122.3566857,14.175083899999999],[122.3568563,14.175455099999999],[122.35730680000002,14.176025899999999],[122.35776170000001,14.176421800000002],[122.3578866,14.176458000000002],[122.35810739999998,14.176408399999996],[122.3582401,14.1763226],[122.3583507,14.176208100000002],[122.3584102,14.1759786],[122.3586015,14.175964799999997],[122.35894649999999,14.176202500000002],[122.35916700000001,14.176281999999999],[122.3594318,14.176282799999996],[122.35961580000001,14.1762402],[122.3597411,14.176147199999999],[122.3598518,14.175996799999998],[122.36000640000002,14.175954199999998],[122.36016070000001,14.1760192],[122.36022660000002,14.176105500000004],[122.36033680000001,14.1761703],[122.36050590000002,14.176192299999999],[122.36056450000001,14.176264199999999],[122.36052,14.1764005],[122.3602914,14.176622300000002],[122.36028,14.1767479],[122.3603181,14.176924199999997],[122.36043,14.177038999999999],[122.3605842,14.177103999999996],[122.3607681,14.177104399999997],[122.3610406,14.176983200000002],[122.3613795,14.176775999999998],[122.3618208,14.176784299999998],[122.3621746,14.176541200000003],[122.3622628,14.176548699999998],[122.3622919,14.176656399999997],[122.3622839,14.176893199999999],[122.36232030000001,14.177029599999996],[122.36243909999999,14.177124199999996],[122.3627759,14.1771959],[122.36296680000001,14.1773328],[122.36306940000001,14.177447899999999],[122.36314980000002,14.1776203],[122.36317840000001,14.178019900000002],[122.36293809999998,14.178609699999997],[122.36294050000001,14.178874199999997],[122.36298239999999,14.179010100000001],[122.36305509999998,14.179110199999998],[122.3633672,14.179290400000001],[122.3633915,14.179368299999998],[122.3633851,14.179463899999996],[122.3632988,14.179625199999998],[122.36309849999999,14.179733499999998],[122.3628619,14.180149899999998],[122.36251650000001,14.180254],[122.3623833,14.180246699999998],[122.36211980000002,14.1802985],[122.36212220000002,14.180448499999997],[122.3622382,14.180600099999998],[122.3626248,14.180846999999998],[122.3626634,14.181095900000003],[122.36256380000002,14.181631399999999],[122.3625914,14.1822822],[122.3627273,14.182789699999997],[122.36250390000001,14.183090299999998],[122.3624273,14.183389700000001],[122.3624945,14.1836728],[122.3625973,14.1838175],[122.3627749,14.183889399999998],[122.36287050000001,14.1838969],[122.3629585,14.183976],[122.3629729,14.1840837],[122.3628989,14.1842486],[122.3627882,14.184384599999998],[122.36277800000002,14.184497599999997],[122.36284910000002,14.184629399999999],[122.3629271,14.1846864],[122.36311830000001,14.184694099999998],[122.3635967,14.1845949],[122.36384679999999,14.184602799999999],[122.36396809999998,14.1846174],[122.36429500000001,14.1847762],[122.3645154,14.184891599999998],[122.3646401,14.185013900000001],[122.3647203,14.185258099999999],[122.36485939999999,14.185488199999998],[122.364903,14.185681999999998],[122.3650648,14.185675299999998],[122.3652415,14.185625500000002],[122.36549959999999,14.1854037],[122.36553419999998,14.185197300000002],[122.3656822,14.184868799999997],[122.36590370000002,14.1845584],[122.3661092,14.184147099999999],[122.36632299999998,14.183975400000001],[122.36650680000001,14.183983099999999],[122.36660229999998,14.184040699999999],[122.36665350000001,14.1841341],[122.36677949999999,14.1846161],[122.36691400000001,14.184766999999999],[122.3670113,14.184823800000004],[122.3670305,14.184962],[122.3669648,14.1851671],[122.3668756,14.1856677],[122.366848,14.186278999999999],[122.36673569999999,14.186316],[122.3664049,14.1862577],[122.3662504,14.1862789],[122.3661105,14.186335900000001],[122.3658361,14.1866149],[122.3655091,14.186757700000001],[122.3653333,14.1868833],[122.36517340000002,14.187074200000003],[122.36508260000001,14.187447800000001],[122.365116,14.1878814],[122.36523170000001,14.188162799999999],[122.3653495,14.188369699999997],[122.36554339999999,14.188504500000002],[122.36569640000002,14.188570699999996],[122.36626020000001,14.1886081],[122.36656649999999,14.188680699999997],[122.3667776,14.1888397],[122.3670564,14.1888614],[122.36741230000001,14.188730699999999],[122.36776150000001,14.1884851],[122.36803180000001,14.188378799999999],[122.3682959,14.188410099999999],[122.36838160000002,14.188446200000001],[122.3685405,14.188637999999996],[122.3689444,14.188878299999999],[122.36906159999998,14.1890667],[122.36899790000001,14.189464499999996],[122.36902820000002,14.189608099999997],[122.3691258,14.1897639],[122.36919880000002,14.189955499999998],[122.3691678,14.1900454],[122.3690452,14.190104600000002],[122.36892859999999,14.190146099999998],[122.3686834,14.190145500000002],[122.3684629,14.190097000000002],[122.3681568,14.189928799999997],[122.3678627,14.189880199999998],[122.3672799,14.189924099999999],[122.3671156,14.1898635],[122.3670006,14.189668799999998],[122.36688879999998,14.189620399999999],[122.3666327,14.189586600000002],[122.36577860000001,14.1898627],[122.36553329999998,14.189909300000002],[122.36534960000002,14.189861599999999],[122.36518910000001,14.189693700000001],[122.36512600000002,14.189348900000002],[122.36491070000001,14.1892607],[122.36433739999998,14.189376899999997],[122.36406289999998,14.1893571],[122.36342130000001,14.188931799999999],[122.3631409,14.1889105],[122.3628818,14.189053700000002],[122.3624329,14.189518399999999],[122.3623336,14.189781600000002],[122.3621272,14.189938999999997],[122.3617369,14.190088599999997],[122.3615824,14.190095399999999],[122.36142799999999,14.190059099999997],[122.3610076,14.1896906],[122.36077490000001,14.189572899999998],[122.3605717,14.1895987],[122.36037349999998,14.189690299999997],[122.36026659999999,14.1897689],[122.3592706,14.190283699999998],[122.35909559999999,14.190296899999996],[122.3586988,14.1901379],[122.35855940000002,14.190001199999998],[122.35844240000002,14.1897784],[122.35848380000002,14.189516499999998],[122.3583932,14.189456399999997],[122.3580577,14.1894893],[122.357877,14.189660600000002],[122.35789129999999,14.1900645],[122.35783190000001,14.190272399999998],[122.35783130000002,14.1905021],[122.3578566,14.190663599999999],[122.35794770000001,14.190897600000001],[122.3580652,14.191026600000002],[122.35822670000002,14.191127499999999],[122.3586241,14.191064],[122.3588231,14.1909282],[122.35898250000001,14.190899799999997],[122.3592275,14.1909867],[122.3593817,14.1910875],[122.3595362,14.1910808],[122.3597277,14.190987999999999],[122.35989,14.190837699999998],[122.3604351,14.190537800000001],[122.36063380000002,14.190509599999995],[122.3608323,14.190560299999998],[122.361023,14.190747399999996],[122.3610962,14.190862500000001],[122.36108110000002,14.191005999999996],[122.36079340000002,14.191299400000002],[122.36065310000001,14.1914928],[122.36054149999998,14.191937500000002],[122.3604357,14.192203699999999],[122.36037879999999,14.192274300000001],[122.36020930000001,14.192374299999999],[122.35953030000002,14.193161999999997],[122.35926239999999,14.19341],[122.3590412,14.193581700000001],[122.35846229999999,14.193851700000002],[122.35832510000002,14.1939507],[122.3581125,14.194250199999999],[122.35800070000002,14.194763000000002],[122.3580099,14.194903399999998],[122.35812029999998,14.195046199999998],[122.3582278,14.195115299999996],[122.3583969,14.195130100000002],[122.3584629,14.195201999999998],[122.35845530000002,14.1952953],[122.3583294,14.1955748],[122.3583066,14.195833099999996],[122.35842710000001,14.196107100000004],[122.35851120000001,14.1961896],[122.35869560000002,14.196226599999997],[122.3589356,14.196154700000001],[122.3591662,14.196013899999999],[122.3594231,14.195773699999998],[122.359564,14.195491100000002],[122.3596848,14.1951221],[122.35975890000002,14.194765399999996],[122.3603483,14.194460799999998],[122.3608986,14.194132899999998],[122.360998,14.194090100000002],[122.36129819999998,14.1940838],[122.3615215,14.193988000000001],[122.36164760000001,14.193861599999998],[122.36202620000002,14.1933607],[122.3623349,14.193271099999999],[122.36260949999999,14.193088899999996],[122.3628175,14.1929027],[122.3631255,14.192389199999997],[122.3635757,14.191941399999997],[122.36372800000001,14.191739],[122.3638938,14.1916437],[122.3640164,14.1916381],[122.36405409999999,14.191659199999998],[122.3641852,14.1919104],[122.36428,14.1920003],[122.36453719999999,14.192093699999997],[122.36468680000002,14.192288499999998],[122.3649273,14.1923974],[122.3650056,14.192537200000002],[122.3651232,14.192603899999996],[122.365123,14.1926726],[122.36509160000001,14.1928132],[122.3650053,14.1929651],[122.3649208,14.192981],[122.36425819999998,14.192846799999998],[122.3639885,14.192851999999998],[122.3638412,14.1929174],[122.3637424,14.193150399999999],[122.3637362,14.193227499999999],[122.363796,14.1933761],[122.36396830000001,14.1935098],[122.3639558,14.193581599999998],[122.3637047,14.193704200000003],[122.3633606,14.193807199999998],[122.36322540000002,14.1938966],[122.3631638,14.194015999999998],[122.3631695,14.1941775],[122.3632244,14.194255400000001],[122.3632241,14.194374999999999],[122.3631685,14.194518400000002],[122.3631896,14.1946043],[122.3632486,14.194717099999998],[122.36350630000001,14.194876899999999],[122.3636039,14.195058999999999],[122.3635529,14.195766899999997],[122.3636112,14.195967999999999],[122.36369910000002,14.1960927],[122.3639441,14.1961603],[122.36407800000002,14.196164599999998],[122.36431089999999,14.196089400000002],[122.3650377,14.195520700000001],[122.36525089999999,14.195321700000001],[122.3654767,14.195255300000001],[122.365891,14.195276299999996],[122.3660438,14.1951369],[122.3663021,14.194683399999999],[122.36646900000001,14.194616899999998],[122.36659640000002,14.194674600000003],[122.36666430000001,14.1949523],[122.3668306,14.195115399999999],[122.36700690000002,14.195182799999996],[122.3670753,14.1952883],[122.36707500000001,14.195403099999998],[122.3668388,14.195679999999998],[122.3667298,14.196081599999998],[122.3666608,14.196215299999999],[122.3663956,14.196358200000002],[122.36605160000002,14.196606],[122.3655798,14.1969588],[122.3654225,14.1971115],[122.3651868,14.197196999999997],[122.3645963,14.197193800000003],[122.36446090000001,14.197242899999999],[122.36423470000001,14.1974624],[122.36408680000001,14.1977299],[122.3640258,14.198144899999999],[122.36417560000001,14.1988737],[122.3643375,14.199120999999996],[122.36459440000002,14.199315399999996],[122.36484410000001,14.199452499999998],[122.3651371,14.1995277],[122.36535529999999,14.1994861],[122.3654548,14.199396699999998],[122.36562419999998,14.199339699999996],[122.365786,14.199361699999999],[122.3659329,14.199441000000002],[122.366102,14.199477299999998],[122.3663082,14.199391699999994],[122.3665141,14.199399499999998],[122.366705,14.199514800000001],[122.3668149,14.199673],[122.3667998,14.199845199999999],[122.3667185,14.1999741],[122.3663024,14.200151899999998],[122.3662157,14.2002488],[122.36612880000001,14.2004121],[122.36614290000001,14.2006113],[122.366231,14.2006761],[122.36652000000001,14.2007645],[122.3668637,14.200736799999998],[122.36729160000002,14.200592099999998],[122.36744550000002,14.2004066],[122.36756349999999,14.200328000000003],[122.3676368,14.200399999999998],[122.3677388,14.2007447],[122.3677385,14.200866699999999],[122.3676867,14.200988599999999],[122.3673912,14.201188599999998],[122.3673252,14.201353599999997],[122.367349,14.2015775],[122.3674859,14.201773900000003],[122.3677944,14.2019362],[122.3679636,14.2019438],[122.36812300000001,14.2018241],[122.3683299,14.2014898],[122.3686645,14.201098299999998],[122.36891000000001,14.2009746],[122.3695084,14.200957000000002],[122.36962619999998,14.200909499999996],[122.3698883,14.200762700000002],[122.37038790000001,14.200342199999998],[122.3704733,14.200309599999999],[122.3706725,14.200304600000003],[122.3710664,14.2003654],[122.37128490000002,14.2005048],[122.3717642,14.2010012],[122.3720187,14.2010883],[122.37225679999999,14.201052899999997],[122.3726374,14.200898300000002],[122.37288260000001,14.200898900000002],[122.3736172,14.2012549],[122.37397989999998,14.201322799999996],[122.37411699999998,14.201399699999994],[122.37422460000002,14.2015148],[122.37421440000001,14.201648799999994],[122.3740276,14.201830099999999],[122.37374279999999,14.2019633],[122.37329420000002,14.202332800000002],[122.37308370000001,14.202660099999997],[122.3728702,14.202925499999997],[122.3725332,14.2031275],[122.37240890000001,14.203239199999999],[122.37224180000001,14.2035697],[122.37223309999999,14.203725200000001],[122.3722777,14.2038645],[122.37214189999999,14.2039033],[122.37198460000002,14.2038887],[122.37171400000001,14.2037665],[122.3715473,14.203765999999998],[122.37139030000002,14.2037943],[122.37124270000001,14.2039566],[122.3712455,14.204092299999997],[122.3713977,14.2042408],[122.37192769999999,14.204522899999999],[122.3720157,14.204647599999998],[122.37199570000001,14.204762299999997],[122.3718579,14.204953400000003],[122.3717007,14.205039100000002],[122.371024,14.2050181],[122.370887,14.204893399999996],[122.3706434,14.204309099999996],[122.3704283,14.2040597],[122.369948,14.203862199999998],[122.3690515,14.203803799999998],[122.36882129999998,14.203889099999996],[122.36869460000001,14.2040459],[122.3686818,14.2042752],[122.3686228,14.2043612],[122.3684855,14.2043321],[122.36841709999999,14.204264900000004],[122.36812520000001,14.204202799999997],[122.36804830000001,14.204208],[122.3678658,14.204405000000001],[122.3677961,14.204572500000001],[122.36778750000002,14.2047486],[122.3681886,14.2053073],[122.3681781,14.205546499999999],[122.36790340000002,14.205574499999997],[122.36755549999998,14.2054444],[122.3672666,14.2051302],[122.3671016,14.204668100000001],[122.3670672,14.204176399999998],[122.36710419999999,14.203735199999997],[122.36704389999998,14.203661199999997],[122.3665825,14.203681999999997],[122.3659424,14.2035742],[122.3655882,14.2035787],[122.3655061,14.2034822],[122.36540180000001,14.2022236],[122.3653602,14.2021067],[122.36492779999999,14.201812900000002],[122.3648764,14.201666799999998],[122.3648768,14.201523299999998],[122.3649632,14.201332099999998],[122.36497090000002,14.2011101],[122.3649122,14.201020200000002],[122.3647888,14.2009302],[122.36465500000001,14.2009298],[122.36427220000002,14.201058],[122.3639475,14.201340699999998],[122.3638664,14.201473200000002],[122.3637849,14.2016882],[122.36359140000002,14.2024915],[122.36347330000001,14.2026347],[122.36319369999998,14.202662699999998],[122.36294370000002,14.2026046],[122.3624995,14.202660199999999],[122.3622044,14.202958399999998],[122.36198219999999,14.2034841],[122.36194430000002,14.203890700000002],[122.3622355,14.204967899999998],[122.36247900000001,14.205602500000001],[122.3626489,14.206213],[122.3626463,14.207157899999999],[122.3624617,14.207384599999996],[122.362106,14.207455500000002],[122.3619593,14.207299599999999],[122.3615563,14.206712399999999],[122.36148290000001,14.2066524],[122.36127449999998,14.206651900000002],[122.3611515,14.206783099999999],[122.3609789,14.207117499999999],[122.3607457,14.207212599999998],[122.3604888,14.2070325],[122.3602803,14.2070439],[122.3601572,14.207211],[122.36011980000002,14.2074382],[122.3599726,14.207449799999997],[122.35967860000001,14.2073892],[122.35940860000001,14.207472199999998],[122.35911369999998,14.207710599999999],[122.3589659,14.207937499999996],[122.35891620000001,14.208164600000002],[122.35863090000001,14.208478699999999],[122.35827740000002,14.208621299999997],[122.3579979,14.2086062],[122.3574981,14.208461399999997],[122.35726090000001,14.208450700000002],[122.3568056,14.2089077],[122.356263,14.209324099999998],[122.35582710000001,14.209826799999998],[122.3556542,14.210150099999998],[122.35552,14.210781199999998],[122.3553424,14.211125200000001],[122.3551949,14.2112684],[122.35493,14.211281999999997],[122.35470890000002,14.2114536],[122.3545906,14.2116399],[122.35457549999998,14.2117977],[122.3547514,14.212013500000001],[122.3547951,14.212185899999998],[122.35477940000001,14.212515900000001],[122.3546172,14.212644699999997],[122.35441110000001,14.212687200000001],[122.3541021,14.212686400000003],[122.35336660000002,14.212627],[122.3528958,14.212625700000002],[122.3527784,14.212539199999998],[122.35269190000001,14.211907500000002],[122.352398,14.211763199999998],[122.35220730000002,14.2115904],[122.35168179999998,14.2101106],[122.3506851,14.208773099999998],[122.35039130000001,14.208614400000002],[122.34987640000001,14.2086274],[122.3493168,14.208783700000001],[122.34891520000001,14.2091464],[122.34843519999998,14.2101152],[122.34813989999999,14.210449299999997],[122.34794370000002,14.210458300000003],[122.34775310000002,14.210243499999999],[122.34761360000002,14.2102431],[122.34751,14.2103433],[122.34728069999998,14.210801900000002],[122.34729389999998,14.211333],[122.3473538,14.211700299999995],[122.34745410000001,14.211944999999996],[122.3477473,14.2122672],[122.3479862,14.212469699999996],[122.34832740000002,14.2126348],[122.34858460000001,14.2127288],[122.3491653,14.2127629],[122.3495097,14.213241600000002],[122.3495973,14.213485799999997],[122.34961120000001,14.213772899999999],[122.34955150000002,14.214045499999996],[122.3495949,14.214332600000002],[122.34952099999998,14.2144329],[122.3493002,14.214489699999998],[122.3483882,14.214401099999998],[122.3482701,14.214544299999998],[122.34815160000001,14.214816700000002],[122.3480909,14.215462399999998],[122.34818969999999,14.215814200000002],[122.34841269999998,14.216109200000002],[122.34946930000001,14.2170737],[122.3500707,14.2177356],[122.3504224,14.218238900000001],[122.3505537,14.2186124],[122.3508024,14.219129799999997],[122.35088960000002,14.219503200000002],[122.35091789999998,14.219876499999994],[122.35068150000001,14.220234699999999],[122.3502609,14.220671800000002],[122.3500024,14.221039000000001],[122.34974080000002,14.2216267],[122.34956359999998,14.221836799999998],[122.34917040000002,14.222132300000004],[122.34897489999999,14.2224391],[122.3489531,14.222638899999998],[122.3489722,14.222820699999998],[122.3491092,14.222935899999998],[122.34956740000001,14.223071400000002],[122.3497068,14.223222600000001],[122.3497257,14.223473499999997],[122.34963559999998,14.224104699999998],[122.34969379999998,14.224334600000002],[122.3497818,14.22444],[122.350027,14.224440699999999],[122.35027249999999,14.224336100000002],[122.3504695,14.2240687],[122.35078400000002,14.223849499999998],[122.3514125,14.2235929],[122.35187349999998,14.223603699999998],[122.3523148,14.223662299999997],[122.3525302,14.223796800000002],[122.3526462,14.223837100000003],[122.3528048,14.223802399999999],[122.3528567,14.223777299999997],[122.3532761,14.223302],[122.3535019,14.2231695],[122.3550052,14.222679899999996],[122.3553974,14.222651099999998],[122.35565289999998,14.222702999999997],[122.3550944,14.222743299999998],[122.35422679999999,14.223042799999998],[122.3535494,14.223353799999998],[122.3532583,14.223624499999996],[122.35311319999998,14.224122999999995],[122.35281259999998,14.224500899999999],[122.35260280000001,14.224667799999999],[122.35234600000001,14.224643800000003],[122.35219450000001,14.2245519],[122.35200880000001,14.224321699999999],[122.3518229,14.224148999999999],[122.3516267,14.224148399999999],[122.3514304,14.2241862],[122.3509472,14.2240362],[122.35077359999998,14.2240696],[122.3506749,14.224251099999998],[122.3506645,14.224480699999997],[122.35061489999998,14.224681499999999],[122.35059370000002,14.225207700000002],[122.35048520000001,14.225427499999999],[122.35038680000001,14.225532500000002],[122.3503584,14.2258901],[122.35017950000001,14.225991299999999],[122.3497869,14.226066699999997],[122.3492374,14.226122600000002],[122.34904150000001,14.2260456],[122.3488949,14.225853799999998],[122.34869010000001,14.225422599999998],[122.3484832,14.2251707],[122.3484071,14.224914699999998],[122.3484076,14.224752100000002],[122.34850620000002,14.2245705],[122.3486636,14.224408299999999],[122.3488503,14.224124300000001],[122.3489637,14.2238312],[122.3489636,14.223719399999998],[122.34890619999999,14.223623099999998],[122.3488278,14.2235811],[122.348029,14.223382699999997],[122.3479703,14.223305999999997],[122.3479121,14.223095300000002],[122.3479126,14.222903999999998],[122.3480311,14.222636399999997],[122.3483261,14.222388399999998],[122.3483932,14.222075199999997],[122.34853360000001,14.2218459],[122.34863640000002,14.2217236],[122.3488065,14.221624199999999],[122.34906819999999,14.221527599999996],[122.3491629,14.221338099999997],[122.3491341,14.221108399999999],[122.3490365,14.220916700000002],[122.3489093,14.220811099999999],[122.3484145,14.220616],[122.3482979,14.220228199999998],[122.34807759999998,14.220112799999999],[122.3477978,14.220198099999998],[122.3471643,14.2204547],[122.34700250000002,14.2204543],[122.34685580000001,14.220310399999999],[122.34712109999998,14.2201532],[122.3471662,14.219808899999997],[122.3470639,14.219550199999997],[122.3468446,14.219075999999998],[122.34671240000002,14.218989499999998],[122.3462712,14.218945199999999],[122.34612430000001,14.218858699999997],[122.34612499999999,14.218600399999998],[122.34570019999998,14.217938999999998],[122.3453053,14.217134099999999],[122.34502800000001,14.2163296],[122.34532390000001,14.215785000000002],[122.34560440000001,14.215441299999998],[122.34560659999998,14.214680600000001],[122.3458002,14.213863],[122.3460663,14.2134188],[122.3464645,14.213104099999997],[122.3468917,14.212932999999998],[122.34736260000001,14.2128769],[122.3475251,14.212647699999998],[122.3469333,14.212448199999999],[122.34629110000002,14.211998399999999],[122.3463036,14.2117561],[122.3464393,14.211625699999999],[122.3465719,14.211554299999998],[122.34671960000001,14.211353699999997],[122.34636680000001,14.211266599999997],[122.34582310000002,14.2110068],[122.34566170000001,14.210877199999999],[122.3457509,14.210533],[122.3453981,14.210431499999999],[122.3454284,14.2101445],[122.34626630000001,14.210390800000003],[122.34644359999999,14.2101473],[122.34651830000001,14.2097313],[122.3468589,14.209107099999999],[122.3472571,14.2087638],[122.3476271,14.208004099999998],[122.34857109999999,14.207159799999998],[122.3489123,14.207026299999997],[122.34961450000002,14.206952599999997],[122.35046920000002,14.2071075],[122.3514097,14.207497599999998],[122.3523346,14.2081891],[122.353115,14.2084552],[122.3538882,14.208820400000002],[122.35436210000002,14.209199299999998],[122.35484870000002,14.2088274],[122.3551005,14.208253999999998],[122.35527900000001,14.2075655],[122.3551135,14.207163500000002],[122.35507640000002,14.2066407],[122.355178,14.2062334],[122.35535759999999,14.2059288],[122.3554885,14.205815899999996],[122.3561056,14.205703],[122.35635000000002,14.2057234],[122.35648300000001,14.205764200000003],[122.3566335,14.205877499999998],[122.3568693,14.205875399999998],[122.3570226,14.205779299999998],[122.35736719999998,14.205313699999998],[122.3577234,14.2050874],[122.35854560000001,14.204814500000001],[122.3590985,14.2043854],[122.35950460000001,14.203836299999999],[122.3598115,14.203729500000001],[122.3599395,14.203506899999999],[122.359949,14.2032497],[122.35971990000002,14.203148899999999],[122.35931730000001,14.2032913],[122.35897380000002,14.2033765],[122.3587192,14.2032227],[122.3584642,14.2032029],[122.3565956,14.203913699999998],[122.3560926,14.203976899999997],[122.355241,14.2042148],[122.35491650000002,14.204361899999999],[122.35395290000001,14.2049389],[122.353731,14.205189999999998],[122.35343620000002,14.205399799999999],[122.3532476,14.205399199999999],[122.35305030000002,14.2053594],[122.35278889999998,14.2050138],[122.3526225,14.2046682],[122.3523264,14.204465499999998],[122.3518756,14.204552899999998],[122.3513866,14.2049216],[122.3504358,14.204760299999998],[122.3502009,14.204572799999996],[122.35005280000001,14.204306599999999],[122.35011520000002,14.2039179],[122.3500893,14.203889600000002],[122.35009670000001,14.203447099999998],[122.35016030000001,14.203224299999997],[122.3503123,14.203076899999996],[122.3505576,14.203017699999998],[122.3510113,14.203019000000001],[122.3517473,14.2028894],[122.3524222,14.202664],[122.35292490000002,14.202365100000002],[122.35376050000002,14.2016975],[122.3539873,14.201277100000004],[122.35419520000002,14.2005887],[122.3543926,14.2001778],[122.35481490000001,14.199978],[122.35526610000001,14.1999601],[122.35586500000001,14.199751199999998],[122.35615630000001,14.1993296],[122.35619650000001,14.199004300000002],[122.3557269,14.198582099999998],[122.3553359,14.1981026],[122.35535679999998,14.197662499999998],[122.35483220000002,14.195881299999998],[122.3549321,14.1952309],[122.35552410000001,14.194007699999997],[122.35664530000001,14.1928816],[122.35667740000001,14.1923689],[122.3565029,14.1916604],[122.35656370000001,14.190971600000001],[122.356409,14.190186599999999],[122.35609710000001,14.189496799999999],[122.3560199,14.1890373],[122.3561984,14.188348799999995],[122.35659289999998,14.187584399999997],[122.35651480000001,14.1874311],[122.35563159999998,14.187620099999997],[122.355475,14.187504799999996],[122.3554366,14.187217600000004],[122.3552998,14.187044999999996],[122.3545546,14.186985599999998],[122.3540833,14.187156600000002],[122.35369100000001,14.187155499999998],[122.3533388,14.1868675],[122.3532224,14.186407899999999],[122.3531259,14.185852699999998],[122.3528521,14.185564900000003],[122.3522441,14.185524899999999],[122.35087079999998,14.1856169],[122.3496943,14.185479799999998],[122.34930250000001,14.185306500000001],[122.3488904,14.185362799999998],[122.34859540000001,14.185649],[122.34851580000002,14.1860315],[122.3489059,14.1867981],[122.3489051,14.1871043],[122.3486098,14.1874671],[122.3482166,14.187772200000001],[122.3475103,14.187846899999998],[122.3471773,14.187654599999997],[122.3467881,14.186581799999999],[122.34665110000002,14.186485799999998],[122.3461605,14.186561],[122.34598330000001,14.186770999999998],[122.34566959999998,14.186751],[122.34545349999999,14.186865199999996],[122.345177,14.187515199999998],[122.3448627,14.1876674],[122.34444879999998,14.188374299999998],[122.3443867,14.189484100000001],[122.3442656,14.190670300000003],[122.3443432,14.1909767],[122.3448507,14.1918393],[122.3452591,14.193065200000001],[122.3455709,14.193793299999998],[122.34629230000002,14.195307100000003],[122.34719120000001,14.196591099999997],[122.3481685,14.197819699999998],[122.3489922,14.199167499999996],[122.3492649,14.2002747],[122.3487083,14.2019776],[122.3484916,14.2023845],[122.3479585,14.203055799999998],[122.3468769,14.2036811],[122.3471559,14.204092100000002],[122.34725090000002,14.204691199999997],[122.3470846,14.205036799999998],[122.34672800000001,14.2052903],[122.34639530000001,14.205313299999998],[122.34594369999999,14.205290299999998],[122.3455872,14.205082900000003],[122.3453495,14.204806399999999],[122.3447315,14.2045299],[122.3440185,14.204529899999997],[122.3435194,14.2046682],[122.34230720000001,14.204529899999999],[122.34102370000001,14.204322499999998],[122.34002550000001,14.2038617],[122.33933620000002,14.203239599999998],[122.33895589999999,14.2027788],[122.3382405,14.202412899999999],[122.33783250000002,14.2023884],[122.3370982,14.201931800000002],[122.33673050000002,14.201906899999997],[122.33638670000002,14.202097300000002],[122.335895,14.202526499999996],[122.33547770000001,14.2026928],[122.3350853,14.202691699999999],[122.33486550000002,14.2024041],[122.334596,14.202307599999997],[122.333983,14.202305899999999],[122.3337137,14.202185599999995],[122.3336657,14.201826599999999],[122.3340349,14.201325300000002],[122.33433,14.201038999999998],[122.3344295,14.200560899999997],[122.3344059,14.2002498],[122.334161,14.200129499999996],[122.3334493,14.2003668],[122.333278,14.200246699999997],[122.3332546,14.1998639],[122.3335499,14.199482],[122.3337968,14.198908500000002],[122.3337487,14.198573500000002],[122.33323400000002,14.198500300000001],[122.33274359999999,14.1984989],[122.3324495,14.1984503],[122.3323038,14.197971400000002],[122.3324318,14.1961298],[122.332831,14.193786599999997],[122.3333432,14.192463000000002],[122.33382129999998,14.191499099999998],[122.33428549999998,14.190727799999998],[122.3346302,14.190232399999998],[122.3347728,14.189875199999994],[122.3347421,14.189717499999999],[122.3348598,14.1893753],[122.3348916,14.1893337],[122.33526,14.1891954],[122.3356557,14.1889802],[122.3356878,14.1887],[122.3356165,14.1882046],[122.3355561,14.188085799999996],[122.33518310000001,14.1867955],[122.33528600000001,14.1863581],[122.3354533,14.186062499999998],[122.3356047,14.185934900000001],[122.3359374,14.185819599999999],[122.3365543,14.1854407],[122.33754609999998,14.1844005],[122.3378543,14.1838033],[122.33788710000002,14.183055799999998],[122.33684870000002,14.181827000000002],[122.3366897,14.1811537],[122.33683460000002,14.1807472],[122.3369654,14.180228699999999],[122.3369416,14.1798485],[122.33679900000001,14.179468300000002],[122.3367277,14.1789844],[122.33683569999998,14.1786606],[122.33700540000001,14.1784867],[122.33695419999998,14.178163],[122.33677080000001,14.177868199999997],[122.33683950000001,14.177439499999997],[122.33688660000001,14.177591699999999],[122.3369728,14.177683799999999],[122.33704110000001,14.177706899999997],[122.33729730000002,14.177718699999996],[122.33784639999999,14.177605900000001],[122.3381112,14.1776067],[122.33827290000002,14.177664499999997],[122.33861020000002,14.1780099],[122.33880229999998,14.178110999999998],[122.33913970000002,14.178054400000002],[122.33930180000002,14.177940099999997],[122.3395084,14.1777397],[122.3395681,14.1774384],[122.3395356,14.177240299999998],[122.33955640000002,14.176864699999996],[122.33976890000001,14.176157699999997],[122.3398224,14.175779599999998],[122.3400481,14.175125000000001],[122.3401024,14.1747586],[122.3400638,14.1743948],[122.33983910000002,14.174122299999999],[122.3394048,14.173896199999996],[122.33904880000001,14.173765000000001],[122.3378111,14.1735958],[122.3375945,14.1733595],[122.3374955,14.172783499999998],[122.33729739999998,14.1725275],[122.3370664,14.172047399999999],[122.33680229999999,14.172047399999999],[122.33620820000002,14.172783499999996],[122.3361092,14.173839599999999],[122.3361577,14.174475699999999],[122.33612159999998,14.174928599999998],[122.3361691,14.175297300000002],[122.3366089,14.176795200000003],[122.33683460000002,14.177428900000002],[122.33676329999999,14.1778667],[122.3363949,14.1775672],[122.33613350000002,14.177417399999998],[122.3358126,14.1771409],[122.3354596,14.176051100000002],[122.33531749999999,14.175954299999997],[122.3352178,14.175646000000002],[122.3351951,14.175285199999998],[122.3353135,14.174617500000004],[122.3352162,14.173810099999999],[122.335209,14.1731797],[122.3352663,14.1728573],[122.3353967,14.172612700000002],[122.335707,14.172301],[122.33577830000002,14.172106099999997],[122.3358126,14.171829099999998],[122.33561060000001,14.171518],[122.33546800000002,14.171437399999999],[122.33525980000002,14.1713868],[122.3350209,14.170969899999998],[122.3349582,14.170668500000001],[122.3349926,14.170388899999999],[122.3350639,14.170250599999997],[122.3352303,14.170054699999998],[122.3352897,14.169904900000002],[122.33515900000002,14.169686],[122.3349768,14.169477199999998],[122.33498170000001,14.1691609],[122.33506340000001,14.168913100000003],[122.33527780000001,14.1688564],[122.33551550000001,14.168741199999998],[122.33561060000001,14.168568299999999],[122.33557490000001,14.168234199999997],[122.33527780000001,14.168003699999998],[122.3351169,14.1677799],[122.3351439,14.167511299999997],[122.33598080000002,14.165017100000002],[122.33619290000001,14.1649157],[122.3364187,14.164662200000002],[122.3366089,14.1643395],[122.3367871,14.1639478],[122.3368792,14.163656499999998],[122.3372425,14.1630981],[122.3378804,14.162622699999998],[122.33802300000002,14.162323100000002],[122.3379929,14.161404],[122.33802300000002,14.160652299999999],[122.33800909999998,14.160072899999998],[122.33739010000001,14.1577404],[122.33705000000002,14.1571168],[122.33690460000001,14.156542299999998],[122.3368991,14.156319799999997],[122.3367871,14.1559854],[122.3367277,14.155282500000002],[122.3367886,14.1550718],[122.33687120000002,14.154976],[122.3370367,14.154925300000002],[122.33732189999999,14.1549023],[122.33811810000002,14.154694900000003],[122.3384984,14.154521999999998],[122.33872420000002,14.153796099999996],[122.33903320000002,14.1529779],[122.3395323,14.1521137],[122.3398769,14.1515951],[122.34016259999999,14.150912499999999],[122.3401146,14.150604100000002],[122.3405396,14.149996399999994],[122.34108150000002,14.1490902],[122.3425569,14.147515400000001],[122.34454950000001,14.1451167],[122.34582220000001,14.1433163],[122.34672209999998,14.142445399999996],[122.3469004,14.142376300000002],[122.3471499,14.1421573],[122.3471975,14.1417309],[122.3474009,14.141409500000004],[122.34766470000001,14.141198899999997],[122.3481376,14.1409387],[122.3490224,14.140791],[122.34915160000001,14.140816199999998],[122.3496566,14.1410134],[122.34986179999999,14.1411701],[122.3503689,14.141249599999998],[122.3505078,14.1412187],[122.35085750000002,14.140985499999996],[122.35088160000001,14.1408499],[122.3507008,14.140565799999997],[122.35068500000001,14.140259600000002],[122.35090859999998,14.139438599999998],[122.3507564,14.139079300000002],[122.35072739999998,14.1385111],[122.3513128,14.137376399999999],[122.3522353,14.1362426],[122.35266690000002,14.135316799999996],[122.3531,14.133852799999998],[122.3530403,14.1332845],[122.3526129,14.1327451],[122.3519654,14.132043899999998],[122.3515034,14.130617699999998],[122.35121369999999,14.129093200000002],[122.3513992,14.128525599999998],[122.35121639999998,14.1281363],[122.35066490000001,14.1281349],[122.35029190000002,14.127992099999998],[122.35007839999999,14.1277683],[122.3498598,14.126811300000002],[122.3497875,14.125777300000001],[122.3497875,14.1252933],[122.34997759999999,14.1249936],[122.34981130000001,14.1248092],[122.34919330000001,14.1247862],[122.3489472,14.124607199999998],[122.3488262,14.124305399999999],[122.3487936,14.1240584],[122.34885930000002,14.123615499999998],[122.34948580000001,14.122787599999999],[122.3502336,14.122309099999997],[122.3501611,14.1219501],[122.3493156,14.121911900000002],[122.34911839999998,14.1214114],[122.34882480000002,14.1212193],[122.3483734,14.121351999999998],[122.34807890000002,14.121485199999997],[122.34788850000001,14.121435099999996],[122.3477739,14.121238099999998],[122.3477662,14.121120700000002],[122.3478844,14.120929599999998],[122.3488665,14.120377300000001],[122.34914200000001,14.1200144],[122.34920199999999,14.119612700000003],[122.3490464,14.119153000000003],[122.3486551,14.118845700000001],[122.3481272,14.1183085],[122.3475616,14.1172161],[122.3472306,14.1164114],[122.3470372,14.115453999999998],[122.34686270000002,14.114764599999999],[122.34672790000002,14.113902999999999],[122.3465925,14.113251999999997],[122.34612190000001,14.113250699999998],[122.3453966,14.113153099999998],[122.3449463,14.112922200000002],[122.3445739,14.112863799999998],[122.34424040000002,14.1129011],[122.3436718,14.112899599999999],[122.3431233,14.112687599999997],[122.3428889,14.112361600000002],[122.3426686,14.109839099999999],[122.3426674,14.109017499999998],[122.3427361,14.108107599999999],[122.34277360000002,14.107972700000001],[122.34277250000001,14.107641199999996],[122.34267530000001,14.107284699999997],[122.3427292,14.1064452],[122.34268669999999,14.105863799999998],[122.3426211,14.105662699999998],[122.3424291,14.1054296],[122.34221329999998,14.1054386],[122.34197739999999,14.105658],[122.3417607,14.106021],[122.3416908,14.106441899999997],[122.34185529999999,14.107207799999996],[122.34180339999999,14.1082028],[122.34140710000001,14.1096562],[122.34155250000002,14.110249799999998],[122.3416928,14.1120364],[122.34198280000001,14.1134486],[122.3425914,14.114909500000001],[122.3426104,14.115450300000001],[122.3425867,14.1156018],[122.3424795,14.115651099999997],[122.3423845,14.115766299999999],[122.3424201,14.116019899999998],[122.3425152,14.116169699999997],[122.3427766,14.116423200000002],[122.3427053,14.1167229],[122.342432,14.1169073],[122.3420279,14.1169649],[122.3411366,14.1169419],[122.34061370000002,14.1168036],[122.3401027,14.116549999999998],[122.340028,14.116466900000004],[122.3392059,14.115928799999995],[122.3380094,14.114370600000004],[122.33732469999998,14.113794599999997],[122.3360035,14.1129776],[122.33518849999999,14.112355299999999],[122.3350639,14.112216499999999],[122.3341251,14.1114328],[122.3333627,14.110844299999998],[122.33301239999999,14.110463600000001],[122.33278739999999,14.1102908],[122.3327387,14.110166199999998],[122.3327686,14.110003599999997],[122.3329161,14.109870099999998],[122.3331329,14.109487899999998],[122.3331137,14.1093348],[122.3330063,14.109200499999998],[122.33282999999999,14.109113899999999],[122.33241840000001,14.1090458],[122.33229109999999,14.108997599999995],[122.3321349,14.1087962],[122.3320376,14.108528],[122.33191160000001,14.1080205],[122.33156960000001,14.107627300000004],[122.3313543,14.107502299999995],[122.33100709999998,14.1070267],[122.33016969999998,14.1064704],[122.32938620000002,14.1061621],[122.3284569,14.106130099999998],[122.32814020000002,14.106059999999996],[122.32723240000001,14.106059999999998],[122.3263931,14.106129699999997],[122.3247003,14.106014999999998],[122.32358449999998,14.1058982],[122.322995,14.105799699999999],[122.32272150000001,14.105473599999998],[122.32261860000001,14.1051143],[122.32224269999999,14.1052399],[122.32178880000001,14.105814899999999],[122.3214061,14.106107199999999],[122.3200989,14.1065598],[122.31814410000001,14.106266799999997],[122.31661300000002,14.105676400000002],[122.31597009999999,14.105635699999999],[122.31571680000002,14.105666600000001],[122.31358340000001,14.105369599999998]],[[122.34106710000002,14.101338400000001],[122.34127680000002,14.101672800000001],[122.3415582,14.1018291],[122.3418153,14.101913499999997],[122.3420481,14.101949999999999],[122.34223150000001,14.102093999999997],[122.3423655,14.102381499999998],[122.3425962,14.1031237],[122.34280390000002,14.103351499999997],[122.34292579999999,14.1035671],[122.3430727,14.1036154],[122.3433577,14.103535099999998],[122.34357119999999,14.103324099999998],[122.3438695,14.102845599999998],[122.3440801,14.102756899999997],[122.34432560000002,14.1026021],[122.344498,14.102315499999996],[122.34449850000001,14.1021361],[122.34433980000001,14.1019204],[122.3440708,14.101704300000002],[122.3437886,14.1015272],[122.3437127,14.1013365],[122.34379139999999,14.100866300000002],[122.34371840000001,14.100650799999999],[122.3435476,14.100411099999999],[122.3434997,14.099992399999998],[122.34353720000001,14.099753299999998],[122.3434782,14.0989517],[122.34335659999999,14.0986404],[122.34314860000002,14.0984963],[122.3429158,14.0984837],[122.3425968,14.0986264],[122.34244900000002,14.098889099999996],[122.3423868,14.0991999],[122.3422638,14.099366999999999],[122.3416511,14.099365399999998],[122.3411484,14.0994357],[122.3408416,14.0996024],[122.34063270000001,14.0997812],[122.34054620000002,14.1000441],[122.3405822,14.1003073],[122.3407283,14.1006307],[122.3408995,14.100762700000002],[122.34104610000001,14.1009425],[122.34106710000002,14.101338400000001]],[[122.34059840000002,14.098943799999999],[122.34128499999998,14.098802199999998],[122.3416919,14.098667799999998],[122.34189280000001,14.0985194],[122.3420844,14.0983064],[122.3421902,14.097928799999995],[122.3424151,14.097872299999999],[122.34296050000002,14.097873799999999],[122.34315470000001,14.0978485],[122.34332239999999,14.097743199999998],[122.3434276,14.09759],[122.3433538,14.0973479],[122.343133,14.097235199999998],[122.34286850000001,14.0971818],[122.3427363,14.097124000000004],[122.34264350000001,14.0970233],[122.3426143,14.096932299999997],[122.3426541,14.096731499999999],[122.34286069999999,14.0963545],[122.3428423,14.096180599999999],[122.34266090000001,14.096043599999996],[122.3424328,14.0959945],[122.3421876,14.0960178],[122.3421546,14.0960498],[122.3421114,14.0962324],[122.3420474,14.096327999999998],[122.34173610000002,14.096634299999998],[122.3416343,14.096819599999998],[122.3414967,14.096929300000001],[122.3411308,14.0970196],[122.34098350000001,14.0971209],[122.34085320000001,14.097415499999999],[122.3408477,14.0975973],[122.3408081,14.097750300000001],[122.34033080000002,14.098280900000002],[122.34030569999999,14.0984467],[122.3403331,14.0987876],[122.3404109,14.0988735],[122.34059840000002,14.098943799999999]],[[122.3634971,14.201144500000002],[122.3638926,14.2005712],[122.36389299999999,14.200402099999996],[122.3637173,14.200093],[122.3634386,14.1998124],[122.363277,14.199718699999996],[122.36315199999999,14.199718399999998],[122.36302680000001,14.1997754],[122.36296040000002,14.1998628],[122.36292270000001,14.2001712],[122.3630177,14.200378199999996],[122.36314229999999,14.2005365],[122.3631493,14.200679999999997],[122.3631046,14.200888],[122.3631263,14.201010099999998],[122.363251,14.201139599999998],[122.3634011,14.201194599999997],[122.3634971,14.201144500000002]],[[122.34073080000002,14.1912454],[122.33982860000002,14.1903602],[122.33932159999999,14.190107599999997],[122.33835100000002,14.190047599999998],[122.3379095,14.1900894],[122.336905,14.1906466],[122.3366713,14.190939999999998],[122.33655290000002,14.191162099999998],[122.3364262,14.191750199999998],[122.3360191,14.192595899999999],[122.3358705,14.193112200000002],[122.3356762,14.1941595],[122.33564579999998,14.1944895],[122.3355124,14.194833600000003],[122.3354523,14.195249700000002],[122.3354511,14.195680299999998],[122.3356266,14.196039600000002],[122.33593460000002,14.1962892],[122.3362291,14.196270899999996],[122.33639849999999,14.1961996],[122.33659790000002,14.196197099999997],[122.33665559999999,14.196329499999997],[122.3364919,14.1969606],[122.33644620000001,14.197514399999998],[122.33662160000002,14.197879500000003],[122.3367535,14.198080799999998],[122.3369108,14.1981365],[122.337136,14.1980675],[122.33750460000002,14.1977958],[122.33781459999999,14.197423499999996],[122.3380959,14.196835799999997],[122.33845750000002,14.196320799999999],[122.3388634,14.195962399999999],[122.3391583,14.195762299999997],[122.3393935,14.1958203],[122.3395546,14.1960648],[122.3395096,14.196351699999997],[122.33951900000001,14.1967476],[122.3396362,14.196897],[122.3400305,14.1969771],[122.34042780000001,14.1968078],[122.34107649999999,14.196328800000002],[122.34129730000001,14.196293500000001],[122.341437,14.196308199999999],[122.34158370000002,14.196452200000001],[122.3416127,14.196610099999997],[122.3416775,14.197105500000003],[122.3416313,14.197488899999996],[122.3416542,14.197731299999997],[122.34174399999999,14.197834499999999],[122.3420205,14.198037899999997],[122.342285,14.1981535],[122.3427105,14.198169],[122.3429695,14.198026199999997],[122.34313910000002,14.1978831],[122.3437738,14.197138499999998],[122.3438042,14.196808499999996],[122.34373109999999,14.196636],[122.34358430000002,14.196528000000002],[122.34345779999998,14.1963417],[122.34352,14.196101799999997],[122.34389580000001,14.195646099999996],[122.3441614,14.195388499999996],[122.3443096,14.195015699999997],[122.34423690000001,14.194714099999995],[122.3440754,14.194598900000003],[122.3436928,14.1946122],[122.34357500000002,14.194669299999996],[122.3432218,14.194697000000001],[122.34311930000001,14.1945388],[122.3431495,14.194280599999997],[122.3433268,14.193994],[122.3435629,14.193750599999998],[122.3438437,14.1933065],[122.3440813,14.1925464],[122.34424370000002,14.1923602],[122.34453839999999,14.192188799999997],[122.3446861,14.191973899999997],[122.3445547,14.1916434],[122.34434930000002,14.1914276],[122.34355620000001,14.1909805],[122.34310019999998,14.1909649],[122.3428651,14.190849399999996],[122.34255350000001,14.190807399999997],[122.3422493,14.190915099999994],[122.3417018,14.191219399999998],[122.3410689,14.1913181],[122.34073080000002,14.1912454]],[[122.34525249999999,14.1980431],[122.34500139999999,14.198596199999999],[122.3449183,14.1988827],[122.3448979,14.199076500000002],[122.34493620000002,14.199290700000002],[122.34539439999999,14.200075699999998],[122.34556890000002,14.200289699999997],[122.3457011,14.2003525],[122.3457561,14.2003442],[122.34583759999998,14.200239299999998],[122.3459988,14.1996754],[122.34610969999999,14.19919],[122.3461271,14.1988178],[122.345988,14.198311899999998],[122.3458122,14.198053],[122.34569470000001,14.197981],[122.3454152,14.1979802],[122.34525249999999,14.1980431]],[[122.3379794,14.2010541],[122.33748909999998,14.200162799999998],[122.3373497,14.2000548],[122.3372542,14.2000043],[122.33709240000002,14.199982300000002],[122.33680559999999,14.199981499999996],[122.33671370000002,14.199941799999998],[122.33658140000001,14.199794999999998],[122.33642390000001,14.1996791],[122.3360929,14.199678199999997],[122.3355255,14.200006699999998],[122.3353851,14.200236000000002],[122.33531780000001,14.200594599999999],[122.33534630000001,14.200931999999996],[122.33539690000002,14.201226299999997],[122.33549210000001,14.201377299999997],[122.3356535,14.201535599999996],[122.3357266,14.2016794],[122.33571680000001,14.2019652],[122.3358063,14.202095799999999],[122.3359386,14.2021393],[122.3360915,14.202098699999999],[122.3363733,14.201918000000001],[122.33660930000002,14.201681799999998],[122.33691119999999,14.201603700000003],[122.3370473,14.2015969],[122.3373299,14.201658499999999],[122.3374772,14.2017273],[122.33773890000002,14.2018686],[122.33821510000001,14.202203],[122.33835120000002,14.2022321],[122.3385939,14.202232699999998],[122.3388443,14.202147299999996],[122.33902640000001,14.202018800000001],[122.3398555,14.200966],[122.3399149,14.2007652],[122.33991540000001,14.2006001],[122.339879,14.200477999999997],[122.3397028,14.200348399999998],[122.33931290000001,14.2003688],[122.33908420000002,14.200569099999997],[122.3386715,14.2008479],[122.33846470000002,14.2011416],[122.33830260000002,14.201205699999997],[122.3381409,14.201176499999999],[122.3379794,14.2010541]],[[122.34654289999999,14.1966407],[122.3458668,14.196955199999996],[122.34578570000001,14.197033899999997],[122.3457744,14.197202499999998],[122.3458015,14.197314599999999],[122.345946,14.1975726],[122.34612200000001,14.1977525],[122.3462274,14.197757499999998],[122.34637,14.1976431],[122.3465425,14.197332600000001],[122.3467392,14.197136999999998],[122.34677879999998,14.197027],[122.3467131,14.196819900000001],[122.34661060000002,14.196662999999996],[122.34654289999999,14.1966407]]],[[[122.9549158,14.205640900000002],[122.95367990000001,14.206769900000001],[122.95174469999999,14.207429999999997],[122.950743,14.207523200000002],[122.94919390000001,14.2070113],[122.9490912,14.206751199999998],[122.9493541,14.205986499999998],[122.94949669999998,14.205410500000001],[122.9496156,14.2046041],[122.94949669999998,14.204304500000001],[122.94892630000001,14.2039359],[122.94814200000002,14.203682399999998],[122.94790430000002,14.203544199999996],[122.9475002,14.202898999999997],[122.9473339,14.202576399999996],[122.9472388,14.202230799999999],[122.9473339,14.201816099999998],[122.94759530000002,14.201700899999999],[122.94790430000002,14.201839099999999],[122.9484272,14.202184699999998],[122.9490927,14.202415099999996],[122.9494254,14.202369099999999],[122.95020980000001,14.201723900000001],[122.9518498,14.2008714],[122.95301440000001,14.200433599999998],[122.95425029999998,14.200710099999998],[122.9557952,14.2014474],[122.9561042,14.2022078],[122.9557715,14.204074099999998],[122.9549158,14.205640900000002]],[[122.9477141,14.202345999999997],[122.9480707,14.2030373],[122.94890250000002,14.203624799999998],[122.94954430000001,14.2038668],[122.95036429999999,14.2039474],[122.95139820000001,14.204753799999999],[122.95173090000002,14.2046732],[122.9521587,14.20427],[122.95261029999999,14.203578700000001],[122.952539,14.203267700000001],[122.9522657,14.2026456],[122.9520161,14.202392099999997],[122.95171899999998,14.202403599999998],[122.95139820000001,14.202599499999998],[122.95081590000001,14.2027608],[122.9492709,14.2028299],[122.9479756,14.202334500000001],[122.9476666,14.202184699999997],[122.9477141,14.202345999999997]]],[[[122.83880350000001,14.193021500000002],[122.83891840000001,14.1930902],[122.83891789999998,14.193222599999999],[122.8387826,14.193363100000001],[122.83864360000001,14.1933859],[122.83859730000002,14.193350999999998],[122.8385693,14.193267500000001],[122.83859290000001,14.1931275],[122.8386819,14.1930334],[122.83880350000001,14.193021500000002]]],[[[122.84037539999999,14.190902699999999],[122.84047,14.190963100000001],[122.8404868,14.1910535],[122.84042270000002,14.191143900000004],[122.8403134,14.191159900000002],[122.8402345,14.191098599999998],[122.8402211,14.191008099999998],[122.84029070000001,14.190917800000001],[122.84037539999999,14.190902699999999]]],[[[123.02513820000001,14.111529599999999],[123.02482929999998,14.1118023],[123.0247999,14.111988900000002],[123.0250501,14.1128358],[123.0250015,14.113059999999995],[123.02486040000001,14.113195000000001],[123.02453669999998,14.113329899999997],[123.0241165,14.113277199999999],[123.0235428,14.112710099999996],[123.0235035,14.1124148],[123.02353510000002,14.112189999999996],[123.023388,14.111859899999995],[123.0229615,14.111544099999998],[123.02249910000002,14.111390099999998],[123.02225730000002,14.1113901],[123.0220662,14.111590199999998],[123.0219338,14.1117911],[123.0217279,14.111762399999998],[123.02152199999999,14.111590200000002],[123.0214043,14.1113318],[123.02087480000002,14.1111166],[123.02041889999998,14.1110449],[123.0202579,14.1108878],[123.02021290000002,14.110441999999999],[123.02001650000001,14.109744199999998],[123.0198288,14.1096001],[123.0195369,14.109527599999998],[123.01918740000002,14.109392099999999],[123.0188745,14.1090498],[123.01863909999999,14.1089063],[123.0183334,14.108812099999996],[123.0181318,14.1085361],[123.0181722,14.1083194],[123.0183629,14.1081634],[123.0185427,14.108066499999996],[123.018752,14.107522899999996],[123.01891690000001,14.1073692],[123.0191051,14.107358799999998],[123.01919329999998,14.1074449],[123.0192816,14.107722399999998],[123.019398,14.107884699999998],[123.01951690000001,14.1079234],[123.0196149,14.107923399999997],[123.0197326,14.1078564],[123.0198633,14.107659500000002],[123.01988119999999,14.107418099999999],[123.01971680000001,14.107090599999996],[123.01954280000001,14.106482899999998],[123.0195231,14.105353699999998],[123.01940539999998,14.105105000000002],[123.01934830000002,14.104868200000004],[123.0194151,14.104578599999998],[123.01967980000002,14.103956599999998],[123.0195621,14.103516399999998],[123.01908159999999,14.102731799999999],[123.01896909999999,14.1024821],[123.019013,14.1023107],[123.01913059999998,14.102253299999997],[123.019209,14.1022725],[123.01934630000001,14.102348999999998],[123.019605,14.1025601],[123.01997380000002,14.1026169],[123.020268,14.102521199999998],[123.02045749999999,14.102296499999996],[123.02065,14.102159299999999],[123.02099340000001,14.102042599999999],[123.0212669,14.1021279],[123.02162100000001,14.1023871],[123.021719,14.1025402],[123.02189560000001,14.103018599999999],[123.0220721,14.1037267],[123.02240550000002,14.1039947],[123.0227781,14.104128600000001],[123.02324870000001,14.104071099999999],[123.0233867,14.1040134],[123.02368,14.1036692],[123.02383690000002,14.103382100000001],[123.02397410000002,14.1028462],[123.02437490000001,14.1025036],[123.02467040000002,14.101967199999999],[123.02471450000002,14.101594],[123.0246115,14.101306999999997],[123.02433210000001,14.101005599999999],[123.0242438,14.1007615],[123.02425850000002,14.100345299999997],[123.02433200000002,14.099986399999999],[123.0242584,14.0997855],[123.02392010000001,14.099641999999996],[123.0236407,14.099397999999999],[123.02324359999999,14.098838199999996],[123.02315630000001,14.098574199999998],[123.0231332,14.098041599999998],[123.02317550000001,14.097624600000001],[123.02327680000002,14.097583199999999],[123.02374349999998,14.097833399999997],[123.0240082,14.0978908],[123.02419940000001,14.097833299999996],[123.0247141,14.0972878],[123.0250375,14.0967854],[123.0251846,14.096512699999996],[123.0252434,14.0962543],[123.02525070000002,14.096031799999999],[123.0253526,14.0957664],[123.0254454,14.0957244],[123.02566980000002,14.095708799999999],[123.0260375,14.095780499999996],[123.0262728,14.095881000000002],[123.02647870000001,14.096110600000001],[123.0266258,14.0964264],[123.0268464,14.096598599999998],[123.0271258,14.096598599999997],[123.02730229999999,14.096828200000001],[123.02714060000001,14.0974024],[123.02699360000001,14.097538800000002],[123.02684650000002,14.0978213],[123.02684659999998,14.097933500000002],[123.02692009999998,14.098163200000002],[123.0270378,14.0983785],[123.0269937,14.098665599999999],[123.0269937,14.098938300000002],[123.027082,14.099096199999998],[123.0272925,14.099198899999998],[123.0276409,14.099196599999999],[123.02783210000001,14.0991417],[123.0284497,14.0987515],[123.028832,14.098483499999997],[123.02930260000001,14.0980433],[123.0294398,14.097775299999999],[123.02955300000002,14.0970123],[123.029773,14.096607799999996],[123.02999869999998,14.096338799999998],[123.0300474,14.096148500000002],[123.0298841,14.095916599999999],[123.0296748,14.0958423],[123.0293491,14.095811499999998],[123.0292796,14.095743699999998],[123.02930220000002,14.0955361],[123.0293414,14.095344699999998],[123.0296159,14.095057599999999],[123.03002769999999,14.0948088],[123.0301257,14.094665200000001],[123.03017,14.094456100000002],[123.0299034,14.094161],[123.02980720000001,14.0938964],[123.0298389,14.0937264],[123.03003729999999,14.093540800000001],[123.0302762,14.093190899999998],[123.0303681,14.092984600000001],[123.03040480000001,14.092715399999998],[123.03047710000001,14.092556799999997],[123.0307105,14.092519599999997],[123.0309195,14.092535999999999],[123.0312505,14.092787100000002],[123.0316745,14.092818199999998],[123.03186680000002,14.092777899999998],[123.0322492,14.092605599999999],[123.0324392,14.092473599999998],[123.03269399999999,14.092358299999999],[123.0326941,14.092492699999996],[123.03259610000002,14.0927798],[123.0324784,14.0929616],[123.03228000000001,14.093612300000002],[123.03216980000002,14.094329999999998],[123.0322066,14.094760699999998],[123.0323905,14.095155400000003],[123.0325744,14.0954065],[123.03297880000001,14.095621799999998],[123.0333098,14.0960165],[123.03342010000001,14.096339400000002],[123.03356719999998,14.096482899999998],[123.0338246,14.096518799999997],[123.03430250000001,14.096464899999997],[123.0347793,14.096291199999996],[123.03566280000001,14.096231400000002],[123.0369573,14.096199899999998],[123.0373031,14.096345699999999],[123.03817280000001,14.096097800000003],[123.0385911,14.096066300000002],[123.03946809999998,14.096105299999998],[123.039595,14.096161499999997],[123.03974390000002,14.096374299999999],[123.0398459,14.096685699999997],[123.0399734,14.096794600000003],[123.04010190000001,14.096805500000002],[123.0406991,14.096596799999999],[123.0412709,14.096620700000003],[123.04159660000002,14.0967163],[123.0417985,14.0969076],[123.04200440000001,14.096926700000001],[123.0422299,14.096869299999998],[123.04236709999999,14.096706599999997],[123.04242590000001,14.0964961],[123.04248290000001,14.095925300000001],[123.042538,14.0956562],[123.04264140000001,14.095414699999997],[123.0426511,14.095089299999998],[123.04257260000001,14.094869199999998],[123.04257260000001,14.094735299999996],[123.0425349,14.094607400000001],[123.0422124,14.0943098],[123.0418022,14.093431399999998],[123.0417654,14.0928932],[123.04169180000001,14.092695799999996],[123.04161820000002,14.092265199999996],[123.0415996,14.0912604],[123.04117669999998,14.0903813],[123.04091919999999,14.089950799999999],[123.0407354,14.089555999999998],[123.040625,14.0891972],[123.0398143,14.0882492],[123.0397052,14.0877703],[123.0398048,14.087154299999996],[123.04028010000002,14.0863979],[123.0404663,14.0857803],[123.04046620000001,14.085455600000003],[123.04039260000002,14.085049],[123.04014750000002,14.084761899999998],[123.03960810000001,14.083541899999997],[123.0392649,14.0832549],[123.03872560000002,14.082465500000001],[123.038652,14.081915300000004],[123.03862730000002,14.081197599999998],[123.0383577,14.0808866],[123.0380145,14.0806953],[123.0370586,14.0805998],[123.0369116,14.080480200000002],[123.0367645,14.080145299999998],[123.0364213,14.0798822],[123.03607820000002,14.079786499999997],[123.0357595,14.079738699999998],[123.03548990000002,14.079619099999999],[123.0352693,14.079451699999998],[123.03490160000001,14.0790929],[123.0344604,14.078949400000003],[123.0339703,14.0789256],[123.0335537,14.0791409],[123.03335760000002,14.079428099999996],[123.03328410000002,14.079643400000002],[123.03299010000002,14.079858699999999],[123.0326714,14.0798348],[123.03249989999999,14.079715300000002],[123.0322303,14.0796674],[123.03200969999999,14.079667500000001],[123.03154400000001,14.079930699999998],[123.03132350000001,14.079978599999997],[123.03115190000001,14.079787199999998],[123.03080870000001,14.079619799999998],[123.0307106,14.0787586],[123.0307105,14.0783279],[123.0308575,14.078016899999998],[123.03098000000001,14.077466699999999],[123.0308328,14.076653300000002],[123.0306857,14.076055199999999],[123.0307591,14.0751509],[123.0306218,14.0744237],[123.0303472,14.074040899999998],[123.03026870000001,14.0736199],[123.03026870000001,14.0733711],[123.03054320000001,14.0731031],[123.03054320000001,14.0729883],[123.0304059,14.072701199999997],[123.03005290000002,14.0724716],[123.02956269999999,14.072242000000001],[123.0291902,14.072031499999998],[123.0287392,14.0716105],[123.0286411,14.0713617],[123.02862140000002,14.070500499999996],[123.0284057,14.070155999999995],[123.0281116,14.0698881],[123.0279743,14.069658499999997],[123.0278762,14.068950300000003],[123.02789579999998,14.068720699999998],[123.0280134,14.068490999999998],[123.02801330000001,14.068223],[123.02797410000001,14.067840299999995],[123.02785640000002,14.067361800000002],[123.0279151,14.066959900000002],[123.0280916,14.066653700000002],[123.0282679,14.065792399999998],[123.02855220000001,14.065668],[123.02869919999999,14.0657541],[123.02891490000002,14.065792299999998],[123.02918939999999,14.0657923],[123.02938540000001,14.065696599999997],[123.0297383,14.065581699999997],[123.03011080000002,14.065524199999999],[123.0302037,14.065413399999999],[123.03028720000002,14.065141399999998],[123.03028720000002,14.064928299999995],[123.0301107,14.0645482],[123.0298557,14.063801799999998],[123.02964,14.063361599999999],[123.02960080000001,14.0631894],[123.02960070000002,14.0627683],[123.0294438,14.062155899999999],[123.02928330000002,14.061842599999999],[123.02928690000002,14.061333],[123.02932599999998,14.060911900000002],[123.0294632,14.060644],[123.0295808,14.060509999999999],[123.0299756,14.060390299999998],[123.03048650000001,14.060827999999997],[123.0307058,14.061534899999998],[123.0308187,14.061701999999999],[123.030991,14.061834599999997],[123.0311217,14.061846099999999],[123.03119749999999,14.0618216],[123.0312343,14.0618916],[123.03122870000001,14.062007499999998],[123.0312822,14.0622496],[123.0314604,14.0627165],[123.0316684,14.063004699999999],[123.032221,14.063344699999996],[123.0323042,14.063436999999999],[123.0322448,14.0635234],[123.03207839999999,14.0636618],[123.0320306,14.063782100000001],[123.03185849999998,14.063915400000003],[123.03182879999999,14.0640422],[123.0318697,14.064137799999997],[123.03189420000001,14.064330400000001],[123.0320249,14.064584],[123.0322745,14.064774199999999],[123.0323696,14.064774200000002],[123.03254190000001,14.064486],[123.0326191,14.064434099999998],[123.03269639999999,14.0644399],[123.03274980000002,14.0644975],[123.03274980000002,14.064549399999999],[123.0326251,14.064929800000002],[123.0327142,14.065004699999996],[123.0329994,14.064762699999996],[123.0331004,14.064462899999999],[123.0329994,14.0641459],[123.0329222,14.064076799999999],[123.03283900000001,14.064076799999999],[123.03274980000002,14.063921099999998],[123.03280329999998,14.063581100000002],[123.03287430000002,14.063581099999999],[123.03286870000001,14.063765500000002],[123.03290430000001,14.0637886],[123.0331958,14.0637886],[123.0332846,14.063805899999998],[123.0333381,14.063869299999999],[123.03339159999999,14.0641344],[123.03345100000001,14.0642497],[123.0335639,14.064347700000003],[123.03360550000001,14.0644629],[123.0335342,14.0645609],[123.03354010000001,14.064693499999999],[123.0336411,14.064774199999999],[123.03372430000002,14.064774199999999],[123.0339145,14.064647399999997],[123.0342532,14.064572399999998],[123.03441950000001,14.064566700000002],[123.0345053,14.064610499999995],[123.03445520000001,14.064716499999998],[123.03417,14.064860599999998],[123.0341106,14.0649183],[123.03381349999998,14.0652987],[123.03359950000001,14.065385100000002],[123.03339159999999,14.065546499999998],[123.03314800000001,14.0655926],[123.03275580000002,14.0656157],[123.0326429,14.0657367],[123.0326072,14.0661402],[123.0327023,14.066244],[123.0333797,14.0663823],[123.03369360000002,14.066271700000001],[123.03366489999999,14.066347699999996],[123.0332193,14.066583999999999],[123.03305880000002,14.066601299999999],[123.0329578,14.066653199999998],[123.03287460000001,14.066659],[123.0325775,14.0665667],[123.0323933,14.066895299999999],[123.03241109999999,14.067114299999995],[123.0325478,14.067212299999998],[123.03269039999999,14.0672411],[123.0329638,14.067235299999998],[123.0332668,14.0671258],[123.03374809999998,14.067022100000003],[123.03378370000001,14.067056699999998],[123.03377779999998,14.067212299999998],[123.03374809999998,14.0672757],[123.0336233,14.067350599999994],[123.0335817,14.067419799999996],[123.03373620000002,14.0675696],[123.0338669,14.067621499999998],[123.033962,14.0676042],[123.03412240000002,14.067500499999998],[123.0343839,14.067396700000002],[123.0345919,14.067362099999997],[123.0350791,14.067183499999999],[123.0351861,14.067068199999998],[123.03531080000002,14.0668607],[123.03546530000001,14.0663938],[123.03546530000001,14.066255499999999],[123.03540000000001,14.066094099999997],[123.0356653,14.0658634],[123.03578000000002,14.065861999999997],[123.0357208,14.0659846],[123.03573870000001,14.066168999999997],[123.03610710000001,14.066785799999998],[123.03633879999998,14.0670567],[123.036725,14.067385199999999],[123.0371231,14.067610000000004],[123.0372827,14.067663999999997],[123.03698650000001,14.067759799999997],[123.0367013,14.067725299999998],[123.03624540000001,14.067514200000003],[123.0361276,14.067384699999998],[123.03601200000001,14.067160400000002],[123.0357862,14.067102799999999],[123.0357268,14.067229599999997],[123.0357268,14.067344800000003],[123.035501,14.0674486],[123.0352276,14.067402499999998],[123.0345503,14.067529300000002],[123.03418190000001,14.067713699999999],[123.0342175,14.067829],[123.0346572,14.0679097],[123.03502559999998,14.067886599999996],[123.0356317,14.067932700000002],[123.0362734,14.0683016],[123.0367013,14.068463],[123.03804410000001,14.068878],[123.038472,14.068935599999996],[123.03855520000002,14.068912599999999],[123.03855520000002,14.068843399999999],[123.0384601,14.0685783],[123.03843190000002,14.068195399999999],[123.038983,14.0687051],[123.0394348,14.068942799999999],[123.0407282,14.0689723],[123.04245980000002,14.068692099999996],[123.0429649,14.0687351],[123.0432281,14.068810499999998],[123.04373169999998,14.0688801],[123.04397199999998,14.068860099999997],[123.0443891,14.068877499999996],[123.045363,14.0686827],[123.04590779999998,14.068438299999995],[123.0470215,14.067669699999996],[123.0472568,14.0675835],[123.04758570000001,14.0675848],[123.0479162,14.067793499999997],[123.0481082,14.068001700000003],[123.04829980000001,14.068285199999996],[123.04862959999998,14.069334499999997],[123.04843389999999,14.0712101],[123.0483164,14.071688600000002],[123.04724450000002,14.073589400000001],[123.0468895,14.074613699999999],[123.04674620000002,14.075422999999997],[123.04678589999999,14.075726699999997],[123.0469624,14.075860599999999],[123.04708860000001,14.076089899999998],[123.04711379999999,14.076214099999996],[123.0470995,14.0764227],[123.04703859999998,14.0766494],[123.04717689999998,14.077068499999998],[123.047149,14.077501699999997],[123.04716870000001,14.077860500000002],[123.04696290000001,14.0783486],[123.0468388,14.078496899999996],[123.04663260000001,14.078606599999997],[123.0465739,14.078979799999999],[123.0463681,14.0796329],[123.04633139999999,14.079905699999998],[123.046155,14.0802],[123.04588670000001,14.0812631],[123.04522900000002,14.0823245],[123.04513339999998,14.082539900000002],[123.0451065,14.082845],[123.04505900000001,14.083034000000001],[123.0445022,14.084079799999998],[123.04422759999999,14.084799800000003],[123.04364150000002,14.086157299999996],[123.04358280000001,14.0867411],[123.0434555,14.0872865],[123.04346310000001,14.087495299999999],[123.04336820000002,14.088151199999999],[123.04366530000001,14.0898225],[123.04365339999998,14.090110699999997],[123.0435227,14.0902951],[123.04353449999999,14.0905602],[123.0437705,14.0911941],[123.0437306,14.0912402],[123.0437366,14.091378600000002],[123.0437722,14.091418899999999],[123.0438495,14.091672499999996],[123.0438911,14.092000999999998],[123.0438851,14.0921451],[123.04368900000001,14.092461999999996],[123.04367709999998,14.0928712],[123.0437782,14.0935225],[123.0437663,14.0939432],[123.0439063,14.094523200000001],[123.04396809999999,14.095311200000001],[123.0438732,14.0956951],[123.043897,14.096553800000002],[123.04374250000001,14.097181999999998],[123.04365930000002,14.097256899999996],[123.0435167,14.097753599999997],[123.0435167,14.097896599999995],[123.04368309999998,14.098369199999999],[123.04364739999998,14.0984729],[123.0434573,14.098743799999998],[123.04346880000001,14.099061800000001],[123.0434395,14.0992005],[123.0432731,14.099626999999995],[123.04302350000002,14.099984299999996],[123.0427621,14.1002724],[123.0426195,14.1006067],[123.0424531,14.1012982],[123.0422673,14.101541500000002],[123.0420225,14.101614800000002],[123.04195010000001,14.1015961],[123.0419183,14.101545999999999],[123.04181140000001,14.101482599999999],[123.0416331,14.101476899999998],[123.04153210000001,14.1014365],[123.04137169999998,14.101303999999999],[123.0412647,14.101303999999997],[123.040926,14.101471100000001],[123.04067289999999,14.1013982],[123.040391,14.101410199999998],[123.0402807,14.101374300000002],[123.04015809999999,14.101242699999998],[123.039913,14.101159099999999],[123.03964340000002,14.101159100000002],[123.0395086,14.101111299999998],[123.0391776,14.100931899999997],[123.03896930000002,14.100728599999998],[123.03879770000002,14.100728599999998],[123.03869969999998,14.100848199999998],[123.03866290000002,14.101111399999997],[123.038712,14.101278900000002],[123.03866300000001,14.101458299999997],[123.03805450000002,14.101376400000001],[123.0372903,14.100908299999999],[123.03612600000001,14.100681199999997],[123.0356848,14.100549699999998],[123.03537830000002,14.100394199999998],[123.0351699,14.1000832],[123.0349983,14.0996766],[123.03459380000001,14.0994733],[123.03353980000001,14.099281999999997],[123.03298840000001,14.099294100000002],[123.03232229999999,14.099563200000002],[123.0319091,14.0998343],[123.0317052,14.100132599999998],[123.03143210000002,14.100646000000001],[123.03140969999998,14.100878199999999],[123.0317998,14.101243999999998],[123.0316283,14.101243999999998],[123.03129469999999,14.1014844],[123.0312484,14.1020096],[123.0309544,14.1024163],[123.03097150000002,14.102640199999998],[123.0310647,14.1030144],[123.03105260000001,14.1035407],[123.0307707,14.103923499999999],[123.0302811,14.105170199999998],[123.0302811,14.1061096],[123.0299988,14.106940299999998],[123.02916720000002,14.1086102],[123.0286102,14.109439899999998],[123.02710720000002,14.110945199999998],[123.026653,14.110984000000002],[123.0258293,14.110941000000004],[123.02553520000001,14.110998399999998],[123.02527049999999,14.1112425],[123.02513820000001,14.111529599999999]]],[[[123.018551,14.1100976],[123.0187224,14.110331099999998],[123.0185878,14.110427799999997],[123.0176833,14.110456599999997],[123.0174038,14.110298700000001],[123.01727150000002,14.1101623],[123.01715690000002,14.109933100000001],[123.0171832,14.109796299999996],[123.0173597,14.1095666],[123.01752140000002,14.109423100000003],[123.01762439999999,14.1092365],[123.01752140000002,14.109006799999996],[123.0175718,14.1088128],[123.01775669999999,14.108762799999996],[123.0181244,14.109164700000001],[123.0181685,14.109293800000001],[123.0180656,14.109351299999998],[123.0179921,14.1096814],[123.0179921,14.109914799999997],[123.0181392,14.110083299999998],[123.01822740000001,14.1101407],[123.018551,14.1100976]]],[[[123.0667241,14.098427299999999],[123.06659680000001,14.098501400000004],[123.06641340000002,14.098692199999999],[123.06574,14.099749100000004],[123.0657889,14.099299299999998],[123.06577989999998,14.0989187],[123.06555809999999,14.098045799999998],[123.0655777,14.097849599999998],[123.0657295,14.097514599999998],[123.0658656,14.097331800000001],[123.0660187,14.0972945],[123.0662189,14.097302599999999],[123.0664697,14.0974283],[123.0669012,14.0977631],[123.0671219,14.0978875],[123.0672501,14.097919599999999],[123.067416,14.0978395],[123.0678154,14.0974543],[123.06803839999999,14.097313000000002],[123.0684268,14.097213999999997],[123.0690638,14.097229900000002],[123.0691513,14.0972638],[123.0697874,14.0979776],[123.0698546,14.098162700000001],[123.06975450000002,14.0984118],[123.06968349999998,14.098500699999999],[123.0694592,14.098571099999996],[123.06919569999998,14.0985412],[123.06951540000001,14.0981858],[123.06955050000002,14.098095300000004],[123.0695323,14.0979856],[123.0694675,14.097859299999998],[123.06924300000001,14.0976407],[123.0689623,14.097459699999998],[123.068695,14.0973555],[123.0683725,14.097340800000001],[123.06815060000001,14.097437299999998],[123.06802520000001,14.097584799999998],[123.0678475,14.098341799999998],[123.0677691,14.0984997],[123.06763190000001,14.098595399999999],[123.0674652,14.0986051],[123.06710239999998,14.0984233],[123.06697000000001,14.0983947],[123.0667241,14.098427299999999]]],[[[123.0161715,14.0961025],[123.0161226,14.096832199999998],[123.0160245,14.097202999999999],[123.0159143,14.097394399999997],[123.0158163,14.097908699999996],[123.0156324,14.0972269],[123.01548529999998,14.096915900000003],[123.0154607,14.096054699999996],[123.015522,14.0957198],[123.01590190000002,14.095205399999998],[123.01605919999999,14.094843999999998],[123.0161715,14.0961025]]],[[[123.01685489999998,14.0900609],[123.01689020000002,14.090151300000002],[123.0168505,14.090241699999996],[123.01672130000001,14.090358299999997],[123.01662859999999,14.090362399999998],[123.01659380000001,14.090332199999999],[123.01659289999999,14.0902869],[123.0166978,14.090106099999998],[123.01676760000001,14.090048400000002],[123.01685489999998,14.0900609]]],[[[123.08761140000001,14.0901508],[123.08747169999998,14.090158100000002],[123.08736870000001,14.0900899],[123.08725829999999,14.089926199999997],[123.0872383,14.089671099999999],[123.0869561,14.0890414],[123.0868863,14.088361],[123.0866899,14.0877104],[123.08653280000001,14.0869832],[123.0863996,14.0865208],[123.08613,14.086103699999999],[123.08612660000001,14.0856179],[123.0860067,14.085539],[123.0858964,14.085409899999998],[123.08584280000001,14.085286399999996],[123.0858558,14.085093199999996],[123.085746,14.084975499999999],[123.08557689999999,14.0849254],[123.08523870000002,14.084932699999998],[123.08454760000001,14.0851123],[123.08429760000001,14.085141100000001],[123.0842461,14.0850766],[123.08430480000001,14.0849043],[123.08442159999998,14.084796599999999],[123.08506210000002,14.0845811],[123.0857459,14.084609499999996],[123.0861937,14.084770399999998],[123.086782,14.084806100000002],[123.0874805,14.0848058],[123.0885344,14.084685799999999],[123.08971070000001,14.084505999999998],[123.09009050000002,14.084206799999999],[123.0904581,14.084134899999997],[123.09114419999999,14.083620300000002],[123.09160959999998,14.0831057],[123.09211180000001,14.082316100000002],[123.09237930000002,14.0816252],[123.0925409,14.081443299999998],[123.09269310000002,14.081347699999998],[123.09338680000002,14.0803825],[123.0937462,14.0799548],[123.09391280000001,14.0798351],[123.0940353,14.0796772],[123.0942313,14.079667599999999],[123.0952366,14.0801499],[123.0955992,14.080202899999998],[123.09590800000001,14.080293700000002],[123.0959399,14.080334299999999],[123.09595960000001,14.0805449],[123.0960879,14.080755299999996],[123.0960915,14.080840500000003],[123.09599680000001,14.0812469],[123.0954478,14.0817053],[123.09542790000002,14.081757299999998],[123.0954692,14.0817938],[123.0957273,14.081776999999997],[123.0957257,14.0820545],[123.09535840000001,14.082844100000003],[123.09522440000002,14.0846265],[123.095065,14.084518900000003],[123.0948076,14.084423299999997],[123.09429290000001,14.084363699999999],[123.0939865,14.084387699999999],[123.0938763,14.084483399999998],[123.09388580000001,14.0846219],[123.09404190000001,14.084887],[123.0941403,14.085358400000002],[123.09402380000002,14.0856796],[123.09381560000001,14.0859667],[123.0935994,14.086157399999996],[123.093321,14.086219299999998],[123.0927975,14.086236499999998],[123.0920565,14.086420800000003],[123.09190590000001,14.0864867],[123.09099749999999,14.087116099999998],[123.0908075,14.087119199999998],[123.0906903,14.087173599999996],[123.09041969999998,14.087588799999999],[123.09025430000001,14.087696500000002],[123.08974579999999,14.087911999999998],[123.0884595,14.088529099999999],[123.08825100000001,14.088707999999999],[123.08804280000001,14.089037100000002],[123.08796930000001,14.0892225],[123.0879449,14.0895455],[123.0880063,14.089814599999997],[123.0881412,14.090107599999998],[123.08769869999999,14.0900708],[123.08761140000001,14.0901508]],[[123.0959742,14.0806689],[123.09601780000001,14.0807343],[123.0959742,14.080668],[123.0959742,14.0806689]]],[[[122.30522070000002,14.077774600000003],[122.3051009,14.077924899999998],[122.3046366,14.0783039],[122.3044373,14.0785761],[122.3043755,14.0788395],[122.3044092,14.0790065],[122.3046009,14.0791752],[122.30480640000002,14.079290599999998],[122.3048501,14.0794414],[122.3048496,14.0795849],[122.30480499999999,14.079757],[122.3046719,14.0800042],[122.30467119999999,14.080230299999997],[122.3047608,14.080510400000001],[122.30489979999999,14.080733299999999],[122.30491309999998,14.0811927],[122.3047728,14.081421899999997],[122.30471680000001,14.0817332],[122.3047677,14.0818812],[122.30483740000001,14.0819244],[122.3050655,14.0819614],[122.30527900000001,14.082191299999998],[122.3052915,14.082404799999999],[122.3052226,14.0825305],[122.3050287,14.082573600000002],[122.30450460000002,14.082576499999998],[122.3040565,14.0824389],[122.303211,14.0824436],[122.3033661,14.082200099999996],[122.3036311,14.0821004],[122.30367560000002,14.081957000000003],[122.3036245,14.081841999999998],[122.30352170000002,14.0817986],[122.3032498,14.081762],[122.3031068,14.081693499999998],[122.302954,14.081532899999996],[122.30314760000002,14.081517700000001],[122.3032729,14.081424699999996],[122.3033473,14.0811236],[122.3032596,14.080958199999996],[122.30309090000002,14.0808142],[122.30265020000002,14.080683799999997],[122.3025325,14.0806906],[122.3023191,14.0807689],[122.30224519999999,14.0808764],[122.3022216,14.081034600000002],[122.30211070000001,14.080951],[122.301963,14.080380399999997],[122.3008525,14.078052],[122.2999789,14.0752219],[122.2996288,14.0742879],[122.29937460000001,14.073735],[122.2994995,14.070170399999999],[122.3014908,14.0711498],[122.3031387,14.068059900000002],[122.304863,14.068079999999998],[122.30683130000001,14.0691996],[122.30782320000002,14.0686903],[122.3088074,14.069419899999998],[122.31012719999998,14.06814],[122.31080220000001,14.068065499999998],[122.31058190000002,14.068642699999998],[122.3106038,14.0690861],[122.3106976,14.0693323],[122.31090020000002,14.0694374],[122.3110738,14.069466099999998],[122.3112548,14.0694486],[122.3115807,14.0693252],[122.31179199999998,14.0691687],[122.3119781,14.068862],[122.31222880000001,14.067904600000002],[122.3140182,14.067700399999996],[122.3143926,14.0687446],[122.3146449,14.068911499999999],[122.314708,14.068998599999999],[122.31470469999998,14.069255599999998],[122.3146437,14.069311099999998],[122.31450480000001,14.0692871],[122.31441230000001,14.069239300000001],[122.31425240000002,14.0690351],[122.3140768,14.068927400000002],[122.3137048,14.0688846],[122.31341420000001,14.0689567],[122.31305029999999,14.069205099999998],[122.3127855,14.069595300000001],[122.3126951,14.0698501],[122.31268099999998,14.070164299999998],[122.312607,14.070322000000003],[122.31247450000001,14.0703862],[122.31236860000001,14.070392099999998],[122.31218500000001,14.070456299999998],[122.3119561,14.070627600000003],[122.31165600000001,14.070979400000002],[122.3114747,14.071369999999998],[122.31129779999999,14.0715381],[122.31109110000001,14.071635],[122.3110051,14.071851399999998],[122.3109781,14.072116700000002],[122.3111185,14.072791999999998],[122.3111405,14.073035599999999],[122.311177,14.0731194],[122.31180990000001,14.073527899999997],[122.31192240000001,14.0738093],[122.31212710000001,14.073968399999998],[122.31257710000001,14.0740922],[122.3126259,14.0741552],[122.31277240000001,14.0746213],[122.3124054,14.0750961],[122.3122551,14.075096499999999],[122.31213489999999,14.075057900000001],[122.31199440000002,14.0749319],[122.3118662,14.074764099999998],[122.311781,14.074584499999998],[122.31156720000001,14.074380500000002],[122.31138350000002,14.074350100000006],[122.31128510000002,14.0744455],[122.31123660000002,14.074627699999999],[122.31131139999998,14.074888099999999],[122.311595,14.075331499999999],[122.31155160000002,14.0754749],[122.31144120000002,14.075528399999998],[122.31075569999999,14.075305200000003],[122.3105719,14.0752867],[122.3104248,14.0753042],[122.3101974,14.0755667],[122.3100685,14.075632099999998],[122.30991539999998,14.0756137],[122.30983000000002,14.0754879],[122.3098308,14.0752068],[122.3097774,14.075032400000003],[122.30955670000002,14.074697699999998],[122.30955739999999,14.0744525],[122.30966509999999,14.0742029],[122.3097243,14.0739536],[122.30971849999999,14.0738549],[122.3095691,14.073723999999997],[122.3092347,14.073781799999999],[122.3091487,14.0738503],[122.3090195,14.0740294],[122.3089512,14.0740577],[122.3088174,14.0740049],[122.3087441,14.0739269],[122.30886430000001,14.072665400000002],[122.3091415,14.072187700000002],[122.3091357,14.0720681],[122.3090871,14.071942400000003],[122.3086772,14.071725899999997],[122.30850630000002,14.071510099999996],[122.30842120000001,14.0712886],[122.30838540000002,14.0709895],[122.3084201,14.070520400000003],[122.3083805,14.070177699999997],[122.3083361,14.0699499],[122.3082384,14.069848200000001],[122.3080855,14.069836200000001],[122.30800890000002,14.069859],[122.30778309999998,14.0699846],[122.30771640000002,14.069992099999999],[122.3075872,14.069934299999996],[122.30746169999999,14.069947400000002],[122.3073535,14.070081],[122.30733909999998,14.070283799999997],[122.3074984,14.0709459],[122.30757360000001,14.0710511],[122.30774670000001,14.071151],[122.3077942,14.071237199999999],[122.30776389999998,14.0715421],[122.30754980000002,14.0718207],[122.3075206,14.071944699999998],[122.30754540000001,14.072275799999998],[122.3076191,14.0725786],[122.3077531,14.072818199999999],[122.3077279,14.073057400000001],[122.30753100000001,14.073331899999996],[122.30741130000001,14.073457099999999],[122.3072488,14.0734507],[122.30708580000001,14.0731904],[122.3070541,14.0730172],[122.3070554,14.072576999999999],[122.3069257,14.0722302],[122.3068293,14.072093000000002],[122.3065666,14.071956500000002],[122.30643430000002,14.071932799999999],[122.30620100000002,14.071946999999998],[122.30604700000002,14.0717702],[122.30603810000001,14.071584499999998],[122.3060985,14.0710584],[122.30605999999999,14.070819099999998],[122.30597239999999,14.070608299999998],[122.3057473,14.070511999999999],[122.3056001,14.070540299999998],[122.305443,14.070654700000004],[122.3053056,14.070682999999999],[122.3051694,14.070511999999999],[122.30514499999998,14.070309299999998],[122.30516020000002,14.070156299999999],[122.3057459,14.069549599999998],[122.30581249999999,14.0693893],[122.3058358,14.0691755],[122.3057472,14.068904500000002],[122.30564470000002,14.068760599999996],[122.30548810000002,14.0687028],[122.30523290000001,14.068788099999999],[122.30466309999998,14.069207499999994],[122.30431950000002,14.069388299999998],[122.30397599999999,14.069521299999996],[122.30375979999998,14.069697700000003],[122.30350280000002,14.0701089],[122.3034838,14.0702184],[122.30353170000001,14.070572600000002],[122.3037076,14.070786499999999],[122.3040212,14.070794100000002],[122.3042861,14.070718299999998],[122.30443209999999,14.071063199999998],[122.3045643,14.0712411],[122.30477430000002,14.071351199999999],[122.30500890000002,14.0715624],[122.30514520000001,14.0718882],[122.3049867,14.072423499999998],[122.30489800000001,14.072585999999998],[122.3047311,14.072671599999998],[122.3045744,14.072613700000002],[122.3045455,14.072460599999998],[122.3042623,14.0721057],[122.3040761,14.072086],[122.30380140000001,14.072142599999998],[122.3035091,14.072367499999999],[122.3031863,14.0724916],[122.30287790000001,14.072828899999998],[122.30264219999998,14.0729813],[122.3025246,14.072980999999999],[122.30227040000001,14.072731499999998],[122.3021038,14.0727406],[122.30181919999998,14.072835399999997],[122.30147599999998,14.0728918],[122.30123110000001,14.072805],[122.3008491,14.072948999999998],[122.3004156,14.0734438],[122.30031690000001,14.0736731],[122.30033319999998,14.074258299999999],[122.30021480000002,14.074530700000002],[122.30019230000002,14.074667000000002],[122.30019180000001,14.074839199999998],[122.3002649,14.074968599999998],[122.3003969,14.0750766],[122.3005291,14.0751272],[122.3009261,14.075121200000002],[122.3014328,14.075330799999998],[122.3016162,14.075453299999998],[122.3017108,14.075783699999999],[122.3018571,14.0760138],[122.30196,14.076028399999998],[122.30210710000001,14.075993],[122.3025349,14.0755636],[122.30272619999998,14.0754996],[122.30287310000001,14.075550200000002],[122.30293879999999,14.075715499999998],[122.3028082,14.076329],[122.3028453,14.0765644],[122.303002,14.076691699999998],[122.30319300000001,14.076735300000001],[122.3033696,14.0766927],[122.3038193,14.076270600000003],[122.30396690000002,14.0760916],[122.30455659999998,14.075576600000002],[122.3047406,14.075526899999998],[122.3048801,14.0755919],[122.3049384,14.075749999999996],[122.30488590000002,14.0760943],[122.3045978,14.0765671],[122.30419230000001,14.0769104],[122.30409609999998,14.077125400000002],[122.3041325,14.077254699999997],[122.30427939999998,14.077312599999999],[122.3044337,14.077312999999998],[122.30452950000002,14.077241499999996],[122.30487550000001,14.0771062],[122.3050151,14.077135299999998],[122.30515419999999,14.0773366],[122.30522710000001,14.077523399999997],[122.30522070000002,14.077774600000003]]],[[[123.02796710000001,14.0575348],[123.0274647,14.058013300000004],[123.0272412,14.0581355],[123.0270236,14.058108999999998],[123.026436,14.0579634],[123.02609850000002,14.057774199999999],[123.0260253,14.057705700000001],[123.02592690000002,14.0574154],[123.0259085,14.057200100000001],[123.02584719999999,14.057008699999999],[123.0257736,14.056566099999994],[123.0258104,14.056231199999996],[123.02596960000001,14.055908200000001],[123.02610439999998,14.055752700000001],[123.0263004,14.0554177],[123.0265209,14.0548675],[123.02670460000002,14.054137799999998],[123.0267168,14.053874599999999],[123.0267168,14.053635399999997],[123.02653300000001,14.053360299999998],[123.02642800000001,14.053136599999998],[123.0264573,14.052246699999998],[123.02645719999998,14.051873499999997],[123.02642779999998,14.051710799999997],[123.0262611,14.051567300000002],[123.0261497,14.051561099999997],[123.0260264,14.051504499999998],[123.02599650000002,14.051356799999999],[123.0261434,14.0508735],[123.0261924,14.050476399999999],[123.02629039999998,14.050294499999998],[123.0267903,14.04995],[123.02730980000001,14.049672399999997],[123.02748620000001,14.049548],[123.027643,14.049528800000001],[123.0279567,14.049567099999999],[123.0281626,14.0496723],[123.0282982,14.0497788],[123.0284861,14.049806299999998],[123.02871150000001,14.049748799999998],[123.0289369,14.0494808],[123.0291413,14.0493343],[123.02925000000002,14.049003700000002],[123.029357,14.0483812],[123.02934510000001,14.047896999999999],[123.02923809999999,14.047020799999999],[123.0294283,14.046836400000002],[123.0294996,14.0478624],[123.0294283,14.049107499999998],[123.02933320000001,14.0495341],[123.02905719999998,14.049959299999996],[123.028964,14.050162099999996],[123.02875739999999,14.050310799999998],[123.0285829,14.0503212],[123.0285262,14.050359899999997],[123.0285313,14.050415199999998],[123.02856950000002,14.050447899999998],[123.028814,14.050566499999999],[123.02916720000002,14.0509051],[123.0293492,14.051168599999999],[123.0294035,14.051626],[123.0293876,14.052793599999996],[123.0294271,14.0537711],[123.02955820000001,14.055188499999998],[123.0296312,14.0556739],[123.02996680000001,14.056910299999998],[123.02969470000001,14.057008199999999],[123.02957220000002,14.057139800000002],[123.02947420000001,14.057283400000001],[123.02929050000002,14.0577978],[123.0290822,14.057941299999998],[123.0289229,14.0579055],[123.02833469999999,14.0575228],[123.0280986,14.0574797],[123.02796710000001,14.0575348]]],[[[123.0296558,14.045498799999999],[123.0296849,14.045500999999998],[123.0297114,14.045572399999998],[123.0296849,14.045657300000002],[123.02963860000001,14.045689399999999],[123.02960649999999,14.045662800000004],[123.0296558,14.045498799999999]]],[[[123.02920140000002,14.044991700000002],[123.02912790000002,14.045192599999998],[123.0288632,14.045235699999997],[123.0285839,14.0452071],[123.0282604,14.045063600000002],[123.0279957,14.044776499999998],[123.0276868,14.043944000000002],[123.02745160000002,14.0437718],[123.0272457,14.043750299999997],[123.02695460000001,14.0436179],[123.0263891,14.0428609],[123.0263193,14.042594899999997],[123.02631190000001,14.042135599999995],[123.0263682,14.0416236],[123.02629960000002,14.0414705],[123.0261525,14.0413748],[123.0260741,14.041193],[123.02601519999999,14.0405901],[123.0260151,14.039566199999998],[123.0260739,14.0392504],[123.0261915,14.0390016],[123.02627959999998,14.0385423],[123.026309,14.037949],[123.0265049,14.037537500000001],[123.02663230000002,14.036771900000002],[123.02681840000001,14.0360063],[123.02696540000001,14.0356522],[123.02703400000001,14.0353652],[123.02696540000001,14.0352312],[123.02686010000001,14.034814900000002],[123.0269065,14.0345279],[123.0270829,14.034226399999998],[123.02742100000002,14.034125900000001],[123.0275386,14.034154599999999],[123.02770030000002,14.0341259],[123.02778409999999,14.0340589],[123.0278179,14.033845899999998],[123.0277738,14.033695199999999],[123.0276268,14.033508599999998],[123.0275091,14.033178500000002],[123.02750900000001,14.0322311],[123.02736190000002,14.031527799999997],[123.0271315,14.030893199999998],[123.02683249999998,14.0304283],[123.0264,14.030168599999996],[123.0262622,14.030034600000002],[123.02627370000002,14.029854199999999],[123.0264942,14.0295528],[123.0264795,14.0293375],[123.0262589,14.029136499999996],[123.0260531,14.029064799999995],[123.0258179,14.0290361],[123.0257002,14.028921300000002],[123.0256561,14.028533699999999],[123.0255237,14.0281031],[123.02549469999998,14.027871],[123.02549469999998,14.0274329],[123.0256729,14.026971699999997],[123.025875,14.026775699999998],[123.02612449999998,14.026706499999996],[123.0263384,14.026914100000003],[123.0263986,14.026953699999998],[123.0264351,14.026940400000003],[123.0266409,14.026724999999995],[123.0270231,14.026064699999997],[123.02772869999998,14.0253756],[123.02790509999998,14.024901899999998],[123.02790500000002,14.024499999999998],[123.0278609,14.024126799999998],[123.02865480000001,14.0243707],[123.02905170000001,14.024327599999998],[123.02928690000002,14.0241841],[123.02966910000002,14.023667299999996],[123.0298602,14.0236098],[123.0299778,14.023423199999995],[123.02988960000002,14.023207899999997],[123.0296102,14.023007000000002],[123.0294338,14.022576399999997],[123.0296394,14.021313200000002],[123.0298746,14.0209256],[123.0301833,14.020782000000002],[123.0304038,14.020853799999998],[123.0305509,14.0211839],[123.03071260000002,14.0213274],[123.0309332,14.0214566],[123.03121250000001,14.021485199999999],[123.03175649999999,14.021384699999999],[123.03203579999999,14.0213847],[123.03234450000001,14.021441999999995],[123.0326533,14.021657299999996],[123.0332562,14.022389300000002],[123.03337380000002,14.022633299999999],[123.03362380000002,14.022949000000002],[123.03387379999998,14.023192999999997],[123.03397669999998,14.023193],[123.03418249999999,14.023106899999997],[123.03437360000001,14.023078099999998],[123.03456469999999,14.0231212],[123.0348882,14.023063699999998],[123.03518220000001,14.022934499999998],[123.0356894,14.0227837],[123.0365102,14.022819399999998],[123.0367537,14.022804099999998],[123.03700069999998,14.022645599999999],[123.0373668,14.0222791],[123.0377708,14.0220485],[123.0381793,14.0219207],[123.0383967,14.021754599999998],[123.0385314,14.021419599999998],[123.0384824,14.0210488],[123.03769189999998,14.019260599999999],[123.0376305,14.0187642],[123.03756920000001,14.017302999999997],[123.0375139,14.0170418],[123.03739129999998,14.0167547],[123.03739129999998,14.016479599999998],[123.0375015,14.016276199999998],[123.03779170000001,14.015480100000001],[123.03788110000002,14.0150752],[123.03806479999999,14.014584800000002],[123.03807700000002,14.014345500000001],[123.03834080000001,14.013712],[123.03843209999998,14.013555999999996],[123.03851780000001,14.013209099999997],[123.03902,14.012574999999998],[123.03909350000002,14.0123836],[123.0391311,14.011813099999998],[123.03921590000002,14.011606099999996],[123.0393751,14.011307],[123.039571,14.0110797],[123.039865,14.010529399999998],[123.03993840000001,14.0100629],[123.03996270000002,14.009472199999996],[123.0402125,14.0093205],[123.0404539,14.0090531],[123.0407447,14.0085446],[123.04109679999999,14.007677400000002],[123.04126959999999,14.007227],[123.0413723,14.006797100000002],[123.04137220000001,14.006255199999998],[123.04121899999998,14.005912999999998],[123.04088200000001,14.005494399999998],[123.040545,14.004926299999997],[123.0402999,14.003863499999996],[123.0402217,14.003728000000002],[123.03966920000002,14.003261],[123.0393998,14.003190499999999],[123.0391101,14.0031776],[123.03878569999999,14.003104799999996],[123.0387538,14.003036099999997],[123.03881219999998,14.002884099999994],[123.0387876,14.002704600000001],[123.03856700000001,14.0021784],[123.03856700000001,14.001974999999996],[123.0387262,14.0017956],[123.03898340000002,14.0016161],[123.03931410000001,14.001257199999998],[123.03953460000001,14.0008505],[123.0395702,14.000497],[123.0393691,14.000216499999999],[123.03924050000002,14.0001567],[123.0387627,14.000097],[123.0386769,14.000037199999996],[123.0385299,13.999809999999998],[123.0385911,13.999427200000003],[123.0387135,13.999235799999997],[123.0387625,13.998984600000002],[123.0387625,13.998781199999994],[123.03848069999998,13.998518099999998],[123.03818659999999,13.9983507],[123.0381499,13.9982909],[123.03818659999999,13.998003800000001],[123.0383335,13.997668799999998],[123.0385417,13.997477399999998],[123.038652,13.9974654],[123.0391053,13.997549100000002],[123.039436,13.997549],[123.039779,13.9974533],[123.04001170000001,13.997333600000001],[123.040514,13.997249800000002],[123.0407222,13.997154099999998],[123.04104070000001,13.9969028],[123.0414204,13.9967832],[123.0415062,13.996842899999997],[123.04153070000001,13.996974499999999],[123.04131019999998,13.9972377],[123.04113870000002,13.9973693],[123.04091830000002,13.997668400000002],[123.04080810000002,13.9979435],[123.0407346,13.998242600000001],[123.04073469999999,13.998469899999996],[123.04069800000002,13.9986852],[123.0405632,13.9988168],[123.04048980000002,13.9990202],[123.04044699999999,13.999307200000002],[123.0402326,13.999731899999999],[123.0401714,13.999929300000002],[123.04017150000001,14.0000848],[123.040226,14.000299499999997],[123.0402818,14.000359899999998],[123.04045330000001,14.0004197],[123.0414945,14.000419500000001],[123.04169060000001,14.000551100000001],[123.04176940000002,14.001486999999997],[123.041647,14.0018758],[123.04152460000002,14.002563599999998],[123.0416013,14.0028776],[123.0417327,14.003257100000003],[123.04184320000002,14.0033888],[123.04204130000001,14.0035406],[123.04247420000002,14.003639999999999],[123.04258559999998,14.003639999999999],[123.042769,14.0035626],[123.04303280000002,14.0033785],[123.0431785,14.0031166],[123.0432704,14.0028923],[123.043454,14.0021746],[123.04368090000001,14.001511899999999],[123.043742,14.000889899999999],[123.04384,14.0006148],[123.0441951,14.0001243],[123.0448321,13.999573899999996],[123.0450648,13.999406399999998],[123.04577639999998,13.9990236],[123.0459127,13.998874499999998],[123.0459712,13.998760299999997],[123.0462328,13.9985207],[123.0468531,13.998425199999998],[123.0470605,13.998440199999997],[123.0474779,13.9985686],[123.04774740000002,13.998556600000002],[123.0479066,13.998424999999997],[123.0480902,13.9977312],[123.0484578,13.9979345],[123.04899679999998,13.998101799999999],[123.04945010000002,13.9981376],[123.04967050000002,13.998065800000001],[123.049891,13.997934200000001],[123.050038,13.9979222],[123.05017280000001,13.997993900000003],[123.0502708,13.998113500000006],[123.0504301,13.9981853],[123.05058930000001,13.998185199999998],[123.0507118,13.998101500000002],[123.05079750000002,13.9979101],[123.05127510000001,13.997252099999999],[123.0514221,13.997120499999998],[123.0516671,13.997168299999997],[123.05186310000002,13.9971682],[123.0526226,13.996940799999997],[123.0528676,13.996976599999998],[123.05322290000001,13.997120099999997],[123.05336989999999,13.997119999999997],[123.05350460000001,13.9970243],[123.05370050000002,13.996713299999998],[123.0538597,13.9963185],[123.05393310000001,13.9960673],[123.0539698,13.995636599999997],[123.05411670000001,13.995265799999999],[123.0542146,13.994787300000002],[123.05405520000001,13.9941773],[123.0540551,13.9937945],[123.05421419999999,13.993304100000001],[123.0543857,13.9930289],[123.0544346,13.9928016],[123.05423850000001,13.9925624],[123.05388320000002,13.992323299999999],[123.05378520000001,13.992167800000002],[123.05378520000001,13.992024199999998],[123.0539689,13.992012199999998],[123.05421390000001,13.9919404],[123.0545936,13.9919762],[123.05474070000001,13.992143599999997],[123.05486910000002,13.9923638],[123.05497830000002,13.992473099999998],[123.05512050000002,13.992550299999998],[123.0554618,13.992601400000002],[123.0556718,13.9925501],[123.0559167,13.9924424],[123.0561249,13.992262899999998],[123.0562596,13.992035600000001],[123.0563208,13.9916409],[123.0563205,13.990576299999999],[123.0565654,13.9900738],[123.0566388,13.989846599999998],[123.0566019,13.989188700000001],[123.0566508,13.988817799999998],[123.05660620000002,13.988621700000001],[123.056418,13.988273599999996],[123.0557808,13.987406599999998],[123.0556215,13.987095599999998],[123.0556337,13.9868803],[123.05570709999999,13.9867008],[123.0558785,13.986389799999998],[123.05605000000001,13.9862223],[123.05611120000002,13.9859711],[123.0560988,13.985683999999997],[123.056013,13.9854448],[123.05585380000001,13.9852415],[123.05577160000001,13.984990799999999],[123.05580460000002,13.9847032],[123.0558903,13.984463899999996],[123.0560985,13.984164899999998],[123.05642900000001,13.983387299999999],[123.0566127,13.983267599999998],[123.05693120000001,13.9833273],[123.05707819999999,13.983399099999998],[123.05716400000001,13.983554599999998],[123.05717939999998,13.984111399999998],[123.0569716,13.984785099999996],[123.05686399999999,13.9855411],[123.05690330000002,13.985856899999998],[123.05706929999998,13.986099999999999],[123.0573049,13.9863085],[123.05778539999999,13.986603099999998],[123.0582755,13.986823],[123.0583931,13.986909099999998],[123.0586448,13.987366599999998],[123.05880819999999,13.987603899999995],[123.0594558,13.988219099999998],[123.0595091,13.988385699999998],[123.0597825,13.988860999999998],[123.0601053,13.989199799999998],[123.060256,13.989480499999999],[123.06057610000002,13.989635799999997],[123.0611941,13.9897281],[123.0616219,13.989924099999996],[123.0619903,13.990050999999996],[123.06221610000001,13.9902009],[123.06246570000002,13.990200899999998],[123.0629292,13.990027899999998],[123.06340450000002,13.989739599999998],[123.0637848,13.9896704],[123.0644503,13.9896243],[123.06462859999999,13.989785699999999],[123.06465229999999,13.9899357],[123.0645216,13.9901202],[123.064777,13.990627399999997],[123.06460080000001,13.990607800000001],[123.06402320000001,13.990623800000002],[123.0633465,13.990719899999997],[123.0627029,13.991056199999997],[123.06240580000001,13.991120299999999],[123.06215830000001,13.9910882],[123.06174569999999,13.9909121],[123.0615146,13.9908961],[123.060904,13.9909121],[123.0603759,13.991040200000002],[123.06007879999999,13.9912003],[123.05983129999998,13.991600700000001],[123.05951770000001,13.991872899999997],[123.05894010000002,13.992273299999999],[123.05768579999999,13.992961899999996],[123.0570256,13.9934263],[123.0562995,13.994178899999998],[123.05614690000002,13.9945121],[123.0560442,13.994577599999998],[123.0559626,13.9947605],[123.05523150000002,13.9955789],[123.0550931,13.995778799999997],[123.0544321,13.997015899999997],[123.05428950000001,13.9972119],[123.0541004,13.997341599999999],[123.0538528,13.997373700000002],[123.0535557,13.9975178],[123.0533412,13.997774],[123.05315969999998,13.998094299999998],[123.05294200000002,13.998615199999998],[123.0522051,13.999818999999999],[123.05122350000002,14.001582099999998],[123.0496072,14.0042342],[123.0486243,14.006383599999998],[123.04832410000002,14.006793499999999],[123.0481095,14.0072899],[123.0479115,14.008234599999998],[123.0476309,14.008586899999997],[123.04748240000002,14.008715000000002],[123.0472348,14.008746999999998],[123.0471358,14.0087951],[123.0471028,14.0089392],[123.0472183,14.0096277],[123.0472183,14.009915999999999],[123.0470863,14.010316299999998],[123.0468223,14.010892699999998],[123.0465087,14.011309099999998],[123.0453911,14.012591],[123.0452441,14.0126053],[123.0452049,14.012729799999999],[123.04494520000002,14.012935499999998],[123.04494040000002,14.013107799999998],[123.0447885,14.013150899999996],[123.0445974,14.013351899999998],[123.04455330000002,14.0135385],[123.04399480000001,14.014399799999998],[123.04397040000002,14.014562499999998],[123.043505,14.015404700000001],[123.0431278,14.016184699999998],[123.0424306,14.017402],[123.04216790000001,14.0180015],[123.0415975,14.019915499999996],[123.0415975,14.0202298],[123.0413018,14.0208884],[123.04100470000002,14.0221534],[123.04067460000002,14.0233222],[123.0406086,14.023434299999998],[123.039932,14.024058800000002],[123.0394204,14.024250899999998],[123.0391563,14.024202899999997],[123.03862819999999,14.024026799999998],[123.0381166,14.0239467],[123.0376545,14.024122799999997],[123.03715939999998,14.024635200000002],[123.03671379999999,14.025371699999997],[123.0361361,14.026092299999998],[123.0353275,14.0265246],[123.0351129,14.026540599999995],[123.0349149,14.0266367],[123.0348489,14.0269409],[123.03463430000001,14.027389200000002],[123.0334295,14.028670100000001],[123.03227430000001,14.029999099999998],[123.032029,14.0303989],[123.031858,14.030546399999997],[123.0317657,14.0306856],[123.0307663,14.032790999999996],[123.0302963,14.0340204],[123.030262,14.034240300000002],[123.0297669,14.035805500000002],[123.0294534,14.037173899999999],[123.02922810000001,14.038609399999999],[123.02913660000002,14.039580399999997],[123.0291252,14.0402451],[123.029052,14.0412314],[123.02918939999999,14.042580699999998],[123.0293807,14.043217],[123.0294689,14.043671500000002],[123.02947389999999,14.043862900000002],[123.0295719,14.044150000000002],[123.02972730000002,14.0443946],[123.02975910000002,14.0446016],[123.02966110000001,14.044896800000002],[123.0294072,14.044862499999999],[123.02920140000002,14.044991700000002]],[[123.042468,14.017229300000002],[123.0424759,14.0172162],[123.0424748,14.017216199999998],[123.042468,14.017229300000002]],[[123.0502321,14.0028471],[123.0502321,14.0028481],[123.0502407,14.0028388],[123.0502321,14.0028471]],[[123.05224560000002,13.999593899999997],[123.05224560000002,13.9995951],[123.05225829999999,13.9995816],[123.05224560000002,13.999593899999997]],[[123.0566137,13.9938328],[123.0566301,13.9938177],[123.0566292,13.9938177],[123.0566137,13.9938328]]],[[[123.0840013,13.9780002],[123.08385680000002,13.977815800000002],[123.08385920000002,13.977911599999999],[123.0838276,13.977756199999996],[123.08377800000001,13.977692099999999],[123.08361300000001,13.97758],[123.08326640000001,13.97758],[123.08296940000001,13.977628],[123.0821772,13.977884300000001],[123.08173159999998,13.9778843],[123.08140150000001,13.977772200000002],[123.08113750000001,13.977532],[123.08108800000001,13.977323799999995],[123.08113750000001,13.977211699999998],[123.08140150000001,13.9770035],[123.0816491,13.976891399999998],[123.08174809999998,13.9767312],[123.0820617,13.976442899999999],[123.08257330000002,13.9763468],[123.08288689999999,13.976410899999998],[123.08315089999999,13.976507],[123.08351400000001,13.976539],[123.08386059999998,13.976507],[123.0840455,13.976412000000002],[123.0841183,13.976166699999998],[123.0841183,13.9756131],[123.08417769999998,13.974955799999998],[123.0844154,13.974379199999998],[123.08486700000002,13.973721799999998],[123.0850809,13.973594999999998],[123.08552059999998,13.973641099999998],[123.0859365,13.9735719],[123.08635249999999,13.973318200000003],[123.0869704,13.972776199999998],[123.08707739999998,13.972337999999999],[123.08704169999999,13.972072699999996],[123.08674460000002,13.9714961],[123.08674460000002,13.971242400000001],[123.08683970000001,13.9710002],[123.0869823,13.970850299999997],[123.0873745,13.970619599999997],[123.08743389999998,13.970469699999999],[123.0874577,13.970250599999998],[123.0872438,13.9691781],[123.0868872,13.968197800000002],[123.08691380000002,13.9682101],[123.0866496,13.967448199999998],[123.08637619999999,13.9668139],[123.08610290000001,13.965764399999998],[123.08555620000001,13.964830299999997],[123.08515219999998,13.964368999999998],[123.08464120000001,13.963319500000003],[123.0842252,13.962662099999998],[123.08385680000002,13.9623507],[123.0837261,13.9619932],[123.0834171,13.961324299999998],[123.0827278,13.960505499999995],[123.0821574,13.9595482],[123.08196730000002,13.9591561],[123.0818841,13.958579500000003],[123.0819197,13.956860999999998],[123.08168209999998,13.955892299999999],[123.08168209999998,13.955384799999997],[123.08177710000001,13.9546467],[123.08202670000001,13.953631700000003],[123.08241890000001,13.9529051],[123.0828942,13.952339999999998],[123.08331020000001,13.951993999999997],[123.0835003,13.951544199999999],[123.0837094,13.950904100000002],[123.0835657,13.950402400000002],[123.0835657,13.9502467],[123.0836429,13.9501198],[123.08376179999999,13.950056400000001],[123.08403299999999,13.9500034],[123.08413020000002,13.949745],[123.08485510000001,13.948903099999997],[123.085514,13.9479817],[123.0856632,13.947657400000006],[123.08573449999999,13.947173000000001],[123.0856632,13.9465617],[123.0852354,13.9453853],[123.0847481,13.944474099999999],[123.0843678,13.943689799999998],[123.08405880000001,13.942524899999997],[123.0838849,13.9414025],[123.0840113,13.939941300000001],[123.0843322,13.938430400000001],[123.0843322,13.938084400000001],[123.08423709999998,13.9376922],[123.0843441,13.936734900000001],[123.0846293,13.935512299999997],[123.0848432,13.9349471],[123.0851219,13.9344846],[123.08548489999998,13.934116600000001],[123.08577010000002,13.933597599999999],[123.08611480000002,13.932317299999998],[123.0864,13.9316137],[123.0868635,13.9308293],[123.0869823,13.9305525],[123.08711300000002,13.9296989],[123.08711300000002,13.928187899999998],[123.08707739999998,13.9274612],[123.0873151,13.925996399999999],[123.08736150000001,13.926008399999997],[123.0876716,13.924589099999999],[123.08760029999999,13.924150799999998],[123.08773100000002,13.923574099999998],[123.0879211,13.922086100000001],[123.0891571,13.920355799999998],[123.0898582,13.919513799999999],[123.09058310000002,13.918706299999998],[123.09142610000002,13.917939900000002],[123.0912541,13.917685600000002],[123.0909421,13.917543200000003],[123.0906751,13.917525],[123.0904411,13.9176852],[123.0902831,13.9178749],[123.0889877,13.919058200000002],[123.08861859999999,13.919336999999999],[123.08759280000001,13.919906000000001],[123.0864246,13.920616499999996],[123.0858859,13.920779999999999],[123.0849885,13.9208777],[123.0843359,13.920781000000002],[123.0839875,13.920583999999996],[123.0836445,13.9202252],[123.0832954,13.920003999999999],[123.0831056,13.919938299999998],[123.0828973,13.919806799999998],[123.0827932,13.919675300000002],[123.08279159999998,13.919532999999996],[123.0829173,13.919289899999999],[123.0833623,13.918789900000002],[123.0843578,13.9179657],[123.08532520000001,13.917231000000001],[123.08557969999998,13.916828999999998],[123.08573630000001,13.916407899999998],[123.08575579999999,13.9161591],[123.08582620000001,13.915857199999998],[123.08602240000002,13.9156527],[123.0865002,13.915584599999997],[123.08712720000001,13.915584399999997],[123.08757779999999,13.915546000000003],[123.08798919999998,13.915411899999999],[123.08845930000001,13.9152012],[123.08873349999999,13.9148757],[123.08896850000001,13.914473700000002],[123.0890076,13.9142919],[123.08891989999998,13.914011],[123.0879103,13.9133334],[123.08743980000001,13.913287600000002],[123.0873076,13.913332599999997],[123.08687969999998,13.913387500000002],[123.0865973,13.913249699999998],[123.0862642,13.913173199999997],[123.08600950000002,13.913211599999997],[123.08567059999999,13.913164399999994],[123.0854216,13.912982099999999],[123.0854607,13.9128099],[123.0856566,13.912599299999997],[123.0857544,13.912216499999998],[123.08587189999999,13.912024999999996],[123.0858717,13.9116614],[123.08567570000001,13.911450900000004],[123.0855581,13.9111065],[123.08557750000001,13.910800199999997],[123.08549899999998,13.9103792],[123.0853572,13.910059500000001],[123.0853421,13.909824199999997],[123.0857625,13.909579799999996],[123.08654450000002,13.9094963],[123.0875087,13.9092657],[123.0880799,13.9089862],[123.0882929,13.908792299999998],[123.0885426,13.9085051],[123.08867470000001,13.908160600000002],[123.08885079999999,13.907428500000004],[123.0888506,13.907084],[123.0887769,13.906366299999997],[123.0886298,13.906079199999995],[123.08845330000001,13.9055769],[123.0880417,13.9052326],[123.08767680000001,13.9050902],[123.0875126,13.904959999999999],[123.0872627,13.904658699999999],[123.08696880000001,13.904443499999998],[123.0865279,13.904357499999998],[123.08617529999998,13.904386299999997],[123.08602610000001,13.904473899999997],[123.08595650000001,13.9046202],[123.08554390000002,13.904812499999998],[123.08532939999999,13.905020700000001],[123.0850653,13.9051809],[123.0848459,13.905184699999998],[123.0846837,13.905254699999999],[123.08425230000002,13.905710699999998],[123.083821,13.906380600000002],[123.0835334,13.906506200000003],[123.0833896,13.906464299999996],[123.0832171,13.906240999999998],[123.0829582,13.906241],[123.08254129999999,13.906366599999997],[123.08116089999999,13.907190100000001],[123.08084460000002,13.907232],[123.0805426,13.907050499999999],[123.0801113,13.906492299999998],[123.07988120000002,13.906296899999997],[123.0799531,13.906143300000002],[123.0800969,13.906003799999999],[123.08037009999998,13.905934],[123.08058580000001,13.9057804],[123.08065770000002,13.9055013],[123.08064330000002,13.9051942],[123.08055699999998,13.9048453],[123.08025510000002,13.904496399999998],[123.07999620000001,13.9043428],[123.0797087,13.904342799999997],[123.0795218,13.9043847],[123.0794355,13.9040777],[123.07967990000002,13.903686899999999],[123.0797087,13.9034077],[123.07966550000002,13.9031146],[123.0793492,13.902765700000002],[123.07926290000002,13.902500499999997],[123.0792486,13.9022213],[123.07946420000002,13.9020957],[123.0801257,13.902305099999998],[123.0813335,13.903170399999999],[123.0818511,13.9034635],[123.0823256,13.903630999999995],[123.0826563,13.903826399999996],[123.0829726,13.904175400000002],[123.08367720000001,13.904677799999998],[123.08416950000002,13.9048046],[123.0842625,13.904717899999998],[123.0844414,13.9044587],[123.0846616,13.903941899999998],[123.084882,13.9038557],[123.08524930000002,13.9038843],[123.08555800000002,13.903984600000001],[123.0857784,13.903984599999996],[123.08592529999999,13.903841],[123.08621909999998,13.903654299999998],[123.0867333,13.903567899999999],[123.08701250000001,13.9034387],[123.08733570000001,13.903208899999997],[123.0875413,13.903136999999997],[123.087703,13.903208699999999],[123.0878059,13.9033092],[123.08798230000001,13.903409600000002],[123.08814390000002,13.903438299999998],[123.08858470000001,13.903380699999998],[123.08898139999998,13.903265700000002],[123.0892215,13.903116299999999],[123.0893829,13.9027874],[123.09030980000001,13.901691500000002],[123.0905118,13.901299299999998],[123.09083270000002,13.9007917],[123.0913675,13.900364899999998],[123.0922469,13.899326699999998],[123.09282919999998,13.898726800000002],[123.0932452,13.8980808],[123.09360170000001,13.8974117],[123.09407699999998,13.896061999999999],[123.09451670000001,13.8945969],[123.09496829999999,13.8940201],[123.09502770000002,13.8933048],[123.0949802,13.8925896],[123.09506340000002,13.892082000000002],[123.0952417,13.8915859],[123.0952892,13.8910091],[123.09507530000002,13.890109199999998],[123.0946712,13.889440099999996],[123.0944692,13.8891748],[123.0943504,13.888863299999997],[123.09449300000001,13.888021099999998],[123.09442169999998,13.887813499999996],[123.0940651,13.887582700000001],[123.0929243,13.8870521],[123.0921524,13.886740499999998],[123.09152199999998,13.8863252],[123.09112979999999,13.885921499999998],[123.090595,13.885656099999999],[123.09027419999998,13.885263899999998],[123.0898226,13.884537099999998],[123.0894898,13.8843755],[123.0890739,13.884041],[123.08844400000001,13.883302600000002],[123.0880994,13.8830257],[123.08781420000001,13.882725799999998],[123.08711300000002,13.8818375],[123.0869229,13.881433699999999],[123.0869823,13.880118499999998],[123.08736260000002,13.8788609],[123.087529,13.878849399999995],[123.08713680000001,13.880037699999999],[123.08705360000002,13.880776099999997],[123.0871249,13.881295200000002],[123.08756460000001,13.8819182],[123.0888837,13.883267999999997],[123.08963239999999,13.883902500000001],[123.08976320000001,13.8842833],[123.09029789999998,13.8850447],[123.0907258,13.885506099999999],[123.09122490000001,13.885713799999998],[123.0916646,13.886279099999998],[123.0923301,13.886659799999999],[123.0938869,13.887340499999999],[123.09449300000001,13.8876866],[123.0946237,13.8879519],[123.0946237,13.888101899999999],[123.09454050000001,13.888378799999998],[123.09448110000001,13.888851799999998],[123.0946712,13.889243999999998],[123.09537240000002,13.89034],[123.0955506,13.891447500000002],[123.09527729999999,13.892104999999999],[123.0952298,13.892854899999998],[123.0952417,13.8936163],[123.09508719999998,13.894123900000002],[123.09481380000001,13.894469999999998],[123.0945951,13.894917499999998],[123.0941365,13.896431099999997],[123.093768,13.897480900000001],[123.09354230000001,13.8978962],[123.09290050000001,13.898922899999999],[123.091415,13.9004918],[123.09092780000002,13.900964799999999],[123.0904881,13.901737699999998],[123.08967770000001,13.9027883],[123.0894165,13.903490100000003],[123.08907709999998,13.905238],[123.0891108,13.905911400000004],[123.089402,13.907048099999999],[123.089427,13.9074762],[123.0897041,13.908342600000001],[123.0900129,13.908916599999998],[123.09027350000001,13.909277399999999],[123.0908191,13.9103295],[123.0908714,13.910518900000003],[123.0909763,13.911239300000002],[123.0911971,13.9121722],[123.09138089999999,13.912566899999998],[123.0916628,13.913057199999999],[123.09198129999999,13.913439900000004],[123.0923595,13.913779399999997],[123.09247210000001,13.9139788],[123.0927288,13.914635799999997],[123.0928453,13.915197899999997],[123.0927575,13.916078099999998],[123.0924809,13.9171753],[123.0922952,13.917480400000002],[123.0916576,13.918055299999999],[123.0916765,13.9180834],[123.09064260000001,13.918936999999998],[123.08996519999998,13.919709899999999],[123.0895255,13.920148199999998],[123.08909770000001,13.920817199999997],[123.08836080000002,13.92174],[123.08808750000001,13.9221783],[123.0879568,13.9225013],[123.08793299999999,13.923181899999996],[123.0878023,13.924231500000001],[123.08781420000001,13.925050499999998],[123.0874818,13.9261272],[123.0873269,13.927265199999999],[123.08741010000001,13.928510899999997],[123.0873982,13.9290069],[123.0872556,13.9302872],[123.0869348,13.930990799999998],[123.08651879999998,13.931625199999997],[123.0862455,13.9324211],[123.0861267,13.933228499999997],[123.08588900000001,13.9338398],[123.08552059999998,13.9343242],[123.08522350000001,13.9346126],[123.08518450000001,13.934716699999996],[123.0850215,13.934924000000002],[123.0848432,13.9353392],[123.08451039999998,13.937011700000001],[123.0844748,13.9374615],[123.0845342,13.937830599999998],[123.0845342,13.938314999999998],[123.0844391,13.938995499999999],[123.08421330000002,13.9396415],[123.08409449999999,13.940206600000002],[123.0840883,13.9412778],[123.08430840000001,13.9428594],[123.08458170000002,13.943678300000004],[123.084962,13.944404900000002],[123.0854255,13.945096999999999],[123.0856038,13.945489099999998],[123.0859841,13.9466886],[123.0860078,13.9474037],[123.0857959,13.947965],[123.0858177,13.947968799999998],[123.0856394,13.9482687],[123.0855087,13.948395600000001],[123.0854255,13.9487993],[123.08524720000001,13.9490645],[123.08487880000001,13.949272099999996],[123.0846768,13.949433599999999],[123.0842846,13.9498488],[123.08426319999998,13.949927899999999],[123.08420150000002,13.9499987],[123.0841064,13.950379299999998],[123.0840826,13.950656099999996],[123.0841038,13.9509571],[123.08397570000001,13.951221299999997],[123.08384489999999,13.951682599999998],[123.08366670000001,13.9519479],[123.0832864,13.9523285],[123.0827754,13.952697499999998],[123.08235940000002,13.953297300000001],[123.082098,13.9539777],[123.0819197,13.9550619],[123.08190790000002,13.955742299999999],[123.0821693,13.956953299999999],[123.0822168,13.957841399999998],[123.0821336,13.958625599999998],[123.08230000000002,13.9593061],[123.0825258,13.9596636],[123.082765,13.960144399999999],[123.0831319,13.960678499999997],[123.08359539999998,13.961232099999998],[123.08397570000001,13.961854799999996],[123.08413020000002,13.9623046],[123.084653,13.962765899999999],[123.08517589999998,13.963550199999998],[123.08540169999999,13.9642306],[123.08552059999998,13.964495799999998],[123.08582960000001,13.964795699999998],[123.08615039999998,13.9652339],[123.08631679999999,13.9656837],[123.0866614,13.9664449],[123.0869348,13.9674943],[123.0872081,13.968278499999998],[123.0873745,13.968682199999998],[123.08742290000002,13.9687075],[123.0876835,13.969962299999997],[123.0877904,13.9708042],[123.0876953,13.9713347],[123.08741010000001,13.9724533],[123.08701799999999,13.973237499999998],[123.0862693,13.9739294],[123.0859246,13.974033199999997],[123.08558000000001,13.9740102],[123.0853186,13.973917899999998],[123.0850571,13.973941000000002],[123.08483130000002,13.974056299999999],[123.08455800000002,13.974402300000001],[123.084356,13.975013499999998],[123.08417769999998,13.9764896],[123.0840254,13.977045199999997],[123.0840013,13.9780002]],[[123.08691869999998,13.968176300000001],[123.08691980000002,13.9681763],[123.0869143,13.9681656],[123.08691869999998,13.968176300000001]],[[123.0837574,13.950979199999999],[123.08377290000001,13.950960799999999],[123.08377170000001,13.950960799999997],[123.0837574,13.950979199999999]],[[123.0869208,13.930975399999998],[123.0869208,13.930976600000001],[123.0869449,13.930953299999997],[123.0869208,13.930975399999998]],[[123.08725229999999,13.9289365],[123.0872558,13.928920399999999],[123.08725469999999,13.928920399999999],[123.08725229999999,13.9289365]],[[123.0887178,13.921199299999998],[123.0887178,13.921200399999996],[123.08872720000001,13.921185499999998],[123.0887178,13.921199299999998]],[[123.09163929999998,13.913346699999998],[123.0916468,13.913353899999995],[123.09163929999998,13.9133455],[123.09163929999998,13.913346699999998]],[[123.0953755,13.890981899999998],[123.09536529999998,13.890955899999998],[123.0953636,13.8909542],[123.0953755,13.890981899999998]],[[123.08849319999999,13.883210599999998],[123.08851209999999,13.883215200000004],[123.08849319999999,13.8832094],[123.08849319999999,13.883210599999998]],[[123.08725380000001,13.881710900000002],[123.08725490000002,13.881710899999998],[123.08723960000002,13.881699399999999],[123.08725380000001,13.881710900000002]]],[[[123.0850809,13.8751114],[123.084451,13.875284400000002],[123.0839638,13.875065199999998],[123.0830487,13.874049899999997],[123.0823951,13.8727232],[123.08098089999999,13.8722501],[123.08058869999999,13.8723078],[123.0799351,13.872584699999997],[123.07912700000001,13.872826999999996],[123.0788656,13.8729539],[123.0786873,13.873115399999998],[123.0776177,13.873553799999998],[123.0774989,13.873646099999998],[123.0773563,13.8740961],[123.07686909999998,13.874522999999995],[123.0767027,13.874557599999997],[123.07663140000001,13.874546],[123.0766433,13.8743038],[123.0768809,13.874107599999999],[123.07711860000002,13.873680699999998],[123.0774276,13.873323099999999],[123.0779148,13.872976999999999],[123.0787824,13.872596199999998],[123.07984,13.872296299999999],[123.08066,13.871950099999998],[123.08125419999999,13.871915499999998],[123.0827041,13.872330899999998],[123.08294180000001,13.8725386],[123.0832864,13.873588399999994],[123.0840232,13.8746845],[123.084451,13.8748922],[123.0850809,13.8751114]],[[123.08408660000002,13.875002199999999],[123.08408760000002,13.875002199999999],[123.0840787,13.8749813],[123.08408660000002,13.875002199999999]]],[[[123.0665181,13.8736461],[123.06647650000001,13.873744199999996],[123.06663100000002,13.8741307],[123.0668628,13.874297999999998],[123.0672174,13.874433500000002],[123.0667083,13.874373],[123.0659002,13.8741422],[123.0656149,13.8741422],[123.0654961,13.874038399999998],[123.06544860000001,13.873946099999998],[123.0654248,13.8737961],[123.0651634,13.8737038],[123.0649494,13.873692300000002],[123.0648544,13.8736346],[123.06477120000001,13.8735192],[123.06474740000002,13.872850099999999],[123.0648544,13.8725847],[123.0653416,13.871915499999998],[123.06540099999998,13.8717656],[123.0654604,13.871200199999999],[123.065912,13.870796399999998],[123.0661973,13.870404100000002],[123.06637780000001,13.870086499999998],[123.06629229999999,13.869740700000003],[123.066126,13.869585],[123.066126,13.869498399999998],[123.0661794,13.8693831],[123.0663161,13.869244599999996],[123.0663755,13.869135],[123.0662507,13.868737000000001],[123.06601899999998,13.868529299999999],[123.06601899999998,13.868488900000003],[123.0661022,13.8683966],[123.06610810000001,13.868287],[123.06566250000002,13.8673467],[123.0655318,13.867139],[123.06544860000001,13.866804399999998],[123.0655199,13.8667237],[123.06566840000002,13.8667237],[123.0657575,13.866873700000001],[123.0659774,13.8674851],[123.0661913,13.867871699999998],[123.0665657,13.868269700000003],[123.0665894,13.8684485],[123.06667860000002,13.8685524],[123.06688059999999,13.868696599999998],[123.06688059999999,13.868829300000002],[123.0669162,13.868904299999995],[123.06697570000001,13.868927299999996],[123.0671658,13.868892699999998],[123.06723709999999,13.8689158],[123.06727279999998,13.869238899999997],[123.0672312,13.869360000000002],[123.0670767,13.869458099999996],[123.0668687,13.869440800000001],[123.06660129999999,13.8698561],[123.0665538,13.870202199999998],[123.06669640000001,13.870479099999997],[123.0668033,13.870577199999998],[123.06727279999998,13.870715599999999],[123.06736190000001,13.8706464],[123.0675223,13.8706522],[123.0675936,13.870715599999997],[123.0677481,13.8710502],[123.067659,13.871315600000004],[123.06755200000002,13.871425199999997],[123.0674332,13.8714769],[123.06739750000001,13.871569399999997],[123.0672782,13.8716358],[123.0672392,13.871721399999998],[123.0672724,13.8717986],[123.06732620000001,13.871811700000002],[123.0674718,13.8719501],[123.0675312,13.8719732],[123.06744550000002,13.872080799999999],[123.0674451,13.872227],[123.0673857,13.8724174],[123.06737380000001,13.8727924],[123.06730840000002,13.872861599999998],[123.067142,13.8729308],[123.06693409999998,13.8731385],[123.06693409999998,13.8732193],[123.06702910000001,13.873363499999998],[123.067047,13.8734385],[123.0669222,13.873617299999998],[123.0665181,13.8736461]]],[[[123.0634209,13.8608683],[123.06330200000001,13.861064400000002],[123.0632634,13.8614233],[123.0632961,13.861618199999997],[123.0632741,13.862406099999998],[123.0633525,13.862764800000003],[123.0634506,13.863053199999998],[123.06359170000002,13.863331600000002],[123.0641443,13.8637758],[123.0643939,13.8638046],[123.0643404,13.863879599999999],[123.06423340000002,13.8639315],[123.06404330000001,13.863948900000002],[123.06365110000002,13.8638739],[123.0634431,13.8637816],[123.06337180000001,13.8637066],[123.06316389999999,13.863233499999994],[123.063045,13.863031600000003],[123.06300340000001,13.862852799999995],[123.0630221,13.862740200000001],[123.06321640000002,13.862243899999998],[123.0631733,13.8619926],[123.0630726,13.8617273],[123.06300069999999,13.8616875],[123.06300069999999,13.861168899999997],[123.06291450000002,13.860917700000002],[123.0627707,13.860791999999998],[123.0624229,13.860721400000001],[123.0622294,13.860628099999998],[123.0621433,13.860470199999998],[123.0617452,13.859979799999998],[123.06163830000001,13.8597895],[123.0614957,13.8590222],[123.06124610000002,13.858681799999998],[123.0611143,13.8584149],[123.06105000000001,13.858099099999999],[123.06106190000001,13.857828],[123.0611689,13.857470299999996],[123.0611926,13.857285700000002],[123.061151,13.856979899999999],[123.06102620000001,13.856703000000001],[123.0608005,13.856518400000002],[123.06053899999999,13.8564146],[123.06027760000002,13.8563684],[123.05999479999998,13.8562646],[123.0595586,13.8562646],[123.05905950000002,13.8559415],[123.0588218,13.85548],[123.0589406,13.8548569],[123.0589644,13.854395399999998],[123.0588693,13.854349199999998],[123.05848900000001,13.854349199999998],[123.0579899,13.854303100000001],[123.0576096,13.854210799999999],[123.05725310000001,13.8537954],[123.0570154,13.8537262],[123.0569679,13.853518500000002],[123.05707889999998,13.853421400000002],[123.0570951,13.8533617],[123.0574075,13.853197700000003],[123.057695,13.8524439],[123.05766630000001,13.8518296],[123.0575512,13.851466600000002],[123.0575113,13.850963],[123.0576478,13.850428699999997],[123.05777600000002,13.850195399999999],[123.0578578,13.850174699999998],[123.0579305,13.850022399999999],[123.0583345,13.8496531],[123.05864259999998,13.8495766],[123.0589167,13.8494541],[123.05941489999998,13.848884699999997],[123.0594992,13.848418499999998],[123.0594992,13.8477031],[123.0597963,13.846768500000001],[123.05993890000002,13.846503099999998],[123.06011710000001,13.846445400000004],[123.0604618,13.846618499999996],[123.06059140000002,13.8466528],[123.0607351,13.846578100000002],[123.06098930000002,13.8465655],[123.0611389,13.846596500000002],[123.06130470000001,13.846709600000002],[123.0614481,13.846947399999998],[123.06169770000001,13.846970399999998],[123.0622562,13.846693500000004],[123.06261280000001,13.846312699999997],[123.0627672,13.845931999999996],[123.0628029,13.845493499999998],[123.06255330000002,13.84528],[123.06226809999998,13.845314599999996],[123.0622562,13.845199300000003],[123.0624583,13.845060800000002],[123.06279099999999,13.8450262],[123.06292170000002,13.8452454],[123.0630881,13.8453146],[123.0631475,13.845545399999999],[123.0631694,13.8458716],[123.0630528,13.8463071],[123.0627791,13.846791599999998],[123.06233940000001,13.8471262],[123.0620186,13.8472762],[123.06179279999999,13.8473454],[123.0614719,13.8473454],[123.06126989999999,13.8471839],[123.06123419999999,13.846987700000001],[123.0609015,13.847045399999999],[123.0601765,13.8482224],[123.0598438,13.849457000000001],[123.05980810000001,13.849883900000002],[123.0598676,13.8504147],[123.0605093,13.8505762],[123.0605925,13.850795399999999],[123.06056869999999,13.8510493],[123.06039050000001,13.8516262],[123.0600339,13.8519031],[123.05943970000001,13.8519147],[123.05929159999998,13.8519472],[123.059039,13.8520883],[123.05897169999999,13.8522129],[123.0589455,13.852466900000001],[123.0591426,13.8528954],[123.0592734,13.853079999999999],[123.05977250000001,13.853460799999999],[123.0600102,13.853599299999999],[123.0601765,13.853657],[123.0602835,13.853737699999998],[123.0603192,13.8540031],[123.0600744,13.8544446],[123.0600569,13.8545509],[123.0602063,13.854660799999996],[123.0603429,13.854931899999999],[123.06032510000001,13.855318499999996],[123.06037259999998,13.855479999999998],[123.06044990000001,13.855531900000003],[123.0606162,13.855560799999997],[123.06071129999998,13.8556704],[123.06072320000001,13.8557627],[123.06081230000001,13.855843399999996],[123.0609252,13.8558723],[123.06102620000001,13.855970400000004],[123.06109160000001,13.856252999999997],[123.0612104,13.856506899999998],[123.0612283,13.856616500000001],[123.06141840000001,13.856864599999998],[123.06151349999999,13.857176099999998],[123.0614435,13.8582812],[123.0615907,13.858635699999999],[123.06169170000001,13.858676],[123.06181649999999,13.8587741],[123.06185219999999,13.8589991],[123.0618284,13.8592241],[123.06196509999998,13.8594664],[123.06200670000001,13.8596395],[123.0620126,13.8599452],[123.062072,13.8600664],[123.06233350000001,13.8601875],[123.0624286,13.860308700000001],[123.06252300000001,13.8605161],[123.0627257,13.8606836],[123.06289200000002,13.8607644],[123.0630168,13.8607875],[123.0631832,13.860706699999998],[123.06321880000002,13.8607183],[123.06321880000002,13.860822099999996],[123.06325450000001,13.860874000000003],[123.0633971,13.8607875],[123.0634209,13.8608683]]],[[[123.0589733,13.845158900000001],[123.05895550000001,13.844743500000002],[123.05913969999999,13.8443685],[123.0593001,13.844137699999997],[123.05980519999999,13.843624199999999],[123.0600607,13.843043699999999],[123.0600607,13.8426896],[123.05981110000002,13.8411838],[123.0599953,13.8401972],[123.0602568,13.839464499999997],[123.06050150000002,13.839056099999999],[123.060744,13.8384259],[123.0607381,13.837560499999999],[123.0606252,13.837433600000002],[123.0603162,13.837497099999998],[123.060025,13.837658599999997],[123.05984680000002,13.837710499999998],[123.05981710000002,13.837595100000001],[123.05986459999998,13.837572099999997],[123.05989429999998,13.837658599999997],[123.06012010000002,13.8374913],[123.0603756,13.837387399999999],[123.0607737,13.837289299999997],[123.0609995,13.837381699999998],[123.06105890000002,13.837583599999997],[123.0609995,13.8381432],[123.06114809999998,13.838674],[123.0610486,13.838855400000002],[123.06080339999998,13.839014399999998],[123.06055979999998,13.839354799999999],[123.0603756,13.8397125],[123.0601557,13.840352999999997],[123.060025,13.8409357],[123.06012010000002,13.8412126],[123.06026860000001,13.841379900000002],[123.0603399,13.8415126],[123.0603459,13.841927999999998],[123.06026270000001,13.8432747],[123.0602211,13.843439600000002],[123.0600963,13.8436011],[123.05995970000001,13.8436704],[123.05990620000001,13.8437396],[123.0598824,13.8441319],[123.0599953,13.844472300000001],[123.060132,13.844760799999998],[123.06039200000001,13.845009399999999],[123.06052409999998,13.845294399999998],[123.06069649999999,13.8455569],[123.06086879999998,13.845747299999998],[123.06109460000002,13.845874299999998],[123.0613679,13.845949299999997],[123.0616204,13.845957899999998],[123.0619918,13.8458195],[123.06197100000001,13.8460618],[123.06175710000001,13.846154099999998],[123.06149859999998,13.8461916],[123.06121640000002,13.846133899999998],[123.0606846,13.845888699999998],[123.0603542,13.845565199999996],[123.0600844,13.8454473],[123.05952000000002,13.8455108],[123.0593595,13.8454935],[123.05916339999999,13.845360799999998],[123.0589733,13.845158900000001]]],[[[122.3913175,14.0815951],[122.39131670000002,14.081833699999999],[122.3913459,14.0819912],[122.39120570000001,14.081831099999997],[122.3913175,14.0815951]]]]}}]}