{"type":"FeatureCollection","features":[{"type":"Feature","properties":{"river_name":"Labo River","name":null,"type":"River"},"geometry":{"type":"LineString","coordinates":[[122.70612332690793,14.19479169018649],[122.70604731363838,14.194741347503859],[122.70602169118786,14.1946409933072],[122.70603381914749,14.194465621757871],[122.7061284513974,14.194277829976704],[122.7060772064962,14.193898933915793],[122.70600785506382,14.193869788038622],[122.70593303750866,14.19388899782159],[122.70575060566202,14.19400094445568],[122.70568569545428,14.19391847489901],[122.7056214685117,14.193720746562644],[122.70555997463076,14.193638608107477],[122.70545406850239,14.193579322671672],[122.70517632114021,14.193594558036162],[122.70515343175111,14.193549514345804],[122.70519511093701,14.193471350273766],[122.70529965053456,14.193385237281861],[122.705421955031,14.193339862346129],[122.70555587503839,14.193351785687979],[122.70570209382201,14.193421338502217],[122.70596412608138,14.193458433327965],[122.70616739752107,14.193392854971984],[122.70634709630626,14.193247787631886],[122.70644480325042,14.193231227427422],[122.70660844530038,14.193321977333834],[122.70669077877433,14.193334894288414],[122.70676867102344,14.193323633353867],[122.7068188910262,14.193270971916819],[122.70675603061447,14.193173929110616],[122.70654695141917,14.193132197378931],[122.70642942978002,14.193067281336804],[122.7063006342626,14.192978187350795],[122.70618584568474,14.192847692750508],[122.70608096445437,14.192793706383663],[122.70597266689725,14.192672816619996],[122.70589169995384,14.192531060869818],[122.70586266117664,14.19241480784031],[122.70587120199335,14.192342605074048],[122.70592381342479,14.192285637737683],[122.70602835302238,14.192291268230981],[122.70618174609218,14.192419113509528],[122.70630268405802,14.192426400025937],[122.70643250447334,14.192384668156949],[122.70666515632288,14.192444947521317],[122.70680556735103,14.192377050434423],[122.70683084816868,14.19230749729979],[122.70682094082098,14.192144875363494],[122.70638877549078,14.191924623470893],[122.70617935466292,14.191901439048484],[122.70617252200941,14.191832879386247],[122.70622649997145,14.191703708951827],[122.70652406202845,14.191494055244075],[122.70652816162041,14.191419202530353],[122.70627842813703,14.191207892523368],[122.70610009588209,14.19100353767408],[122.70610590363744,14.190923054271263],[122.70631293303607,14.190456051246498],[122.70627535344187,14.190187110060545],[122.70612981792326,14.189873124134028],[122.70619575302888,14.189774755036035],[122.70632079058672,14.189756869741046],[122.70635939507856,14.189626704495002],[122.70625861344003,14.189386908782177],[122.70612264363645,14.189222297489781],[122.70606012485717,14.188877838865581],[122.7060187873038,14.188843061763803],[122.70582713137496,14.188884794285014],[122.70568637871426,14.188988131923873],[122.70555792482965,14.189009660592601],[122.70524430603696,14.189165991787887],[122.7050731480684,14.18915870516656],[122.70498910643099,14.18903615741232],[122.70491873010025,14.188762577592303],[122.70496040928609,14.188640029624008],[122.70511448562095,14.188483698065669],[122.70514899052073,14.188401888923263],[122.70519374440035,14.188074320846532],[122.70537002685883,14.187917657686109],[122.70542810441297,14.187819950163304],[122.70538915828826,14.187689121380231],[122.7053334721627,14.187661299553273],[122.70503830153432,14.187736484720112],[122.70475406315144,14.187873606502302],[122.7042750941459,14.1882392641829],[122.70413468311774,14.188202168502839],[122.70414083250567,14.188074320845262],[122.70452311946501,14.187675541678399],[122.70450193823925,14.187561273432145],[122.70439432394753,14.187517222179684],[122.70433112190318,14.187422826610069],[122.70437348435419,14.187197270721565],[122.70449544721798,14.187107180788656],[122.70460716110163,14.187074721907075],[122.70472331621013,14.187093269840194],[122.70482238968513,14.187252252060704],[122.70494230275295,14.187276430597091],[122.70500755459327,14.187220124412883],[122.70499935540882,14.186913421069283],[122.70492590438417,14.18672661666949],[122.70481829009236,14.186591812689548],[122.70468368681964,14.186552729456656],[122.7045033047689,14.18662327799876],[122.70443053700996,14.186735228222622],[122.7043591357816,14.186770668074807],[122.70424263904046,14.186739865212719],[122.70403629290624,14.186363937474058],[122.7039741157597,14.186112545801478],[122.70387230922337,14.186013843856331],[122.70348899736554,14.185996289478615],[122.70334756143926,14.18593004653309],[122.70330383245717,14.18584823646882],[122.70330519898778,14.185774044320262],[122.70335131939837,14.185701839438138],[122.70358875410516,14.185540868838482],[122.70369910145793,14.185260660484532],[122.70368372798755,14.185124530769048],[122.70362086757586,14.185044045278312],[122.7030441916255,14.184859226635334]]}},{"type":"Feature","properties":{"river_name":"Labo River","name":null,"type":"River"},"geometry":{"type":"LineString","coordinates":[[122.73023130939853,14.184310951848854],[122.7298715040375,14.18443785535396],[122.72960203409593,14.18458590935365],[122.72942351410049,14.184729494830497],[122.7292600500088,14.185374138880377],[122.72926988243562,14.185578196342332],[122.72929815066223,14.185662202426604],[122.72936882122848,14.185681267632964],[122.72969359856958,14.185426270366749],[122.73003373907756,14.185459932405944],[122.73015387904024,14.185499552321424],[122.73056653369484,14.18587549433191],[122.73068667365779,14.186193048666128]]}},{"type":"Feature","properties":{"river_name":"Labo River","name":null,"type":"River"},"geometry":{"type":"LineString","coordinates":[[122.7622247965319,14.189202345457009],[122.76328608407866,14.188983396785058],[122.76446843337776,14.188535072652654],[122.76481594820537,14.188232118234572],[122.76515055797309,14.187994103614226],[122.76534997187493,14.187701574664366],[122.7655186594435,14.187358701656834],[122.76554877124978,14.187229714544012],[122.76568120174555,14.187064086642655],[122.76586863237762,14.186980676862468],[122.76609508545309,14.187104897845948],[122.76632338210837,14.187099237898837],[122.76662910912313,14.187014934455483],[122.76677659552234,14.187156731042645],[122.76686508736184,14.187139155420187],[122.76687092536494,14.187010466074481],[122.76711151255338,14.18685734948954],[122.76728050738572,14.186860924197193],[122.7676738044501,14.186960718091198],[122.76791961511529,14.186933312011686],[122.76792107461576,14.186594682811828],[122.76779755475623,14.186360539079653],[122.76808761134076,14.18600693988119],[122.76796870043117,14.185723047285945],[122.76797884012083,14.185505584721849],[122.76793520872744,14.185232713592788],[122.76780124191463,14.184910987385363],[122.76743897844668,14.184783786249266],[122.76724386623074,14.184364945471131],[122.76716151965766,14.184134076290336],[122.76723003938027,14.183871034085762],[122.76718056998328,14.183261537611788],[122.76723464832946,14.183096502605338],[122.76709146361675,14.182885591266714],[122.7669095637245,14.182851035152794],[122.76687484296785,14.182680041891901],[122.76696333480702,14.182484322966511],[122.76714431290928,14.182450958384187],[122.76728012330159,14.182306775667616],[122.76744758181694,14.18204313554577],[122.7676236437055,14.181682975832986],[122.76759936990192,14.181297196184016],[122.76762241465119,14.180759486775258]]}},{"type":"Feature","properties":{"river_name":"Labo River","name":null,"type":"River"},"geometry":{"type":"LineString","coordinates":[[122.75160354810014,14.154641064007537],[122.75158757040741,14.155172280752463],[122.7517003360502,14.155328695990404],[122.7515872631443,14.155383217847866],[122.75121117282671,14.15547557724843],[122.75104033441434,14.155473193780292],[122.75097488732492,14.155536653605617],[122.75103357462146,14.155774404343276],[122.75111469214102,14.155890300289398],[122.75137863134303,14.156138478299168],[122.75142656442297,14.15632766543522],[122.75157620166561,14.15651417102471],[122.75187516888725,14.156665520496162],[122.75198701274027,14.156913101795599],[122.75186042024811,14.157315309107082],[122.75201896812753,14.157666867507464],[122.75218028137644,14.15760936689129],[122.75228167827592,14.157638564097402],[122.75231240460913,14.157764290798696],[122.75224142677976,14.157909382900552],[122.75204662182767,14.157952582789557],[122.75195935904168,14.158063412812545],[122.7519476830352,14.158195991666965],[122.75208963869453,14.158384283300425],[122.75248508660228,14.158512988884471],[122.75252318725546,14.158587173319702],[122.75213787903824,14.158996527959484],[122.75197595126288,14.159277772641158],[122.75183461013043,14.15931501370093],[122.7517399730242,14.15923338128945],[122.75151536352836,14.158713793282374],[122.75130826804303,14.15874239448773],[122.7511896643972,14.158857097203029],[122.75113097710098,14.158968522642496],[122.75122776505053,14.159075479095984],[122.75125726233048,14.159172603854053],[122.75104863052853,14.159328718408513],[122.7509991611324,14.159490493492171],[122.75122776505123,14.15969606387459],[122.75114756932179,14.15977412098535],[122.75060524954192,14.159910571900298],[122.75040491385109,14.161080530861309],[122.75005309733645,14.161003070051565],[122.74961924151263,14.161205957730198],[122.75020611447665,14.162105394466044],[122.7508768703294,14.162197751134297],[122.75090268044934,14.16230202474594],[122.75066700947427,14.162435792823016],[122.75021840501076,14.162869272353536],[122.74998826477629,14.163613186842996],[122.7502955281078,14.163676644394247],[122.75061508197275,14.163844672753587],[122.75105416127327,14.163744570768007],[122.75151321269064,14.163858079267301],[122.75174611829611,14.164088671161164],[122.75203463856488,14.164585902755128],[122.75162075485754,14.164754526283263],[122.75144039128226,14.165020271943169],[122.7513789386164,14.165392672849244],[122.75151628532605,14.16580499442003],[122.75183368834765,14.16601979459511],[122.75180910728126,14.166203610949339],[122.7516548610888,14.166072228448535],[122.75137279335044,14.16601502787997],[122.75115432912179,14.166072228447948],[122.75147541930384,14.166682366945965],[122.75171324112253,14.16678395723019],[122.75195751547076,14.166517319878047],[122.75232408062493,14.16632963082803],[122.7525287180037,14.166351974770992],[122.75272843916943,14.166578989104533],[122.75279234994271,14.166906997602466],[122.75249860619807,14.167094090338653],[122.75249922072503,14.167385156279837],[122.7527689979301,14.167399754255106],[122.75308578642513,14.167685159372802],[122.75323911082903,14.16910681709533],[122.75299637279741,14.16927990599585],[122.75266452839979,14.169646937444742],[122.7518610347885,14.170089340633856],[122.75129186787535,14.170548575086158]]}},{"type":"Feature","properties":{"river_name":"Labo River","name":null,"type":"River"},"geometry":{"type":"LineString","coordinates":[[122.68178463124833,14.158767051726407],[122.68109061259915,14.159091228183835],[122.68037540102867,14.159237376304596],[122.68004225623166,14.15922508527],[122.67970158497644,14.15895506644415],[122.67957403132037,14.158760714146206],[122.67935814081565,14.158628585216123],[122.67907332380146,14.15868581548842],[122.67887486298925,14.158924722913554],[122.67866768733104,14.159248515051717],[122.67846447296668,14.159702898732963],[122.67830285218596,14.160337421169173],[122.67826205086162,14.160664668124939],[122.67686371419953,14.161130571719735],[122.67661375656974,14.16137101293772],[122.67636538345758,14.161765474256864],[122.67611344518102,14.162068521484406],[122.67613958971957,14.162428029458388],[122.67622079623985,14.162650033029902],[122.67622753043932,14.162828250272732],[122.6755343040489,14.163197743333996],[122.67519997086411,14.163457386747213],[122.67478046986555,14.163693216453817],[122.67464103232874,14.163737770572768],[122.67450397156793,14.163602187751923],[122.67461409553137,14.163325260549465],[122.67463231748208,14.163175850309603],[122.67448535348703,14.162994176543389],[122.6742195506823,14.162999169692917],[122.6739359220563,14.163162791311404],[122.67383530519763,14.163470445725991],[122.67376756707785,14.165082455862688],[122.67361268049582,14.16523301710163],[122.67349740685023,14.165279107256769],[122.67310523877744,14.164991043632288],[122.67290321280063,14.164945337503426],[122.67259185511922,14.165298311484273],[122.67242350013893,14.165630544381738],[122.67240963561153,14.166000032882957],[122.67175364538173,14.16653198772428],[122.67140227863415,14.16676666199075],[122.67096336729645,14.16675974851284],[122.6700514774954,14.166668721039816],[122.66973972368437,14.16679930896249],[122.66967832363277,14.1669698413135],[122.66976547209356,14.167205667371803],[122.66998928518582,14.167513316307693],[122.67013941821597,14.167852075327618],[122.67015803629633,14.168033361125996],[122.67007128396531,14.168208117425783],[122.66981538439492,14.168346001971516],[122.66956304998862,14.168281092543547],[122.66930002008903,14.167925818719699],[122.66916493997482,14.167605111601238],[122.66893597720095,14.16743611605091],[122.66872048282579,14.167486430648022],[122.66849865038091,14.167610488729506],[122.66823245144708,14.167893171906725],[122.66818491592342,14.168098654701975],[122.6682661224439,14.16849809736064],[122.66818451979482,14.16877885903922],[122.66805775839767,14.168869501586219],[122.66778244848804,14.16871625420752],[122.66743464690417,14.168371735286946],[122.66727381838103,14.167922361996254],[122.66716488280507,14.167750678119482],[122.66692086711555,14.1677694980583],[122.66650215837564,14.167932348078132],[122.66622407556085,14.168162796020063],[122.66570950351436,14.168359828824544]]}},{"type":"Feature","properties":{"river_name":"Labo River","name":null,"type":"River"},"geometry":{"type":"LineString","coordinates":[[122.64926916924942,14.165485408568493],[122.64993768707153,14.165732470621831],[122.65042334167501,14.166052796303445],[122.65081511361885,14.166603571058358],[122.65095039179795,14.167023180635269],[122.65081491555482,14.167290309256746],[122.6507396509755,14.16751653296212],[122.65070003803933,14.16794132593222],[122.65074083936462,14.168441013571146],[122.65060655151005,14.169009066053285],[122.65047071627474,14.169271347855759]]}},{"type":"Feature","properties":{"river_name":"Labo River","name":null,"type":"River"},"geometry":{"type":"LineString","coordinates":[[122.51896928080313,14.190951056787958],[122.5191791395677,14.190577650850333],[122.51954869165587,14.190514425761299],[122.5197906005641,14.190340961963988],[122.52024264693416,14.190096167033566],[122.52034074824249,14.189989170490728],[122.52033740387955,14.189789767707685],[122.5205046220187,14.189522816281903],[122.52079335200597,14.18931314571098],[122.52089702725206,14.18893811590651],[122.52095109444998,14.188526338950924],[122.52097171802,14.188033502555857],[122.52112834567677,14.187592002375327],[122.52131228563003,14.187383410803733],[122.52154193187467,14.187209944609737],[122.52173088837196,14.186954338418206],[122.52175262672988,14.18672467087532],[122.52156645720086,14.186371252601514],[122.52132064653571,14.186244800057544],[122.5212911046643,14.186141044071551],[122.52111573464016,14.185843285743736],[122.52103728146238,14.185207913557985],[122.52140794833714,14.184240598880216],[122.52141575184977,14.183747212764827],[122.52155844466179,14.183394870654059],[122.52143902304009,14.183036043156031],[122.52140766963862,14.182746116607733],[122.52155802661554,14.182554678418228],[122.5218261330324,14.182508203632507],[122.52226675282998,14.182577375404154],[122.52241724915552,14.182562514283408],[122.52253262967159,14.182422009092209],[122.52279627693758,14.181942669572992],[122.5231502219992,14.181699486791596],[122.52339519657313,14.181316608483467],[122.52326894687758,14.181086394820765],[122.522739701466,14.180928055240516],[122.52239551079555,14.180857802148891],[122.52188187241067,14.1810269499387],[122.52159676548294,14.181078829107562],[122.52125759135595,14.180337117981468],[122.52076151087519,14.180039352030427],[122.51995689174106,14.179811975077154]]}},{"type":"Feature","properties":{"river_name":"Santa Elena","name":null,"type":"River"},"geometry":{"type":"LineString","coordinates":[[122.40276259967213,14.138361707944517],[122.40227766725799,14.138528184777433],[122.4016420992287,14.138463053432622],[122.40145174932137,14.138561020695933],[122.4009754565075,14.138501564705972],[122.40084530510696,14.13871506568634],[122.40095455424876,14.1389220803699],[122.4009896700446,14.139177470287663],[122.40087289608994,14.13949663971809],[122.40106463948159,14.139723382166128],[122.40110003397409,14.139882561175053],[122.40073549857314,14.140056603970246],[122.40064464342011,14.14041793152273],[122.40061064241212,14.140751692813287],[122.40021767993882,14.141064644250047],[122.40009365986752,14.141246523427885],[122.39999026335907,14.141762162267899],[122.3998877029406,14.141978362691399],[122.40001088692246,14.142596424518908],[122.3998185861381,14.143181784542957],[122.39955688985266,14.143328799935244],[122.39886209875566,14.143422305998635],[122.39878629322905,14.143583103909242],[122.39899113537011,14.14405198456284]]}},{"type":"Feature","properties":{"river_name":"Sanra Elena","name":null,"type":"River"},"geometry":{"type":"LineString","coordinates":[[122.41247490410085,14.13800686325992],[122.41218784640736,14.13803037545383],[122.4112700978788,14.138384003966253],[122.41111765073495,14.138534535768697],[122.41084452788105,14.138693445354996],[122.41050061604258,14.138818843317326],[122.41023780497011,14.139106663810601],[122.41001122448007,14.13924854701822],[122.40991172972626,14.139407996612768],[122.40987912220213,14.139605011296489],[122.40981223497265,14.139739867613931],[122.40961596275866,14.140007147734183]]}},{"type":"Feature","properties":{"river_name":"Santa Elena","name":null,"type":"River"},"geometry":{"type":"LineString","coordinates":[[122.41827859057375,14.147316083293232],[122.41778000201631,14.146945037900446],[122.41795000705766,14.146525618053658],[122.41778585464816,14.146257534859254],[122.41779226467418,14.146094847121557],[122.41774767318765,14.145930537793152],[122.41760079997898,14.1455775966302],[122.41730426659424,14.145263570417946],[122.41676833266692,14.1447765857093],[122.41648717115226,14.144693020230791]]}},{"type":"Feature","properties":{"river_name":"Santa Elena","name":null,"type":"River"},"geometry":{"type":"LineString","coordinates":[[122.4255482308491,14.137030944606126],[122.4250100673481,14.137157694765401],[122.42414136945415,14.13714391170135],[122.4235221051874,14.137418221522992],[122.4232191617769,14.13744524710299],[122.42301209006251,14.137811443400171],[122.4230667146338,14.138286011304215],[122.42259293009133,14.138486810522998],[122.42237777616947,14.138414112037147],[122.42217209793888,14.138665448709963],[122.42206870143022,14.139006239174565],[122.42197171494752,14.139127853411745],[122.4216949690353,14.139167040207372],[122.42144191235019,14.139280546750332],[122.42129751088362,14.139440383079686]]}},{"type":"Feature","properties":{"river_name":"Santa Elena","name":null,"type":"River"},"geometry":{"type":"LineString","coordinates":[[122.4110134882799,14.12487492564485],[122.4107133318372,14.124827493128981],[122.41036635433355,14.124506005818548],[122.41006661593602,14.124429789340155],[122.40944707297227,14.12452587074633],[122.40922216466286,14.124478438157844],[122.40870587885992,14.12463533052673],[122.40835388481436,14.124663708979533],[122.40804662160362,14.124754925411994],[122.40794545466916,14.124957223059175]]}},{"type":"Feature","properties":{"river_name":"Santa Elena","name":null,"type":"River"},"geometry":{"type":"LineString","coordinates":[[122.43216155810146,14.139242468828398],[122.43175061968502,14.139422457689069],[122.43140865872414,14.139623526157932],[122.43082255937556,14.140029716353286],[122.43039615328841,14.14121828469534],[122.43013320286744,14.141485833328975],[122.42995511561911,14.141785406349895],[122.42996264043279,14.14212794876595]]}},{"type":"Feature","properties":{"river_name":"Santa elena","name":null,"type":"River"},"geometry":{"type":"LineString","coordinates":[[122.39656710087664,14.167248885872018],[122.39663147983477,14.166904962670953],[122.39708631299581,14.166936578497246],[122.39741280628495,14.166771203360407],[122.39702945885026,14.166527599078023],[122.3969237979295,14.16626717324612],[122.3972239543718,14.16592051256091],[122.39716751827157,14.165675995366009],[122.39681949565531,14.16569058736471],[122.39654180914177,14.166092880304179],[122.39605395041112,14.16597391516088],[122.39585088496193,14.165368347164517],[122.3948386930585,14.16550940330674],[122.39415100872952,14.16542347256229],[122.39396414253164,14.165202362881256],[122.39399727261224,14.164880223322898],[122.39398096884958,14.16446110681182],[122.39382665792016,14.163910001875433],[122.39339711649254,14.163563388256994],[122.39239568925241,14.16359500454693],[122.39202132978944,14.163471376716364],[122.39164090867114,14.163303161691392],[122.39141140186469,14.16330356702867],[122.39121549544018,14.163514595796434],[122.39105428676575,14.163475886092153],[122.39089083109825,14.16316154683679],[122.39095583712411,14.16281255071299],[122.3908665844768,14.162536616405951],[122.39053293216331,14.162103258011586],[122.39000515011746,14.162001771060707],[122.38977052225741,14.1618212934063],[122.38931338984787,14.16182777884892],[122.38895052662778,14.162068753465038],[122.38861535890129,14.162363739285034],[122.38835491675115,14.162325232054062],[122.38812582798961,14.16204108902358],[122.38745287975325,14.16176555911861],[122.38697066463224,14.161417979541737],[122.38659149764956,14.161331641908049],[122.38623678631036,14.161418283546551]]}},{"type":"Feature","properties":{"river_name":"Santa Elena","name":null,"type":"River"},"geometry":{"type":"LineString","coordinates":[[122.42548077803495,14.167258360507267],[122.42513965316414,14.167157838521492],[122.42476466663337,14.167204856874584],[122.42443900943468,14.16740833274016],[122.42459243201775,14.16760451248621],[122.4245915959278,14.167995655481715],[122.42417689510502,14.168491372526688],[122.42347907318091,14.168991445758197],[122.42312300319477,14.168889708557227],[122.42309384454269,14.168452258341606],[122.42335251000033,14.168117608864428],[122.42326681073729,14.167930600137442],[122.42304608287968,14.167884633257056],[122.42266257867837,14.167921518227008],[122.42246040157528,14.16738202427109],[122.42158689616187,14.167493287403438],[122.42110760735775,14.167668997923188],[122.42065486442368,14.168573084158616],[122.42030036210755,14.16909413289499],[122.42006881733091,14.169149460053214],[122.41972659509135,14.16901078746981],[122.41941598751914,14.16901139546048],[122.41886939344049,14.16943840743787],[122.41873435508037,14.169727921846258],[122.41892624758661,14.170295367590409],[122.41853286706825,14.170697044381203],[122.41816791362214,14.170872549758593],[122.41776617219969,14.17095726246696],[122.4175053120043,14.170854715499273],[122.41659407801203,14.170081457179803],[122.41621177569073,14.170191401682247],[122.41561062671569,14.17076412554853],[122.41490413035399,14.17123551714351],[122.41452705359744,14.171372111085427]]}},{"type":"Feature","properties":{"river_name":"Santa Elena","name":null,"type":"River"},"geometry":{"type":"LineString","coordinates":[[122.42372990030844,14.184149158195131],[122.42340675138105,14.184547973354364],[122.42308987313126,14.184776156915317],[122.42277675728806,14.184912742702323],[122.42248872415585,14.184986507098921],[122.42201591505194,14.185038790639899],[122.4214653495434,14.184844247167806],[122.42115808633228,14.184515954680807],[122.42090830433415,14.18433113796035],[122.4206982366288,14.184291823857654],[122.42030590122297,14.184362143406743],[122.41994021619801,14.184729750149039],[122.41988628836944,14.184931589099268],[122.41982483572866,14.18619409170841],[122.41967684773434,14.187176731328275],[122.41971029134943,14.187453952871754],[122.41966765074075,14.187633498222564]]}},{"type":"Feature","properties":{"river_name":"Santa Elena","name":null,"type":"River"},"geometry":{"type":"LineString","coordinates":[[122.4241189958662,14.186078582136291],[122.42402953419668,14.186092362229202],[122.42361755066696,14.185981716164093],[122.42351074012228,14.185995090965845],[122.42300783176535,14.186255088851247],[122.42263556252871,14.186589458257972],[122.42220372185335,14.187040349555755],[122.42164834882621,14.187723068200068],[122.42150663150865,14.18778913110004],[122.42133795027655,14.18780149256061],[122.4209750870561,14.187697534680542],[122.4205855734552,14.187696825415632],[122.42032471325987,14.187621035429903],[122.42009792374716,14.18762387248835],[122.41985608460773,14.187579290132412],[122.41789749066228,14.188294962533057],[122.41761865452422,14.188465894749791],[122.4172163905453,14.188536618296375],[122.4169383904976,14.188635914929453],[122.41669592429041,14.188681712953588],[122.41643987161481,14.188656787480957],[122.41628289564778,14.188578160769621],[122.41600949409703,14.188571068152264],[122.41513494357062,14.188721026292724],[122.41417051332976,14.189038572461017],[122.4137568576196,14.189145772056056],[122.41352400645182,14.18925155308143],[122.4134429056862,14.189407995427237],[122.4134767673463,14.189587944520605],[122.41368558091656,14.190012080726154],[122.41367920572776,14.190228606715026],[122.41355535984191,14.190334387235058],[122.41313438834113,14.190561146459117],[122.41295483793445,14.19072711218183],[122.41291501913093,14.191004228059965],[122.41301681313413,14.191649648370962],[122.41324799212155,14.191907410694352],[122.41332825679727,14.192129912841311],[122.4133219861197,14.192292027200487],[122.41319782669997,14.192379163620485],[122.41255111079928,14.192473595144156],[122.41209920395477,14.192696096734428],[122.41197379039956,14.192874827362063],[122.41196333927053,14.193447493934077],[122.41184336030268,14.193595422431006],[122.4116477151561,14.193494506836394],[122.4114343030891,14.193305239315018]]}},{"type":"Feature","properties":{"river_name":"Santa Elena","name":null,"type":"River"},"geometry":{"type":"LineString","coordinates":[[122.43429803035335,14.211744705187217],[122.43437024765956,14.212232018907224],[122.43435645216869,14.21243869634253],[122.43429416343629,14.21253433524862],[122.43397394082481,14.212587828178124],[122.43351910766405,14.212826519960544],[122.43305507750914,14.212898654269305],[122.43279170904265,14.212885281056067],[122.43248360974151,14.212822872718334],[122.43238118867123,14.212839893175559],[122.43230573151544,14.212922361325699],[122.43217446532742,14.21292195607673],[122.43176039157183,14.212838069554458],[122.43163748628743,14.21276877196937],[122.43119164109781,14.212664622927003],[122.4304855627807,14.21270271635557],[122.43023557176038,14.212769582465887],[122.42990949651653,14.212998953337145],[122.42958342127243,14.213009084553645],[122.42932799566464,14.213122148902954],[122.42907382419257,14.213368134586373],[122.42893879559814,14.21357075850698],[122.42886814596208,14.213769735020461],[122.42870301811443,14.214048950240095],[122.4285337098152,14.214585091125297],[122.42787445255979,14.215402875756885],[122.42745598932979,14.215412601621226],[122.42693426893904,14.215256987732756],[122.42641087636751,14.215006546406592],[122.42603024622679,14.215000265107202]]}},{"type":"Feature","properties":{"river_name":"Santa Elena","name":null,"type":"River"},"geometry":{"type":"LineString","coordinates":[[122.42435963317197,14.228522788374343],[122.42457555350943,14.22810996924675],[122.42437990836251,14.227664630269347],[122.42444512341093,14.227251708268042],[122.42464160464736,14.226896732519696],[122.42461401366495,14.226714786971192],[122.42465759487536,14.2266064908041],[122.42475604451634,14.226558471720043],[122.42499464380522,14.226312500386522],[122.42510082728195,14.226075241128168],[122.42509246637802,14.225882961665913],[122.42514806638744,14.22576544621336],[122.4252893656598,14.22572857066236],[122.42539596718183,14.225617133520734],[122.42550674915557,14.225383317957547],[122.42542606643474,14.22520866527313],[122.42532698972583,14.225133293075212],[122.42509309344489,14.225069672436776],[122.4251009317919,14.22489380382801],[122.42507595359208,14.224797258387206],[122.42500133252643,14.224688049538722],[122.4249944347808,14.224596468051882],[122.42511190547751,14.224346644913648],[122.42507762577222,14.224251112310403]]}},{"type":"Feature","properties":{"river_name":"Capalonga","name":null,"type":"River"},"geometry":{"type":"LineString","coordinates":[[122.49367528722621,14.243565706721313],[122.49388221959208,14.242999244982624],[122.49411298053373,14.242634164095955],[122.4945105415042,14.242401986932206],[122.49508326340695,14.242137799014005],[122.49551677626353,14.24211065085195],[122.49571785599734,14.242033663507783],[122.49592562445368,14.241624009354874],[122.49620613277266,14.241636570472844],[122.49656481554042,14.240932336412778],[122.49717223519374,14.240820906772253],[122.49771569393361,14.240521059465133],[122.4979255526164,14.240583460154143],[122.497989931575,14.24071677065878],[122.49786096463572,14.240918154463039],[122.4979821977394,14.240994939588795],[122.49877773772565,14.240674832561153],[122.49895080843217,14.240694079515789],[122.4990898084562,14.240751009971515],[122.49909733326972,14.24094266897976],[122.49903274528906,14.241345436005862],[122.49906827912987,14.241440657481517],[122.4993283032349,14.241504476107885],[122.50008172516891,14.241358098439703]]}},{"type":"Feature","properties":{"river_name":"Capalonga","name":null,"type":"River"},"geometry":{"type":"LineString","coordinates":[[122.51155492301807,14.249959929944191],[122.51133503125106,14.250069126570796],[122.51091886726964,14.250055147784265],[122.51063501458908,14.249934200860041],[122.51032336190373,14.249852151402024],[122.50969650314916,14.249771114870597],[122.50970507307522,14.249574601162866],[122.50981982647814,14.249354586643811],[122.50970820841368,14.249182383601426],[122.50956189259894,14.249075617649064],[122.50924313314555,14.249064880273085],[122.50872956463611,14.249108437547674],[122.50809643520364,14.248917393249517],[122.507801713348,14.248588585983159],[122.50744658396326,14.248336560865383],[122.5073082110069,14.248163141489142],[122.50688159589579,14.248009778681691],[122.50676746956017,14.247864519493506],[122.50669870112698,14.247625459538233],[122.50650995372588,14.247518895442482],[122.5063124273759,14.247309413784546],[122.50630197624601,14.247096082650854],[122.50636844543023,14.24691293781308]]}},{"type":"Feature","properties":{"river_name":"Capalonga","name":null,"type":"River"},"geometry":{"type":"LineString","coordinates":[[122.49714030697818,14.227395815788272],[122.49693964528912,14.22708014694356],[122.49696117461585,14.226801960876235],[122.49694361671799,14.22665466192402],[122.49698709341702,14.226511617732804],[122.49741496266334,14.22628813632977],[122.49772368903223,14.22623667276618],[122.49782548303462,14.226164947937157],[122.49786038980749,14.226097275337427],[122.49795863042587,14.226051079658992],[122.4981948259552,14.226023321725075],[122.49830728010986,14.225971655488243],[122.49832630116559,14.22583023176745],[122.49841659892546,14.225776134131744],[122.49855936135602,14.225770663583758],[122.4986920907022,14.2258028790323],[122.49882670125163,14.225760938164802],[122.49938165623362,14.225060909490912],[122.49937183217175,14.224994857469282],[122.4990480561761,14.224966694177741],[122.49893016743394,14.224868629165174],[122.49888104712451,14.224748681819342],[122.49879973733603,14.224676146062363],[122.49860827264105,14.224367159686135],[122.49843959140892,14.224291584593304],[122.49835640041702,14.22417082648388],[122.49832943650243,14.224025551961441]]}},{"type":"Feature","properties":{"river_name":"Capalonga","name":null,"type":"River"},"geometry":{"type":"LineString","coordinates":[[122.5383499472568,14.320336204469758],[122.53861101647448,14.320164865849529],[122.53863066459793,14.319923857403028],[122.53860014729851,14.31908741431634],[122.53866118189538,14.318967922192433],[122.53886393380996,14.318959010913094],[122.53905895188849,14.318790101592386],[122.53874374581827,14.31803021060481],[122.53851841946368,14.318029400484832],[122.53819150812906,14.31789127503356],[122.53778224189256,14.317286924553512],[122.53763132758068,14.31717846939394],[122.5373452801631,14.317217051487104],[122.5369128124197,14.317426063027542],[122.53657879431711,14.31745563247362],[122.5361502980031,14.317752136844334],[122.53571009642354,14.317752136843803],[122.53511981662247,14.317545150909348],[122.53407219538873,14.316822116354219]]}},{"type":"Feature","properties":{"river_name":"Capalonga","name":null,"type":"River"},"geometry":{"type":"LineString","coordinates":[[122.54228678326932,14.317162773270367],[122.54215300880993,14.316902723692861],[122.54200125840771,14.316745154565453],[122.54170319219072,14.31652561076385],[122.54168228993125,14.316280547780103],[122.54191555914413,14.316160244035931],[122.5420911381212,14.315607737122685],[122.54184574559655,14.314567934867263],[122.54192726440714,14.31417177987819],[122.5420493336009,14.31401339870038],[122.54207023585988,14.313787371148123],[122.54222156821656,14.313561343368521],[122.5424688419432,14.313480329772293],[122.54259091113686,14.31323202291701],[122.5423768720017,14.312639001844454],[122.54225396671714,14.312450644413738],[122.54194753959655,14.312302388776274],[122.54195736365817,14.312104511905963],[122.54203930051423,14.31191615402722],[122.54231437424552,14.311670275870569],[122.54278091267129,14.311330420776054]]}},{"type":"Feature","properties":{"river_name":"Capalonga","name":null,"type":"River"},"geometry":{"type":"LineString","coordinates":[[122.5369468829937,14.21825197919381],[122.5367678551436,14.21854263687483],[122.53646707163325,14.218573536327142],[122.53641899643716,14.218760351288779],[122.53642004155058,14.219203479002553],[122.53603669411632,14.219323024052755],[122.53562491960923,14.219211988990338],[122.53540126543533,14.219188890448425],[122.53513225335904,14.219275813895132],[122.53483920368477,14.219511661960363],[122.53463582470243,14.219528276677098],[122.53454030137735,14.219186864259424],[122.53443223669679,14.218928727762783],[122.53414692085833,14.21902274297268],[122.5340564140761,14.219284526498592],[122.5340893351348,14.219617530104765],[122.53396799752011,14.219853276504644],[122.53402506068811,14.220095607743525],[122.53438437052449,14.220128837090893],[122.53438437052476,14.22041290728434],[122.53423742764275,14.220767690597974],[122.53410720656775,14.220814495208174],[122.53395106669143,14.22094153624436],[122.53389421254664,14.221265926190316],[122.53348034781393,14.221461654064523],[122.53299959585162,14.221573093254388],[122.53293270862231,14.221825958704482],[122.53303889209944,14.221975084350328],[122.53279558980203,14.22207882387167],[122.53255939427261,14.22204681050845],[122.53233239573738,14.22215014476459],[122.53232319874351,14.222360865454833],[122.53217667390648,14.222496111563414],[122.53218545285554,14.222732564116477],[122.53246888749088,14.22277957093593],[122.5325771611939,14.222908130484132],[122.53252647321541,14.223074275102972],[122.53251853035721,14.223339295778876],[122.53230658144872,14.223474237379566],[122.53215274082044,14.223152079369875],[122.53195688665133,14.223096765401063],[122.53170459638261,14.22332551795227],[122.53179301293933,14.223474237378952],[122.53176845278495,14.22364088811875],[122.5315432309418,14.223774715158594],[122.53117576922448,14.223830231575466],[122.53062102326471,14.22417001606537],[122.53052184204495,14.224431287095692],[122.53047523000727,14.22482486463841],[122.52986321185733,14.225313973689412],[122.52943868697238,14.225460868288556],[122.52915546135984,14.225598645205276],[122.52876458911258,14.225992524633803],[122.52863374097011,14.22630130617511],[122.52806478147387,14.226521343157179],[122.52790216189727,14.22673449111647],[122.52793351528645,14.227036788067906],[122.52786997241863,14.227209008000075],[122.52766638441366,14.227271412366418],[122.52750982649223,14.227492664072523],[122.52750982649246,14.227691830945204],[122.52759280846195,14.227951780933191],[122.5278367378277,14.228345656261085],[122.52787728821089,14.228582305304746],[122.5276335809324,14.228872620461097]]}},{"type":"Feature","properties":{"river_name":"Santa Elena","name":null,"type":"River"},"geometry":{"type":"LineString","coordinates":[[122.4326655855047,14.148007743118239],[122.43261973652795,14.147893732338929],[122.43271612126497,14.14738512896349],[122.43290848319347,14.147037562909905],[122.43250317823899,14.146422849844036],[122.43264826477821,14.146161630866997],[122.43273710990603,14.145890136695208],[122.43255799323695,14.145688195404924],[122.43271550994298,14.145256056249186],[122.4326543779737,14.144919749853868],[122.43244673305249,14.144673941574355],[122.43242676327559,14.14436351932427],[122.43248952542996,14.144003104926215],[122.43267139303714,14.14374899662471]]}},{"type":"Feature","properties":{"river_name":"Santa Elena","name":null,"type":"River"},"geometry":{"type":"LineString","coordinates":[[122.44106185765244,14.14107689035525],[122.44080306565046,14.140746110539343],[122.44090923150276,14.140409402276076],[122.44086868062976,14.14017919944986],[122.44050351900206,14.140031000081818],[122.44047865866759,14.139618610133317],[122.44072298276946,14.139201872238708],[122.44082038637269,14.138713799859596],[122.44077881663333,14.138214660788483],[122.44091901261491,14.137814716419538],[122.44085299008817,14.137500530379384],[122.44120307249659,14.137372484623894],[122.44135040054147,14.13720630167599]]}},{"type":"Feature","properties":{"river_name":"Santa Elena","name":null,"type":"River"},"geometry":{"type":"LineString","coordinates":[[122.42848375126455,14.12865552130138],[122.42811940472954,14.12836305964411],[122.42788465796862,14.12798206848944],[122.42774181293427,14.127622813797942],[122.42753009254837,14.127361573231552],[122.4274049757851,14.127151711076872],[122.42728800995091,14.126823875176955]]}},{"type":"Feature","properties":{"river_name":"Santa Elena","name":null,"type":"River"},"geometry":{"type":"LineString","coordinates":[[122.42974938679366,14.128274530638013],[122.42940378739557,14.127769440370596],[122.42910464829413,14.12752993708196],[122.42874478477043,14.127412556665082],[122.42849251351169,14.127011407646613],[122.42772795635368,14.126766370459237],[122.42728800016476,14.126823885219011],[122.42702086324678,14.1267999642818],[122.4265432187963,14.126636342553372],[122.42606353661361,14.12663713299621],[122.42574768810748,14.126498410134912],[122.42560015628919,14.126475092038708],[122.42549541684926,14.12658456850262],[122.42538252648045,14.126952519697953],[122.42541186982582,14.127275810375686],[122.42532383979086,14.127426784593471],[122.42506260251052,14.127559973806951],[122.42497171965022,14.127684468105377],[122.42490048042721,14.127939120082829]]}},{"type":"Feature","properties":{"river_name":"Santa Elena","name":null,"type":"River"},"geometry":{"type":"LineString","coordinates":[[122.36393532038751,14.121077876544266],[122.36303178988773,14.121540889604686],[122.36284512379831,14.121696620388331],[122.362539066219,14.122138872643129],[122.36238623629689,14.12223570385319],[122.3620267803197,14.122184719261478],[122.3618083354176,14.122284317056794],[122.36158540750432,14.122295383475567],[122.36147251713497,14.122217523301469],[122.361051929189,14.122255465317997],[122.36044590760436,14.122543982531651],[122.36027433054495,14.122545168217876],[122.36014106285266,14.12244715145215],[122.36012027798311,14.122353086935808],[122.36026128905765,14.121974061873642],[122.36020076840822,14.121803717766257],[122.36005914601351,14.12171222198067],[122.35987045200277,14.121666375266376],[122.35959943360727,14.121639499601777],[122.35938506416979,14.121717162357996],[122.35922123049322,14.12184877399149],[122.35903151761673,14.122136501261847],[122.35903192516352,14.122426599543024],[122.3590661590663,14.122588248152482],[122.3591941286548,14.122845937141157],[122.35919331356209,14.123042365514756],[122.35907267981027,14.123179509570383],[122.35891047631948,14.123167257510925],[122.3585722127578,14.122859770130011],[122.3584507639127,14.122617495076156],[122.35842997904304,14.122372848390032],[122.35834887729736,14.122125434834269],[122.35815284745006,14.121810436675318],[122.35787653095039,14.121581598341667],[122.35744982980727,14.121371335628394],[122.35687722703172,14.121182019973993],[122.35658501622035,14.121149215783838],[122.35640263917993,14.121298514332201],[122.3563887826006,14.121516978147136],[122.35642912970032,14.121740085707536],[122.35661415579321,14.122090259400691],[122.3567413102889,14.122408419004906],[122.35682811768515,14.1228020667943],[122.35680040452621,14.12309453559471],[122.35671441222355,14.12337712333552],[122.35654528044309,14.123475139700597],[122.35627507714057,14.123527704911067],[122.35608393785105,14.12343522174992],[122.35569269324951,14.12290561660038],[122.35541026355304,14.12274831572895],[122.3550919697683,14.122747525271663],[122.35438406156875,14.123035646633824],[122.3539369831029,14.123111530388401],[122.35344303679433,14.123258950318974],[122.3533199577638,14.12343205992849],[122.35309743739766,14.12398102994323],[122.35291648676987,14.124144258353123],[122.3526650306045,14.12415769603753],[122.35226685771369,14.124105130971708],[122.35190128853947,14.123935183684493],[122.35166328140694,14.123698047723243],[122.35157036081405,14.12354786148679],[122.35154916839794,14.123326138993619],[122.35154998349053,14.123011142495775],[122.35161958037074,14.122337419987254]]}},{"type":"Feature","properties":{"river_name":"Santa Elena","name":null,"type":"River"},"geometry":{"type":"LineString","coordinates":[[122.36180832560646,14.122284327056487],[122.36193620311958,14.122596053923278],[122.36249617195557,14.12331181201111],[122.36268690369864,14.123443422723414],[122.36314539346542,14.123457650904493],[122.36328314416902,14.123807821956461],[122.36329455547036,14.12420937184516],[122.3634013326429,14.124357976742662],[122.3635965473971,14.124532666418471],[122.36362711338165,14.124629891835992],[122.36359247193269,14.124723955411744],[122.36301905406508,14.125388722935483],[122.36280509217436,14.125776832447464],[122.36280835254642,14.12608313022067],[122.36292572592717,14.126534869281352],[122.36300356730108,14.126684658325859],[122.36312949915717,14.1268360281573],[122.36329903848466,14.127209512036579],[122.3635052569933,14.127380247320312],[122.36356679650883,14.12756402473937],[122.36351096264409,14.12766441062165],[122.36317555190827,14.127920117767216],[122.36292735611482,14.128173453311414],[122.36288904674778,14.128283324177495],[122.36289018038501,14.12840242000925]]}},{"type":"Feature","properties":{"river_name":"Labo River","name":null,"type":"River"},"geometry":{"type":"LineString","coordinates":[[122.53140716436545,14.197023962085565],[122.53125902122777,14.197287493106774],[122.53126880234292,14.197443952158839],[122.53133278713725,14.197608313066857],[122.53141511152214,14.19768575229956],[122.53146523973673,14.19779400914161],[122.53146931520146,14.197890017903449],[122.53138536063082,14.197914513959526],[122.53111719506049,14.197794404239058],[122.53098881792582,14.197818900305418],[122.53095825194141,14.197928342376663],[122.5309981914948,14.198196613511788],[122.53107440268283,14.19832739063628],[122.53115468933538,14.198391791428193],[122.53134990408941,14.198420633494893],[122.53146320200509,14.198365715036536],[122.53147339066642,14.198260619244294],[122.53153737546039,14.198134188151483],[122.53189968426257,14.197971012918314],[122.53222123841896,14.197899895346689],[122.53231864202274,14.197925576694828],[122.53238303436348,14.198086776474463],[122.53248940398943,14.198115223482603],[122.53268380365043,14.198058724560653],[122.53283704111901,14.197948887454976],[122.53298987104105,14.19777425424913],[122.53300352384687,14.197161061472721],[122.53309481425337,14.196857625258065],[122.5332778026134,14.196630838030224],[122.53343307781425,14.19653048263401],[122.53356960587809,14.196476353917658],[122.53375707724939,14.196498874626316],[122.53386752233996,14.196600020236753],[122.53397878252356,14.196764381757307],[122.53408637478891,14.196845772273848],[122.53422005002754,14.196845377174505],[122.53433864604716,14.19674897287027],[122.5345782833649,14.196447511604775],[122.53462148328944,14.196323055001937],[122.53456666829044,14.196081648507327],[122.53465836624358,14.195879159228056],[122.53491715824482,14.195497096036528],[122.5349905166072,14.195189706568524],[122.53509403340757,14.194959361745225],[122.53522485582099,14.19490009631554],[122.53552236473631,14.194921826975298],[122.53587509619706,14.195057544774153],[122.5359875790198,14.195016256544358],[122.53610821277162,14.194881131375771],[122.53604382043058,14.194499856707672],[122.53595517907556,14.194354853634286],[122.53573327002826,14.194227432600625],[122.53560468912018,14.19408144159196],[122.535516047765,14.193822252993087],[122.53510442584069,14.193490364719754],[122.53505572403861,14.193334890700838],[122.53513295409262,14.193255672004783],[122.53531064434887,14.193221297799054],[122.53547590443813,14.193234731397586],[122.5356224173902,14.193183170082134],[122.535734288893,14.192944328432594],[122.53579868123309,14.19249904316288],[122.5359258357281,14.192197773795124],[122.53615161646631,14.191977501184345],[122.5363922726504,14.191839015783195],[122.53665768057367,14.191750220306194]]}},{"type":"Feature","properties":{"river_name":"Labo River","name":null,"type":"River"},"geometry":{"type":"LineString","coordinates":[[122.56303541865644,14.192081019492782],[122.56321596173782,14.19195300451859],[122.56327383333476,14.19169894989538],[122.56354729700871,14.191474528156336],[122.56405836026867,14.19145832869181],[122.56458898575896,14.191671687408778],[122.56471491761513,14.191879514409804],[122.56480335519714,14.19219481052254],[122.56487834374576,14.192263164133287],[122.56510290184484,14.19224380386443],[122.56527325626476,14.192192834984914],[122.56542404845449,14.191993700647501],[122.56551411622182,14.191802073193195],[122.56575823655064,14.191523126547475],[122.56705504938417,14.191412100947078],[122.56772057275238,14.19152549720266],[122.56796550817437,14.191495864040794],[122.56830947738595,14.191386418862088],[122.56859679763953,14.191120115209358],[122.56867830693123,14.190983802387578],[122.56871376347306,14.190877912950564],[122.56871417101938,14.190705249844447],[122.56869216351046,14.190601335829257],[122.56849368838463,14.190507299530873],[122.56825934917065,14.190646378411497],[122.56819821720192,14.190792964298609],[122.56808206646109,14.190835241073119],[122.56796265534845,14.19081351002157],[122.56790315356467,14.190127202834988],[122.56802664014162,14.189960465830024],[122.56817294932041,14.189846278568714],[122.5683763150032,14.18945156160591],[122.5682145190585,14.189128754529298],[122.56820392285033,14.188926456592167],[122.56828706232791,14.188814244377408],[122.5684076960798,14.188734036316678],[122.56860739384486,14.188691759150247],[122.56887922733326,14.18869215426432],[122.56902512896569,14.188734036317411],[122.56920689468657,14.188707563700172],[122.56935401895826,14.188616292413464],[122.56954556579393,14.18842031584669],[122.56969432025144,14.18834959039093],[122.56974322582651,14.188291113461046],[122.56972244095681,14.188073010183826],[122.56962136943487,14.18800702599867],[122.56945427538624,14.18773044537325],[122.56953496958499,14.18754790197579],[122.5694868791024,14.187210472884068],[122.56940333207814,14.187153971242234],[122.56932752843679,14.187206521720586],[122.56923623803021,14.18746137161223],[122.5691522834597,14.187568447992783],[122.56875451811536,14.187539604544188],[122.56812485883538,14.187276062183154],[122.56792781012214,14.187138759257609],[122.56786953097821,14.186932113259168],[122.56793881387618,14.186815948886833],[122.56811283621434,14.186825826812179],[122.56822165111906,14.18691749393709],[122.56845272996159,14.187013112191826],[122.56875064642331,14.186932508377046],[122.56913618537372,14.186769325075778],[122.56940924150113,14.186525537697024],[122.56961301473045,14.186197194799874],[122.5695967128718,14.18593681182705],[122.56929553603766,14.18527538241425],[122.5688056651928,14.184592219423259],[122.56838303951392,14.18410542996286],[122.56834636033217,14.183752981097584],[122.5683724433052,14.183440439100659],[122.56843765073855,14.183289502103428],[122.56863245794608,14.183284365502498],[122.56893322723325,14.18342542443071],[122.56918060793399,14.18340527316096],[122.56947404138465,14.183357068155162],[122.56959712041518,14.183180448086103],[122.56954780729322,14.182814168443567],[122.56932202655427,14.182378741388623],[122.5692788266293,14.18207449512815],[122.5691459664831,14.18168727202422],[122.56875431433546,14.181501167623297],[122.56862552965413,14.181319804589098],[122.5686255296538,14.180985527244289],[122.56869440500505,14.180695108583766],[122.56880281236303,14.18054219411924],[122.56879669916603,14.180363596215987],[122.56871682005973,14.180138372995785],[122.56845965824334,14.179654735008981],[122.56794614970408,14.179162798253156],[122.56778883677049,14.17888541657591],[122.56774685948493,14.178660587018884],[122.56782184803325,14.17847961684461],[122.56795022516779,14.178365423800143],[122.56816703988412,14.178333022995266],[122.56837733385719,14.17836977024979],[122.5685028581667,14.178442474477368],[122.56854075998757,14.178562199322865],[122.568493077052,14.178745145086687],[122.5683003075771,14.179056113033322],[122.56833209620112,14.179187493899303],[122.56846862426492,14.179191840332827],[122.5686783069182,14.179146202778622],[122.56897255546168,14.17898419926476],[122.56929900017529,14.178691802385591],[122.56982392001454,14.178329071679242],[122.57011450063966,14.177935915192801],[122.57019845520976,14.177512332768035],[122.57032194178655,14.177179630346192],[122.57047721698737,14.177019205963754],[122.57064838650004,14.176764739469123],[122.57055220553491,14.176074833529723],[122.57034272665454,14.175866201766903],[122.57027181357043,14.175636034874314],[122.57028281732465,14.175502281130788],[122.57024328531797,14.17540132367386],[122.56964521088821,14.1747359121484],[122.56906445718326,14.174370014004865],[122.56905345342868,14.174254238335665],[122.5690966533532,14.174080377151535],[122.56927189833044,14.173868582438296],[122.56979437289081,14.17336833518515],[122.56994027452284,14.173010337658335],[122.57037838696563,14.172144581922641],[122.57062087710868,14.171865611091512],[122.57090412189766,14.17165420945433],[122.57096932933099,14.171514328636423],[122.57130963062421,14.17129186263854],[122.57161366028272,14.171046082898753],[122.57209456510441,14.170796351443718],[122.57254857186,14.170706653528413],[122.57281835790373,14.170600764782066],[122.57287216374851,14.1704920896479],[122.57285871471512,14.170336007139287],[122.5727873940847,14.170261719730316],[122.57247439840401,14.170284243042648],[122.57233297978249,14.17019612550808],[122.57230934208762,14.170050711744183],[122.57237128914939,14.169944417385096],[122.572869718469,14.169763835404847],[122.57289824672088,14.169561125045162],[122.57278046579397,14.169452459572941],[122.5725074096663,14.169520029745007],[122.5723712891489,14.1694896034124],[122.5722852968456,14.169211419612214],[122.57226981007997,14.168973145432787],[122.57228488929864,14.168713137833848],[122.57235131937135,14.168504499302022],[122.57258443594598,14.168474863131644],[122.57271688854523,14.16841717137515],[122.57294878248041,14.1682156452611],[122.57297038244256,14.168053238791714],[122.57286238263055,14.167842623902715],[122.57265983204015,14.167717756446425],[122.57231464018905,14.167648605135419],[122.57205177272276,14.167665991752331],[122.57176934302659,14.167769916277145],[122.57152481515143,14.16812594632351],[122.5714433058596,14.16816230008144],[122.57132837775794,14.168054029089154],[122.57126643069573,14.167678636563064],[122.57120285344789,14.167530850282427],[122.57102027263396,14.16742811109998],[122.57079449189494,14.166940099349043],[122.57082098241443,14.16655759223934],[122.5708034805695,14.166413820311652]]}},{"type":"Feature","properties":{"river_name":"Labo","name":null,"type":"River"},"geometry":{"type":"LineString","coordinates":[[122.58543559845279,14.172593858606875],[122.5852367157805,14.172433430980995],[122.58525179499942,14.172331681873946],[122.5853337118376,14.17224850441476],[122.58550895681508,14.172211558597859],[122.58585048074772,14.172042239990486],[122.58600840500036,14.171669422494071],[122.58615838209671,14.171008346614196],[122.58634992893245,14.170905213861731],[122.5864844192639,14.170792597584168],[122.586613203945,14.170771654901957],[122.58682309037177,14.170912721612165],[122.58703256925186,14.17089968183619],[122.5872371575743,14.170796153889443],[122.58751102879495,14.170778767512356],[122.58753731554152,14.17071277829508],[122.58749941372072,14.170628809951877],[122.58737266677181,14.170596408041584],[122.58727149336319,14.170514514168682],[122.58728473862287,14.170326721231822],[122.58771143976557,14.170108995823242],[122.58779661697508,14.169658133649602],[122.58787282816277,14.169453052311962],[122.58821588039469,14.169264073054324],[122.58840075365728,14.169258244627468],[122.58858496465685,14.169209246319506],[122.58879974164077,14.169076081509427],[122.58902185446108,14.16902747831018],[122.58924722765308,14.169029058902474],[122.58949460835397,14.169108878785329],[122.58974321169433,14.16923927754329],[122.5900346074126,14.169093863166655],[122.5902481617572,14.169038147307555],[122.5905085839445,14.168827928481344],[122.59103268869085,14.168487310345917],[122.59132530704817,14.16804434794526],[122.59145327663602,14.16769819652898],[122.59149403128168,14.167451227444582],[122.59146183511113,14.167190822950861],[122.59138868052138,14.166918366032501],[122.59142209933071,14.166663493057307],[122.59172164597823,14.166591180207922],[122.59229730535216,14.166720197380693],[122.5925887010708,14.166870750251775],[122.59291942502345,14.167747787890498],[122.59302263616435,14.167742255787276],[122.59329202437371,14.167574712022562],[122.59365840864048,14.167423369317605],[122.59413972100866,14.167140441170071],[122.59446331289719,14.16700885575237],[122.59465119181496,14.166991864236575],[122.59505303262398,14.167114756335772],[122.59518507767676,14.167075241198917],[122.5952091229177,14.166902955121138],[122.59500662327034,14.166568014410174],[122.59506021562956,14.166413065266553],[122.5953373472215,14.166068887128443],[122.59539909050982,14.16580848104898],[122.59553215442868,14.16564666558823],[122.59579787471989,14.165437826660797],[122.59608723270593,14.165358400641963],[122.59631994173421,14.165365513421229],[122.59665616756301,14.165235112438463],[122.59698546510197,14.165050970316875],[122.5971607100793,14.16488579549687],[122.59725037030002,14.164588638580073],[122.59713747993055,14.16435114986005],[122.59714237048786,14.164168982803375],[122.59737385687622,14.163628803275175],[122.5975050868359,14.163469949943385],[122.59773086757416,14.163285016073932],[122.59800188596923,14.16291751883475],[122.59812292726757,14.162890252886971],[122.59821421767454,14.162915543041787],[122.5982378553693,14.16307360644491],[122.59823051953333,14.163311491659126],[122.59811925935057,14.1638528574135],[122.59815838381077,14.16399550905076],[122.5983499306468,14.164107338388122],[122.59851580205583,14.16412788652908],[122.59863236034305,14.163978122152962],[122.59870368097322,14.163807019195957],[122.59878845063663,14.163720874933286],[122.59895676732434,14.163665948069992],[122.59908758973762,14.163540683159043],[122.599041129441,14.163277508073318],[122.59895758241666,14.163121420603524],[122.59882798264248,14.163010776256058],[122.59878926572871,14.162894599633304],[122.59885528825501,14.162795809941459],[122.5990684350532,14.162754713417206],[122.59927995166564,14.162806874389611],[122.59942666839127,14.163083090247024],[122.59959050206795,14.16307597739674],[122.59977878853199,14.162948736367442],[122.59983625258265,14.162846785429041],[122.59982810165326,14.162661851051723],[122.59996748254221,14.162533819471665],[122.60016799540027,14.16257294024018],[122.60043819870275,14.162556343551756],[122.60054619851422,14.162323989781983],[122.6007255189562,14.162208603127826],[122.60086163947362,14.16218805481353],[122.60128997080237,14.162226385322219],[122.60174723792996,14.162373384737394],[122.60187683770411,14.16247217461327],[122.60200766011779,14.162670149395],[122.60212381085914,14.163142759153823],[122.60224362951838,14.163266443652475],[122.60237811984996,14.1632854112375],[122.60278892668119,14.163458095218997],[122.60299962820068,14.163490102990785],[122.60322948440367,14.163452167853933],[122.60395410200789,14.16297600231336],[122.60398792836384,14.16287839813302],[122.60375277405677,14.16280964050679],[122.60380045699232,14.162678052578451],[122.60392638884817,14.162554367759581],[122.60420026006877,14.162501416411038],[122.60423041850662,14.162349675163815],[122.60431844854178,14.162301070524215],[122.60458661411191,14.162229941764755],[122.60484092310247,14.162208207972892],[122.6048657834364,14.16211297442277],[122.6047508553348,14.162031176279188],[122.60460413860937,14.162012998909807],[122.60442563326004,14.161829249334781],[122.60441585214473,14.161532088417381],[122.60463225931451,14.161434878777817],[122.60481932313935,14.161414330393562],[122.60536013729104,14.161591757729678],[122.60549014461148,14.1615399916396],[122.6055577973236,14.161444757809269],[122.60558795576145,14.161307241668341],[122.60571307252444,14.16122979001222],[122.60605011344643,14.161343596518863],[122.60623350935307,14.161319886834981],[122.60630442243685,14.161178814163517],[122.60632113184148,14.160995063913694],[122.606451139162,14.16097570097563],[122.60664390863734,14.161027862356676],[122.60685297997132,14.161314749737183],[122.60695486658616,14.161399314267827],[122.60721732650595,14.16133450780833],[122.6073534470235,14.161434878781076],[122.6075172807002,14.161458983614553],[122.6076762238192,14.161371652977127],[122.6077785179805,14.161426580395776],[122.6078551367152,14.161685015697516],[122.6079297177174,14.16177866878479],[122.60870853900096,14.161639572203512],[122.60881857654496,14.161581878709892],[122.60884262178593,14.161507588436091],[122.60881694635884,14.161353475556485],[122.60851454688593,14.161259427132075],[122.60825942280215,14.161032604301734],[122.60805646466528,14.160976096139592],[122.6079733251874,14.160817240951676],[122.6080271213199,14.160653643701878],[122.60825697752296,14.160618474229679],[122.60896692345516,14.160685651869871],[122.60920411549445,14.160654038865877],[122.60985618982919,14.16047423982116],[122.60992302744863,14.160578562801234],[122.61010804383655,14.160671041032659],[122.61032935126872,14.160671426020114],[122.6104603774553,14.160574216012003],[122.61045406048507,14.160423263802835],[122.61032792485577,14.160308666508845],[122.61030693621298,14.160193476412077],[122.61032629466973,14.160081447565581],[122.61045691330982,14.160029483549367],[122.61070673928955,14.160116617121679],[122.611052338687,14.160067814422613],[122.61117297243898,14.160110096924141],[122.61122778743791,14.160222323338271],[122.61155036046061,14.16041022342537],[122.61162433014334,14.16066154695768],[122.61170971112674,14.16081704337501],[122.61188740138304,14.160861301548191],[122.61201374078536,14.160795507029151],[122.6123852193825,14.160235363729257],[122.61246102302351,14.159882482619802],[122.61263524913427,14.159346639707577],[122.61290942601447,14.158977950598093],[122.61318044440958,14.158718524301218],[122.61338177236044,14.158712794395138],[122.61358432295096,14.158859005753046],[122.61361417572918,14.159001364153465],[122.61359227010709,14.159121198046547],[122.61351646646577,14.159199440752115],[122.61354947772911,14.159371535093243],[122.61374020947231,14.159574056969603],[122.61403058632476,14.159682924752635],[122.61422315202697,14.159875764835125],[122.61457404952858,14.159979692926731],[122.61485688677136,14.159938200729057],[122.61510834293654,14.159738050163021],[122.61521532388193,14.15956526456196],[122.61516611264685,14.159407593881447],[122.61488938860076,14.159254269906425],[122.61461837020504,14.159035150798697],[122.61455438541076,14.158861475539837],[122.61452809866373,14.15851195120916],[122.61453868059073,14.158084720352385]]}},{"type":"Feature","properties":{"river_name":"Labo River","name":null,"type":"River"},"geometry":{"type":"LineString","coordinates":[[122.74930106375595,14.19693210176165],[122.7493507844246,14.19748998138889],[122.74955904066542,14.197634192259041],[122.7498455458264,14.197635377553825],[122.75017728864408,14.197467065681554],[122.75057342380214,14.19713597294775],[122.750756412162,14.196749170679949],[122.75071484242298,14.196616812244457],[122.75020948481315,14.196376591363414],[122.75009659444383,14.196290459472381],[122.75018503202504,14.195885876207294],[122.75003301719556,14.195733762194857],[122.74981538738622,14.195675287170504],[122.74968864043718,14.195510529757764],[122.74988507783038,14.195317324869698],[122.74996862485435,14.195138738609716],[122.74988263255125,14.194963708134008],[122.74966663292778,14.19496923957298],[122.7494428899217,14.19508698017554],[122.74931614297313,14.195298755065345],[122.74914660364605,14.19534893304177],[122.74895098134549,14.195275048930341],[122.74855973674414,14.194911554555993],[122.7483139862291,14.194860981379177],[122.74759018371752,14.195064854427113],[122.74710805625621,14.195113847147343],[122.74696256217014,14.195004008613173],[122.74699231306147,14.194856240141721],[122.74716144484178,14.194618783118173],[122.74721972398528,14.19444414734457],[122.74734932375917,14.194256473003486],[122.74769451561006,14.194060501315336],[122.7481277374962,14.19394196997032],[122.7483090956705,14.19382106793418],[122.74838938232261,14.193544889511156],[122.74852305756129,14.193481277552145],[122.74884338907825,14.193482067763302],[122.74891226443006,14.193594672771738],[122.74884094379988,14.193788274234102],[122.74881608346607,14.193964490931556],[122.74891104179113,14.19402336150185],[122.74906305662044,14.19397318323177],[122.74918165263996,14.193829365135855],[122.74920651297374,14.193623910554575],[122.74918898847558,14.193271081386879],[122.74930065620497,14.192843576552823],[122.74940213527299,14.192491536384209],[122.74954925954452,14.192255657312044],[122.74967885931832,14.191965648199927],[122.74964666314769,14.191662995242725],[122.74949179549274,14.191340981534815],[122.74900314728777,14.191123276301992],[122.74881404573034,14.190893322453604],[122.74849697458481,14.190734883325812],[122.74740271234135,14.190602126264624],[122.7470477393753,14.190597780049613],[122.74672618521895,14.190667714582885],[122.74663897027679,14.190770838347252],[122.74666709098257,14.190907151297285],[122.74684111332103,14.191120115423324],[122.74699964889383,14.191236277589615],[122.7470310299713,14.191348488605113],[122.74694177729681,14.191447265861354],[122.74634716701289,14.19167840447221],[122.74551393827696,14.19186608094817],[122.74543782897585,14.192014444031948],[122.74551893072147,14.192233333730709],[122.74543049313996,14.192343963822744],[122.74516640303433,14.192381894127314],[122.74460847193144,14.192356212150072],[122.74438024591412,14.192279166202631],[122.74411778599378,14.19172522482625],[122.74378237525725,14.191305224149371],[122.74371798291645,14.191076850924148],[122.74382476008869,14.190942908735304],[122.74408069926497,14.190820029548641],[122.74431911394367,14.19077459189059],[122.74429303097018,14.19065289794328],[122.74406276722056,14.190597977601259],[122.7439812579285,14.190413856070508],[122.74405094837284,14.190258577496055],[122.74418584625076,14.190168492167558],[122.74423801219734,14.189927474226252],[122.74410148413287,14.18940513610286],[122.7438210921688,14.189351400796125],[122.74370901689227,14.189157400429375],[122.74369230748724,14.188996194295706],[122.74373876778346,14.18883617338791],[122.74420051792158,14.188624392457685],[122.7443313403349,14.188417352699874],[122.74425349896083,14.188171986634815],[122.74422130279035,14.187952697897806],[122.74408436717971,14.18772590175551],[122.74403342387221,14.187564299487804],[122.7440798841683,14.187385707116722],[122.74402934840717,14.187237538560343],[122.74388385432114,14.187174715063048],[122.74339398347713,14.187233982513042],[122.74297808231513,14.187098655144338],[122.74258999619907,14.186874377017444],[122.74252580763151,14.186685906171773],[122.74256819246305,14.186510869166467],[122.74295638046523,14.186221840497659],[122.74297268232343,14.186043642187096],[122.74322332339544,14.185644967410926],[122.74341772305644,14.185551324175647],[122.74371849234325,14.185347047447829],[122.74362027364629,14.185112741418717],[122.743466628631,14.1850171223624],[122.74336188919071,14.184753577069042],[122.74320376116434,14.184649265203976],[122.74274812422267,14.184522036272975],[122.74270940730882,14.18427469038389],[122.74297920306445,14.18396768081429],[122.74302444072116,14.183658695216074],[122.74298613135386,14.183555568215446],[122.74274201102493,14.183783158774643],[122.74254109062059,14.183868900297446],[122.7423263136365,14.183845588089056],[122.74221464590646,14.1836827976874],[122.7420927895141,14.182778360536275],[122.74191734076277,14.182210764124884],[122.74174943162124,14.181976454854167],[122.74135329646235,14.181544977452246]]}},{"type":"Feature","properties":{"river_name":"Labo River","name":null,"type":"River"},"geometry":{"type":"LineString","coordinates":[[122.74112914590955,14.181407078365746],[122.74135328681429,14.181544987720985]]}},{"type":"Feature","properties":{"river_name":"Labo River","name":null,"type":"River"},"geometry":{"type":"LineString","coordinates":[[122.80678816968961,14.20522120359178],[122.80660685110212,14.205049467588944],[122.80643001080264,14.204984852010217],[122.80624421392763,14.205095304253339],[122.80617235302871,14.205194650649121],[122.80614881598075,14.205302477785526],[122.80607466386473,14.205383852912426],[122.80551560689952,14.205519949212606],[122.80538412228367,14.205589966083117],[122.80539245398222,14.205757461292206],[122.80551597141188,14.205986239961153],[122.805400785681,14.206079528283853],[122.80523123561785,14.206158480059308],[122.80526851996856,14.206368883378124],[122.80511105086813,14.206398162135198],[122.8048956764634,14.206336575779064],[122.80479335279203,14.20641502265885],[122.8048132447221,14.20651876028648],[122.80487656563037,14.206615481068297],[122.80487260807378,14.206793374506747],[122.80476387940925,14.20686566260622],[122.80465223465012,14.206865662606097],[122.8039148793378,14.206471712374544],[122.80351141684068,14.206308760950531],[122.80322605616885,14.206065646092783],[122.80301193151878,14.205947925100125],[122.80215709925875,14.205802540598599],[122.80195443069414,14.20573085792833],[122.80129539334749,14.205661800235204],[122.80114583936042,14.205572550203776],[122.8010691877346,14.205431203928388],[122.80107939406504,14.205303588358285],[122.80078528510991,14.205102472534952],[122.80042889670924,14.205132357226352],[122.80016603162353,14.205191318903736],[122.79965675655642,14.205196568914772],[122.79935514907292,14.205260780585558],[122.79920476191627,14.205394050033407],[122.79911727908289,14.205629896379314],[122.79892502514157,14.205814252127388],[122.79869673660451,14.205924502042835],[122.79759986850507,14.206088867200792],[122.79736449802424,14.206186597779176],[122.79696498346885,14.206257684856165],[122.79666296901573,14.206237886122958],[122.79635886202276,14.206295635977071],[122.79607766720056,14.206368328080286],[122.79541217278803,14.20670493259907],[122.79467835844812,14.206795191793358],[122.7944479869865,14.206983383108865],[122.794260107187,14.207277381245854],[122.79405556399054,14.207483745094555],[122.79379644816905,14.207463956788121],[122.79350025628958,14.207516860214557],[122.79320156490058,14.207617417075308],[122.79286996330286,14.207760377354742],[122.79260834797208,14.207968759973456],[122.79238672479387,14.208223180352519],[122.79214302261458,14.208256295364691],[122.79184433122536,14.2081521042112],[122.79154272374139,14.207736146803597],[122.79133651420392,14.20670917295985],[122.79061540570338,14.206160347826396],[122.79033171137142,14.206126424816132],[122.79001594000077,14.206283924461694],[122.7896772564591,14.20623425150787],[122.78935773582374,14.206042021113447],[122.78935773582361,14.205886540528232],[122.78942438941084,14.205655944450742],[122.78960935311612,14.205536405936499],[122.78989679671191,14.205228674740926],[122.78997615613939,14.20505825124778],[122.78867245362552,14.204648951645257],[122.78779866675046,14.203473145072348],[122.7875587138351,14.203205998059781],[122.78646746963194,14.203179747768134],[122.78582988640959,14.203842061854392],[122.78545808436716,14.20427700730692],[122.78523208704696,14.204276805382317],[122.78513773056186,14.203976341759912],[122.78484008063467,14.203638117782884],[122.78401545078135,14.203332807107477],[122.78340057143599,14.202850811176075],[122.78288900515176,14.202834859051292],[122.78250658019367,14.20308928520109],[122.78238868666091,14.203281316177376],[122.78194377396457,14.203591876969586],[122.78170736202138,14.203565424798745],[122.78153114659906,14.203314431911865],[122.78174860392771,14.202749444492515],[122.78168111717005,14.202470382995104],[122.78068693725288,14.201673783701379],[122.7801122583527,14.201369480011826],[122.77977461627253,14.20056126600538],[122.77872534299989,14.200107332175381],[122.77841582040284,14.200190526521345],[122.77636247332187,14.199637243155841],[122.77511438489509,14.199123132657116],[122.77466155708446,14.198708370234295],[122.77435849155317,14.198216469901283],[122.7744728441136,14.197612699149083],[122.77443826756463,14.197207424701062],[122.77423497412252,14.197063246172236],[122.77412124643854,14.196781754494603],[122.77492483875204,14.195829647699403],[122.77557304489012,14.195303008754237],[122.77637851183621,14.194845631529896],[122.77659701062755,14.194661064918128],[122.77661721499591,14.194310307167651],[122.77629706948325,14.19418000971257],[122.77603982829369,14.193957781954817],[122.77586376909072,14.193673257410843],[122.77586897640191,14.19339216538856],[122.77725224663385,14.192067272218464],[122.77765029352646,14.191777293042717],[122.77773527685028,14.19155920261003],[122.77768820275384,14.191340304223752],[122.77746158055604,14.191079402918657],[122.77585200056251,14.189935129055996],[122.77518192371508,14.189577901989749],[122.77478523072345,14.189794580768304],[122.7741792038082,14.18983971373975],[122.77356849031256,14.18982153938888],[122.77342018608022,14.189668672852727],[122.7735999424736,14.189248743707193],[122.77363451902171,14.188891717497818],[122.77345996993898,14.188484206125478],[122.77363493560526,14.187699068175265],[122.77381156761172,14.187203912904842],[122.7736604514306,14.186584664384942],[122.77377334594364,14.185833445908719],[122.77410140656886,14.185133316125295],[122.77448591445135,14.184748011589875],[122.77491853789215,14.184068476575513],[122.77495478078013,14.183876227369572],[122.77493478470369,14.183697710103733],[122.77480814288714,14.183473553609202],[122.77450945149766,14.18305512755966],[122.77412161093459,14.182426881205995],[122.77404704223285,14.181796411723644],[122.77391727602917,14.181354153096832],[122.77398913692763,14.180841313759972],[122.77414743919776,14.180679555571592],[122.77413327531012,14.180349374641178],[122.77407682805291,14.180152275581323],[122.77416056162187,14.179825930859893],[122.77441717793373,14.179732631726026],[122.77493884640212,14.179616966999944],[122.77514505593818,14.179288602042165],[122.7752066063599,14.17885128622608],[122.77490312424399,14.178692151930495],[122.774122860685,14.178600064012283],[122.77339217073167,14.178438506171446],[122.77289185224019,14.178263619679393],[122.77262023887067,14.177917481352612]]}},{"type":"Feature","properties":{"river_name":"Labo River","name":null,"type":"River"},"geometry":{"type":"LineString","coordinates":[[122.74347148063757,14.119345320452018],[122.7432851617714,14.119690072580736],[122.74315851995526,14.119817736278666],[122.74309311612268,14.11993327994367],[122.74309269953785,14.120101343351868],[122.74324267011004,14.1203106144418],[122.7433022417542,14.120621288735931],[122.74351928249895,14.120999026091159],[122.74356385708607,14.121403830561182],[122.74367258575096,14.121617544407439],[122.74368883256355,14.122173441865687],[122.74384380215515,14.122792764979637],[122.74399960491621,14.123034757049997],[122.74467738858469,14.123353103489348],[122.74485485376144,14.123377343047883],[122.74505023208995,14.123444405812645],[122.74526227381537,14.12355146379968],[122.74550930867431,14.123729220346123],[122.74597630037236,14.12424834946542],[122.74608211294274,14.124455192800252],[122.74618750892817,14.124583661808169],[122.746327898047,14.124716170646135],[122.74664227646214,14.12480661394386]]}},{"type":"Feature","properties":{"river_name":"Daet River","name":null,"type":"River"},"geometry":{"type":"LineString","coordinates":[[122.89762788070716,14.085253820587724],[122.9005429364903,14.089581410605634],[122.90218261474345,14.090124456529077],[122.90410223806299,14.089697777701817],[122.90636845039782,14.090150326134063],[122.90822476245029,14.090037181386055],[122.9087713218679,14.090088899998293],[122.90953117276574,14.090425070688902],[122.91107753599707,14.091582269856403],[122.91205734373425,14.092403295875275],[122.91229063129151,14.093334219440749],[122.91199069014921,14.0947047388897],[122.91085091380508,14.096624745216829],[122.91055097266255,14.097730196076489],[122.91052431122888,14.098977862250132],[122.91121750854023,14.10021905706217],[122.91194403264474,14.100910761657362],[122.9126039031613,14.101221058364686],[122.91345706908123,14.10111762617711],[122.91525671594302,14.100477638469272],[122.91599657076434,14.100484103001456],[122.91683640596725,14.100846116462876],[122.91790952872749,14.10221659078797],[122.91858272996157,14.10251395677174],[122.92036904610684,14.102733748772973],[122.92122221202732,14.10314747431527],[122.92223534655822,14.103961994282422],[122.92309517783694,14.103936136551473],[122.92368839476515,14.103444839087404],[122.92598127817396,14.102339415924556],[122.9263878650574,14.101996798300622],[122.92748764924933,14.100328954213431],[122.92871407526133,14.102139017002443],[122.93026043849295,14.10366463019718],[122.93212673894335,14.104000780886722],[122.9327399519488,14.10435632434441],[122.93397970867659,14.104621365471331],[122.93565271372303,14.104776511355045],[122.93692579724406,14.104517934828419],[122.93820554612434,14.104782975767545],[122.93940531069971,14.105112660407764],[122.94057174848156,14.105700920051119],[122.94128494186883,14.10663178935138],[122.9413982529688,14.107737191708202],[122.9416915287545,14.108390087658751],[122.94175151698376,14.10882966011657],[122.94159154837477,14.109799302246572],[122.94173152090995,14.111066295080642],[122.94191815095579,14.111835537293828],[122.94265800577814,14.112811630818964],[122.94343785275285,14.11371661445833],[122.94412438470611,14.115545963266772],[122.94455763302554,14.116134195982251],[122.94490423168062,14.116224693188627],[122.94508419636685,14.11619237276225],[122.94535081071653,14.11588856052867],[122.94545745645543,14.114906016062443],[122.9459373622847,14.114207889788522],[122.94636394524463,14.11409799934728],[122.94703048111994,14.11442767051435],[122.94754371374401,14.114750877077675],[122.94899009659275,14.11466037928807],[122.95038315657128,14.114459991195265],[122.95140295645969,14.114188497368017],[122.95263604782852,14.114194961512018],[122.95363585164073,14.113942859818577],[122.95629532978153,14.113470976412925],[122.95760174009627,14.113186553065958],[122.95981463920094,14.112856880106765],[122.96139432922433,14.112533670859559],[122.96224749514444,14.112585384371243],[122.96384051588595,14.11278577411613],[122.96445372889116,14.112979699506793],[122.9656135013137,14.113050805443141],[122.96618005680732,14.112908593551708],[122.96654665153842,14.112753453204999],[122.96763977037203,14.111512326627032],[122.96826631409418,14.111118008956026],[122.96953273225637,14.110833582672422],[122.97085247328869,14.110697833640064],[122.97128572160736,14.11058147726143],[122.97293873057649,14.109721731065447],[122.97559820871663,14.108687445631134],[122.97788442676708,14.107918192796669],[122.9803706055801,14.107239438140601],[122.98155668552124,14.106763282282536],[122.98386325356462,14.106767540857614],[122.98533629784828,14.106644718117604],[122.98632943630177,14.106360286252196],[122.99257487744963,14.105487595363615],[122.99741392790126,14.104627829961059],[123.00032002431564,14.103968458808351],[123.0048524682658,14.104058960850056],[123.00914495930186,14.104989836857941],[123.01178444136808,14.106049996568965],[123.01603694025334,14.108584016877657],[123.01689010617498,14.110032015834143]]}},{"type":"Feature","properties":{"river_name":"Vinzons River","name":null,"type":"Major River"},"geometry":{"type":"LineString","coordinates":[[122.86745258078605,14.176876120682147],[122.86740610556436,14.18140241799175],[122.86708616834866,14.185408966078247],[122.86671290826234,14.18870462190429],[122.86588640377863,14.189893631064558],[122.86469996992167,14.190449361466445],[122.86290032305912,14.1904364375169],[122.85906107641641,14.187993798221301],[122.85719477596551,14.187205427536881],[122.85559508986533,14.187024489614416],[122.85415537237569,14.187373441187248],[122.8532755450216,14.188174735361022],[122.85286229278034,14.18935082329273],[122.8529822692388,14.190242578205728],[122.85378211228972,14.191056786149053],[122.85627495646337,14.192077772929162],[122.8607940696986,14.194533291912684],[122.86370016611576,14.196471840728634],[122.86492659212611,14.19676908341428],[122.87036552486784,14.198255290989977],[122.88170996545888,14.196782007020547],[122.88628240155818,14.19378371528809],[122.88862860783694,14.192581802718575],[122.88965507308457,14.192659345658825],[122.89066820761528,14.193305535786441],[122.89136140492612,14.194055114024742],[122.89158802712474,14.195101934654181],[122.89164134999596,14.196265063012655],[122.89097481412223,14.197402338297954],[122.8886819307139,14.198966082488528],[122.88854862354097,14.200865823302383],[122.88914850582967,14.201964305616455],[122.89005499462041,14.202610469194575],[122.89110812130302,14.202700931949437],[122.89250784663975,14.20201599877453],[122.89413419417157,14.19906947016036],[122.895320628028,14.198074361924224],[122.89736022780487,14.197428185404837],[122.89828004731218,14.197286026323725],[122.89998637915274,14.197751273899367],[122.90174603386377,14.198668842703603],[122.90582523341912,14.19891438865877],[122.90921123566218,14.197130943599907],[122.91073093745509,14.19517947675355],[122.90970447220556,14.193383078500588],[122.90897128274189,14.192310402247395],[122.90910458991603,14.191547894353402],[122.90954450359274,14.19077245996539],[122.91037100807661,14.189738543320258],[122.91169074910864,14.189286203305734],[122.91297049798865,14.189299127320266],[122.91363703386395,14.189505911428673],[122.91462350695966,14.190177958476406],[122.91517006637831,14.191211873118137],[122.9161432087594,14.194481597117003],[122.91639649239295,14.195476721140556],[122.9158765944118,14.196704465533815],[122.91509008208071,14.198022667894064],[122.91499676706292,14.202313234208145],[122.9142502468871,14.206112643721514],[122.91499676707795,14.21608902082472],[122.91710302044648,14.219242084776473],[122.92081512033528,14.220872589737562]]}},{"type":"Feature","properties":{"river_name":"Vinzons River","name":null,"type":"River"},"geometry":{"type":"LineString","coordinates":[[122.91073092787312,14.19517948713354],[122.91111419558291,14.194953312290362],[122.9116340935655,14.194985621513908],[122.9123939444635,14.195450873813813],[122.91340707899482,14.196685080144741],[122.9150900725018,14.198022678278672]]}},{"type":"Feature","properties":{"river_name":"San Vicente-Talisay","name":null,"type":"River"},"geometry":{"type":"LineString","coordinates":[[122.8623870903311,14.094711203525243],[122.86274368702455,14.094995649919033],[122.86295864484472,14.095444945204651],[122.863221093346,14.095865148628059],[122.86337189708809,14.096189997667272],[122.86353353203829,14.096725755146828],[122.86380931125706,14.097093431120735],[122.86383347318271,14.097280905235271],[122.86374432400953,14.09743605610997],[122.8635310325298,14.097615449177187],[122.86324608844329,14.097710802191331],[122.86310778224922,14.097687367979429],[122.86297114239497,14.09781019554502],[122.86294864680934,14.097955649155772],[122.86296864288575,14.098063931228037],[122.86303029745424,14.098164940577531],[122.8632435889344,14.098292616331449],[122.86350270475587,14.098345141146405],[122.86427755271092,14.098662713999706],[122.86499824462594,14.098817055863353],[122.86558729570591,14.099245333784495],[122.866298822753,14.09969058035583],[122.86640213581381,14.09989340563805],[122.8664279640793,14.10018350204286],[122.86637714071935,14.100664301678364],[122.86632381784959,14.100846116402451],[122.86616218290007,14.10102308259459],[122.86594722508075,14.10135519685862],[122.86573310043114,14.10158387866188],[122.86533567841595,14.101810944112223],[122.86508322795348,14.101993565983092],[122.86505739968838,14.102050130249783],[122.8650623987075,14.102112350926976],[122.86510738987917,14.10216972322472],[122.86544482366597,14.102286891957263],[122.86555646842517,14.102364465705554],[122.86561479031438,14.102526885655367],[122.86554480404794,14.10291636983962],[122.86556188403051,14.103639176381687],[122.86560104301334,14.103823412898041],[122.86589681830812,14.104006033158042],[122.86594430898953,14.104296932384688],[122.86599096650086,14.104398747026377],[122.86613260537453,14.104570054098762],[122.86611844148736,14.104774491143854],[122.86596263872711,14.105214070572483],[122.86590848268759,14.105517897035268],[122.86579350524961,14.105897679544373],[122.86583683008196,14.106401900451596],[122.86589015295209,14.106481088890247],[122.86602762597634,14.106548964673015],[122.86665500286891,14.106711381643013],[122.8668299685362,14.106832588261264],[122.86704159367657,14.106892383502702],[122.86724238760894,14.106891575459267],[122.86818470270177,14.106506946336356],[122.86896454967531,14.106249987863478],[122.86919200504263,14.106254028093586],[122.8693361434257,14.106293622342164],[122.86946778426109,14.106435030316248],[122.8695369373584,14.106652394402348],[122.86939196580632,14.107367512702321],[122.86937946825893,14.107596996517572],[122.86954943490768,14.108162624653518],[122.86964941528946,14.10862886279032],[122.86973023276451,14.10880663097965],[122.86996435349074,14.108927028447543],[122.87003767243714,14.109077323183715],[122.87017681180203,14.109949192305644],[122.8703067862979,14.1102142269293],[122.87046675490804,14.110367752942397],[122.87083251646973,14.11059319358487],[122.87122077361715,14.110783080691466],[122.87141740170047,14.110957615083782],[122.87156987178189,14.110986704136314],[122.872203080863,14.110868731846193],[122.87245636449533,14.110686117084056],[122.87288294745517,14.11053986356311],[122.87301375512065,14.110564912515578],[122.87352532140498,14.11077500039506],[122.87387108689022,14.110838834751085],[122.87407354716214,14.110762071916456],[122.87435182588975,14.110583497221965],[122.8746717631095,14.110337047753113],[122.87490505066549,14.110101910470394],[122.87552826170814,14.109641331585053],[122.87583820088969,14.109333470442623],[122.87622229218745,14.109146006236447],[122.87653889672802,14.109056314255856],[122.87673135896205,14.109155702665333],[122.8768030115688,14.10936498380821],[122.87689382708187,14.109484572946512],[122.87691882217734,14.109660724400678],[122.87697797723636,14.109758496479408],[122.87713711267664,14.109798898152736],[122.87756619514614,14.10979485798627],[122.87778448564521,14.109762536648013],[122.87805443267439,14.109642947655969],[122.87825939245594,14.109604162023595],[122.87857932967604,14.1097116305315],[122.87877512458945,14.10983283555461],[122.8788359459882,14.109919295098274],[122.8788592747439,14.110013026902909],[122.8788376123281,14.110117263088604],[122.87858599503569,14.110535015385281],[122.87857599699782,14.110722478449548],[122.87860015892333,14.11078631281989],[122.87884844353687,14.110901861065292],[122.8789775848628,14.111003672757333],[122.87928585770554,14.111555555978645],[122.87939333661551,14.111694536608544],[122.87956080375425,14.111759178733244],[122.8796991099483,14.111783419525377],[122.87985074685984,14.111762410839349],[122.8800282120365,14.111671103834645],[122.88015235434308,14.111554747952514],[122.88026066642261,14.111411727099291],[122.88029149370664,14.11122184051695],[122.8802914937062,14.110808129627927],[122.88034481657604,14.11067238057891],[122.88050811786529,14.110535015387597],[122.8811321620782,14.110457444420094],[122.88121631223243,14.110477645195727],[122.881342120879,14.110637635274768],[122.88163039764564,14.11133577248698],[122.88179703161458,14.111507882374022],[122.88218695510167,14.111699384771876],[122.88225610819883,14.11183028505225],[122.88235775491981,14.111878766618592],[122.88296513573587,14.111846445576333],[122.88322258521764,14.11186341412479],[122.88380330459894,14.11203875571568],[122.88395660785014,14.112020979155268],[122.88419156174582,14.111794731899462],[122.88440318688606,14.111676760027096],[122.88464313980106,14.11162666236437],[122.88495641166224,14.111629894472367],[122.88545631356874,14.111844021500909],[122.88575458837289,14.11191270371288],[122.88597871106084,14.111879574648949],[122.88637529990616,14.111608885773704],[122.88665441180373,14.11153131517128],[122.887202637561,14.111606461693754],[122.88748674847774,14.111591109180893],[122.88771003799582,14.111541819526542],[122.88847405474216,14.111226688696776],[122.88868318037287,14.11107397129157],[122.88898895370508,14.110723286492108],[122.8891022648035,14.110372601152887],[122.88908143555713,14.110166553063564],[122.88911059650161,14.110063932965332],[122.8895396789706,14.109582345115857],[122.8900504120844,14.109210649100289],[122.89046199798702,14.108991671381451],[122.8907977654338,14.108736331782964],[122.89092773992942,14.108712090667085],[122.8917584102636,14.108732291598297],[122.8921041757491,14.108991671383423],[122.8922141541686,14.109128229469373],[122.89224081560386,14.109385184699027],[122.89229830432322,14.109486997068457],[122.89269405999929,14.10976657683341],[122.89277154479485,14.109899094289952],[122.89282820034448,14.110085749844929],[122.89328561058963,14.11093095014203],[122.89342849921806,14.111094172018126],[122.89343558116185,14.111198407709415],[122.89331477153472,14.111433543861072],[122.89317521558608,14.111537375383367],[122.89278029308024,14.111674739970262],[122.89269864243568,14.111777359343177],[122.89270114194541,14.11195350902534],[122.89275863066473,14.112093297437776],[122.8929727553148,14.112246014160453],[122.89296525678624,14.112325604581027],[122.89283194961143,14.112504581922606],[122.89212625475423,14.112889200925455],[122.89177132440085,14.112916673686174],[122.89164884843372,14.11286900036312],[122.89155969926036,14.112786582052419],[122.89145055401079,14.112763957412781],[122.89137556872494,14.1128148628484],[122.891328078044,14.112934450176379],[122.89137556872545,14.11326493104715],[122.8916880074172,14.113647124708685],[122.8919121301054,14.11380711256283],[122.8922395658543,14.114114967662983],[122.89259199669873,14.114560993211864],[122.89262449032287,14.114747644948585],[122.89259199669934,14.115121755977746],[122.89265948345685,14.115268006558747],[122.89277529406525,14.115385168558747],[122.8929219319578,14.115439305462631],[122.89320604287448,14.115402944857419],[122.89327352963187,14.115450617650264],[122.89331435495434,14.115579899750001],[122.8933110222751,14.11571726190054],[122.89319104581844,14.11645255200396],[122.89322937163134,14.11655112917816],[122.89343016556387,14.116718387072996],[122.89361179658981,14.116757979503735],[122.89391923626208,14.116648898301358],[122.89405254343711,14.116655362374262],[122.89428666416335,14.116779795738815],[122.89437164748749,14.116880796796316],[122.89438081235593,14.117033510310094],[122.89433915386411,14.117355097162976],[122.89435248458173,14.117448017902797],[122.89442080450898,14.117521546461434],[122.89467492131142,14.117590226962026],[122.89484822063892,14.117604771065515],[122.89516565834933,14.117580530893239],[122.89537478398003,14.117479530146305],[122.8954947604374,14.117329240951767],[122.8955139233436,14.117184607708445],[122.89546060047351,14.117097342913786],[122.89534812254455,14.117021390194852],[122.89523314510598,14.116884028830459],[122.8951931529533,14.116713539021923],[122.89526730506857,14.115945929299217],[122.89521814804725,14.115450617652607],[122.89526313921849,14.115229221886558],[122.89533395865514,14.115090243412633],[122.89550225896342,14.114954496914516],[122.89567805780034,14.114892279742634],[122.89587801856287,14.114868847297029],[122.8960738134762,14.114896319819737],[122.89614213340349,14.115007017891472],[122.89613296853535,14.115139532300708],[122.8959430058112,14.115310831300647],[122.89584802444921,14.115534651026481],[122.89585802248749,14.115680093329855],[122.89591967705603,14.115789983008668],[122.89607881249623,14.11585704800734],[122.89651289398493,14.115890984505576],[122.89683116486535,14.116001682094367],[122.89703362513755,14.11612045973915],[122.89712027480135,14.116219037057084],[122.8971502689159,14.116358822852742],[122.89723441907026,14.116471136233418],[122.89731023752606,14.116506688658994],[122.89747187247575,14.11651315273594],[122.89770432686208,14.11645174399956],[122.8978476320751,14.116325694435789],[122.8978692944909,14.11619883679141],[122.89783846720647,14.116039658628123],[122.89773265463617,14.11591522485946],[122.89739022183018,14.11569867761932],[122.89736939258397,14.115608988217184],[122.89738688915061,14.1155217228191],[122.8976943288228,14.115390824659654],[122.89809091766816,14.115131452158346],[122.89828004722264,14.115079739225727],[122.89845084704064,14.11512094797024],[122.89855166059183,14.115219525720649],[122.89859081957462,14.115384360552124],[122.89859581859405,14.115680093333124],[122.89894408358926,14.116180252545865],[122.89903989812163,14.116470328225827],[122.89906655955718,14.116938165382596],[122.89912571461623,14.117061790584849],[122.89919236820381,14.117115119082808],[122.89934733779475,14.117158751481066],[122.90001220733014,14.117204807892982],[122.90012135257959,14.11716925557658],[122.900209668583,14.117106231001921],[122.9002796548497,14.116950285504892],[122.90027298949079,14.116794339901],[122.90014134865504,14.116447703953426],[122.90014634767374,14.116067131012157],[122.90009635748271,14.115703525697343],[122.90002137219659,14.115530610966184],[122.89965394429512,14.11518962919565],[122.8996356145584,14.115048226653121],[122.8997130993537,14.114892279747464],[122.89992972351284,14.114645026921893],[122.90000720830811,14.114467263286636],[122.90005053313975,14.114233746300421],[122.90013301695411,14.114115775690522],[122.90024466171319,14.114072142709848],[122.90045128783444,14.114097999292314],[122.90060625742551,14.114212737840761],[122.90123780016786,14.114919752268918],[122.90144109361017,14.115356888091915],[122.90141026632615,14.11553061096784],[122.90114615148597,14.115800487172601],[122.90110865884317,14.115928961062068],[122.90106450084232,14.116744243364062],[122.90111365786322,14.116905845059692],[122.90121530458433,14.11702219820964],[122.90146358919787,14.117144207351842],[122.90187767461042,14.11727995254601],[122.9019909857091,14.117213695973614],[122.90205847246617,14.117009270085834],[122.90213262458157,14.116357206838419],[122.90219427914984,14.116216613031265],[122.90234008387246,14.116103491514354],[122.90250005248234,14.116050162779874],[122.90266502011143,14.116081675215712],[122.90274167173713,14.116144700074],[122.9028199897027,14.116388719232415],[122.90291247155552,14.116539817057156],[122.90341320663214,14.116953517540745],[122.90353318308969,14.117081182772617],[122.90361650007425,14.117233088145124],[122.90360733520619,14.117393881487459],[122.9034956904475,14.11778980430883],[122.90331822527132,14.118258446759082],[122.90298329099463,14.118709312206203],[122.9027433380799,14.118910504563896],[122.90248338908877,14.119029280691509],[122.90240673746321,14.119124624749283],[122.90240590429349,14.119251480764406],[122.9024800564097,14.119361368720496],[122.90261419675468,14.119448632647929],[122.90284415163168,14.119534280544348],[122.90316742153112,14.119626392397087],[122.90355401233872,14.119680528293378],[122.90383395740625,14.119678912297008],[122.9041772233818,14.119611040425491],[122.9044005128998,14.11952054456504],[122.90461713705906,14.119399344695518],[122.90529033829219,14.118803040397852],[122.90599686631941,14.118549327798327],[122.90608684866245,14.11844267146167],[122.90621682315766,14.11808068594656],[122.90630680550068,14.117985341451831],[122.90645177705338,14.117906157010722],[122.9066400734381,14.11789484494566],[122.9068483658991,14.117922317103488],[122.90700833450916,14.117983725443949],[122.90717996749706,14.118117854129785],[122.90733493708808,14.118138862230213],[122.90747157694243,14.118113006106729],[122.90755489392669,14.11803866973501],[122.9075915533997,14.117961101321217],[122.90756155928518,14.11779707635909],[122.90761404898498,14.11747872215478],[122.90770486449789,14.117373681329955],[122.90801063783033,14.11717491163674],[122.90819393519581,14.117077142740312],[122.908337240409,14.117077142740483],[122.90851553875561,14.117195111817374],[122.9092770559938,14.118080685950225],[122.90958616200665,14.118769104339055],[122.90963698536738,14.119017968690557],[122.9096519824249,14.119331472746294],[122.90976279401443,14.119599728451542],[122.91026269592125,14.12015724682865],[122.91039766943624,14.120440853479279],[122.91036684215227,14.120691331993658],[122.91030685392364,14.120827075073404],[122.91014438580426,14.120941002238462],[122.90978695594147,14.121082401122766],[122.90943452509767,14.121153504528339],[122.90928038867646,14.121127648746718],[122.90912375274596,14.121159968472869],[122.9090054426284,14.121413678165098],[122.90898711289226,14.121835449703354],[122.90892379198425,14.121910188831174],[122.9088158964895,14.121936448518811],[122.90870550148516,14.121921904691984],[122.90849845877894,14.121796262150234],[122.9084280559271,14.121807978017074],[122.90838723060487,14.121893625025928],[122.90839347937882,14.12203987125911],[122.9085571972536,14.122413566318087],[122.9085676118767,14.122540016507218],[122.90848471147751,14.122801804534955],[122.90854053385716,14.122891895098443],[122.90901169140425,14.123243773146545],[122.90942744315622,14.123286192392731],[122.90959241078525,14.12322680544673],[122.9097598779237,14.123093487756229],[122.90996692062963,14.122831296070373],[122.91014188629674,14.122777160923683],[122.9102127057335,14.122810288403251],[122.91026394567896,14.122906438865247],[122.91031893488886,14.123101567619166],[122.91038475530709,14.123612618324964],[122.91045140889472,14.12372492812878],[122.91056222048395,14.123779871034298],[122.91093548057394,14.12378229498616],[122.91134623330701,14.123866325285995],[122.91148787218047,14.123857437467514],[122.91155452576793,14.123806534499504],[122.91158202037268,14.12371765627401],[122.91154369455977,14.123622314138919],[122.91130124213507,14.123462333178276],[122.9112354217173,14.123366990936264],[122.9111945963948,14.12320700979648],[122.9112070939423,14.123066420217286],[122.91128374556784,14.122996933381806],[122.91145454538578,14.12295734203598],[122.91160284961805,14.123003397274756],[122.91173698996285,14.123002589288351],[122.91181864060745,14.122914518736012],[122.91183780351373,14.122805440481674],[122.9119436160838,14.122733529604048],[122.91210025201443,14.122709289977402],[122.91219689971639,14.122792512685534],[122.91225855428497,14.12295087814305],[122.91225522160589,14.123220745556576],[122.91217690364074,14.123375070789951],[122.91155535893827,14.124282436407793],[122.91154869357965,14.124367274504289],[122.91164450811185,14.124515943092527],[122.91203026574975,14.12471874628222],[122.91219273386943,14.124864990701193],[122.9122368918715,14.125199494156787],[122.91242768776604,14.125476630705672],[122.91254099886481,14.125527533300517],[122.91268430407798,14.125542076897089],[122.91280261419564,14.125465319016854],[122.91287592352218,14.125140522031383],[122.91297341401322,14.125071025497368],[122.91316171039797,14.125083145185624],[122.91336583700998,14.125386945155082],[122.91350497637399,14.125470166884588],[122.91360329041557,14.12546451103999],[122.91387657012424,14.125353818051083],[122.91397488416581,14.125360281876869],[122.91406320016928,14.125415224387744],[122.91414151813476,14.125543692853936],[122.91414651715397,14.125683472926525],[122.91410652500163,14.125866883642985],[122.91404986945236,14.1259808082867],[122.91384740918063,14.126232088682224],[122.9138274131045,14.126351668966052],[122.91386740525743,14.12681302204021],[122.91379991850053,14.127122475504654],[122.91385240820077,14.127235591548652],[122.91412068889063,14.127414961160541],[122.91438230422155,14.127373754640974],[122.9144456251296,14.12732042854542],[122.91451311188682,14.127179841506237],[122.91461309226793,14.127066725434734],[122.91497135530051,14.126813022041544],[122.9150846663991,14.126682938344837],[122.9151288244004,14.126289454908855],[122.91519714432746,14.126188458024085],[122.91536127878662,14.12611089238629],[122.91558790098406,14.126117356190747],[122.91592533477092,14.126226432858918],[122.91608197070155,14.12620623348013],[122.91616695402546,14.126045446359663],[122.9162536036891,14.12595980091251],[122.91637524648625,14.125916170200725],[122.91650688732152,14.125908898414735],[122.91664102766644,14.125943641391002],[122.91686598352436,14.12605514206949],[122.91703678334247,14.126215121208247],[122.91726673821968,14.12651649574499],[122.917415042452,14.126619108431951],[122.91768915533069,14.126706369578358],[122.9177416450309,14.126762119737563],[122.91782996103488,14.127216200235598],[122.91780746544951,14.127654120427207],[122.91784829077204,14.1277995549909],[122.91800325074715,14.128008021373573],[122.91815239776531,14.128096079619283],[122.91826654203395,14.128115470862285],[122.91845067256939,14.128091231808657],[122.91856231732845,14.128032250100302],[122.91862563823615,14.12767027982873],[122.91856981585602,14.127151562498467],[122.91859647729093,14.127036830468331],[122.91886809065991,14.126950377421801],[122.91904472266678,14.126930178107283],[122.9191255401417,14.127024710884948],[122.91918386203119,14.127410921312043],[122.91919969225887,14.128006395100757],[122.91928217607355,14.128133246168016],[122.91945880808045,14.128200307531857],[122.91959628110482,14.128307767266293],[122.91971375805302,14.128527534384554],[122.9197312546199,14.128693167550278],[122.91960877865344,14.12920137782828],[122.91965626933471,14.129329844157782],[122.9198137384353,14.129444575032378],[122.92011534591882,14.12955768992275],[122.92036029785288,14.129535066949526],[122.92049860404677,14.129362162720803],[122.92055276008597,14.128778811970164],[122.9206219131829,14.128696399416782],[122.92088352851388,14.128723870271555],[122.92115514188306,14.128836985520051],[122.92138426359028,14.129000194565053],[122.92150174053842,14.129144820304038],[122.92156172876732,14.12929348577229],[122.92157755899468,14.129644141981114],[122.9215525638996,14.129790383235715],[122.92142175623437,14.13003600369488],[122.92139926064871,14.130164469553195],[122.92147674544447,14.130393122442532],[122.92162171699752,14.13064035817048],[122.9217650222108,14.130798718168885],[122.92204080142929,14.13099101230467],[122.92218743932202,14.131152603889667],[122.92224159536202,14.13134085794136],[122.92220660222883,14.131500833364942],[122.92213661596203,14.131642225691095],[122.92194082104895,14.13180462476862],[122.92181834508196,14.131867645274893],[122.92172169738019,14.131951672589535],[122.92167587303882,14.132042163509112],[122.92170086813438,14.132219913425121],[122.92182417727145,14.132387159810333],[122.92196914882445,14.132549558356658],[122.92229908408282,14.132783864512907],[122.92254403601696,14.132862235828721],[122.92291313025774,14.132876778956904],[122.92340053461609,14.132671559179975],[122.9235388408102,14.132672367132374],[122.92391709991949,14.132879202812651],[122.92417871525069,14.133108660925291],[122.92424286932884,14.133284794108153],[122.9245436436427,14.133539298237286],[122.92529849552176,14.13409678247793],[122.92538847786506,14.134217974523338],[122.92556677621207,14.134625987268187],[122.92576757014473,14.134957244602141],[122.92586255150708,14.135086515626046],[122.92607584298727,14.135252951961274],[122.9261641589909,14.135458169410654],[122.92635078903604,14.135559970124115],[122.92672738180549,14.135618949882042],[122.92673904618356,14.135800736709575],[122.92686318849061,14.136153806710764],[122.92686485483054,14.136380837703443],[122.92678153784644,14.136612716098995],[122.92666072821923,14.136744409995334],[122.92644160455038,14.136822779946352],[122.9260166879301,14.136842170445098],[122.92583755641378,14.136920540362496],[122.92577173599626,14.137096670594198],[122.92576090478846,14.13721624516924],[122.92585005396194,14.137399646591366],[122.92600668989279,14.137608093843221],[122.92631579590498,14.137742210966543],[122.92651825617708,14.137757561716784],[122.92662573508693,14.137825428178154],[122.92666905991888,14.137886831149505],[122.92668072429679,14.137941770636097],[122.92650409228999,14.138038722638674],[122.92634495684983,14.138052457502196],[122.92621664869397,14.138133250801236],[122.92619831895746,14.138168799843776],[122.92627247107366,14.138278678667541],[122.92655074980163,14.138406331940516],[122.92684735826604,14.138436225418403],[122.92689568211695,14.138399868485807],[122.92692900891058,14.138289989720695],[122.92695733668506,14.138109012815383],[122.92695067132608,14.137877943878705],[122.92700649370529,14.137592743084339],[122.92715979695627,14.137377832334643],[122.9274480737222,14.137339051426158],[122.9276072091625,14.137454586197723],[122.92773385097897,14.13764202710074],[122.92778050849053,14.138000749777357],[122.92746723662945,14.13810901281599],[122.92742307862784,14.13820515681484],[122.92743307666619,14.138382093983925],[122.92752722485855,14.138450768190664],[122.92772468611165,14.138529137554297],[122.92798213559325,14.138441880942114],[122.92814377054277,14.138312611825208],[122.9282154231494,14.138327154604637],[122.92828874209573,14.138399060555573],[122.92828540941655,14.13856387860434],[122.92813210616539,14.138688299993252],[122.92792881272366,14.13881029752272],[122.92757888138934,14.138876547809025],[122.92757888138954,14.139014703832693],[122.9277180207536,14.139191640372177],[122.92790298445904,14.139275664982137],[122.92812377446758,14.139257082619467],[122.92834039862687,14.13914962805641],[122.92857535252278,14.139149628056689],[122.92862700905322,14.139219109960639],[122.92858535056111,14.139331412062667],[122.92847953799111,14.13946956780993],[122.92846287459433,14.13956975087246],[122.92850203357716,14.139711946111333],[122.92859534859987,14.139882418695382],[122.92870449384948,14.139966443050044],[122.92880614057046,14.13998260157633],[122.92914274118714,14.139821016263467],[122.92931020832576,14.139810513214343],[122.92969429962375,14.139868683943483],[122.93017587179324,14.139644080215005],[122.93030001410004,14.139769308940359],[122.9303083457986,14.139821824191712],[122.93025252341924,14.13998260157807],[122.93034500527206,14.140122372781551],[122.93043998663416,14.140080360637075],[122.93062828301889,14.140052891153958],[122.93073826143832,14.140108638043303],[122.9307324292496,14.140285573731582],[122.93056329577163,14.140605511886752],[122.93055246456379,14.140683072583892],[122.93059828890522,14.140746090630927],[122.93088156665193,14.14057642661888],[122.93107069620639,14.140528759088093],[122.93109902398113,14.140551380968507],[122.93111235469875,14.140693575593614],[122.93097988069385,14.14090040398033],[122.93100154310994,14.141027247858947],[122.93105819865937,14.141095113344612],[122.93148394844972,14.141281743326108],[122.93178139008404,14.1413536483432],[122.93233961387968,14.141650155307529],[122.93239876893871,14.141789117566242],[122.93233044901172,14.141927271820517],[122.9319005333726,14.142169647502033],[122.93176222717865,14.142311841115083],[122.93165724777857,14.142508165105259],[122.9316414175517,14.14268752267661],[122.93171057064886,14.142815173474649],[122.93183554612555,14.142887078006641],[122.93205800247382,14.142894349250446],[122.93229878855863,14.142807094313051],[122.93250708101924,14.142532402624193],[122.93273037053726,14.142419294185437],[122.93305530677647,14.142535634293708],[122.93335941376964,14.142743268922018],[122.93350438532252,14.142799823068163],[122.93359603400535,14.142769930164306],[122.93368768268799,14.14266813267816],[122.933810158655,14.142603499330043],[122.93470831574616,14.1422326651404],[122.93503825100409,14.142048459697058],[122.93541984279227,14.14178669381027],[122.93555065045753,14.141593600879483],[122.935528988041,14.141061180609698],[122.9356406327999,14.140902019831936],[122.93580226774951,14.140839001828382],[122.9360422206645,14.140835770135695],[122.93622051901103,14.140801029433588],[122.93652545917396,14.140875358372014],[122.93672375359674,14.14087939798776],[122.93694537677504,14.140794566047381],[122.93731863686482,14.140551380975953],[122.93751443177814,14.140568347384997],[122.93756608830846,14.14060228019886],[122.93766356918032,14.140713773694412],[122.93772938959816,14.140902019834448],[122.93770939352208,14.140996546807324],[122.93729864078965,14.14153866227713],[122.9372836437326,14.141655810755877],[122.93741945041742,14.14190949759976],[122.93760358095294,14.142006447911365],[122.937848532887,14.141974939065001],[122.93792101866337,14.14193373518208],[122.93805765851761,14.141772151255307],[122.93859172038705,14.141422321660727],[122.93888999519105,14.141355264194528],[122.93907495889641,14.141365767172745],[122.93914994418249,14.141486147424441],[122.93915244369225,14.141768111656965],[122.93924075969588,14.141896570890639],[122.93939822879638,14.141958780682256],[122.93968650556234,14.141970091551942],[122.93977148888655,14.142080776458045],[122.9397698225469,14.142157528733483],[122.93971316699759,14.142240744329106],[122.93964068122123,14.142299722354128],[122.93937406687145,14.142417678358127],[122.9393657351731,14.14253401846684],[122.93944571947824,14.142672980185441],[122.93979231813348,14.142866880116266],[122.93985563904165,14.142948479620966],[122.9398548058724,14.143407375299528],[122.93995728576314,14.1434219177532],[122.94017557626209,14.143376674561596],[122.94033304536252,14.143303154355795],[122.94068964205533,14.142984027911856],[122.94085377651456,14.142983219996426],[122.94095292372604,14.14304623740609],[122.94103790705041,14.143323352217802],[122.94110039478875,14.143396872417325],[122.94143532906615,14.143559263103713],[122.94179692477834,14.143550376054684],[122.94208770105391,14.143699032109504],[122.94243763238836,14.143728924891748],[122.94250928499496,14.143707919153668],[122.94270507990802,14.143495437924091],[122.94288087874487,14.143367787508227],[122.94332662461107,14.143190854218638],[122.94366739107724,14.1432134758346],[122.94402315460073,14.143411414875048],[122.94439391518131,14.143493822098499],[122.94472968262855,14.143637630710664],[122.9450096276961,14.143721653677996],[122.94509211151058,14.14365944436896],[122.94520625577887,14.143412222790564],[122.94528207423429,14.143034926595455],[122.94537455608665,14.142772353927533],[122.94545204088195,14.142666516858768],[122.94568866111752,14.142554216403887],[122.9461902293634,14.142545329315746],[122.94637269355917,14.14248635135455],[122.94646434224181,14.142343349932682],[122.94658848454849,14.142349005358007],[122.94672262489343,14.142424141707869],[122.94690925493873,14.142677019777953],[122.9470692235489,14.142778817260423],[122.94712587909821,14.14274326893853],[122.94722419313965,14.14263016060451],[122.94727335016032,14.142512204710462],[122.9472750164996,14.142210851360701],[122.94741665537299,14.142152681231279],[122.94751163673523,14.142222970136103],[122.9477532559905,14.14272872644232],[122.947879897807,14.142916162998592],[122.94796404796124,14.142977564595542],[122.9484039616388,14.143049469076564],[122.94924546318107,14.143055932400552],[122.94933544552418,14.143046237416126],[122.94957123258983,14.142946055885362],[122.94959539451527,14.14290485217836],[122.94944874702519,14.142593814710828],[122.94943209322521,14.142262558132646],[122.94947208537755,14.142170455441592],[122.94953540628566,14.142120364488726],[122.94976202848315,14.142091279414492],[122.95019527680212,14.142289219431918],[122.95024776650224,14.142263366051793],[122.9504377292269,14.142537250148939],[122.95082681954472,14.143264374469938],[122.95088430826424,14.143516443691682],[122.95080932297864,14.143830721913124],[122.95081682150733,14.143917976458008],[122.95091180286971,14.144081174683647],[122.95110593144351,14.144238717414213],[122.95123257325979,14.144291231633552],[122.95164999135162,14.144392220483034],[122.9517508049026,14.144343745841248],[122.95182579018876,14.144515022863143],[122.95179746241415,14.144586926857379],[122.95143086768307,14.144721039864182],[122.9511625869934,14.1447323505958],[122.95033191665907,14.144670949471823],[122.95022860359852,14.144754164147532],[122.95019860948427,14.144886661238367],[122.9502044416734,14.145070056474554],[122.95039273805861,14.145546721815187],[122.95036940930324,14.145755969504853],[122.9502685957525,14.14608721062749],[122.9502719284327,14.146865221415208],[122.950302755717,14.146976711839576],[122.95011779201202,14.14722392954177],[122.94982618256688,14.147370967393769],[122.94974453192222,14.147453373181413],[122.94959622769044,14.1478250067548],[122.94955623553842,14.148252384613219],[122.94958206380372,14.148369529632602],[122.94984617864434,14.148553729955069],[122.95012445737268,14.148981914337929],[122.95017111488396,14.14898433802088],[122.95034608055099,14.148869617002704],[122.95045689214005,14.148732274862427],[122.95058936614507,14.148642598479054],[122.9507651649821,14.148594124743704],[122.95143420036686,14.148813872262911],[122.9516591562248,14.148962524875737],[122.95175830343646,14.149156419441784],[122.9517608029461,14.149281642927694],[122.95171331226511,14.149372126951935],[122.95144753108518,14.149591065825671],[122.95139587455499,14.14968316551035],[122.95135838191227,14.149863325311987],[122.951381710668,14.149981277391838],[122.9514558627842,14.150067721685499],[122.95156167535443,14.15012831346061],[122.95171081275646,14.15013073713144],[122.95207990699708,14.149992587862851],[122.95236235157412,14.149987740518894],[122.95240151055687,14.150089534727487],[122.95239484519824,14.150210718249632],[122.95147669203098,14.150698683243755],[122.9514158706325,14.150775432609501],[122.95149335542797,14.150836832083574],[122.95203991484564,14.15097174929117],[122.95223071074008,14.151141405545689],[122.95224987364666,14.151310253787338],[122.9521440610768,14.151626944887706],[122.95213322986932,14.15206077866351],[122.95227320240332,14.152313646013122],[122.95237734863385,14.152322532720087],[122.95244816807048,14.152295064716087],[122.95259397279288,14.152025231793658],[122.95269811902246,14.151176952554916],[122.95282309449881,14.15096690196869],[122.95308637616924,14.150810979677411],[122.95364876581368,14.150747156533052],[122.95374791302524,14.150850566176869],[122.95378123981914,14.150977404503761],[122.95358044588714,14.151357111173454],[122.95345796992052,14.151715812210632],[122.95345963626042,14.151905665007984],[122.95356461566087,14.151984029733539],[122.9537162525724,14.151995340104234],[122.95379457053772,14.151964640525918],[122.95406201805737,14.151799832192298],[122.95410700922892,14.151731969902473],[122.95430946950081,14.151596245262128],[122.95442861278825,14.151399929120855],[122.95451442928177,14.151092932345843],[122.95456775215172,14.15103395660214],[122.95463607207887,14.150995178022649],[122.95518596417577,14.150985483377385],[122.95528261187776,14.15111070585557],[122.95530344112395,14.151201997038072],[122.95523845387628,14.151349032316745],[122.95514847153328,14.15142497357719],[122.95499266877275,14.151700462404898],[122.9549993341317,14.15184830524523],[122.95511847741945,14.151942019782865],[122.95531010648348,14.151939596131728],[122.95540508784568,14.151895970403228],[122.9555034018871,14.151807911036721],[122.95596997699894,14.151197149720382],[122.95611744806122,14.151122016270564],[122.95623909085842,14.151125247817454],[122.95642905358287,14.151223809971395],[122.95679731465442,14.151755398555682],[122.95694395254708,14.151874965421635],[122.95735053943098,14.15202684756632],[122.95783711062016,14.152398473661846],[122.95836367396166,14.152624680553112],[122.9586569497466,14.152560050036259],[122.9588002549596,14.152450178115004],[122.95892356409625,14.152249823298106],[122.95894356017227,14.152049468304423],[122.95892023141651,14.151881428496035],[122.95884357979068,14.15173277779266],[122.95824036482347,14.151409623753667],[122.9581837092739,14.15122542574616],[122.95823036678483,14.15097336507302],[122.9584136641503,14.150805324469133],[122.9585669674014,14.150734230330166],[122.95879025691961,14.150763314299141],[122.9589735542854,14.150850566183141],[122.9602199763718,14.1509943701422],[122.96049158974071,14.150890960564238],[122.96146473211834,14.150963670430041],[122.96285112673812,14.150763314304019],[122.96390425342005,14.150246265417668],[122.96425085207471,14.149897256753933],[122.96552393559422,14.148300858440777],[122.96727025958579,14.147408938712715],[122.97128280555333,14.147402475518314],[122.97386229938911,14.146924198268943]]}},{"type":"Feature","properties":{"river_name":"San Vicente-Talisay","name":null,"type":"River"},"geometry":{"type":"LineString","coordinates":[[122.97386228980267,14.146924208652525],[122.97839117381511,14.147976194866555]]}},{"type":"Feature","properties":{"river_name":"San Vicente-Talisay","name":null,"type":"River"},"geometry":{"type":"LineString","coordinates":[[122.87166901896745,14.087023339826876],[122.87146655869562,14.087184962582583],[122.87111496102156,14.08723021693333],[122.87114328879676,14.087654476039287],[122.87103247720803,14.08812156420019],[122.87081252036998,14.088769667643248],[122.87037260669278,14.089036343088837],[122.87004683728425,14.089352312683541],[122.86999268124464,14.089614946924565],[122.8701351532884,14.090095768829292],[122.87005600215358,14.090305875561942],[122.86989853305323,14.090473152706853],[122.86972690006547,14.090572549213082],[122.86960858994787,14.09071477503305],[122.86939613163882,14.091735404312422],[122.86928198737037,14.09186227556653],[122.86909702366506,14.091905912796692],[122.86896038381063,14.09182267881284],[122.86888289901498,14.091677221292647],[122.86845964873417,14.091494591163425],[122.8680893047386,14.091482873738238],[122.8679955731313,14.091560047110756],[122.86793766782725,14.091698635876678],[122.86797641022584,14.092446932949466],[122.86794100050763,14.092601683063826],[122.86771104563117,14.092943506704186],[122.867674802743,14.09305381138671],[122.8676827178567,14.093182702138757],[122.86781352552295,14.09380937682685],[122.86802931651299,14.09434029136707],[122.8682780177117,14.09466958705577],[122.868271768938,14.09478756772665],[122.86809222083683,14.094913629197794],[122.86795558098245,14.094927366661453],[122.86747921612402,14.09475524426028],[122.867386525979,14.094790800071884],[122.86733507774129,14.094876457231807],[122.86731091581592,14.095024741012907],[122.86733028701528,14.095432823945773],[122.86729446071269,14.09613949256563],[122.86738360988615,14.096325351301807],[122.8674798410032,14.096372220002761],[122.86759065259237,14.096374240205307],[122.86791683858586,14.096048179305791],[122.86806389306324,14.09603605807395],[122.86824885676867,14.096118078398327],[122.86848922626878,14.096307977558137],[122.8687620893929,14.09659323004148],[122.86882541030123,14.096733835950118],[122.86879041716803,14.09698676475139],[122.86874584258152,14.097075249361625],[122.86864502903053,14.097169794523621],[122.86820386559847,14.097433631883655],[122.86807930670702,14.097556055547495],[122.86802015164824,14.097688176061576],[122.86809347059521,14.098339888670944],[122.86816970563613,14.098560896802097],[122.86847089653529,14.099136244205248],[122.86846214825236,14.09953785522613],[122.86838091419307,14.099958455144845],[122.86829426452942,14.100077645182443],[122.86829968013375,14.100363701018809],[122.8683802893166,14.100817834123978],[122.8683621678726,14.100873994649747],[122.86817012222376,14.101028739048324],[122.86801098678362,14.10105621323851],[122.8678797625332,14.101008941467565],[122.8677410397539,14.10069622027535],[122.867419019609,14.100470365814083],[122.86719531350585,14.10038895310445],[122.86697577325202,14.100395417638014],[122.86670041061885,14.100546122030293],[122.8663238082008,14.100846126688765]]}},{"type":"Feature","properties":{"river_name":"San Vicente-Talisay","name":null,"type":"River"},"geometry":{"type":"LineString","coordinates":[[122.90866759226007,14.124475342030367],[122.90864759618343,14.124105286277059],[122.90836765111564,14.123820876206093],[122.90782442437735,14.123699678624218],[122.9075811387826,14.12334578131754],[122.90756280904557,14.122911084786669],[122.90774610641081,14.122511938914379],[122.90802188562901,14.122455783720637],[122.90811645040661,14.122742619458851],[122.9082764190167,14.122827458129247],[122.90838389792653,14.122834730013924],[122.90848470185529,14.122801814862173]]}},{"type":"Feature","properties":{"river_name":"Daet River","name":null,"type":"River"},"geometry":{"type":"LineString","coordinates":[[122.90595020877004,14.083483974858053],[122.9061035120222,14.084331698079101],[122.9060089472452,14.08450544458507],[122.90600436481144,14.084869503695867],[122.90573400119743,14.085136183696969],[122.9057664948217,14.085474381978198],[122.90591063320498,14.085767325126527],[122.9059197980736,14.086120472642769],[122.90583731425978,14.086722115151003],[122.90564860129086,14.087372646905202],[122.90544030883002,14.087434871584335],[122.90533949527907,14.087563765509005],[122.90540906496146,14.087984387497242],[122.90531699969405,14.088251467915416],[122.90511162332757,14.088301974766999],[122.9048987484324,14.088216315139436],[122.90462296921399,14.088046207953733],[122.90442425820575,14.087579927750385],[122.90423387889629,14.087442144596256],[122.90402933569958,14.087406183583221],[122.90388353097704,14.087482146165222],[122.90381687738972,14.087652657826705],[122.9038077125215,14.087767005623183],[122.90433135976909,14.088441777673687],[122.9046417155361,14.088648249441727],[122.90478085490041,14.088982401985309],[122.90470628619951,14.089117759889618],[122.90469878767121,14.089383626823405],[122.90480501682654,14.089629694879962],[122.90481584803474,14.089840206093767]]}},{"type":"Feature","properties":{"river_name":"San Vicente","name":null,"type":"River"},"geometry":{"type":"LineString","coordinates":[[122.87870878068068,14.07289822054738],[122.87903465695621,14.073204373302644],[122.87914046952643,14.073359540536947],[122.87960204562044,14.073853327232747],[122.87974201815422,14.073853327232902],[122.87984199853524,14.073684421593171],[122.88027691319327,14.073285189585071],[122.8815999869051,14.073180128415853],[122.88204823228105,14.073181744742454],[122.88231068078194,14.0733272140423],[122.882444821127,14.073530870906259],[122.88263894970076,14.07365613595084],[122.88314884964512,14.073673915500569],[122.88362042377648,14.07345247919982],[122.88393202929763,14.073105777407028],[122.88446025897828,14.072789785338543],[122.88498898068464,14.07255072055438]]}},{"type":"Feature","properties":{"river_name":"Basud River","name":null,"type":"Major River"},"geometry":{"type":"LineString","coordinates":[[122.99807713093942,13.959179781823055],[122.99761013924228,13.959439735174385],[122.99741517749958,13.960150057223837],[122.9967261460394,13.960633576273242],[122.99593213517795,13.960306918028456],[122.99535433189135,13.96036958146439],[122.9954597278772,13.96094163721115],[122.99480777247453,13.961056048189302],[122.99431536909685,13.961048771167025],[122.99421038969615,13.96062832063384],[122.99389628466477,13.960405966676102],[122.99332889600127,13.960515122281308],[122.99308935967088,13.960182803942244],[122.9932359975627,13.959620449068447],[122.99270193569272,13.959479759064504],[122.99222286303299,13.959865443523212],[122.99148800723064,13.959749010546027],[122.99135136737674,13.960216359219979],[122.99087646056616,13.960575359979497],[122.99001163026854,13.960709580839756],[122.98944840745453,13.961061303809593],[122.98900182841844,13.961237569371695],[122.9887518774658,13.961729980251706],[122.98832612767579,13.961816495683072],[122.98754044851285,13.961600611319566],[122.98688474384633,13.9620849358801],[122.98683558682617,13.962608069947182],[122.98646690917082,13.963087136810389],[122.98566789929107,13.963541946201419],[122.98528964018207,13.963545988947084],[122.98525631338771,13.963036602376638],[122.98475641148117,13.962748758038343],[122.98444813864025,13.96385970582913],[122.98395156941416,13.964590632167184],[122.98326920331203,13.964566375798519],[122.98264682543937,13.965133165592487],[122.98256850747435,13.965429900920277],[122.98272764291539,13.966189929717496],[122.98139040531736,13.967346138928333],[122.98106213639896,13.967399502289952],[122.98070970555464,13.96701544751451],[122.98000234435705,13.96677692896268],[122.97919167009974,13.967371607804587],[122.97908252485067,13.96787249518326],[122.97931289631309,13.968404509963712],[122.97903003515155,13.968864968572182],[122.97855054590619,13.968575514452633],[122.97779194476327,13.968415425145901],[122.97721205855215,13.96857915284307],[122.9770991640387,13.968926821148703],[122.97746700852544,13.969530792516363],[122.97794108216706,13.97013880493079],[122.97841765531756,13.970027228305447],[122.97867927064861,13.970114549148036],[122.97819436580038,13.970823625501751],[122.9771712332328,13.971389591377397],[122.97726663118013,13.971610317692488],[122.97776486674722,13.972114834189979],[122.97785901493992,13.972448348094412],[122.97752699675723,13.972508986933798],[122.97683671554147,13.972331112957638],[122.97634597850356,13.972434603286704],[122.97568694115768,13.972918905069818],[122.97513871540082,13.9732035026373],[122.97474129338525,13.97315984280546],[122.97437469865403,13.97317843866014],[122.97424555732873,13.973647377118475],[122.97413141306086,13.97433784683433],[122.97397977614963,13.974572315002117],[122.97373315787586,13.974569889470274],[122.97296747478882,13.973997463309017],[122.97239508710581,13.973688611314367],[122.97221678875925,13.973679717664197],[122.97221678875974,13.974111463546762],[122.97227011163017,13.974524612874918],[122.97241841586256,13.974698442605643],[122.9728516641816,13.974989506047162],[122.9731357750988,13.975398611261927],[122.97379064659764,13.976880196691566],[122.97415182572534,13.977276362530613],[122.97429263142917,13.97749304070101],[122.97420139933139,13.97764746419775],[122.97396936153007,13.977691527427588],[122.97355902538183,13.977600166958958],[122.97265628585605,13.977498902325841],[122.97211076790099,13.977655751317174],[122.97190164227075,13.978150956840173],[122.97189143594129,13.979147630522471],[122.9717431317094,13.979427369429503],[122.97167397861317,13.980162288811284],[122.97182686527972,13.980409282642283],[122.97180999359077,13.980752890640286],[122.97158920358233,13.980878206370452],[122.97045192674574,13.981055265252541],[122.97028945862793,13.982615641302623],[122.96982413327035,13.982831505963949],[122.9694775346158,13.98322119371677],[122.96952585846735,13.983743471288808],[122.9697949723273,13.984186516968775],[122.96956418428081,13.984359530925618],[122.9691634295859,13.984348212259018],[122.96787451583727,13.984007843537754],[122.96746542944427,13.98430051215797],[122.96734961883662,13.984859977103877],[122.9674645962754,13.985200344563069],[122.96791117531222,13.985686236429489],[122.96788451387775,13.98617131879931],[122.96756291031848,13.986564234768679],[122.96719548241751,13.986714609838337],[122.96694553146419,13.98653108756185],[122.96646145978468,13.986248123412379],[122.96614818792348,13.986308758616065],[122.96526752739983,13.987480227620173],[122.96446851752046,13.988192484325587],[122.96344038593385,13.988696964470998],[122.96313044675185,13.988603991449855],[122.96253889616202,13.987954796178403],[122.9623414349091,13.98799683627609],[122.96186736126884,13.988740621352866],[122.96146827291385,13.988923333405552],[122.96097753587563,13.988728494440496],[122.96069342495895,13.988789128990359],[122.96066926303384,13.989055920821327],[122.96090754960998,13.989798085559876],[122.96066259767643,13.99029205226588],[122.95984942390932,13.99062271023655],[122.9596844562807,13.991030170750367],[122.96008104512728,13.991911382488553],[122.95938701464827,13.992706895504632],[122.95931869472132,13.992948620967514],[122.95928661768367,13.994177051290663],[122.95881004453352,13.994655446120904],[122.95880962794931,13.995260562617757],[122.96022226741938,13.995331705135676],[122.96038556870919,13.995656696805],[122.96014894847404,13.996131248491334],[122.95928578451644,13.99659367270073],[122.95910082081139,13.996879857847226],[122.95936910150179,13.997541962795756],[122.95939992878665,13.998114330371434],[122.95897584533668,13.998517735475408],[122.9585817560005,13.998486206844982],[122.9585584272443,13.998045613999508],[122.95880837819719,13.997799043323191],[122.95863591203874,13.997066605589277],[122.95827514949626,13.996946149270084],[122.95676127989024,13.997003547924706],[122.95672628675733,13.997529836345498],[122.95695457529499,13.997947794187064],[122.95686375978222,13.99817334558825],[122.95648050165414,13.998194364703526],[122.95631053500588,13.998043188712774],[122.95607308160004,13.997685054819371],[122.9556756595845,13.997651100786527],[122.95535738870436,13.997816828753786],[122.95520658496322,13.99834554059311],[122.95518408937784,13.998756221121463],[122.9549141423486,13.998819278302637],[122.95433842198652,13.998801492944807],[122.95399348967067,13.998287333843225],[122.95349608727368,13.998060974125242],[122.95237547383513,13.99931080035206],[122.95188640313651,13.998961561106523],[122.95145565432759,13.999243701185371],[122.9516014590514,14.000302733923185],[122.95173643256676,14.00090177241762],[122.95176476034194,14.00140784150765],[122.95155896739068,14.001547697465098],[122.95134900859058,14.002014152847028],[122.95134026030831,14.003010925212482],[122.95118903998245,14.003749407059237],[122.95070246879449,14.004520626946064],[122.9504533510115,14.004767998814069],[122.9495968524121,14.004736471040733],[122.94917276896192,14.005015370414473],[122.94888949121575,14.005672601513385],[122.94890032242404,14.005983835756709],[122.94939772482148,14.006632171709894],[122.94898113989986,14.006890050463628],[122.94836959323477,14.007076790069696],[122.94743311033048,14.007177839576046],[122.9462925008148,14.007533533487308],[122.94626021548383,14.00799997671512],[122.94637102707348,14.008382346280358],[122.94684593388445,14.008408214812013],[122.94744248349245,14.008277255344089],[122.9479723795133,14.008466418997658],[122.94815567687915,14.008746122233392],[122.9479507170985,14.009559361497127],[122.94798571023273,14.0102497233836],[122.94795738245857,14.010797807806028],[122.94774742365844,14.011250501917463],[122.94741082304193,14.011585171632928],[122.94724918809287,14.012167204759328],[122.94728251488685,14.012354748452532],[122.94757912335156,14.012661931757224],[122.94832564353199,14.013074203441677],[122.9484718648398,14.013317928412452],[122.94827648651193,14.013753237541794],[122.9476624403373,14.013999791092301],[122.94753246584195,14.014189354216242],[122.9474383176502,14.014772593294218],[122.94715587307348,14.015033292194673],[122.94669596331978,14.015068860393294],[122.94582196815405,14.015435859216424],[122.94550702995343,14.015757588980103],[122.94505711823861,14.01646894967107],[122.94440162186397,14.016453186587942],[122.94397045647011,14.016694078702065],[122.94386047805112,14.0170679459966],[122.94423373814148,14.01739452363284],[122.94386047805206,14.01792723219453],[122.94308979594717,14.018455897738376],[122.94217580862922,14.019005579275257],[122.94132930806873,14.019795744178285],[122.94123932572587,14.020127168033836],[122.94097771039526,14.020423832395863],[122.94094355043211,14.020806989614975],[122.94112934730748,14.021084252773493],[122.94137263290197,14.02108425277379],[122.94177088808736,14.021163470757957],[122.94252657313591,14.021413249732419],[122.94293149368025,14.021674345262484],[122.94300564579711,14.02235173723251],[122.94279818650637,14.022654057107957],[122.94250990974078,14.022974968411386],[122.94206499704497,14.023674989999522],[122.94206749655496,14.024100175279662],[122.94228995290342,14.02430064259108],[122.94258322868885,14.024651459964403],[122.94291066443827,14.025369259737928],[122.94246991759171,14.026154148584924],[122.94206416387809,14.02641523871798],[122.94107102542443,14.026508196432527],[122.93976794778867,14.026452421806056],[122.93920139229502,14.02649122154588],[122.93897643643727,14.026616916493237],[122.93881021905366,14.026837185608091],[122.93881188539368,14.027134649618539],[122.93890603358624,14.027334305952749],[122.93921847227769,14.027352089099963],[122.93988250864356,14.02770371012997],[122.94030159307545,14.028160412501448],[122.94045073047795,14.028607414118477],[122.94048572361179,14.028951758350344],[122.94006164016182,14.029359150857768],[122.93987584328706,14.029763309376381],[122.93982168724753,14.030093102199865],[122.94011912888229,14.03057000765023],[122.93998832121729,14.031014579633831],[122.94024660386947,14.031544023326548],[122.94065152441364,14.031694368946566],[122.9408539846855,14.03154321501723],[122.94151635471093,14.031194833121637],[122.94208624288409,14.031193216499759],[122.94244700542663,14.031421160169048],[122.9430810476783,14.03193443675043],[122.94344430973062,14.03229898367162],[122.94379424106523,14.032518843175502],[122.9438683931815,14.032720111433232],[122.94395920869567,14.033805663687753],[122.94430914003023,14.033950349713557],[122.9453039448239,14.034153233317218],[122.94556222747566,14.034323784732866],[122.94556972600452,14.034664887182858],[122.94552806751258,14.034839479709612],[122.94542142177269,14.034989823167665],[122.94456992219288,14.035414987466224],[122.94396837356628,14.035992110366921],[122.94350179845442,14.036553065967395],[122.9432985050131,14.037023491651839],[122.94330183769264,14.037206165282859],[122.94346013996346,14.037665273588916],[122.94346347264293,14.037817231769244],[122.943555121326,14.038016070512695],[122.9437100909171,14.038171261607316],[122.94394504481316,14.038284421714359],[122.94420166112542,14.038625518269821],[122.94432330392297,14.03901187820966],[122.94437662679334,14.039348123986908],[122.94427164739334,14.039580909235763],[122.94387505854813,14.039983433170292],[122.94368509582497,14.041118255878258],[122.9435851154441,14.041508248851494]]}},{"type":"Feature","properties":{"river_name":"Basud River","name":null,"type":"Major River"},"geometry":{"type":"LineString","coordinates":[[122.87981846140005,13.993635596783523],[122.88020838488711,13.993803752975458],[122.8804250090467,13.994023649348204],[122.88066496196181,13.994117428619834],[122.88088158612123,13.994115811736423],[122.8813631582907,13.993952506428293],[122.88173141936139,13.993716441123972],[122.88188305627257,13.993359108934587],[122.88189805332934,13.992962970790275],[122.88213134088535,13.992759242336275],[122.88245127810526,13.99269780038645],[122.88279787676026,13.992701034174118],[122.88295284635146,13.992924165385581],[122.88301783359971,13.993320303596857],[122.88321779436255,13.993587090171037],[122.88350773746808,13.993583856396583],[122.88384933710385,13.993378511604007],[122.8841559436059,13.992959737009384],[122.88421093281518,13.992558747493218],[122.88445088573003,13.992409993140301],[122.88467084256894,13.992589468489507],[122.88494912129686,13.992642017551963],[122.88538903497387,13.992186861431149],[122.88579228917827,13.992184436085765],[122.8859405934102,13.991982323840533],[122.88588477103048,13.991795571967778],[122.88559816060368,13.991319394428167],[122.88542819395519,13.990941038736189],[122.88546318708823,13.990607955859844],[122.88582978181918,13.99031206144408],[122.88623303602355,13.990292658518717],[122.88641799972915,13.990549747153452],[122.88656463762204,13.990928103489209],[122.88663795656895,13.991524741061333],[122.88692456699546,13.991696132598308],[122.887466127394,13.991819017018287],[122.88741280452437,13.99220383885392],[122.8870345454156,13.992490029464944],[122.88683791733281,13.992794005543278],[122.88671127551714,13.993254819576679],[122.88702621371834,13.993581431069636],[122.88720617840463,13.993579814182405],[122.8875311146433,13.993266137805474],[122.88780606069136,13.992912038700679],[122.88827263580372,13.992735797390843],[122.888527585776,13.992829577187797],[122.88860757008173,13.993521606228875],[122.88886252005409,13.993654190994606],[122.88910580564828,13.99343591115749],[122.88923578014354,13.993115767021251],[122.889524056909,13.99264686823948],[122.88994064183024,13.992085805337146],[122.8904405437363,13.99191118029323],[122.8907688126548,13.991928966183844],[122.89096210805862,13.992043765987903],[122.89099210217327,13.992291151285897],[122.89123205508906,13.993031688691683],[122.89162864393487,13.993141637273915],[122.89206355859334,13.993180442643663],[122.89229851248949,13.99338093694735],[122.89239016117283,13.993861152431013],[122.89265011016462,13.994373704551231],[122.89307502678501,13.994407659068214],[122.89333497577636,13.994540243322955],[122.89366324469505,13.994742353320174],[122.89390319761033,13.995039858912516],[122.89423646554806,13.99523873471896],[122.89452140963473,13.995275922859058],[122.89465138413004,13.995018839509205],[122.89439476781764,13.994538626443525],[122.89432644788992,13.994048711070342],[122.89439310147718,13.993786775690136],[122.89472970209384,13.993604067501701],[122.89512295825999,13.99356526220443],[122.89566285231882,13.99356526220507],[122.89610276599636,13.993636405246445],[122.89627106630508,13.993859535550165],[122.89614442448912,13.994132789032518],[122.89584614968538,13.994464249921178],[122.89581282289234,13.995111001499325],[122.89603111339173,13.995403655990753],[122.89671931168303,13.995743199409462],[122.8970159201478,13.99605687240733],[122.89718422045648,13.996347908826555],[122.89724587502539,13.996742424272986],[122.89711923320954,13.997091666889817],[122.89687928029468,13.9972759891679],[122.89678929795186,13.997502349658285],[122.89703258354648,13.997759430230987],[122.89854062096357,13.997625230976144],[122.89940211858199,13.997621997259175],[122.90029526696219,13.998066643290038],[122.90172624586185,13.998288950635272],[122.90202493725103,13.998473676167064],[122.90230154963967,13.99896762423331],[122.90261565467083,13.999023405536118],[122.90308222978359,13.999248955882361],[122.90395539178043,13.999761495989265],[122.90395539178073,14.000056569821929],[122.90376209637725,14.000295862295445],[122.90354963806755,14.0006984551516],[122.9034838176504,14.001162487006553],[122.90366211599707,14.001272431699208],[122.90409119846674,14.00143573180759],[122.90429032605974,14.001721102509778],[122.90424033586949,14.002027491622382],[122.90435198062963,14.003041240549969],[122.90479855966697,14.004025073948672],[122.90511766371733,14.004246577354087],[122.90548092576924,14.004301548969403],[122.90601415446899,14.004063069074919],[122.9061974518344,14.003842373900786],[122.90665736158792,14.003603085121075],[122.90712060402088,14.003471314504475],[122.90734222719932,14.003472122913657],[122.90781713400999,14.003199688945582],[122.90794627533533,14.002831862155048],[122.90796210556208,14.00253517506188],[122.90809041371742,14.001970902639552],[122.90766882977631,14.001818920718181],[122.90744970610716,14.001602265465424],[122.9071189376787,14.001124491406408],[122.90711643816854,14.000531112427685],[122.9071914234541,14.000168131888458],[122.90744720659552,13.999651550578053],[122.90777964136294,13.999409023740927],[122.90807541665755,13.999466421782614],[122.90851116448661,14.000197235027917],[122.90862947460478,14.000521411398037],[122.90867946479571,14.000791423287344],[122.90890108797419,14.000861755673741],[122.9091385413794,14.00062650588426],[122.90941515376734,14.000462396782131],[122.90965510668234,14.000477756752646],[122.9099650458645,14.000700071996583],[122.91033497327504,14.000642674263835],[122.91048161116743,14.0005311124317],[122.91046578094003,14.000219062381229],[122.91029748063112,13.999798683404808],[122.91033247376431,13.999577175711858],[122.910534934036,13.999284526534872],[122.91085403808628,13.99937102785019],[122.91119730406238,13.999778472858798],[122.91162305385258,13.999871441361153],[122.91234457893715,13.999759070733308],[122.91263452204284,13.999760687577613],[122.91284114816428,13.999949858243614],[122.91265035227053,14.000405807413134],[122.912890305186,14.000846395733912],[122.91344019728325,14.001174613273832],[122.9139284348117,14.001174613274417],[122.91436001679077,14.00113985134099],[122.91477826805239,14.001232010875743],[122.91499405904216,14.001413904585146],[122.91495906590924,14.001915930475203],[122.91526150656351,14.002831862163765],[122.91540897762617,14.003088936774107],[122.9154089776265,14.003402599745346],[122.91515152814488,14.003530328358051],[122.91454581366835,14.003442211790125],[122.91412089704819,14.003564281520488],[122.9139784250051,14.003743748159184],[122.9140459117627,14.003979803164471],[122.91430836026359,14.004061452271099],[122.91506654482143,14.004056601830843],[122.91526483924446,14.004317717100564],[122.91546146732834,14.004957165315444],[122.91529733286947,14.005330647519841],[122.91504321606735,14.005530322821368],[122.91472911103618,14.005476968303896],[122.91423004229982,14.005514963187961],[122.91404007957556,14.005613588178162],[122.91403924640608,14.005925630901718],[122.9142042140353,14.006084885703666],[122.9147466076037,14.006156024869403],[122.91506487848392,14.006084077304958],[122.91548229657592,14.006350040663126],[122.91571641730236,14.006652381613918],[122.91599802871058,14.007628923997718],[122.91631130057202,14.007757458654913],[122.91669539186998,14.007774434925429],[122.91702532712833,14.007975724889342],[122.91720695815452,14.008217434291355],[122.9169370111255,14.00856504268375],[122.91667872847412,14.008744505415143],[122.91653042424237,14.009078370394029],[122.91654625446951,14.00929744376063],[122.91685869316125,14.009539151771701],[122.91730110634849,14.00972265567733],[122.91757688556646,14.009446995571054],[122.91790765399439,14.009408192949243],[122.91811178060628,14.009594122121388],[122.91854419575533,14.009716188583326],[122.91908658932392,14.009944153589856],[122.9194523508853,14.009962746470855],[122.91978645199278,14.010058136008762],[122.92037217039336,14.010443735685184],[122.9203355109205,14.010755771846007],[122.92013055113921,14.010916640063547],[122.92002473856928,14.011176939151973],[122.91966980821648,14.011727446500384],[122.91950734009785,14.012589177820391],[122.9196523116518,14.01365542438609],[122.91967064138916,14.014374066927338],[122.9202971851128,14.01544111357016],[122.92065044912691,14.015736167259067],[122.92096038830897,14.0159196662114],[122.92095872196967,14.016270496398427],[122.92109369548463,14.016472587276732],[122.92136530885381,14.016597883532134],[122.92184354834416,14.016597883532704],[122.92220764356559,14.016361841498865],[122.92255924123955,14.016248670574852],[122.92290917257411,14.016396601129578],[122.92300082125718,14.016676294704073],[122.92314745915006,14.016985897309647],[122.92340490863197,14.017170203623476],[122.92366402445379,14.017559024790941],[122.92355321286566,14.018609081158358],[122.92356987626295,14.018968799132434],[122.92375400679865,14.019154720561128],[122.92412476737921,14.019229089090787],[122.92432472814164,14.019229089091018],[122.92492461042946,14.019469169940031],[122.92547200301702,14.019623565235648],[122.92596357322502,14.019799785917176],[122.92622768806558,14.01993963067346],[122.92643681369654,14.020094025652154],[122.92647347317026,14.020621069507975],[122.92666260272506,14.020870040724581],[122.92698920530408,14.021102844734836],[122.92715500610339,14.02150701780223],[122.92708085398752,14.021726079307037],[122.92666093638633,14.021764071501975],[122.92639348886682,14.022031633380678],[122.92620269297282,14.022279794723456],[122.92537535531812,14.022405087806707],[122.92498793134105,14.022679924009422],[122.92439638075315,14.023730765278714],[122.92450719234259,14.023953866344376],[122.92482296371335,14.023949016323895],[122.92509374391237,14.02371379018959],[122.92548283422923,14.023600622891564],[122.9257011247283,14.023620831342088],[122.9258502621305,14.023785732229783],[122.9256869608415,14.024132508709224],[122.9255911463099,14.02452050974323],[122.92570362423916,14.024874560114322],[122.92592524741792,14.025165560010306],[122.92623102075069,14.025258518232896],[122.92648513755294,14.025142118366382],[122.92671509242955,14.024923060123788],[122.92704502768757,14.024813935091174],[122.92740995607913,14.024813126757842],[122.9276674055607,14.024651459946584],[122.92787236534245,14.024852735109844],[122.92777821715055,14.025242351590098],[122.92779987956686,14.025589934198694],[122.92796734670574,14.025868808236554],[122.92812814848571,14.025976316108546],[122.92800067350002,14.02636431402354],[122.9277273937915,14.026561546045112],[122.92759408661679,14.026818594081234],[122.92750243793425,14.027130607977043],[122.92748077551866,14.027414330089014],[122.9275432632573,14.027736851379842],[122.92752410035109,14.027940548803429],[122.92741078925276,14.028312376967106],[122.92744744872618,14.028566189758838],[122.92765074216823,14.028672888046227],[122.92820729962379,14.028620347229882],[122.92873136345537,14.028509607315213],[122.92960285911192,14.028490207617567],[122.92997028701322,14.02867854629011],[122.9301710809469,14.029905572993906],[122.93009526249159,14.0303501462659],[122.92989446855991,14.030917582171572],[122.929433725637,14.03154159838347],[122.92930791699085,14.031818848564889],[122.92971200436524,14.031910995781805],[122.9300061133204,14.032207644902797],[122.930000281132,14.032658680159985],[122.92993029486604,14.033531649104471],[122.92993196120621,14.033969748933078],[122.93018691117847,14.033986723264135],[122.93054267470144,14.033729683264271],[122.93064932044118,14.033584188796851],[122.9310009181153,14.03354700686298],[122.9311092301952,14.033771714982818],[122.93112172774316,14.034044112659908],[122.93134834994093,14.034266395391258],[122.93162329598933,14.034265587091127],[122.9317699338823,14.034634980099835],[122.93163829304738,14.03501892187366],[122.9317349407496,14.035311525488634],[122.93171327833385,14.035518449366437],[122.93205821064957,14.035891073535115],[122.93208737159425,14.036038183126758],[122.93193240200391,14.036538516690209],[122.93195073174074,14.036833543239235],[122.93200822046019,14.037029149673371],[122.9322206787706,14.03728941913281],[122.93251562089537,14.037333875067125],[122.9326372636927,14.037400154807344],[122.93283722445541,14.03763940834401],[122.93315382899627,14.037838247242025],[122.93346460134813,14.037973231273776],[122.93367622648843,14.03796838154972],[122.93401199393541,14.037909376562904],[122.93414446794047,14.037834205803904],[122.93437358964715,14.037522206475755],[122.93446690466943,14.037302351771698],[122.9345168948597,14.036980652228925],[122.93468686150753,14.03666218540272],[122.9347985062665,14.036560340588338],[122.9349534758574,14.036500526946194],[122.93507845133394,14.036492444020507],[122.93523175458526,14.03657650643544],[122.93532673594761,14.036710682918288],[122.9353450656843,14.036851325653279],[122.93527841209703,14.03705178181588],[122.93527841209732,14.037342766256174],[122.93534673202464,14.037472092555555],[122.93550170161566,14.037578786697733],[122.93620989598338,14.037995863322433],[122.9364248538031,14.038070225741773],[122.93663481260377,14.038091241203915],[122.93692808838868,14.038021728515258],[122.93721803149431,14.037997479898202],[122.93749131120315,14.038047593705002],[122.93770460268327,14.038209251070764],[122.93821783530797,14.039049867533626],[122.93838280293741,14.039420061113164],[122.93841446339178,14.039686794107492],[122.93849611403662,14.039812885960432],[122.93878272446295,14.039905029963213],[122.93908266560668,14.03985653312482],[122.93966921717687,14.04006021977934],[122.9404190700368,14.040525788594726],[122.94178046956249,14.041432675133276],[122.94196043424878,14.041440757885058],[122.94229203584639,14.041288802108248],[122.94250866000569,14.04123868901095],[122.94285859134008,14.041254854527905],[122.94358510578984,14.04150825914129],[122.94399503500789,14.04208576054328],[122.94425331766,14.042565874123396],[122.94445661110254,14.043194708233028],[122.94449993593568,14.044321432383882],[122.943870059538,14.048204304423045],[122.94396337456142,14.04903841821898],[122.94436996144576,14.049626822247623],[122.94618293902735,14.051036399375581],[122.94694278992631,14.052355445339817],[122.94768931010722,14.053228339225477],[122.94843583028765,14.053551632413031],[122.94988221313625,14.053474042091594],[122.95157521425848,14.053163680537997],[122.95221508869886,14.053551632417541],[122.95234839587485,14.054418055906147],[122.95210844296003,14.054605565035091],[122.95203512401447,14.05522628381504],[122.95229507300623,14.055691821795547],[122.95294827816416,14.056112098326206],[122.95343484935357,14.056655223775989],[122.95418803489382,14.058058291887523],[122.95446797996176,14.058426838305856],[122.95574772884298,14.059545405379554],[122.95596768568196,14.059771704411395],[122.95667421370986,14.060127316723884],[122.95763402537031,14.060528188122678],[122.95810726584205,14.060980784018282],[122.96026684207955,14.063192025375855],[122.96196650856123,14.063644616002264],[122.96253306405502,14.063638150428892],[122.9634528835619,14.063069179198509],[122.96448601416687,14.061866576257811],[122.96512588860556,14.060644570018711],[122.96697885833652,14.059235052071386],[122.96755207918869,14.058924698329509],[122.9685985405122,14.058646672745557],[122.9694650371497,14.058640207031292],[122.97055149062626,14.05896349257394],[122.97120469578441,14.05950661125583],[122.97241779107856,14.061038974871204],[122.9753038914226,14.065862297131359],[122.97725017618059,14.068616588340557],[122.97878987405335,14.06992260215398],[122.97998297327035,14.07055621012863],[122.9802095954679,14.070640260034251],[122.98061618235148,14.070485090954595],[122.9810894228224,14.070129494749242],[122.9815893151027,14.069916147093785],[122.98345562517599,14.067692029505928],[122.98419547999696,14.067420480045737],[122.98497532697195,14.068545468571582],[122.9848486851566,14.069366577391063],[122.98481535836449,14.070892409570332],[122.9851219648705,14.074099210106587],[122.98486868123875,14.074797459096592],[122.98413549177683,14.07537933162461],[122.9832290029871,14.075605614984664],[122.98125605679742,14.075935341764502],[122.98030291049658,14.076349115875711],[122.9798230046671,14.07676288923825],[122.97953639424169,14.077616294432893],[122.97976968179876,14.07830806751723],[122.97997630792028,14.078586069194884],[122.98070283202424,14.078792953945461],[122.9856818550119,14.079995467849757],[122.98849463640536,14.080829465710318],[122.98960775131674,14.080952302348093],[122.99054756690039,14.080855326062766],[122.99152737463646,14.080641978088876],[122.99225389874013,14.080577327148875],[122.99305374179012,14.080577327149822],[122.99553325524583,14.081191510352339],[122.99605981858768,14.081728111165095],[122.99635309437333,14.082322896134732],[122.99656638585542,14.084223611631236],[122.99683966556509,14.08505112908161],[122.99693298058855,14.08596268780174],[122.99694631130701,14.086874242882741],[122.99684633092716,14.088115503524104],[122.99665303552476,14.089363222263163],[122.99599316501066,14.091380245386496],[122.9957932042491,14.092259455016274],[122.99687299236798,14.093526545291155],[122.99889926142964,14.095000498596738],[123.00256520874365,14.096319290854828],[123.0062044946224,14.097431207816992],[123.01230996324198,14.10156852564897],[123.01262990046578,14.10503347158137],[123.0160369306606,14.108584027259054]]}},{"type":"Feature","properties":{"river_name":"Basud River","name":null,"type":"River"},"geometry":{"type":"LineString","coordinates":[[122.95490206147691,14.082878081201013],[122.95480520548246,14.082711606620782],[122.95484394788,14.082559274192432],[122.95487998247516,14.08204873758082],[122.95546153502596,14.081896808777104],[122.95595310523373,14.081855998097595],[122.95615098307152,14.081775588914699],[122.95616223086428,14.08160547693149],[122.95631261802097,14.081556180798843],[122.95684667989126,14.081945094673022],[122.95716245126194,14.081839027319019],[122.95737011884549,14.081824682968513],[122.9574975938314,14.081687300408761],[122.95737657591111,14.081251716334128],[122.95727472089754,14.081130900195905],[122.95737553444843,14.080963212139203],[122.9576142376085,14.080763400547239],[122.95768047461094,14.080614905469169],[122.95754008549204,14.080463581813866],[122.95747738946092,14.080116688623946],[122.95794938017724,14.079912027456455],[122.95822370134835,14.079979709107194],[122.95823911499022,14.079823738228994],[122.95846448743282,14.079672414050044],[122.95848448350863,14.079207733033426],[122.95889627770379,14.079069944829053],[122.95942763177152,14.078955390643006],[122.95968362320588,14.0788408363992],[122.96022268409533,14.079325721696215],[122.96042326973549,14.07957826571406],[122.9603491176197,14.07987566119113],[122.96060635880923,14.08010981945028],[122.96117437235006,14.079939100122882],[122.96151888808006,14.079584528803458],[122.96196380077689,14.079782119043275],[122.96210252355633,14.080230232061206],[122.96241807700848,14.080545820102094],[122.9630371318293,14.080948059604658],[122.96317585460872,14.081301416606758],[122.96308503909611,14.081651540529688],[122.96311649125822,14.082144501173424],[122.9636803389506,14.082737466768304],[122.96371241599023,14.083278912712444],[122.96384572316539,14.08342397151992],[122.96403485271946,14.083038090645434],[122.964223565689,14.082942529469689],[122.96459120188278,14.083137086325351],[122.96526294506974,14.08355973678425],[122.96555955353428,14.083664591150958],[122.96588532294342,14.083929252247335],[122.96599363502334,14.084143809338316],[122.96632586149882,14.084392509443193],[122.96666225382332,14.084453522750358],[122.96692136964482,14.08456605387302],[122.96700864418632,14.084867281434072],[122.96703317062395,14.08517628675862],[122.9673925792653,14.085190428869163],[122.96761336927378,14.085063351877157],[122.96735144150404,14.084969205760672],[122.9672648439131,14.084733890807943],[122.96742499477863,14.084409176988546],[122.96768332950296,14.084052642804469],[122.96792739619394,14.083912079592542],[122.96819421883636,14.08386056161343],[122.96835585378646,14.084208964350008],[122.968259674743,14.084547770096407],[122.96834731379606,14.084647674259127],[122.96855081553083,14.085081332569892],[122.9685970564575,14.085342658528964],[122.96899833188337,14.085254674445983],[122.96918772180348,14.085253714803322],[122.96942314435776,14.08551408092355],[122.96968064591225,14.085204065905808],[122.9698694013342,14.085589044324085],[122.97005104198155,14.085779547995301],[122.97042065695318,14.085510242357545],[122.97036384518408,14.085194115922702],[122.9703780090712,14.085001480107847],[122.97060369395261,14.084974307030421],[122.97093727432926,14.085329072013629],[122.97101809180435,14.085588074346699],[122.97124263107727,14.08558767028739],[122.9714516525614,14.085234016872157],[122.97144634110325,14.084869352251202],[122.97128001957306,14.084677726315133],[122.97148924934979,14.084453573263819],[122.97163880333682,14.084562366818522],[122.97182147582501,14.084475089542345],[122.9717302437267,14.084103554652067],[122.97159068777754,14.08387157232385],[122.97167681671003,14.083740504477275],[122.97207798798975,14.083710603825509],[122.97236298414948,14.083746009834254],[122.97263126483925,14.083861167712673],[122.97272200224197,14.083288711266698],[122.9729697400875,14.083184816379658],[122.97337216112233,14.083414122485662],[122.97327051440173,14.083794749909247],[122.97329176023304,14.084021024934826],[122.97378624653545,14.084114767380315],[122.97411701496355,14.08422952101089],[122.97421491241995,14.084020519857996],[122.97414471786047,14.083830408444838],[122.97427323430873,14.083772223411257],[122.97440195904979,14.083896270652916],[122.97456380229202,14.083932838312434],[122.97476251329961,14.083849601422195],[122.97485353710486,14.083681713330042],[122.97523335840683,14.083204716524888],[122.97564786040414,14.083205322621072],[122.97592186913643,14.083106731035686],[122.97608517042582,14.083169765005417],[122.97615984327302,14.083140066310479],[122.97623368295028,14.082978238659656],[122.97636855231863,14.082860150869664],[122.97678055480637,14.082860756966747],[122.97703321356143,14.082805198105525],[122.97729701596329,14.082843786262005],[122.9771146559133,14.082477602580143],[122.97712621614471,14.082322340521902],[122.97729347499093,14.082326179142903],[122.97745448506339,14.082498917012312],[122.97761966098525,14.082781762364222],[122.97775817547179,14.082800147300128],[122.9778479495223,14.082686605145998],[122.97795563672454,14.082641753959312],[122.97802020738754,14.082729638033358]]}},{"type":"Feature","properties":{"river_name":"Mabulao Creek-Basud","name":null,"type":"River"},"geometry":{"type":"LineString","coordinates":[[122.94601190493479,14.101093030761826],[122.9461302150531,14.101477264986272],[122.94615104429938,14.10171725953617],[122.94629185000326,14.10199402061447],[122.94691006202818,14.102733597293641],[122.94754118818503,14.102864300708205],[122.94809732905557,14.102795009727577],[122.94843642918167,14.102461483456386],[122.94851141446748,14.102316032718912],[122.94853953394947,14.10212472445483],[122.94861410265055,14.102155026724976],[122.94867450746435,14.102311184359587],[122.94869533671061,14.102478452703366],[122.94882989364031,14.102369364667169],[122.94909275872581,14.102227954172319],[122.94918294936159,14.102378859369134],[122.94907588703713,14.102779050578471],[122.94920461177806,14.10289541093986],[122.94939894864417,14.102883896115333],[122.9495751640662,14.102956217286],[122.95010901764333,14.10276995992398],[122.95020837314712,14.102690669189398],[122.9505320596313,14.1026054189933],[122.9508907392487,14.102275730730161],[122.95159205034818,14.10346338424156],[122.95192532790398,14.103949823002939],[122.95184253165095,14.104115070010874],[122.95203239022933,14.104310315863204],[122.952135286705,14.104297185004226],[122.95218819299014,14.10434385005397],[122.95222339441624,14.104516571258678],[122.95239856837591,14.10461495158247],[122.9524108576313,14.104754542482135],[122.9525125043523,14.104812116127983],[122.95282077719443,14.10473979554647],[122.95302052966449,14.104760400854497],[122.95305781401512,14.104828479162155],[122.95307114473263,14.104939384136042],[122.95277328651372,14.105096145901143],[122.9527520406831,14.105417951610278],[122.95260748571532,14.105563400369153],[122.95273516899402,14.10570016252062],[122.95250500582496,14.105950051202397],[122.9524541824647,14.106156709137467],[122.95250021509872,14.1062730677752],[122.95280286404473,14.10648538173395],[122.95296679021168,14.106706381971797],[122.95296626948073,14.106872031003961],[122.95287441250596,14.10732756522175],[122.95313102881794,14.107493213802893],[122.95333515543004,14.107817238240115],[122.95333848810965,14.108090355737028],[122.95326600233341,14.10821560181691],[122.95326850184298,14.108274588656549],[122.95339347731965,14.10832145490197],[122.95368258725524,14.108182472215843],[122.95375757254125,14.108188936528803],[122.95402502006124,14.108359432715103],[122.95417499063318,14.108400642674743],[122.9544707659277,14.108394178368231],[122.95482652945094,14.108328727251223],[122.95500149511813,14.108342463907254],[122.9550731477248,14.108455589276838],[122.95514313399192,14.10869557648204],[122.95554138917737,14.108836982966585],[122.95558138133,14.1088951616089],[122.95558721351892,14.108971925072495],[122.95545890536327,14.109157773350821],[122.95533809573617,14.109416344616504],[122.9553589249825,14.10962966569003],[122.95549889751642,14.109775111762211],[122.95574301628078,14.109927022005293],[122.95596547262916,14.110003785121656],[122.95749933831152,14.109995704796692],[122.95856912839105,14.110078932150232],[122.95870993409456,14.110018329712451],[122.95886490368551,14.110028834136347],[122.95895155334925,14.109988432504075],[122.9590615317685,14.10986884363036],[122.95914818143223,14.109839754435441],[122.95944937233071,14.109837936360998],[122.95977160076802,14.109991866644082],[122.96002071855153,14.110234276327645],[122.96014611061308,14.110284778312687],[122.96041939032202,14.110492139345716],[122.9606730905397,14.110769091780284],[122.96084409865021,14.110839794390321],[122.96104135161067,14.110817775580134],[122.961145914426,14.110711519639494],[122.96121506752287,14.110572538410375],[122.9612933854882,14.110571124356843],[122.96128401232778,14.110906658838816],[122.96132796203725,14.111075738941523],[122.96140148927596,14.111099777799083],[122.96172205137339,14.1111019998786],[122.96198127134109,14.111260979484268],[122.96240483406042,14.111228557350627],[122.96231193562264,14.111032206383454],[122.96246044814701,14.110802524019235],[122.96260854408666,14.110715862803305],[122.96265509745162,14.110647180231073],[122.96280204778269,14.11057647756167],[122.96286203601132,14.11048850320942],[122.96288619793656,14.110254275118434],[122.96296993150584,14.110195288791187],[122.96298867782721,14.110148624939244],[122.96334527452014,14.109940152549234],[122.96339047398408,14.1098534910053],[122.96375790188503,14.109667037269094],[122.96372999069507,14.109517550956184],[122.96374915360137,14.109429677199504],[122.96393703340107,14.109330692927465],[122.96408596251058,14.109290089162714],[122.96422114431786,14.109374124807662],[122.96426884329146,14.10943937361631],[122.96439923437192,14.109368064546064],[122.96442464605212,14.109303219734667],[122.96452046058405,14.109210295673766],[122.96473021109216,14.109178782288188],[122.96486747582398,14.109190498804113],[122.96497766253577,14.10915110706787],[122.96516116819372,14.109009902787948],[122.96544069667638,14.109089494338921],[122.96557962774781,14.109072323575422],[122.96561212137166,14.109010104797521],[122.9655773365306,14.108950310111776],[122.96560545601272,14.108846275401644],[122.9657937523973,14.10876728979408],[122.96576063389575,14.10854730160155],[122.96581999724691,14.108376199527335],[122.96590456398609,14.108375795508216],[122.96601120972599,14.10829377959235],[122.96600141998023,14.108218833988126],[122.96591018788229,14.108159039094746],[122.96574771976269,14.108131363750132],[122.96566148668357,14.10785026690444],[122.96567325520745,14.107693810047937],[122.96574365805915,14.107627348678163],[122.9657542809745,14.107483012293013],[122.96566039314745,14.107249993177298],[122.96573267063118,14.107012428580312],[122.96582140321948,14.106934654402567],[122.96614383994881,14.106785368309351],[122.96631922220065,14.106528006127045],[122.96644628060174,14.10645609011218],[122.96664624136419,14.106416899914908],[122.966878070873,14.10621700960196],[122.96708303065452,14.106174688184455],[122.96748826363738,14.106199636611137],[122.96792734414498,14.10616388056678],[122.96855847030143,14.105924698744477],[122.96879883980121,14.105791370930435],[122.96890277773905,14.105655214870023],[122.9689063187107,14.105498049464616],[122.9688588280294,14.105284522512703],[122.9687130233062,14.104845347245014],[122.96858888099929,14.104667575966921],[122.9682818579115,14.104365364475983],[122.96780122305782,14.104222541124926],[122.96731288138314,14.104290518585907],[122.96704230947634,14.104227995482747],[122.96666592499909,14.103936793147458],[122.96657302656142,14.103833968231287],[122.96655427062731,14.103726103274012],[122.96657635924035,14.103475999792526],[122.96647492081092,14.102583904443497],[122.96654928121923,14.102349567224294],[122.96671862298973,14.102113613643175],[122.96718061566779,14.10183220635642],[122.96772446728302,14.10163413016522],[122.96810189322217,14.101543122127948],[122.96872843694432,14.101226361350228],[122.96920001107571,14.101070202973505],[122.96941351084803,14.100936670305009],[122.96954640143801,14.100814450471754],[122.96963929987533,14.100581121517127],[122.9696104513693,14.100415669931815],[122.96975313170387,14.099289828302473],[122.96981395310172,14.098552866695874],[122.97016388443515,14.097775902950655],[122.97065170537832,14.097434541092943],[122.97205507583352,14.097042471799538],[122.97247832611399,14.096887522677362],[122.97270953074543,14.096754997660028],[122.9727361921802,14.096512977688393],[122.97294615098045,14.096144088657015],[122.9729315705079,14.095942472165303],[122.9728940778649,14.095851158825827],[122.97295989828231,14.095635400613254],[122.97292573831857,14.095510955708637],[122.97296906315013,14.095235398892752],[122.97295239975308,14.09505277161144],[122.9727724350667,14.09493075064713],[122.97259080404073,14.094867719924663],[122.9721867166664,14.094839436902133],[122.9719792573754,14.094949336625055],[122.97180762438767,14.094984084320428],[122.9717234742335,14.095051963524327],[122.97169181377957,14.09512549930584],[122.97158516803958,14.095164287400708],[122.97150185105521,14.095136812500668],[122.97150018471535,14.095017215838816],[122.97141436822155,14.095116610366134],[122.97132855172767,14.095128731646902],[122.97123107085585,14.095072165663879],[122.97117358213649,14.09492832638698],[122.97105860469797,14.09483458838237],[122.97098695209117,14.094693173216438],[122.97093029654158,14.09445801980374],[122.97095445846695,14.094357816901393],[122.97092113167302,14.09422205806019],[122.97094862627777,14.094123471232093],[122.97101278035572,14.094090339583643],[122.97103360960175,14.094042662324899],[122.97096279016499,14.094003874039172],[122.97093862823945,14.093944883508735],[122.97094362725822,14.093700032240056],[122.97083364883862,14.093499625725508],[122.97081115325275,14.093387301029548],[122.97088447219858,14.092997800576667],[122.97096112382408,14.092901637499526],[122.97091279997287,14.092654360829137],[122.9709352955583,14.092352133423796],[122.97099111793767,14.092194554805097],[122.970940294577,14.092037784173812],[122.97082365079882,14.091975560748965],[122.97074283332384,14.091863235302833],[122.97076199623007,14.091741212633382],[122.97081865177938,14.091632119463146],[122.97104694031638,14.091475348445869],[122.97123440353103,14.09128140477023],[122.97139353897107,14.091189281466647],[122.97169931230361,14.091110895819627],[122.97189927306613,14.091096350026653],[122.97200425246639,14.09104867214258],[122.97208506994109,14.09093877054115],[122.97223837319227,14.090816747377641],[122.97231335847792,14.090542801097135],[122.97221754394576,14.090463607125736],[122.97207923775149,14.090276127410554],[122.9720367460893,14.09014359855356],[122.97197342518113,14.090091879954286],[122.97185428189347,14.09007733409601],[122.97179762634396,14.0899738968558],[122.971911770612,14.0894696396391],[122.97219838103825,14.089450245108855],[122.97247332708653,14.089302361759298],[122.97257497380735,14.089190034997928],[122.97264662641379,14.089034878517163],[122.97264079422452,14.08873587875145],[122.97272827705802,14.08866799766911],[122.97293407000916,14.088371421751019],[122.97305904548561,14.088344754142904],[122.9731665243956,14.088431221831241],[122.97333315836433,14.088424756958688],[122.97338481489447,14.088258286422343],[122.973374816856,14.087943931534678],[122.97348479527523,14.087770187645141],[122.97363726535657,14.08771846850843],[122.97393220748158,14.088026358822821],[122.97408551073282,14.088019085828268],[122.97430713391111,14.087889788105285],[122.97433046266661,14.087797663432847],[122.97428630466473,14.087640081670028],[122.97396386793491,14.0874178507937],[122.97399802789842,14.087252187636418],[122.97418299160363,14.087199660268952],[122.97428797100385,14.08712693004775],[122.97425714371944,14.08692570964798],[122.97395386989612,14.086798027534929],[122.9738897158181,14.086692972578454],[122.97385055683512,14.086435991789068],[122.97395803574476,14.086261438635255],[122.97413883360078,14.086158807783601],[122.97426047639784,14.086021427831074],[122.97438461870443,14.085951929706022],[122.97469955690539,14.085980213829671],[122.97508698088272,14.085946272881793],[122.97566686709388,14.085825055168652],[122.97605179156169,14.085801619737012],[122.97621925870031,14.08585980425385],[122.97637339512144,14.085866269199416],[122.9766500075093,14.08565615838126],[122.97719823326653,14.085677169472454],[122.97730987802571,14.085763638171063],[122.97740985840726,14.086044863244377],[122.97750483976947,14.086063449946886],[122.97759815479188,14.085991527481465],[122.97761315184886,14.08578222489671],[122.97755816263891,14.085559184093222],[122.97756982701662,14.085431501216414],[122.97764064645315,14.085265028497705],[122.97780561408194,14.085011278586297],[122.97778061898627,14.084714697918173],[122.9777056337001,14.084526405359435],[122.97761481818706,14.084428622467183],[122.97763731377272,14.08434376951034],[122.97795725099266,14.08424760278817],[122.97803723529752,14.084135273540054],[122.97801224020203,14.083994659870866],[122.97810888790383,14.083899301126554],[122.97810722156403,14.083800709840421],[122.97799724314447,14.08363261968058],[122.97789059740411,14.083306944643933],[122.97795058563233,14.082839846634533],[122.97812138545005,14.08261195417959],[122.97815554541351,14.082492350956148],[122.9780780606179,14.082350928144777],[122.97793642174439,14.082248295535303],[122.97792225785692,14.082086669285403],[122.97802557091724,14.081855543549477],[122.97815304590284,14.081426424867045],[122.97859129324033,14.081084583984198],[122.97881374958831,14.080775068038855],[122.97892122849758,14.080247354506673],[122.97912368876887,14.079601651298255],[122.97915784873192,14.079104644456617],[122.9794894503295,14.078829875982864],[122.97997629829874,14.078586079533153]]}},{"type":"Feature","properties":{"river_name":"Vinzons","name":null,"type":"River"},"geometry":{"type":"LineString","coordinates":[[122.84925615434072,14.196273822940219],[122.84982373837315,14.196532798619577],[122.84996626583197,14.196566496919061],[122.85028283314968,14.196503997647536],[122.85041465601459,14.196545508360066],[122.85055898761857,14.196681933962468],[122.85065352481908,14.196683333199095],[122.8506855183246,14.196652316787585],[122.85075239196735,14.196318248777363],[122.85083466098143,14.19628116894699],[122.85091380281095,14.196301691118162],[122.8509660027411,14.196349731647793],[122.85103119251563,14.196497118063345],[122.85110119334398,14.196888904271136],[122.85119140059645,14.196992447655756],[122.8512534631861,14.196992914067373],[122.85130085206261,14.196925517590675],[122.85130879030076,14.196798420374066],[122.8511966927547,14.196455840548621],[122.85119524943855,14.196350431267348],[122.85120679596663,14.196165265287249],[122.85125550788284,14.19608364295581],[122.85147934214518,14.196068950933267],[122.85183295457482,14.196293528892353],[122.85215866289421,14.196249452862352],[122.85228134475744,14.196248753242887],[122.85237660361602,14.1962855998723],[122.85244347725926,14.196387977500772],[122.85250866703393,14.196632610871953],[122.85279179753051,14.196958399613036],[122.85280623069099,14.197102987164616],[122.8527162639915,14.197277658131895],[122.85251564306242,14.197502468097023],[122.8524203842039,14.197548875935407],[122.8523826174342,14.197508298227842],[122.85231502213266,14.197140766476787],[122.85224935125284,14.197049816268615],[122.85215409239423,14.197009005265814],[122.85206147961507,14.197010404500196],[122.85201529350196,14.197090160852344],[122.85225993557104,14.197618837482823],[122.85214952189446,14.197898683457012],[122.8517848440424,14.198206746833435],[122.85174635561476,14.198271111271008],[122.85177642469905,14.19839494280067],[122.8519207563032,14.198688080445741],[122.85195226870364,14.198945071131774],[122.8520138501882,14.199156353637076],[122.85209323257045,14.199262694426144],[122.85229192907849,14.199338252325054],[122.85258636555038,14.199360173439425],[122.8527472952887,14.199423604736348],[122.85280406571961,14.199475842261561],[122.85288080202261,14.199734697677165],[122.85297221203858,14.199889311176205],[122.85313097680292,14.200013141821092],[122.85382160352772,14.20042894177754],[122.85425195226009,14.200586120025676],[122.85444872434675,14.200619234716978],[122.85500584433751,14.20055323853276],[122.85506742582184,14.20059894613996],[122.85510398982825,14.200698756596967],[122.85512227183185,14.201028037512135],[122.85515835473286,14.201147903108854],[122.85524543480065,14.201231389226356],[122.85547708702485,14.201307179669678],[122.85595867347631,14.201228124407555],[122.85615328058886,14.20127359867731],[122.85648379036454,14.201437083123048],[122.85686146765867,14.201518459972466],[122.85702865176661,14.201647653348841],[122.85713545715357,14.201784775479847],[122.85736350108786,14.2019622412439],[122.85760357265578,14.202100529187087],[122.85785206356728,14.202303413537571],[122.8579814809055,14.202369409212446],[122.85809430010913,14.2023673104105],[122.85821096815549,14.202284757513386],[122.85831921685812,14.202052956279514],[122.85844767198552,14.20202637141472],[122.85882726410375,14.202104260396618],[122.85898915605269,14.202099363186202],[122.85909187204403,14.201997454541301],[122.85937837027707,14.20143194234842],[122.85947916184696,14.2013423930717],[122.85955180875426,14.201326768584957],[122.85962782339898,14.201361981979208],[122.8597889936902,14.201610341193323],[122.85991575535301,14.201715058777719],[122.86005708004852,14.201776857009127],[122.86019348301016,14.201823253617562],[122.86037582193642,14.201840044074235],[122.86053987885951,14.201849372105263],[122.86069479478091,14.201821854413406],[122.86096180824785,14.20161803682798],[122.86147947759962,14.200946883344356],[122.86169212616221,14.200553471742877],[122.86182948173813,14.200204601131961],[122.86187687061457,14.200033896867115],[122.86188528995747,14.199474209849981],[122.86185594253129,14.199397252776894],[122.86177223020097,14.199318663254012],[122.86168370681722,14.199281350711273],[122.86150208954885,14.199126736797025],[122.86141452837566,14.198954399293209],[122.86157016595494,14.198740784560083],[122.86172339800756,14.198590601155491],[122.86176790025183,14.198469568183885],[122.8617688624625,14.198367891109521],[122.86172772795531,14.19824849045012],[122.86163992622949,14.198192054960206],[122.86148669417673,14.198168501301026],[122.86134440727048,14.198049566945725],[122.861328049688,14.197438336656814],[122.86124626177892,14.197141699309979],[122.8611613466851,14.19698265302527],[122.86101412844903,14.196798886797655],[122.8607117537387,14.196553787193341],[122.86019552770199,14.196331541556617],[122.86011085316099,14.196214238682698],[122.86011975360964,14.195997356469706],[122.86030906856305,14.195723804737396],[122.86033769433038,14.19504727000556],[122.86063982848714,14.19444932449316]]}},{"type":"Feature","properties":{"river_name":"Vinzons","name":null,"type":"River"},"geometry":{"type":"LineString","coordinates":[[122.85991574575701,14.201715069131826],[122.85987511154791,14.202170256130648],[122.8599472773501,14.202454760482857],[122.86005504494794,14.20269075890381],[122.86020226318405,14.202888512331977],[122.86085849087645,14.203168351794153],[122.86099801142689,14.203160889413173],[122.86105959291108,14.203117047919045],[122.86126454378808,14.202683296508368],[122.86149547435406,14.20250326610909],[122.86169946302068,14.202413717256238],[122.86186303883837,14.202393195639287],[122.86206991413738,14.202520056515793],[122.86218345499937,14.202770046858143],[122.86239129250984,14.203590908727177],[122.86245672283698,14.203728962476422],[122.86255775495974,14.203762543105514],[122.8626712958214,14.203712172160333],[122.86275597036212,14.203566656033257],[122.86280119426421,14.203173948582194],[122.86289837754387,14.203016305732165],[122.86302346493385,14.2029248914849],[122.8631928140156,14.202885713939189],[122.86340738700012,14.203001380960208],[122.86358828261056,14.20325696755477],[122.86382498644166,14.203942572505118],[122.8641473270242,14.204583867773115],[122.86427530104635,14.204614649900408],[122.86440038843627,14.204589464524119],[122.86444753676012,14.204510177209666],[122.8644494611814,14.204395443752428],[122.86453028687939,14.204228473820612],[122.86489592694214,14.203915987863356],[122.86503256086024,14.203746219192235],[122.86505276728464,14.203611896636845],[122.86500754338203,14.203541004144853],[122.86476987734083,14.203370302395266],[122.86473619996656,14.203287283465151],[122.86477180176203,14.203173482185763],[122.8648507030388,14.20315482623294],[122.86506912486604,14.203294745842541],[122.86523654952681,14.203550332105864],[122.86541744513737,14.203905727123727],[122.86552425052463,14.204350669705846],[122.8655069307324,14.204530698636175],[122.86552809936778,14.204651028774057],[122.8655858320094,14.204762963728667],[122.86575518109132,14.204837587001128],[122.86620838232729,14.204734047204795],[122.86638061804123,14.204737778369674],[122.86651725195958,14.204809603277836],[122.86655766480871,14.204877697000764],[122.86661635966108,14.205031607394922],[122.8665557403878,14.205297452374502],[122.86645663268655,14.205337562291563],[122.8660351844033,14.205314242572648],[122.86592549238443,14.205352486909467],[122.86590432374928,14.205456959211642],[122.86597841397274,14.20556143146569],[122.8663113388724,14.205717206969496],[122.86708591848034,14.206341240696485],[122.86717347965366,14.206608016921443],[122.86712344469835,14.207240443219035],[122.86712825575215,14.207575311295217],[122.8670753341645,14.207890590535165],[122.8669454357215,14.208352315256555],[122.8669704531998,14.208606030258059],[122.86707822079751,14.208776728058682],[122.86727162514684,14.20894929127823],[122.86756606161887,14.20911998882013],[122.86778544565664,14.209060291334161],[122.86786915798653,14.208763669216045],[122.86797788779467,14.208640542939703],[122.86810489960597,14.208606030259435],[122.86818668751488,14.208637744614704],[122.86834641449036,14.209171291335704],[122.86840414713242,14.209618089107872],[122.86841569366212,14.210932359694535],[122.86844359777234,14.211047089837676],[122.86850999031014,14.211132904215729],[122.86865528412471,14.211146895687467],[122.86874092087625,14.21108813150112],[122.86894779617451,14.210507950936476],[122.86908539230339,14.210416539715181],[122.86924415706766,14.210409077573226],[122.86935481129721,14.210450119352172],[122.8695203115366,14.210681445602846],[122.86951886822068,14.210785915444896],[122.86943178815316,14.21090577587378],[122.869257628018,14.211064345993362],[122.86908058125104,14.211440250009552],[122.86867356612856,14.2117695152969],[122.86864854865071,14.211887043300544],[122.8687312987703,14.211956067655311],[122.86891604322321,14.211938345188102],[122.86923549717272,14.211674373535581],[122.86939522414757,14.211633331979046],[122.8699061580254,14.211818951688322],[122.87012169322048,14.211837606927256],[122.87043826053814,14.21172194442304],[122.87060472298788,14.211709818512052],[122.87078561859805,14.211758322153038],[122.87089146177433,14.211891707111658],[122.87088472629966,14.212028823035952],[122.87076156333119,14.212182728566125],[122.87064706025892,14.212231232105369],[122.87061145846342,14.21233103743247],[122.87070190626874,14.21259500831926],[122.87092225251762,14.212879499566306],[122.87117723835127,14.213025009705383],[122.87126672394558,14.212997026993754],[122.87134273859012,14.212844054775248],[122.87145435503025,14.212733056576404],[122.87159098894854,14.212670561768299],[122.87173147170961,14.212668696251544],[122.87183057941091,14.212701342795722],[122.87189504752742,14.212783425514315],[122.8719268004804,14.212912146081152],[122.87174205602803,14.213436355168922],[122.8717459048709,14.213515639355828],[122.87179401540565,14.21362290615277],[122.87193160194938,14.213691940347681],[122.872218350321,14.213707320422866]]}},{"type":"Feature","properties":{"river_name":"Vinzons","name":null,"type":"River"},"geometry":{"type":"LineString","coordinates":[[122.88085678994761,14.196898329624638],[122.88134203208851,14.198392377588766],[122.88111879920862,14.199080795712776],[122.88086381337548,14.199385825838268],[122.88014215535665,14.19972816802747],[122.87944936365876,14.200206699975332],[122.87907506369962,14.200355016689358],[122.87880949354854,14.200387665009355],[122.87853622571191,14.2003438229778],[122.87819079207313,14.200097561197353],[122.87774336410094,14.19983357573368],[122.87704191250585,14.199466980568602],[122.87651654546778,14.199444593057798],[122.87586512882952,14.199732832081294],[122.87531570652449,14.200084501849599],[122.87513481091464,14.200297182505626],[122.87505302300602,14.20051732543053],[122.87512711322954,14.20068989494675],[122.87528299136183,14.200856867488701],[122.87540615433086,14.201244914931499],[122.87534168621487,14.201547143728943],[122.87518965692578,14.201828850454529],[122.87473741790096,14.202332563593185],[122.87458057755836,14.202580688542147],[122.87447088554002,14.203067609644252],[122.87457480429514,14.203413677453899],[122.87472490916336,14.203602102292349],[122.87490580477359,14.203724298514729],[122.87512230217942,14.203763475915775],[122.87544945381478,14.203763475916164],[122.87572560828336,14.203668330788554],[122.87605757097188,14.203376365587905],[122.8761913182578,14.203095593585886],[122.87625193753117,14.202831611618434],[122.87627310616607,14.202563898142675],[122.87615764088237,14.201983695725191],[122.87625482416193,14.201660013023178],[122.87643860640385,14.201389499747329],[122.87676575803903,14.201213199542115],[122.87711792715241,14.201210401125469],[122.87766446282568,14.201270100682773],[122.87820137639211,14.20142121511578],[122.87861320256869,14.201672139475635],[122.87883354881761,14.20204899189464],[122.87897499378975,14.202371741239915],[122.87900097347884,14.202716877313733],[122.87891437451695,14.203087198407658],[122.87876234522797,14.20347151084182],[122.87869595269055,14.203751349582452],[122.87873732775054,14.203973354737386],[122.8788816593546,14.204157115142225],[122.87913279634547,14.204353001704073],[122.87934640711953,14.204665487058737],[122.87949843640932,14.20504513286428],[122.87959080863646,14.205680361891034],[122.87953211378482,14.206203654948101],[122.87897691821763,14.208242714033494],[122.87882969998196,14.208490832503589],[122.8785198681394,14.208802379370105],[122.87750088701696,14.209460917142982],[122.87690142975593,14.209732353542368],[122.8765559961178,14.2100327054677],[122.87632121670923,14.210339586371079],[122.87628272828194,14.210722953723636],[122.87617977173838,14.211206126249964],[122.87601234707856,14.211752725585932],[122.8757275327141,14.212184594093038],[122.87552258183682,14.21235622195324],[122.87528202916381,14.212444834112517],[122.87469508064167,14.212561429005769],[122.87449878966058,14.212657503152975],[122.87406579485007,14.213595856272383],[122.87388489924001,14.213714316081171],[122.87363376224937,14.213717114343332],[122.87351252370179,14.213385053623545],[122.87322578491494,14.212926137444272],[122.87302756951223,14.2128198030746],[122.87274083072589,14.212761039322352],[122.87244062099002,14.212907482294408],[122.87225202769459,14.21315279737954],[122.87219140842129,14.213419565573366],[122.87221834073581,14.21370733079281],[122.87266096723994,14.214142449832766],[122.875686157658,14.215551834309643],[122.87611722804876,14.21608909570202],[122.8768716012331,14.217566557949569],[122.8776259744163,14.217999348093839],[122.87801085869313,14.21795457673856],[122.87828412652954,14.217745643628286],[122.87839959181237,14.217510593648255],[122.87844192908253,14.217238233841922],[122.8783418591703,14.217014376221098],[122.8783072195851,14.216768132582331],[122.87831876611311,14.216518157705163],[122.8784958128802,14.216215948902828],[122.87875368534546,14.216014476143755],[122.87906929045248,14.215928663618048],[122.87943493051556,14.215995821250374],[122.87985060553495,14.216242065730503],[122.88013541990033,14.216671127441108],[122.88032016435368,14.21705168584231],[122.88036635046717,14.217294198214786],[122.88030861782595,14.217570288906762],[122.88016621064376,14.217894881586384],[122.87974668678277,14.218592567722915],[122.87973898909745,14.218846271239022],[122.87997376850676,14.219178323940596],[122.88026243171463,14.219361139264986],[122.8828065167855,14.219786464143812],[122.88488874072355,14.219808849643934],[122.88525438078655,14.219704383969885],[122.8855892301072,14.219506645239974],[122.885854800258,14.219245480614498],[122.88607418429486,14.218353787690617],[122.88626662643267,14.217745643637866],[122.8866130222815,14.217380010230233],[122.88701715077201,14.217152421790477],[122.88747901190425,14.217100188346205],[122.88781771006808,14.217230771936055],[122.88801400104971,14.217618791300062],[122.88806018716343,14.218051581343493],[122.88799860567978,14.218670917378464],[122.88812176864892,14.219155938390342],[122.88827187351728,14.219473066951064],[122.88868369969389,14.219771540484563],[122.88894926984509,14.219883467958185],[122.88955738700265,14.219920777104385],[122.88970364302763,14.21973050039837],[122.88982295715276,14.219126090975553],[122.88973443376861,14.218667186445666],[122.8894149798183,14.218215742869024],[122.88907628165374,14.217365086408066],[122.88901085132603,14.216820366116723],[122.88903394438219,14.216383842744518],[122.88914556082189,14.21585404401577],[122.88911861892176,14.215186197370935],[122.88886459529752,14.213835574107128],[122.88884150224054,14.213499782541216],[122.88891847909547,14.213044597622842],[122.88915710734666,14.212589411788745],[122.890026945812,14.212171535463327],[122.89062736528413,14.212343163334392],[122.89123548244237,14.212955052943675],[122.8914587153237,14.213649023301846],[122.89162806440642,14.214439997672875],[122.89188978571525,14.214954875730218],[122.89222848387918,14.215163811419453],[122.89286739177908,14.215342898999891],[122.89361406727642,14.215484676567456],[122.8942760682331,14.215842851077653],[122.8944993011141,14.216201025020105],[122.8947533247375,14.216775594534466]]}},{"type":"Feature","properties":{"river_name":"Vinzons","name":null,"type":"River"},"geometry":{"type":"LineString","coordinates":[[122.9143862716931,14.207959149776896],[122.91172864575957,14.206586096562772],[122.91138706096368,14.20643591836201],[122.91078423596454,14.206044148673948],[122.90988360675544,14.205016216412218],[122.90913091744109,14.204727867514727],[122.90758849370144,14.204794795271706],[122.90648171085336,14.20537965442536],[122.90596885255455,14.205607254708132],[122.90516348220544,14.20581899738826],[122.9044649172435,14.206442098048708],[122.90311589785387,14.2072844005554],[122.90270491361183,14.207195436581477],[122.90224305247953,14.20718237764609],[122.90168352696239,14.207536717583029],[122.90137994948893,14.207483898930219],[122.901009979478,14.207718842730815],[122.90073430611477,14.207784137242289],[122.90054354784489,14.20767896642984],[122.8998264603265,14.207722807039572],[122.89942666178379,14.207643987211835],[122.89894026427852,14.20730025782117],[122.89846493219571,14.206563593142752],[122.89782482153274,14.206531412104242],[122.89744775521716,14.206020012824702],[122.89697410700369,14.205855376057013],[122.89646569892919,14.205934662899711],[122.89642179806641,14.205978037455132],[122.89656877574991,14.206176021207746],[122.89689111633213,14.206427173492935],[122.89685911324618,14.206574330532115],[122.89669386314037,14.206635417469238],[122.89664936089619,14.206900094587207],[122.89635227834513,14.207065430180158],[122.89628179641142,14.206684388588801],[122.89607323724378,14.206518819520912],[122.89589282273917,14.206679957868374],[122.89565443504047,14.20696678850701],[122.89527508347501,14.206956294709098],[122.89518415456509,14.207391203906893],[122.89478507768037,14.207343398914816],[122.89465854697445,14.2074406412528],[122.89478603989174,14.207976989129708],[122.89446754815302,14.208377150456316],[122.89437397316345,14.208577697242],[122.89471122801119,14.208645789831595],[122.8948822609618,14.20873253789519],[122.89500782945743,14.208970861704744],[122.89490583512413,14.209038954175494],[122.89462703457608,14.209082794522262],[122.89453875174519,14.209217813410191],[122.89485676237935,14.209500909746689],[122.89501456493309,14.209708917702232],[122.89500710780057,14.210028624623998],[122.89478700210462,14.209992479808406],[122.89447572694544,14.209740631902198],[122.89429723686202,14.209764883934739],[122.89373987631893,14.210175302555783],[122.89335210541041,14.210538848883091],[122.89332756903809,14.2108615861214],[122.89342980392442,14.211136285518057],[122.8938856512399,14.211135119562613],[122.8939367686831,14.211325986477684],[122.89382190478194,14.211534225945819],[122.89323206962783,14.211770098302782],[122.89251498210965,14.21200200617853],[122.89234274639605,14.212256649847452],[122.8921984147927,14.212671960930777],[122.89248419136878,14.213151398269156],[122.89303625975403,14.213600520068372],[122.89395517096527,14.213765384389632],[122.8946751451162,14.214076224429705],[122.89493879084598,14.214211473526003],[122.8951812679406,14.214385898103126],[122.89559982959221,14.214767393099612],[122.89576725425307,14.215122770500077],[122.89585096658386,14.215579816729552],[122.8953332972321,14.216219679898394],[122.89475331516181,14.2167756049201],[122.89419788861623,14.217189731395168],[122.89331650362243,14.217413588841252],[122.89297010777366,14.217850110225354],[122.8929932008306,14.218193357218004],[122.89310866611406,14.218514218066183],[122.89337038742264,14.218782845403062],[122.89404778375021,14.218969391977629],[122.89450964488258,14.219044010564591],[122.89527941343681,14.219443219584518],[122.89609151926184,14.220111053658284],[122.89700754384107,14.220275213688094],[122.89774267281003,14.220342370030004],[122.89912055852112,14.220114784573],[122.89984798980413,14.21975288591372],[122.90049074654591,14.219211902301174],[122.90078710743852,14.21860749149232],[122.90072167711044,14.217656100834468],[122.90052923497069,14.216536812582978],[122.90052923496953,14.215507062499242],[122.90108346832741,14.21465639585101],[122.9019917952206,14.2143728395915],[122.90303868045395,14.214462383713444],[122.90348899505807,14.214641471849035],[122.90368913488246,14.214988454707413],[122.90387387933588,14.215458559666288],[122.90388542586676,14.217779222207698],[122.90463979905061,14.218794038215364],[122.90605617319035,14.219495452501095],[122.90779585012206,14.219525299871256],[122.90958171316568,14.218420944630576],[122.91133678546643,14.216600239078268],[122.91499675750889,14.216089031222026]]}},{"type":"Feature","properties":{"river_name":"Vinzons","name":null,"type":"River"},"geometry":{"type":"LineString","coordinates":[[122.89585095700788,14.215579827115006],[122.89608382157144,14.215663763896053],[122.8962127578044,14.21587083343966],[122.89642251973547,14.215995821270782],[122.89668616546517,14.216066709860906],[122.89709799164154,14.216102154147956],[122.89737318389999,14.216521888698406],[122.89737318390054,14.21702743461126],[122.89756177719651,14.217296063714233],[122.89791779515274,14.217389337634037],[122.89869911023457,14.217066609710226],[122.89923793864759,14.216678599787926],[122.90052922539512,14.215507072887455]]}},{"type":"Feature","properties":{"river_name":"Vinzons","name":null,"type":"River"},"geometry":{"type":"LineString","coordinates":[[122.88449230034077,14.21979393636023],[122.88478458141712,14.220269617310757],[122.88477303488924,14.220666025989365],[122.88463832539259,14.220896409066599],[122.88459165817422,14.221136119144838],[122.88466478618702,14.221276493994948],[122.8848216265299,14.221276027633646],[122.88528444987256,14.22097755608732],[122.88555146333965,14.220982686070679],[122.88566789083353,14.221079689364583],[122.8857193691059,14.221325461946646],[122.88570782257769,14.221465370318018],[122.88582328786097,14.22168362720459],[122.88652377724533,14.221993290460535],[122.88688268183388,14.22219569061232],[122.88746000824936,14.222333733008616],[122.88789492748194,14.222049253655786],[122.88835486419258,14.221824468078053],[122.88858387033733,14.221841257050405],[122.88864833845403,14.222108947714617],[122.88854441969987,14.222667646023682],[122.88858194591785,14.223534138666613],[122.88868971351573,14.223873646180873],[122.88904958031482,14.224042467035602],[122.88951432807904,14.223925878061854],[122.88994058741554,14.223727210311623],[122.89043997476497,14.223861520923398],[122.89078252177195,14.224361454163981],[122.89135407492336,14.22454146716884],[122.89209497715683,14.224932272110134],[122.8924673526955,14.225550656590356],[122.89291766730007,14.226110279096037],[122.89348248497654,14.226248319101591],[122.89456497200501,14.225891093781925],[122.89536072024725,14.225674706368682],[122.89567103319486,14.225055855875008],[122.89554017253987,14.2242994289304],[122.89570086172445,14.22348936841547],[122.8959635452432,14.223205823231774],[122.8965399094478,14.22312560972772],[122.8970171659516,14.22355372566259],[122.89777635018777,14.223524811540976],[122.8979909231717,14.223111618998958],[122.8983709963946,14.22259769223269],[122.89956317544183,14.222148121944691],[122.90127783489525,14.221910278382218],[122.90196581553997,14.221714407024365],[122.90234011549894,14.221445783171214],[122.9029145552817,14.22094864165647],[122.9033090616651,14.220517722610916],[122.9035399922307,14.220036435432986],[122.90424433045554,14.21826144692631]]}},{"type":"Feature","properties":{"river_name":"Vinzons","name":null,"type":"River"},"geometry":{"type":"LineString","coordinates":[[122.8873965023294,14.209347585365734],[122.88775540691785,14.209551395991548],[122.88791248781361,14.209779225272138],[122.88791802052549,14.210220425232519],[122.88785836346281,14.210366636657433],[122.88786473810869,14.21046935770572],[122.88791765969688,14.210516695653304],[122.8879479693338,14.210612770669108],[122.88794652601796,14.210809584408967],[122.88797876007622,14.21088280653867],[122.88822520628986,14.210882689943233],[122.88827680483831,14.210946467798117],[122.88830879834394,14.211056534108607],[122.88829123799881,14.21114374763009],[122.88823879751622,14.211194350112399],[122.888020375689,14.21117138078399],[122.88797226515436,14.211196332236737],[122.8879676946537,14.21126698913956],[122.88800449921273,14.211323421369574],[122.88810673409884,14.211381019540323],[122.88813656263038,14.211464035501384],[122.88810553133563,14.211522100017763],[122.8879734679182,14.21160091849396],[122.88794436104492,14.211745263502229],[122.88812501610259,14.211958166391817],[122.88813848705239,14.212050043370938],[122.88812453499739,14.212096914607296],[122.88806920788265,14.212119300865956],[122.88793233341167,14.21213165994519],[122.88787556298084,14.212168503989105],[122.88785583766168,14.212218873052166],[122.88794484215086,14.212320077524733],[122.8881425764482,14.212396330634462],[122.88817601326986,14.212454861291317],[122.88815604739806,14.212518288918234],[122.88803504940364,14.212649574721791],[122.88804948256423,14.212828431102615],[122.88810841796919,14.21290981420698],[122.8883285236652,14.213032471781913],[122.88836845540906,14.213108491462156],[122.88829220021178,14.21322788428246],[122.88798260892165,14.213280118621185],[122.88793930944055,14.213328155547348],[122.88793546059779,14.213391816118303],[122.88796937852483,14.213460840013868],[122.88820776622391,14.213589793384147],[122.88839130791364,14.213782057359191],[122.88887373629959,14.213874866351594]]}},{"type":"Feature","properties":{"river_name":"Vinzons","name":null,"type":"River"},"geometry":{"type":"LineString","coordinates":[[122.88278546842264,14.215761585608089],[122.88281686054658,14.215799245213244],[122.88298163912759,14.21580985519394],[122.88301242986977,14.21584786457054],[122.88301387318594,14.215930878892257],[122.88297273867884,14.215971686482998],[122.8828202282842,14.216017157789596],[122.88275624127326,14.2161188269347],[122.88285751394878,14.216240316839643],[122.88288445584854,14.216563045943602],[122.88283742780118,14.216742482193377],[122.88287387153119,14.216833191302559],[122.88321617798525,14.21702801755711],[122.88347813984625,14.217087013385827],[122.88358109639043,14.2171525383789],[122.8837711330026,14.217559212643911],[122.88391161576385,14.21769166144401],[122.8841052606658,14.217805921790296],[122.88414134356682,14.217889401761772],[122.88424550287438,14.218003428823913],[122.88449351268048,14.218140774227482],[122.88478530307295,14.218141706963737],[122.88488320801075,14.218063123950783],[122.88486420434943,14.217905025105823],[122.88488224579982,14.2178399666995],[122.88493011578173,14.217809419556067],[122.88503499674727,14.217847195412425],[122.88508503170331,14.217904558737645],[122.88517980945677,14.218124684533429],[122.88523273104501,14.218341545542147],[122.88530922679512,14.218384451351572],[122.88537080827948,14.218392379598122],[122.8857143174965,14.218286980534327],[122.88612037040859,14.218208397572223]]}},{"type":"Feature","properties":{"river_name":"Vinzons","name":null,"type":"River"},"geometry":{"type":"LineString","coordinates":[[122.9163964828131,14.195476731524154],[122.91860845219624,14.19417052376605],[122.9190395225853,14.193155597347602],[122.91980929113866,14.192737685148531],[122.92046744325195,14.192539922857376],[122.92116408379346,14.192834700551016],[122.92156436344239,14.193700374596718],[122.92186457317896,14.194200374478147],[122.9225958533055,14.194551120005627],[122.92361964548193,14.194431717335366],[122.92464343765803,14.193983956757972],[122.92534392704184,14.193819777658227],[122.92643699838817,14.193745150756301],[122.92849997811189,14.193275000703084],[122.93453496357267,14.192200368347715],[122.93595164183292,14.1941625338216]]}},{"type":"Feature","properties":{"river_name":"Vinzons","name":null,"type":"River"},"geometry":{"type":"LineString","coordinates":[[122.87202013492616,14.22019838025046],[122.87208700856897,14.219931620052696],[122.87202831371643,14.21966392681045],[122.87203986024464,14.219600501187484],[122.87221113374765,14.2193444666905],[122.87222749132931,14.219247462652293],[122.87221305816877,14.219137400327718],[122.87209229114445,14.219069321270226],[122.87208508414655,14.21902850386474],[122.87210625278178,14.218996091417107],[122.87223542956721,14.218952719357716],[122.87225731986025,14.218779464219688],[122.8722450516738,14.218662172980888],[122.8720162860816,14.218526693362653],[122.87199078749813,14.218375357170169],[122.8721793807936,14.218173186782982],[122.87220584158757,14.218118854917996],[122.87220872821939,14.217898729116655],[122.87224625443638,14.217851159529788],[122.87292124523678,14.21771218166049],[122.87340619942556,14.217499983741648],[122.87357939735,14.21737126578599],[122.87362558346311,14.217305974041318],[122.87364386546618,14.21720896912862],[122.87359767935273,14.21701869014047],[122.87351108039026,14.21685919145346],[122.87352647576117,14.216737935066536],[122.87356785082095,14.216715549264975],[122.87380647907273,14.216815352613725],[122.87390077572059,14.216818150837934],[122.87397775257594,14.216778975697629],[122.87402105205696,14.216693163461668],[122.87404029627064,14.216491691127427],[122.87410235886026,14.216452515930564],[122.87443817039188,14.216505215896708],[122.87456710662454,14.216415206213425],[122.87466525211488,14.216190415034214],[122.8748827117313,14.216149374297114],[122.87503666544214,14.216200675217838],[122.87528010474742,14.216353645166643],[122.87557646564085,14.21649169112928],[122.87620911917153,14.216922617848583],[122.87664403840462,14.217114762398316]]}},{"type":"Feature","properties":{"river_name":"Vinzons","name":null,"type":"River"},"geometry":{"type":"LineString","coordinates":[[122.87802048080249,14.219476448086525],[122.87816673682772,14.21945266346045],[122.8785184248354,14.219141131262443],[122.87852612252075,14.218999355988105],[122.87847753088079,14.218965777620596],[122.87823745931297,14.218917275525152],[122.87819800867456,14.218847786928356],[122.87819175430496,14.218779697410145],[122.87829302698012,14.218609123749815],[122.87845780556114,14.21862148247479],[122.87858265239853,14.218710092179904],[122.87885447691907,14.218641769437097],[122.87894107588141,14.218652262692604],[122.87898894586341,14.218715921765012],[122.87899062973229,14.218902701577173],[122.87902358544854,14.218972423340198],[122.87918932624045,14.219123992316227],[122.87929565052198,14.219124691865247],[122.87933919055575,14.21908388484347],[122.87946211297144,14.218800567317553],[122.87974500291486,14.218701464395771]]}},{"type":"Feature","properties":{"river_name":"Vinzons","name":null,"type":"River"},"geometry":{"type":"LineString","coordinates":[[122.87763418328424,14.224626139670388],[122.87770168837817,14.224648145775781],[122.87779595495687,14.224610108731577],[122.87788330564618,14.224508968053945],[122.87798704398638,14.22446961936318],[122.8782248904419,14.22449964095787],[122.87833434190811,14.22448069529209],[122.87836140408378,14.22440520408449],[122.87825225330818,14.224231778241602],[122.87821376488021,14.22400501282121],[122.8782585678155,14.223938265629782],[122.87836230615574,14.223897750949483],[122.87847296038538,14.223930978817549],[122.87864435416509,14.224104113419028],[122.87894895398733,14.224051065458006],[122.87919792600398,14.224113440532495],[122.8792947484549,14.224060975518086],[122.87932331408452,14.22381060064223],[122.87945110769184,14.223594619298456],[122.8794622332529,14.223505720034881],[122.87942795449686,14.223415946316791],[122.87929775536249,14.223312181844848],[122.87926528075151,14.223242811188225],[122.8792896367096,14.223158866835849],[122.87950072168015,14.223082209292615],[122.87962641045173,14.223067052665119],[122.87968835276504,14.223032075828291],[122.8797109045781,14.22296270508578],[122.8796564795356,14.222784323078569],[122.87955995777553,14.22273244070353],[122.87928933601825,14.22269775528861],[122.87919852738408,14.222640626358784],[122.87916845829987,14.222541525119833],[122.87922949854057,14.222431639283611],[122.87934857211368,14.222358770662606],[122.8796285152869,14.222316798326503],[122.87971691839415,14.222263166996466],[122.87975931580274,14.22218884094731],[122.87975390336743,14.222076040190625],[122.87970007970677,14.221970234778507],[122.87965196917207,14.22189649158318],[122.87952958799954,14.221830326719378],[122.8794667436137,14.221744632990452],[122.87944028281944,14.221636787095031],[122.87948117677382,14.221532438855425],[122.87956206261005,14.221464233555539],[122.879931611654,14.22139602823542],[122.88004707693703,14.221352598341223],[122.88011473237616,14.22125932605681],[122.88014810905943,14.221144193027639],[122.88011533375763,14.221047714418706],[122.87996378557341,14.220840474729743],[122.87993040888983,14.220726507393703],[122.87995777175627,14.220550746913874],[122.88002422443206,14.220438819770974],[122.88010360681413,14.220379649930926],[122.88021636587962,14.22034554710974],[122.88035257883075,14.220351376652365],[122.88044459022827,14.220409380591857],[122.88057960041627,14.220622450211447],[122.88077955982591,14.220812201509492],[122.88104597191143,14.220873120095456],[122.8812498403017,14.220752448814418],[122.8812826156032,14.220597674685479],[122.88126277000742,14.22034161216976],[122.88088991336384,14.220028856990064],[122.88088119332937,14.219923050619924],[122.88106611819626,14.219489622906648]]}},{"type":"Feature","properties":{"river_name":"Vinzons","name":null,"type":"River"},"geometry":{"type":"LineString","coordinates":[[122.88082130506127,14.229116360891274],[122.88099295379371,14.22912618663811],[122.88113486809998,14.229082298300028],[122.88120379790587,14.229014828151557],[122.88146802882801,14.228455414687872],[122.88163629864775,14.227825909122231],[122.88183565445888,14.227687692785294],[122.88213435028449,14.22755799207009],[122.88231478418813,14.227399468872402],[122.88239925698933,14.227236360176752],[122.88245467114642,14.22665008497711],[122.88253171034101,14.226417539644281],[122.88265132382773,14.226312075344158],[122.88284594916206,14.226263601053219],[122.88312369573308,14.22628587302644],[122.88340955169299,14.226262945995815],[122.88366432166184,14.226080184723216],[122.88391909163057,14.225820126313401],[122.88403397464023,14.225580374466295],[122.88412655682978,14.224857187025924],[122.88453202627596,14.224380301288734],[122.88461312016506,14.224224396117876],[122.88468880779479,14.223920446231805],[122.88482464005924,14.223704929793499],[122.8850963045884,14.22359160343826],[122.88525376189008,14.223465175703062],[122.88530444557064,14.223222801090417],[122.88540243402012,14.223089822476389],[122.8856227390861,14.223002043447131],[122.88597211859259,14.222934571483762],[122.88611538446366,14.222821244742153],[122.88628365428347,14.222309636027527],[122.88652376766966,14.22199330084489]]}},{"type":"Feature","properties":{"river_name":"Vinzons","name":null,"type":"River"},"geometry":{"type":"LineString","coordinates":[[122.87646183272531,14.228006703818087],[122.87658854192749,14.22806107321121],[122.87683620660573,14.228232379849441],[122.87692305422122,14.228233352045148],[122.87699536293917,14.228187170849882],[122.8771524823498,14.228181602903915],[122.87750861968068,14.228398752703487],[122.87768094419555,14.228421679517984],[122.87791713014838,14.228519937267402],[122.8780756011238,14.22852091984486],[122.87815162664498,14.22847735891497],[122.87819284937198,14.228377791043517],[122.87828407999741,14.228271345079847],[122.878364160213,14.22813967954151],[122.87839085361809,14.228022752618488],[122.87844795723178,14.227999825763797],[122.8789605381908,14.228064348478298],[122.87910853453887,14.228152125541865],[122.87914908148353,14.228083181246856],[122.87920855033569,14.228074338034164],[122.87930214619972,14.228150979200077],[122.87934978885968,14.228130672568994],[122.87937073811432,14.227964452898732],[122.87981286875679,14.227880278556546],[122.87983263539225,14.227829348151085],[122.87981033457255,14.227713239884743],[122.87984074478099,14.227670743261822],[122.87999516106194,14.227728060478],[122.8801220392097,14.227711356605266],[122.88017137132572,14.227732154564503],[122.88020769463044,14.227815018855319],[122.88024807262947,14.227837454438742],[122.88046009936092,14.227764252198872],[122.88051314828014,14.227789963055555],[122.88050470100023,14.227942754264149],[122.88053950379442,14.227956510380801],[122.88063276176702,14.227860708837156],[122.88069290640165,14.227852684432564],[122.88072720235904,14.227880851729319],[122.88074832055945,14.227967318757786],[122.88068412123056,14.228157939135361],[122.88071605194958,14.228203137758053],[122.88088297020522,14.22828305414142],[122.88094210116621,14.228287967032967],[122.88097589028672,14.228255541947235],[122.88097589028665,14.228148440873285],[122.88101626828562,14.228097674291469],[122.8811622372864,14.228060172519035],[122.881241979611,14.228104224819077],[122.88119230960386,14.228241785849098],[122.88120244634007,14.22828256285265],[122.88153510023193,14.22823605414158]]}},{"type":"Feature","properties":{"river_name":"Vinzons","name":null,"type":"River"},"geometry":{"type":"LineString","coordinates":[[122.87842565641328,14.228934175092219],[122.87842667008682,14.228881443535522],[122.87849864091355,14.228825764238753],[122.8787023893106,14.228900767523903],[122.87876422340116,14.228853931414498],[122.8788402489224,14.228842468029653],[122.87891695022618,14.228887666515483],[122.87893688580739,14.229003937940897],[122.87910583141016,14.229028502319077],[122.87921277397689,14.22917359585739],[122.87929251630145,14.229173432095081],[122.87932199730892,14.228969465926406],[122.87937589095615,14.228945065304634],[122.8795794704076,14.228980929305182],[122.87961461109296,14.228931145485923],[122.87957338836556,14.228721365521478],[122.87962187575359,14.22870580806131],[122.87971614740005,14.228769511760202],[122.87975500488875,14.228888730973472],[122.87979284870384,14.228918699529578],[122.87999017716788,14.228963406712616],[122.88006265483146,14.228901831982446],[122.88011046643706,14.228910020112494],[122.88020237284505,14.229009260224533],[122.88025626649238,14.229009751512164],[122.88031016013964,14.228971431078227],[122.88033921878322,14.228904124659204],[122.88040544545947,14.228906253573088],[122.88044075509055,14.228937695990068],[122.8804415998187,14.229061500464233],[122.88048349832826,14.229104242469374],[122.880532492553,14.229082953349119],[122.88060834912855,14.228962915425692],[122.88070515495895,14.22893491202656],[122.88082129548751,14.229116371277229]]}},{"type":"Feature","properties":{"river_name":"Vinzons","name":null,"type":"River"},"geometry":{"type":"LineString","coordinates":[[122.88036016803956,14.230345558476724],[122.88039024035683,14.23031526258679],[122.88046170434681,14.230313952494264],[122.88065599179009,14.230377983262922],[122.8807359030602,14.230352108939337],[122.88073717015214,14.230276942374633],[122.88062727103733,14.230082884787887],[122.88064425007023,14.229987247907522],[122.88081099938003,14.229778451495697],[122.88110496472878,14.229654974938835],[122.88113807806678,14.229590780203436],[122.88112861711295,14.22949678073647],[122.88108874595062,14.229432258431599],[122.88100942598999,14.22936470650631],[122.88080804283136,14.22929215981001],[122.88076107595373,14.22920487447658],[122.88082128591373,14.229116381663179]]}},{"type":"Feature","properties":{"river_name":"Vinzons","name":null,"type":"River"},"geometry":{"type":"LineString","coordinates":[[122.89444617659993,14.21397839030131],[122.89443266095202,14.214219137090762],[122.89392007999379,14.21485719672937],[122.89377546255815,14.215124473743398],[122.8937241030954,14.215544058713057]]}},{"type":"Feature","properties":{"river_name":"Vinzons - Tinago","name":null,"type":"River"},"geometry":{"type":"LineString","coordinates":[[122.90229032089587,14.175795985237826],[122.90213218781162,14.175799916462136],[122.90199567976472,14.175930957239414],[122.9011414907974,14.1762441443898],[122.90094551389828,14.176414497051846],[122.90100768588042,14.176683129836354],[122.90139153029001,14.176706717090513],[122.90153885085572,14.17677223722693],[122.90151587425393,14.176987143140947],[122.90153479616178,14.17724398164919],[122.90199703133136,14.177553235794136],[122.9028660875123,14.177732760253337],[122.90358511999766,14.177592547733337],[122.9044339027057,14.177254464850913],[122.90479071581909,14.177520475844531],[122.90501777870934,14.177608272508074],[122.90512049763572,14.1775021302692],[122.90505562252395,14.17719549685526],[122.90517996648748,14.177101148029285],[122.90537999808124,14.177158805650155],[122.90543946693374,14.177465439113691],[122.90547866231417,14.178039392943974],[122.90563679539859,14.178212365046518],[122.90604361641039,14.178452167061618],[122.90611660091092,14.178534721794941],[122.90617336663358,14.178664450600806],[122.90606253831898,14.179369440187314],[122.90588818645718,14.179687864133184],[122.9059273818372,14.179860834978275],[122.90604496797688,14.179951251503994],[122.90647746872025,14.180100635250387],[122.90664100806391,14.180297192661017],[122.90672345351825,14.1804570592293],[122.90695997736293,14.181147629093866],[122.90710324323425,14.181321909201811],[122.90728569489559,14.182025590523128],[122.90819125291827,14.18317084254819],[122.908210174826,14.183356914381434],[122.90806420582557,14.183760506283413],[122.90731543891465,14.184295133410247],[122.90705593846945,14.184934587730305],[122.90697214145173,14.186127007976594],[122.90678832863706,14.187209353230388],[122.9068477974896,14.187513352420481],[122.9071343292321,14.187675834579316],[122.90740734532629,14.187698110350352],[122.90768576767948,14.187540869569427],[122.9085440113416,14.187468800842575],[122.9089156916678,14.187538248890274],[122.9102902330918,14.187225077340623],[122.9108808669194,14.187429490620513],[122.91100115618882,14.187711213748173],[122.91086059344785,14.18818293540994],[122.9098482713964,14.18864155274984],[122.90953335679325,14.189050376568233],[122.90966310701674,14.189561405304694],[122.9098807089533,14.18968457616135],[122.91037099849153,14.189738553696186]]}},{"type":"Feature","properties":{"river_name":"Labo","name":null,"type":"River"},"geometry":{"type":"LineString","coordinates":[[122.80182394612474,14.180208414125973],[122.80146916035879,14.180122911639474],[122.80114309534495,14.179761900786877],[122.8009633372235,14.17962627587152],[122.80080689359534,14.179664604659934],[122.8005696939692,14.179860834851862],[122.80034803733825,14.179783849737985],[122.80019260738345,14.179579757161221],[122.79994121632626,14.179343887501716],[122.79983342903141,14.179075913063295],[122.79987397597583,14.178870509459232],[122.79975470038,14.178633328670417],[122.79948134639419,14.178225796459465],[122.79906202340749,14.17767248185943],[122.7988738180055,14.177240050326574],[122.79869912825161,14.176670353283528],[122.79850923339401,14.176597953499117],[122.79782838261465,14.176519329272127],[122.79756313801822,14.176454136663596],[122.79743473935993,14.176316216561203],[122.79751583324907,14.176158312683334],[122.79774593715983,14.175916215030666],[122.79791386908856,14.175554869880155],[122.79805645917695,14.175150280565227],[122.79834636983013,14.174082292348364],[122.79853085842838,14.17404789387152],[122.79889611882192,14.174305390916597],[122.79909006837413,14.174487538776992],[122.79926644758342,14.174493108044029],[122.79933503949798,14.174310960188402],[122.79945499087515,14.173570245909026],[122.7996972588693,14.173341249718295],[122.79989965570132,14.173276056196986],[122.80009428103556,14.173102425118815],[122.80025984772604,14.17288260143101],[122.8004071682914,14.172600859880287],[122.80067984649428,14.172594307747369],[122.80086703822234,14.172718798247042],[122.801158976224,14.172757783416067],[122.80121912085843,14.172639517463614],[122.80107720655158,14.172159900891025],[122.80128636120729,14.171708785198117],[122.80147625606453,14.171440801740285],[122.80181718829083,14.171281584035045],[122.80283424081944,14.171112210346095],[122.8030038622047,14.171165282966887],[122.803124151474,14.171294688378739],[122.80321977468539,14.171480114738918],[122.80331573578782,14.171512875564288],[122.80347116574227,14.171426386975574],[122.80357016786539,14.171316965759166],[122.80362591991407,14.171081087508217],[122.80361612106873,14.170727924890661],[122.80366883209658,14.170561499273736],[122.80404727024671,14.170451422421078],[122.8044412513922,14.170189662071294],[122.80452335895492,14.169992113071448],[122.80449565187591,14.169859103200123],[122.80441388220413,14.16981520337318],[122.80430035075902,14.169828307799863],[122.80404693235499,14.169934781239373],[122.80387933831699,14.169901037354416],[122.80365734379481,14.169807340715819],[122.80350123805775,14.169694970220737],[122.80334580810286,14.169379480749445],[122.80310793269378,14.169065301286535],[122.80284640490008,14.168594522695392],[122.80274672699433,14.168466426194316],[122.80258217397709,14.168366504320938],[122.80221860303978,14.168233493496448],[122.8014134082966,14.168025459168563],[122.80088055386555,14.1681437275252],[122.80043724060378,14.168125053577617],[122.80012942171544,14.168170264183248],[122.79961379010082,14.168301974886615],[122.79885523397934,14.168268548076755]]}},{"type":"Feature","properties":{"river_name":"Labo River","name":null,"type":"River"},"geometry":{"type":"LineString","coordinates":[[122.81956458592632,14.12849875674826],[122.81981732854833,14.12873271318026],[122.81986615382783,14.128982889014562],[122.81985196239731,14.129080370682969],[122.81949227720946,14.129487171883513],[122.81922872206951,14.12985416066341],[122.81920236655569,14.130058297916255],[122.81928514990132,14.13031813848861],[122.81958823831346,14.130956761787498],[122.81982510004892,14.131231018652239],[122.8198521313456,14.131433844006109],[122.8196277715852,14.131610455919537],[122.81947808578136,14.131836545182134],[122.81937131216083,14.132162244391749],[122.81918885091001,14.132409958971376],[122.81912093477794,14.13265537963169],[122.81853908612295,14.133564646125857],[122.81850698645869,14.133796631374086],[122.81859517606367,14.134090544548249],[122.81868268988669,14.134830732231054],[122.81893340516174,14.135328121273607],[122.81923615568218,14.135496538661078],[122.819345632433,14.135719675124102],[122.81921013805976,14.135935930517904],[122.81902564946164,14.136067321952108],[122.81879723500693,14.136303564215366],[122.81870194968721,14.136577814635116],[122.81870330125234,14.136834043521969],[122.81876378377848,14.137143352688941],[122.81898746775686,14.137392372475603],[122.81921486853844,14.137567669135699],[122.81985348291738,14.137955287252312],[122.81996025653854,14.13814631098373],[122.81993660415448,14.13843726963493],[122.81997005538409,14.138640416220356],[122.82003425471319,14.138707913271553],[122.82010960445223,14.138901557612957],[122.82003155158476,14.139816369260101],[122.82004337777711,14.139989698129638],[122.82022077066019,14.140123380797236],[122.82026807542918,14.140316040973808],[122.82023192107026,14.1403760015056],[122.81983253366526,14.14039566069244],[122.8194368630637,14.140499854356426],[122.81936793325788,14.140620102960067],[122.81936288071363,14.141007120573644]]}},{"type":"Feature","properties":{"river_name":"Paracale","name":null,"type":"River"},"geometry":{"type":"LineString","coordinates":[[122.80088528084795,14.27559242074079],[122.80189591705815,14.277771407286338],[122.80315016921419,14.278567774610984],[122.80576679871106,14.279322225269109],[122.80634027657185,14.279198040687275]]}},{"type":"Feature","properties":{"river_name":"Daet River","name":null,"type":"River"},"geometry":{"type":"LineString","coordinates":[[122.99305373217425,14.08057733749734],[122.99423440358117,14.081229224850906],[122.9959427815196,14.08391404020044],[122.99683965595294,14.085051139434611]]}},{"type":"Feature","properties":{"river_name":"Daet River","name":null,"type":"River"},"geometry":{"type":"LineString","coordinates":[[122.99346637686871,14.079167742429354],[122.99329101133287,14.079042545282315],[122.99304046500309,14.078247115733339],[122.99255559112258,14.07788692649301],[122.99219506120612,14.07777975451637],[122.99198996124443,14.077787292607837],[122.9917257303217,14.077849563790434],[122.99150812838542,14.077970828676593],[122.99133208706746,14.078125195506246],[122.99125133106955,14.078310697758226],[122.99127126665095,14.078580101820785],[122.99149968110622,14.078795755939023],[122.99151657566658,14.07888949003627],[122.99139628639763,14.079116942545733],[122.99140912626358,14.07925721573848],[122.99161828091994,14.079332268416318],[122.99168281814033,14.079428296478827],[122.99180479686561,14.079529240610277],[122.9919872581167,14.0795538211552],[122.99211768412208,14.079621991185498],[122.99220114325003,14.079745549313376],[122.99259444861346,14.079855670029229],[122.99281306422348,14.079880578279171],[122.99301546105578,14.079964807472075],[122.99305372255836,14.08057734784486]]}},{"type":"Feature","properties":{"river_name":"Daet River","name":null,"type":"River"},"geometry":{"type":"LineString","coordinates":[[122.9975328975257,14.077149175883195],[122.99743913271614,14.077129183496517],[122.9974007820643,14.077154747531447],[122.99740635726927,14.077260281081498],[122.99734080637549,14.077332712464877],[122.99724636578357,14.077343528008765],[122.99711627766935,14.077302396164383],[122.99696439557259,14.07737974368982],[122.99680034939223,14.077391870206105],[122.99679612575224,14.077516740513984],[122.99657109020943,14.077559838779978],[122.99654220051143,14.07758818858565],[122.99651871707287,14.077810398501528],[122.99645232145103,14.077888729084007],[122.99613200058815,14.077837765046562],[122.996050399862,14.077885287782355],[122.99609043997016,14.078126834225085],[122.99606712547701,14.078185336276219],[122.99589294256062,14.078272188033026],[122.99591507443489,14.078544869561272],[122.99583465632809,14.078702513421215],[122.9958643907543,14.078784448856497],[122.99609550833921,14.079021078228736],[122.99613470371919,14.079156435363203],[122.99607574170393,14.079245908679168],[122.99594834710392,14.079305404014754],[122.99593298266973,14.079391753386398],[122.99601796230795,14.079440095150991],[122.99627154965778,14.079439111929089],[122.99632916010837,14.07948630659126],[122.99638102640868,14.079666727761811],[122.9963406484098,14.079811588979897],[122.9961556433599,14.080016436867204],[122.99599008628434,14.080142114740749],[122.99598197689545,14.080199960796554],[122.99599768883662,14.080268786113002],[122.99605715768884,14.080330565010398],[122.99629064051209,14.080496401119273],[122.99632848432722,14.080593411909662],[122.99630652139895,14.080638476029636],[122.99621495288227,14.080667808670137],[122.99593906471287,14.08061635364412],[122.99579157520164,14.080634543160729],[122.99553324563114,14.081191520701779]]}},{"type":"Feature","properties":{"river_name":"Daet River","name":null,"type":"River"},"geometry":{"type":"LineString","coordinates":[[123.00054131187683,14.079092525835557],[123.00047981567741,14.079085643269341],[123.00042406362856,14.079123988992327],[123.00036831157975,14.079241320309965],[123.0003142393728,14.079272793797198],[123.00018466770959,14.07929425047941],[123.00013989712494,14.079393064354656],[122.99985505483866,14.0794197752287],[122.99986789470462,14.079555132126925],[122.99979541704106,14.07960838996433],[122.999707396382,14.07958757844151],[122.99955129064487,14.07945664606207],[122.99945769478087,14.079428624228859],[122.99935632741924,14.079464511838921],[122.9992716856723,14.079540056059214],[122.99908111503284,14.079955794629434],[122.99882938608485,14.080112454296247],[122.99863813966255,14.080148833408359],[122.9984980837579,14.080214381343753],[122.99846142256216,14.080281404088355],[122.9984761208297,14.08034711585561],[122.99854454379887,14.080401684465986],[122.99864422170452,14.08040397864164],[122.99868797861569,14.080457564020541],[122.99867243562035,14.080536057565043],[122.99862310350441,14.080597180911857],[122.9984441901111,14.080680262753708],[122.99838184918379,14.080775143163518],[122.99839283064814,14.080916726292566],[122.99837188139347,14.080956054923933],[122.99822202664379,14.080958512962972],[122.99815968571637,14.08098719008537],[122.99812995129054,14.081175803526856],[122.99805358787818,14.081302965932872],[122.99797502817296,14.081367202585259],[122.9978516978829,14.081362778122376],[122.99780794097173,14.08129706664727],[122.99775151314013,14.08105765385625],[122.99772025820353,14.081014720119034],[122.99768072493248,14.08101111499565],[122.9975986173696,14.081058637071314],[122.99758070913576,14.081113860988305],[122.99754928525404,14.081507310526824],[122.99744470792606,14.081598913216634],[122.9972784654529,14.081632834060098],[122.99701693765952,14.081378837281987],[122.99694277053986,14.081340164199343],[122.99687958488443,14.08135868139638],[122.99685238464242,14.081386047516792],[122.99685863562983,14.08148518822507],[122.99702758123287,14.081694776456956],[122.9970375490235,14.081834392592153],[122.99690120992226,14.081965815214032],[122.99635308475956,14.082322906485489]]}},{"type":"Feature","properties":{"river_name":"Daet River","name":null,"type":"River"},"geometry":{"type":"LineString","coordinates":[[122.98299968994863,14.088030182306237],[122.98304158845795,14.087865662583],[122.98342813599639,14.087197095157507],[122.98347544076476,14.086847079665594],[122.98372345290926,14.086406609969675],[122.98376467563595,14.086090021850742],[122.98384306639544,14.08594123183792],[122.98395389471081,14.08585077795021],[122.98406066833175,14.085816038404168],[122.98446884090806,14.085810139235921],[122.98458710282996,14.085749836613543],[122.98467225141367,14.085620710292256],[122.98467022406636,14.08555778576401],[122.98454520432001,14.08528970086063],[122.98455669262073,14.085034724951644],[122.98459994269496,14.084939026979203],[122.98523382659597,14.084414653816046],[122.98537101042537,14.084341896944593],[122.98561564365829,14.084371392976719],[122.98595015595218,14.08471158026884],[122.98605287487874,14.084767950368544],[122.98618262510166,14.08478564795525],[122.98632926988489,14.08477122769983],[122.98672392681272,14.084512318410859],[122.98690706384612,14.08448806613348],[122.98739903344148,14.08455754562515],[122.9876092017714,14.084560167492588],[122.9877342215174,14.084530671485293],[122.98782680370768,14.084448082644279],[122.98788829990681,14.08416688708041],[122.98810455027811,14.083950582565096],[122.98818834729683,14.0836818403059],[122.98831066391317,14.083609738670491],[122.98864787933633,14.083569755026804],[122.98879790303154,14.083508796343047],[122.9892141849963,14.083065042852827],[122.98942232597882,14.082945747085178],[122.98956829497956,14.082903796910413],[122.98992240496307,14.08289920860998],[122.99016568663102,14.082849392766523],[122.99041775347025,14.082745828214755],[122.99064211323065,14.082608179054159],[122.99083673856485,14.08242923502125],[122.99105974676017,14.08205561515969],[122.9911962548071,14.081987445855992],[122.99134222380795,14.082020875036566],[122.99144359116971,14.082134272023952],[122.99147264981369,14.08231780460086],[122.99139696218415,14.082827106729107],[122.99131316516532,14.08302964741423],[122.99129694638778,14.083238087155156],[122.9913192375925,14.083407208851842],[122.99139696218487,14.083507485406551],[122.99154157962087,14.083566477682085],[122.99170849787649,14.083557956576799],[122.99195853736848,14.083449148586556],[122.9925991790937,14.082947058031841],[122.99460760441849,14.081818988935353]]}},{"type":"Feature","properties":{"river_name":"San Lorenzo Ruiz","name":null,"type":"Major River"},"geometry":{"type":"LineString","coordinates":[[122.86989027092,14.025681347379393],[122.87043427576178,14.026468436377067],[122.87126582601863,14.026347799839098],[122.87154999252263,14.026445817032172],[122.87202270231937,14.026548751430864],[122.8724748007525,14.026594973550575],[122.87354692954844,14.027199466224307],[122.87398416076887,14.027541705404573],[122.87441801307715,14.027801662601657],[122.87502959615935,14.027919348045922],[122.8755979291671,14.027900662618096],[122.876172682108,14.028019331454646],[122.8768570807457,14.028688399626784],[122.87737641952867,14.028766747021985],[122.87799002995808,14.028783957220885],[122.87837319858512,14.02874527525032],[122.88003055494879,14.029014409847477],[122.88067694082555,14.029428683097702],[122.88077543611234,14.029807388018769],[122.8805826691801,14.030293778294665],[122.88022686974091,14.030533572008515],[122.88010700283587,14.03068887231494],[122.8805184698517,14.030902358844866],[122.88091397150802,14.03101102791986],[122.88120455794503,14.031198207411952],[122.88179248864282,14.031276553949667],[122.88207935827627,14.031245903738936],[122.88288691825741,14.031002177049281],[122.88335489757733,14.03116411518924],[122.8836100054378,14.031421445803272],[122.88415586868061,14.031546177290483],[122.88478941469046,14.031001685336383],[122.88491087689837,14.030855820035953],[122.88504832382642,14.030692560189635],[122.88532184675708,14.030459158954418],[122.88578627821902,14.03035819317834]]}},{"type":"Feature","properties":{"river_name":"San Lorenzo Ruiz - Basud","name":null,"type":"Major River"},"geometry":{"type":"LineString","coordinates":[[122.88532928036265,14.02956734769134],[122.88578626853871,14.030358203425614],[122.88624226240204,14.031319169214903],[122.88688155256357,14.031876444962577],[122.88683492357775,14.03238323690684],[122.88675180234155,14.03271628973487],[122.88609223870873,14.033148995441609],[122.88627267261275,14.033382393938924],[122.88663286463789,14.033377804645346],[122.88728769779402,14.03314047245972],[122.88742082692953,14.033582355946809],[122.8887744190995,14.033988835555151],[122.88949007267347,14.034502834542787],[122.88999690948167,14.034295661621053],[122.89033615225159,14.03393441978048],[122.89041758403181,14.03359677943263],[122.89033074599166,14.033330272670776],[122.89062673868746,14.033054914805861],[122.89094570798535,14.032866753408081],[122.89154174807142,14.032401921975652],[122.89166609203478,14.032123284910341],[122.89204926066223,14.032417656765153],[122.89217765932081,14.032835939507306],[122.8920566942697,14.033289624627818],[122.89203304188585,14.03383378334246],[122.89219387810041,14.03448808331565],[122.89218441714722,14.035024371880649],[122.89143227132419,14.035560003582756],[122.89118493496213,14.035986147862113],[122.8909794971097,14.036462772909761],[122.8915654004606,14.036890226718285],[122.89171204524453,14.03751239348941],[122.89223104613573,14.036968243508994],[122.893084559321,14.036928251713462],[122.89343055991573,14.037143945091337],[122.89353665775482,14.037621223332746],[122.89382859575645,14.03762253453568],[122.894057010211,14.037263264745592],[122.89394820924213,14.036599138631859],[122.89544709463064,14.03713738906703],[122.89567415752158,14.037880841301863],[122.89567213017494,14.038449901876419],[122.89585932190315,14.038721319671346],[122.89661214350895,14.038466947448981],[122.89681352666719,14.038207330146665],[122.89681149931924,14.037510426690645],[122.89699733948187,14.03712493261759],[122.89735009790047,14.03710723134398],[122.89760554365218,14.037349148637809],[122.89782246980653,14.037676293840194],[122.89806439990981,14.037769389183367],[122.89850636160648,14.037565497221642],[122.89905509692386,14.037123621414606],[122.89931527315223,14.037180003241954],[122.89955314856137,14.037567464027248],[122.8997538559377,14.037748409956485],[122.89997551256842,14.037605488908744],[122.90008363775377,14.037184592460743],[122.90012283313293,14.036593893805398],[122.9004519391671,14.036553901943899],[122.90065534967312,14.03683122241658],[122.90087970943377,14.036921695689875],[122.90162644899787,14.036719114182057],[122.90203664892063,14.035999259994176],[122.90212517641598,14.03554230220061],[122.90242049332922,14.035156804817179],[122.90273067745588,14.035084032279498],[122.90310100621723,14.035120746356075],[122.90328346746846,14.035286615234131],[122.90330103781145,14.035543613416493],[122.90304221314837,14.035928454543242],[122.90296787708367,14.036410324549175],[122.9029712559961,14.036742715922047],[122.9032665729104,14.037280310416284],[122.90346930763403,14.037570086437702],[122.90361257350571,14.038048019391699],[122.90379638632199,14.0384282671205],[122.90398492961472,14.038506283387044],[122.90434714898706,14.03840991034877],[122.9045911064373,14.038226998143717],[122.9046417901177,14.037846094480539],[122.90479248959515,14.037585820873389],[122.90495670472112,14.037621223346363],[122.90521350203731,14.037619912144066],[122.90558720971057,14.037509115497897],[122.90626028899229,14.037601555308159],[122.90690566119439,14.037159679570763],[122.906958372222,14.036720425396165],[122.90716245850982,14.036406390925585],[122.90753549040066,14.036274614328873],[122.90812004218633,14.036258879805454],[122.90880258242181,14.036463428535631],[122.90926684493846,14.036648964565497],[122.909678396427,14.036756483609643],[122.91003318219265,14.036608317109959],[122.91036431557423,14.036685022788292],[122.91076978502124,14.036964309912097],[122.91111646139862,14.037365538705215],[122.91155504418366,14.037530750357371],[122.91190509947265,14.037547140396113],[122.9129140426124,14.037414053252341],[122.91311812890055,14.037417331262006],[122.91349521548611,14.037494692271293],[122.91383580982149,14.037678916263841],[122.91379796600684,14.03802638460032],[122.91335600431026,14.038373196810301],[122.91313096876766,14.038668216235687],[122.91326680103268,14.038913409869457],[122.91346750840896,14.03909107675045],[122.91376282532252,14.03907403122577],[122.91406963053691,14.038779012322983],[122.91440617017739,14.038539063335389],[122.91472446369293,14.038417777549501],[122.91500626495849,14.038468914267561],[122.91518940199207,14.03860724558797],[122.91521102703001,14.039340859108343],[122.91528806622503,14.039518525657723],[122.91564082464402,14.03979715373295],[122.91589356726585,14.039839767408921],[122.91617063805428,14.039736183383814],[122.91633890787443,14.03953032638431],[122.91644838462459,14.039083209588757],[122.91644297836507,14.038869484829833],[122.91647879483259,14.03864723709306],[122.91659097471262,14.03844072351621],[122.91674370153743,14.038341072453962],[122.9169342721774,14.038350906442536],[122.91769047269572,14.03853512974725],[122.91820068841628,14.03868657299344],[122.918858900485,14.038939633778625],[122.91914272909774,14.038984214406343],[122.91931099891809,14.038957334911673],[122.91942453036302,14.038853094889667],[122.91948940547437,14.038691162182683],[122.91948264764946,14.037983114993919],[122.91950697581613,14.037846094498276],[122.91981378103036,14.03741733126999],[122.9199570469014,14.037331447407746],[122.92026452789833,14.037224584236647],[122.92100383385562,14.036738782320661],[122.92121332640298,14.036635196893704],[122.92138429935301,14.036613561957],[122.92152959257139,14.036657487433008],[122.92165866701201,14.036742060340535],[122.92173165151267,14.036902027614955],[122.92173097573047,14.037128210660656],[122.92166474905429,14.037216717008999],[122.92112547469038,14.0374232316884],[122.92110452543575,14.037518949540464],[122.92131063907148,14.037812003263898],[122.92186207751955,14.038365985229746],[122.92202629264573,14.038588233239528],[122.92251488332923,14.038748854823778],[122.92317512274498,14.038820315003152],[122.92327716588905,14.038795402282988],[122.92336501760242,14.038737709657312],[122.92350220143165,14.038487926644192],[122.92367249859905,14.038286657719036],[122.92421244874502,14.037807414062048],[122.9247091488166,14.037250808337722],[122.9250112235541,14.036957098294046],[122.9257931038032,14.036379511150553],[122.92581878353462,14.036225443959214],[122.92533222019792,14.035600651265586],[122.9252017941923,14.035351520440663],[122.92512272764978,14.035028961180956],[122.92534438428036,14.034750982918537],[122.92619587011835,14.034660508789635]]}},{"type":"Feature","properties":{"river_name":"Basud River","name":null,"type":"Major River"},"geometry":{"type":"LineString","coordinates":[[122.89242668512014,14.015452632817514],[122.89255981425529,14.015616548926618],[122.89293352192875,14.015663428912708],[122.89339710866244,14.015329695660128],[122.89364849971899,14.014984815600226],[122.89374648816838,14.014746808716707],[122.89367282788508,14.014288497245541],[122.89380798436703,14.01401901754155],[122.89393165254805,14.013828217851845],[122.89421683272552,14.013756094216763],[122.89440740336543,14.013748226182674],[122.8947452945714,14.014108188477357],[122.8948513924102,14.014347507358933],[122.89494397460085,14.014615675343464],[122.89502642005574,14.015304780389918],[122.8949730332456,14.015590650192074],[122.89444119248842,14.015977491788115],[122.89439659084934,14.016085676185723],[122.89448444256294,14.016210907758241],[122.89474934926838,14.0164469461386],[122.89500884971434,14.016558408622865],[122.89511494755307,14.016687573904372],[122.895117650683,14.016926234436049],[122.89518049844739,14.017037041027193],[122.8953616081337,14.017198989025811],[122.89548865522704,14.017218658815562],[122.89570422981606,14.01710129571293],[122.89592791379411,14.017037041028091],[122.8960536093226,14.017105885333017],[122.89619282049952,14.017280290812872],[122.89632865276447,14.017535342196956],[122.89658477429863,14.017848746851591],[122.89677939963298,14.017838256326378],[122.8970071383057,14.017920869201506],[122.89718419329742,14.017871694875021],[122.89732948651564,14.017751053815767],[122.8974349085715,14.017507148871578],[122.89761736982231,14.017292092684349],[122.89783294441133,14.017142602289251],[122.8980721713849,14.017129489092307],[122.8982235466451,14.017242918223658],[122.89824517168248,14.017424535848763],[122.89802689396389,14.017645492837568],[122.89788971013466,14.01786186000927],[122.89769913949519,14.018322131314289],[122.89781402250534,14.018534563913205],[122.89813637071566,14.018775189490098],[122.89844385171287,14.018857146373083],[122.8986526684779,14.018834198449147],[122.89891757518319,14.01892730144192],[122.89923992339355,14.01917120487726],[122.89950618166414,14.019697694473008],[122.89966972100827,14.020295648812649],[122.90000626064922,14.020479230973043],[122.900290089262,14.020564465497731],[122.90071718374588,14.020577578499195],[122.90164165408447,14.020670680785386],[122.90241745229248,14.020665435588157],[122.90259450728436,14.020832626220594],[122.90291347658332,14.021637106500842],[122.90318243798306,14.021738076117005],[122.90337030549358,14.021903299029123],[122.90336489923445,14.02205147503143],[122.90287698433367,14.022151133173272],[122.90243367107243,14.022583858815382],[122.90238366317419,14.02278710845667],[122.9025309837401,14.023020517500255],[122.90271614812094,14.023204097480134],[122.90330002412497,14.023927925683337],[122.90351897762626,14.023929236964506],[122.90371765765492,14.023757459102624],[122.90364467315435,14.023617151898334],[122.9037271186083,14.023419148127806],[122.90441911979751,14.023576502132471],[122.90458536227058,14.023497825144236],[122.90484080802182,14.023281463287235],[122.90566931725729,14.02270843120143],[122.90649039288657,14.022508459713926],[122.90684179974052,14.02264024422306],[122.90704115555206,14.022865130050912],[122.90726754265998,14.023025107007182],[122.9075898908701,14.023003470786438],[122.90790548125597,14.022841526885065],[122.90841704854103,14.022722855370906],[122.90887016064791,14.022851689361133],[122.90914452830697,14.02301822275747],[122.90910938762173,14.023138861047524],[122.90853193155203,14.023676487437905],[122.90734897444281,14.025132989676141],[122.90726044694739,14.025552924795873],[122.90748886140284,14.0261062807511],[122.90783621356273,14.026599972792976],[122.90802205372592,14.026730443686377],[122.90846604276996,14.026603906590584],[122.90942092331689,14.026574403113633],[122.90990748665327,14.026864520483937],[122.91028795215189,14.027969585657903],[122.91052582756066,14.02799122141087],[122.91126310617068,14.027462783959319],[122.911536798047,14.027334280375253],[122.91204093172618,14.02770733395002],[122.9124132878349,14.027843704877089],[122.9128647104854,14.027764373723459],[122.91308298820367,14.027220856235113],[122.91356617262731,14.026891729217148],[122.91479812396265,14.026731099326902],[122.91539078513723,14.02673241059249],[122.91586383282528,14.02693237839914],[122.91645108774097,14.027292647826844],[122.91650515033405,14.027454916401256],[122.91644838461195,14.027846327398912],[122.91652745115465,14.028411479118226],[122.91701198714377,14.028665862500745],[122.91736339399766,14.028806822243354],[122.91757288654505,14.0287045444858],[122.91784387529155,14.028373452713716],[122.91812635233921,14.0281643073679],[122.91830070420114,14.028065307466889],[122.9185372280452,14.02812431403596],[122.91860953676331,14.02828953234786],[122.91851019674924,14.028657994979486],[122.91834395427651,14.029009410745491],[122.91840409891132,14.029213965943592],[122.91867238452868,14.02933394535015],[122.91890079898396,14.02956538085835],[122.9189974358691,14.0299023715203],[122.9188528184334,14.030167898832826],[122.9182513720879,14.030542259039462],[122.91808039913819,14.030906784328065],[122.91811148512939,14.031165754280073],[122.91826150882478,14.031252296072417],[122.91861223989592,14.031035285911042],[122.91894810375412,14.030887115713197],[122.91928667074212,14.030900883744913],[122.91955022588255,14.030985458776545],[122.91966848780473,14.031161164943553],[122.91961239786485,14.031428657655415],[122.91937925293371,14.032048216781948],[122.91936844041554,14.032435686241987],[122.91946237417093,14.032616636222473],[122.91962861664405,14.032636960305746],[122.91979891381145,14.032426507616508],[122.9199604258073,14.03201543591842],[122.92016316053032,14.031725652874998],[122.92035778586455,14.031546669047634],[122.92066661842627,14.031377519368226],[122.92100248228458,14.031342771550742],[122.92121805687388,14.031479795934375],[122.92204926924039,14.032182618279482],[122.92214725769026,14.032404872285163],[122.9220979255745,14.032612702531912],[122.92197898787023,14.032716289776861],[122.92175868280424,14.032753659847199],[122.92143565881166,14.032711700468885],[122.92126536164416,14.03284675718898],[122.92126603742682,14.033061798793048],[122.92134510396909,14.033211934427614],[122.92201074964419,14.033331256128905],[122.92253177788349,14.033599401922148],[122.9228493956169,14.033719379033796],[122.92322715798474,14.033725935158731],[122.9235312600698,14.033770516800653],[122.92401038979966,14.03410094516833],[122.92428137854668,14.034197320019343],[122.92448951952923,14.034099633946164],[122.9245266875616,14.0338931162714],[122.9246361643119,14.03365119533012],[122.92481389508586,14.033423042013428],[122.92515854411528,14.033188987944175],[122.92549913845033,14.033048686510941],[122.92585662734585,14.033048686511366],[122.92618032712092,14.033143750576638],[122.92631007734401,14.03331617702146],[122.92631953829807,14.033543674831769],[122.92600124478274,14.03388459331751],[122.9259694830099,14.034316641208894],[122.9263999564065,14.034968972977438],[122.92634994850859,14.035404952470685],[122.92663580446877,14.03568424115427],[122.9270757388183,14.035546563677416],[122.92743525506101,14.035498704344926],[122.92816577584745,14.035458056685309],[122.92860233128508,14.035469857620269],[122.92924770348804,14.035765536390905],[122.9299140249455,14.035768158818101],[122.93060061987504,14.035654083242457],[122.93171326867224,14.035518459644827]]}},{"type":"Feature","properties":{"river_name":"Basud","name":null,"type":"Major River"},"geometry":{"type":"LineString","coordinates":[[122.92056525102971,13.999226325977315],[122.92081731786922,13.999390253667523],[122.92091530631913,13.999609916588804],[122.9208578648145,13.999899084472286],[122.92053821973472,14.00055151407432],[122.92060377062894,14.000905595696256],[122.92059836436988,14.001095750416116],[122.92071662629195,14.001206564645958],[122.92231823060662,14.001375080859246],[122.92258584044181,14.001724571285315],[122.92270680549352,14.001824238251317],[122.92270410236408,14.002009802289633],[122.9226277389517,14.00208520812802],[122.9218985697302,14.002222905681382],[122.92179517502139,14.002319293920127],[122.92162555363628,14.002407157993572],[122.92124035766228,14.002755991148108],[122.92127955304228,14.002900901006079],[122.9214883698074,14.00294483293615],[122.92165663962784,14.003017615667257],[122.92180531175883,14.003541519509676],[122.92184518292136,14.003785439289008],[122.92178301093972,14.003953297911316],[122.92160190125368,14.004144105805587],[122.92159041295291,14.004317865434137],[122.92172962412971,14.00440966292089],[122.92208778880776,14.004507361634575],[122.92227768366537,14.004593913480301],[122.92239526980492,14.004627353957485],[122.9225824615328,14.00460047043734],[122.92292508321438,14.003772325330253],[122.9230764584743,14.003591352605424],[122.92344881458271,14.003414313932613],[122.92367047121354,14.003385463173199],[122.92407864378994,14.003425460816814],[122.92428813633745,14.003498899094518],[122.92446519132928,14.003616924848613],[122.92449898045011,14.003827403959253],[122.92441991390822,14.004038538574195],[122.9242874605557,14.004121156414053],[122.924085401615,14.004338192026601],[122.92422596435695,14.004709971587914],[122.92440369513123,14.00485225743381],[122.92473347694786,14.004821439770032],[122.9248889069023,14.004719151323346],[122.92519165742246,14.004631288134247],[122.9254376422201,14.004649647609742],[122.92559374795697,14.00448637936826],[122.92568565436463,14.004250984390001],[122.92591812351394,14.00413164756816],[122.92616951457086,14.0040949285338],[122.92646550726695,14.004129680477822],[122.92665878103665,14.004224756523481],[122.92674866009749,14.004346716082889],[122.92692976978363,14.004363108492047],[122.9270338402749,14.004251640088254],[122.92699734802451,14.004070667740795],[122.92688854705617,14.003953953614918],[122.92679055860636,14.003783472200936],[122.92672838662429,14.003548076502245],[122.92651889407668,14.003450377380775],[122.92644996427059,14.00324120932375],[122.92652362455318,14.003070071681043],[122.92670338267449,14.00302023847397],[122.92697977768084,14.003184163457615],[122.92718994601091,14.003392675867644],[122.92730955949793,14.003593975404613],[122.92733659079512,14.004237870458512],[122.92744809489348,14.00469816907526],[122.92769272812642,14.00488635357199],[122.92786167372934,14.004936186374712],[122.92799547864676,14.004898156079197],[122.92810765852683,14.0047466905289],[122.92807792410063,14.004656860263468],[122.92787316202977,14.004414252801576],[122.92788600189536,14.004213609680301],[122.92805292015085,14.004121812115573],[122.92819077976279,14.004184103324498],[122.92834688549989,14.004329012281815],[122.92851650688549,14.004677186823464],[122.92867261262265,14.004852913133846],[122.92928622305226,14.005080439164841],[122.92954166880378,14.005201742576208],[122.92970655971226,14.005325668697786],[122.92983090367615,14.005570897968589],[122.92983766150057,14.00578334236575],[122.92990794287152,14.00598529549948],[122.93014379093331,14.00626134154132],[122.9302877325871,14.006488866176698],[122.9302890841521,14.006658689892966],[122.93023164264734,14.006814744007949],[122.92989172409479,14.007025220188074],[122.92958221575076,14.007294708099888],[122.92949301247273,14.007524198773256],[122.92958829779316,14.0079543292466],[122.92979508721126,14.008227750180685],[122.93036206865482,14.008790983165412],[122.93069658094856,14.008979164308967],[122.93130816403107,14.009396834100892],[122.93154739100474,14.009507644326435],[122.93217789599407,14.009272910177215],[122.93240360731959,14.009452567062409],[122.93268811171528,14.009962686940703],[122.93272527974823,14.010292493919339],[122.93258674435415,14.010498377160689],[122.93166227401618,14.010966531359218],[122.93155685196028,14.01114553124199],[122.93193055963438,14.011848415879681],[122.93238265806762,14.012007089166682],[122.93283340493679,14.012824058154179],[122.93307803816982,14.01304305255736],[122.93342201141725,14.013166974447707],[122.93378828548448,14.013489564451076],[122.93404508280116,14.013849527151244],[122.93461003689748,14.014456020405987],[122.93455462273997,14.014650753575756],[122.93411603995561,14.015070380046366],[122.9340099421172,14.015207414149549],[122.93402683667763,14.015364773784526],[122.93423565344284,14.015491317079634],[122.93526351849009,14.01534772649743],[122.93577035529826,14.015187088524257],[122.93603796513284,14.014972030163305],[122.93612446528115,14.014644852574916],[122.93633260626348,14.014385863973027],[122.93656777854261,14.014396354656546],[122.93686850171575,14.014550436511655],[122.93706312705052,14.014857288578368],[122.93724761564891,14.0149995681369],[122.93753685052087,14.015024483442517],[122.93795853874524,14.014784509600787],[122.93840590670125,14.01460288988726],[122.93860053203575,14.014762216936793],[122.93849240685091,14.01554639290109],[122.93865256728252,14.015712931599012],[122.93888030595515,14.015756861078149],[122.9391452126605,14.01595552712416],[122.93924995893445,14.016177141190198],[122.9394256623614,14.016198778055193],[122.9395195961164,14.016048631284871],[122.93959933844062,14.015809969840735],[122.94009739007748,14.015637530236809],[122.94048326183429,14.015701785314171],[122.94086778202654,14.015974541359192],[122.94107051675013,14.016168617578405],[122.94117255989445,14.016396132396533],[122.94101172368086,14.016602665825484],[122.94058125028494,14.016632826246678],[122.94019470274594,14.016778383008358],[122.93996561250876,14.01695410005741],[122.93984126854535,14.017205873505409],[122.93981491303151,14.017422241091705],[122.93995615155579,14.017687127192549],[122.94022038247864,14.017767117489905],[122.940602199541,14.017814980523614],[122.94103402450196,14.018014956103043],[122.941206349017,14.018219521105298],[122.94116107159634,14.019028600127825],[122.94135164223664,14.019338068821675],[122.94146314633487,14.019672943638248]]}},{"type":"Feature","properties":{"river_name":"Basud","name":null,"type":"Major River"},"geometry":{"type":"LineString","coordinates":[[122.93429208124323,13.987038794477938],[122.93434986063953,13.987166500927845],[122.93435813897423,13.987296994223136],[122.93430188008864,13.98742027425311],[122.9341023553319,13.987611915551351],[122.93405082692327,13.987786999164321],[122.934085460772,13.987922738053532],[122.93431184787998,13.988145526709133],[122.9344221693587,13.988212084573249],[122.93443450238779,13.988302413072162],[122.93427045620773,13.988541267026086],[122.93416672360802,13.988919465607253],[122.93422619246053,13.989188482945272],[122.93438415659936,13.989381598183565],[122.93437925717693,13.989472909831361],[122.93432823560495,13.989512582026036],[122.93420625687972,13.989508647593663],[122.93398814810645,13.98943077860831],[122.9336774571431,13.989627664138272],[122.93358774702814,13.989719467491827],[122.93358234076926,13.99007012317866],[122.9334900964703,13.99020700825949],[122.9332753666092,13.990245040985823],[122.93310912413615,13.990394057082218],[122.93308445807834,13.990577991008859],[122.93297903602246,13.990857006363518],[122.93279556109822,13.991169955615197],[122.93264992998873,13.991335856250515],[122.93201266717531,13.991599297032725],[122.93188883004863,13.991788967652095],[122.93197921594658,13.992221422637018],[122.93197887805557,13.99237355217293],[122.9317171813172,13.99272076123211],[122.93163253957047,13.992942561645696],[122.93164892729412,13.993106821681135],[122.93171718131786,13.9932971467851],[122.9318665292309,13.993506979619857],[122.93219445264614,13.993717959785068],[122.93223297224374,13.99382500714513],[122.93211690661506,13.994189098941295],[122.932108459335,13.994313768692178],[122.93215559515825,13.994415488011548],[122.93232758178205,13.994514502422804],[122.93251764558532,13.994683843196047],[122.93255177259724,13.99480998805678],[122.93247127001776,13.994980640058268],[122.93214689446086,13.995435547512301],[122.93213422354071,13.99553570899665],[122.93222866413277,13.995618657754362],[122.93284041616066,13.995803407153105],[122.93358394575898,13.996159955040032],[122.93375643921952,13.996211920823884],[122.93390173243782,13.996125365821442],[122.93402869505778,13.995568167211978],[122.93410970447421,13.995489316696611],[122.93422365828324,13.995452186455056],[122.93438990075643,13.995480136593589],[122.93454127601666,13.995560790346376],[122.93466561998052,13.995773735789037],[122.93497479043396,13.996120939713759],[122.9351004859627,13.996325852076607],[122.93523057407712,13.99662322057263],[122.9354593264235,13.996795346593727],[122.93615909911065,13.997142876834245],[122.93617126319423,13.997293035963937],[122.93602157739058,13.997680891951743],[122.93587011765781,13.997869082195113],[122.93583751115665,13.998005798703943],[122.9358594740851,13.998079402642098],[122.93599327900247,13.998087762998987],[122.93650890098216,13.997952521897409],[122.93666095202461,13.997947604037822],[122.93681013099197,13.998017765493975],[122.93684780586156,13.99816267833994],[122.93682212613056,13.998845111701606],[122.93690355791131,13.998996908998388],[122.93694613220347,13.999199851663915],[122.93681469252493,13.999586720868882],[122.93683969647444,13.999873593799641],[122.93701202098953,14.000097846218603],[122.9371292692379,14.000193907494905],[122.93727050776246,14.000706342907586],[122.93733876178607,14.000794207598112],[122.93753811759741,14.000818796591538],[122.93775842266338,14.000745357457697],[122.9378587763515,14.000770274309513],[122.9379287198311,14.00082732077569],[122.93795879214849,14.000896497793173],[122.93794561439157,14.000981411733985],[122.93784626469929,14.001207640444708],[122.93785168063665,14.00124828391503]]}},{"type":"Feature","properties":{"river_name":"Basud","name":null,"type":"Major River"},"geometry":{"type":"LineString","coordinates":[[122.9309820145445,14.009174311925973],[122.93097525672025,14.009086450440785],[122.93111717102613,14.008648453879019],[122.9312307024705,14.007975721005975],[122.93121718682191,14.007578374932962],[122.93124556968279,14.007266267634538],[122.93129557758104,14.007104968318309],[122.93142532780392,14.006992189867445],[122.9316307656569,14.007011860531737],[122.93221734479009,14.007288561028224],[122.93241534903672,14.007419370743953],[122.93255253286614,14.007399700114963],[122.93266167172531,14.007216763183314],[122.93257111688177,14.006829906826116],[122.93250083551037,14.00630601048341],[122.93252313632976,14.006123072680552],[122.93264680451092,14.00598275469734],[122.93313336784684,14.005902760295202],[122.93331650488018,14.005790636946356],[122.93337664951461,14.005680480620379],[122.93323811411946,14.004921843059094],[122.93331109861977,14.004803817975713],[122.93347598952803,14.004700873825826],[122.93358546627864,14.004727101639272],[122.93365980234398,14.004854306491486],[122.93368413051104,14.00507068571732],[122.93378414630833,14.005448365332324],[122.93390578714241,14.005510000488451],[122.93401323654574,14.005495575240783],[122.93431463550088,14.005272639478271],[122.93445384667739,14.005073964189782],[122.93438424108868,14.00479332685552],[122.93464306575201,14.004617600500074],[122.93480052305385,14.004625468847431],[122.93499920308285,14.004736281374914],[122.93527492230695,14.00509822487878],[122.93545467075165,14.005113316104522],[122.93562565337834,14.005062161693383],[122.93623656067766,14.004710053564121],[122.93642915866465,14.004566456239075],[122.93651565881319,14.004446463884843],[122.93655958466974,14.004268770173992],[122.93666162781375,14.004220904317053],[122.93668798332766,14.00411074723828],[122.93697721819935,14.003838632799729],[122.93699073384734,14.003632087889992],[122.9368082725961,14.003421608600231],[122.93679070225323,14.003276699070717],[122.93693194077707,14.003142280647316],[122.93743269554373,14.003177688435416],[122.9376827350358,14.003093758856496],[122.93785235642109,14.003158017443539],[122.93797805194953,14.003164574441328],[122.93808752870012,14.003113429854857],[122.9381273998622,14.002947537720003],[122.93782735247076,14.002151516085798],[122.93747797296372,14.001720063338915],[122.93750027378321,14.0016079379485],[122.93770098115901,14.001373195726053],[122.93785167095861,14.00124829417225],[122.93799562229015,14.001257135935537],[122.9381219936014,14.001567939989704],[122.93824160708824,14.001654492942695],[122.9385139473999,14.001545646042484],[122.93864167027564,14.001564661468725],[122.93883156513328,14.00168990096019],[122.93913363987109,14.001720063340894],[122.93927960887176,14.001607937950629],[122.93930934329734,14.00112992909333],[122.93949518346025,14.000917480393326],[122.93961344538201,14.000836172814262],[122.93981685588793,14.000948954287631],[122.93988375834704,14.001324017858328],[122.93999458666266,14.001486632642882],[122.94006419225158,14.001977754821452],[122.94022705581277,14.002099715573749],[122.94039262250357,14.002087912923349],[122.94062306430561,14.001983000447193],[122.94096433442301,14.001779076684489],[122.94120896765563,14.001579086966412],[122.9414285969393,14.001579742670947],[122.94167052704282,14.001867596669051],[122.94196719552147,14.001992180292385],[122.94208207853117,14.00185317119303],[122.94235712197246,14.001743012979324],[122.94264095058534,14.001950215290897],[122.94279435319298,14.002241347336712],[122.94296667770807,14.002441336478864],[122.94309980684332,14.00266820919652],[122.94346743247516,14.002804595000217],[122.9437093625787,14.003123921059757],[122.94387087457503,14.003217030422793],[122.94421146891017,14.003084579064698],[122.94438919968417,14.002915408406858],[122.9443398675678,14.002691158737866],[122.94419119543706,14.00243084525097],[122.944117535154,14.002212496431326],[122.9441837618301,14.002019064120606],[122.94432567613634,14.001874809410122],[122.94451759834094,14.001747602908534],[122.94471695415227,14.001764651206917],[122.94485346219949,14.001927265679647],[122.94501362263141,14.00232134301703],[122.94513661503036,14.002467564552726],[122.94524744334583,14.002522643492796],[122.94547450623601,14.002563296987882],[122.94549072501367,14.002381667608553],[122.94555019386577,14.002262985517874],[122.94574684654731,14.00218430122522],[122.94592457732156,14.00227675526679],[122.94610163231332,14.002305606165901],[122.94635572649976,14.002144959069405],[122.94701529013321,14.002329211445224],[122.9471200364071,14.00250034963998],[122.947111251236,14.002672799109448],[122.947161934917,14.00281443051616],[122.94724978663045,14.002820987523709],[122.9473045250057,14.002794759492842],[122.94729506405187,14.002704272763133],[122.94733628677879,14.002546904452739],[122.94742886896906,14.002485268501893],[122.94758227157638,14.00251674218122],[122.94768296315586,14.00269247014405],[122.94766877172565,14.003091136068559],[122.94777960004114,14.003165885852532],[122.94795733081527,14.003167197252235],[122.94846281605854,14.002893114594782],[122.94873312902308,14.002928522420989],[122.94908048118229,14.002892458894985],[122.94952649757343,14.002674110514635],[122.94984479108938,14.002918686915665],[122.95134025063592,14.003010935479015]]}},{"type":"Feature","properties":{"river_name":"Basud","name":null,"type":"Major River"},"geometry":{"type":"LineString","coordinates":[[122.97533969620325,13.983373064595838],[122.97484265823978,13.983368146423693],[122.97475615809124,13.983443230498004],[122.97469229665356,13.983564545326209],[122.97465411494743,13.98370290972788],[122.97465479073041,13.9842166934014],[122.97462269106595,13.984315712203399],[122.97424391502481,13.984608178084596],[122.97421350481636,13.984692770164855],[122.97454632765441,13.985101631448243],[122.97481022068617,13.985316389890723],[122.97483590041793,13.985442949733779],[122.9747967050382,13.985582952380526],[122.97472507210273,13.985695413461238],[122.97446320641856,13.985856727801533],[122.97422870992219,13.986114437061916],[122.97394386763631,13.986542640360085],[122.97396253612557,13.986632969514606],[122.97414567315907,13.986761413904834],[122.97482905812255,13.98691453067252],[122.97532102771804,13.987071253939222],[122.9753882680681,13.98720404239711],[122.9753036263212,13.987315846940316],[122.97517134191433,13.98742240547191],[122.97502012592723,13.987465367012183],[122.97476519668527,13.9875007669448],[122.97435043523045,13.987500111199875],[122.97414786945271,13.987543882136666],[122.97406136930417,13.987601751564851],[122.97407809491934,13.988042247274207],[122.97400156256137,13.988168477746129],[122.97386268927593,13.988197166479962],[122.97373868320344,13.98816060883531],[122.97341971390509,13.987904049417478],[122.97327779959872,13.987900278893372],[122.97307624749462,13.987939623487547],[122.97289581359088,13.988027329121522],[122.97278008585317,13.988209625584869],[122.97270811502662,13.988432250026772],[122.97265286981492,13.988815202907304],[122.97260252402546,13.988920121393395],[122.97252261275534,13.98895274447533],[122.97241888015523,13.988937170642648],[122.97235873552047,13.98883290790485],[122.97230365925373,13.988602087084553],[122.97222324114672,13.98850667670616],[122.9719294447432,13.9882719211048],[122.97167450582843,13.988139461134496],[122.97148832777408,13.98811060845743],[122.97131194856486,13.988151264500823],[122.97122612419878,13.988258806258852],[122.97120906069303,13.988394872740505],[122.97120061341322,13.988705530249371],[122.97126092699361,13.988870612987123],[122.97127765260849,13.989029138205638],[122.97123947090239,13.989138974642428],[122.97109941499765,13.989192909231596],[122.97097219895866,13.989110613895528],[122.97089972129497,13.98899192495275],[122.97066573163487,13.988817170127003],[122.97057990726873,13.988849793223544],[122.97056233692628,13.989054548131406],[122.9706050801639,13.989194712514937],[122.97076034117308,13.989401434332972],[122.97100362284131,13.989585369053849],[122.97144254351744,13.989705369167108],[122.97151654169159,13.98979225445565],[122.97154627611776,13.989881106924265],[122.9718321320781,13.990305696660263],[122.97186085283086,13.990499466696134],[122.97182284007043,13.990668154690791],[122.97172079692639,13.990783891960456],[122.97158243047778,13.990791760781061],[122.97140740283321,13.990743564249472],[122.97120669545687,13.990623564678211],[122.97106038856481,13.990584876278415],[122.97083433934822,13.990564876340198],[122.97044238554969,13.990589794294943],[122.97035960220434,13.990509138798457],[122.97036196744266,13.990414712815513],[122.97044002031107,13.990348483457211],[122.97047347154029,13.990229467285072],[122.97047752623462,13.990106844497806],[122.97042582887994,13.989899303641964],[122.97027749464051,13.989697336373242],[122.97015923271849,13.989610451048794],[122.97002171099773,13.989593073979822],[122.96949662806472,13.989977992139023],[122.96947973350454,13.990075369118223],[122.96954832541984,13.990605531948415],[122.96971862258773,13.990924219221212],[122.96974937068762,13.99105667758733],[122.96967706196996,13.991305200751393],[122.96957839773808,13.991427495032932],[122.96942195410985,13.991497658478657],[122.96914724855968,13.991523559931899],[122.96877185143035,13.9915245435309],[122.96804910214146,13.991378642899605],[122.96788387334196,13.991439298228913],[122.96750644886598,13.992013064067532],[122.96719389950114,13.992361585132155],[122.96721603137537,13.992573877807983],[122.96752520182868,13.992747318320017],[122.96765866885504,13.992873710141815],[122.96766289249524,13.99299190528441],[122.96762065609471,13.993146821155939],[122.96745052787287,13.993291245276385],[122.96717278130193,13.993348785394208],[122.96683970504621,13.993511323854865],[122.9667331003711,13.993754762484661],[122.96674762969309,13.99389410434541],[122.96729602712024,13.994285572556995],[122.96737847257445,13.994381308400026],[122.96736090223202,13.994593435279839],[122.96726223800006,13.99465048327891],[122.96676824105735,13.9944931094531],[122.96663680137833,13.994502289595708],[122.96634993174504,13.994709170572579],[122.96621072056851,13.994863921355991],[122.9660954996676,13.99505604824307],[122.96599852489189,13.99533669746878],[122.96558832496856,13.995547839884315],[122.96525312722116,13.995651781985687],[122.96481894669361,13.995715048801943],[122.96428088751263,13.995414554229145],[122.96418187394315,13.995330570563256],[122.96402785890804,13.995309915315756],[122.96397939263828,13.995389585545107],[122.96395949929389,13.995710356297378],[122.96398889582932,13.996170917890344],[122.96406112007463,13.996325339830344],[122.96423673902898,13.996504105226975],[122.964592791887,13.996619429735361],[122.96491057856574,13.99655746433567],[122.96532111638032,13.996372305719753],[122.96546657854432,13.996380174349417],[122.96550991309151,13.996471893042164],[122.96550205712117,13.996584266832905],[122.96532643816728,13.996809014249372],[122.96529095959079,13.996901470453238],[122.96531047280799,13.996985074435413],[122.96553297416708,13.997157937867033],[122.96580869339097,13.997264655767195],[122.96593666968509,13.997267360598272],[122.96604133148588,13.997193592471028],[122.9660116815321,13.996756884672031],[122.96613078818199,13.996666149670668],[122.9662217653891,13.996644019177156],[122.96636063867459,13.996640330761513],[122.96646707440438,13.996689755528557],[122.96655805161177,13.996937616886065],[122.96662013912139,13.997511287038328],[122.96644122572876,13.998141879944756],[122.96599153477118,13.998758947054373],[122.96568667243115,13.998927874880176],[122.96534759860663,13.999164422806128],[122.9648486177689,13.999232780684842],[122.96446823674442,13.999399495139336],[122.9639482221794,13.999711531160782],[122.96350347288046,14.00011848057607],[122.96334255219405,14.000345560495534],[122.96329573314418,14.000534834572163],[122.96334312238619,14.000903423720056],[122.96327393916192,14.001061530825002],[122.96317333205562,14.001179066051757],[122.96272858275658,14.00143847936218],[122.96252179333904,14.001667893922749],[122.96192714705424,14.002159671415695],[122.96172783347939,14.00224118343333],[122.96155626921976,14.002221020583734],[122.9614460322138,14.002097830453145],[122.96138647888863,14.001912676300433],[122.96138673230627,14.001161730836888],[122.96153979702206,14.000881908356932],[122.96163812336242,14.000478402757212],[122.96159149437584,14.00026841235966],[122.961508879976,14.000145221182276],[122.96137710240565,14.000030636115603],[122.96101623459792,13.999854824153127],[122.96082465028421,13.999700404584354],[122.96044350900416,13.999515986173432],[122.95994528842171,13.999609424852636],[122.95971999946045,13.999684421659982],[122.95940271961842,13.999684298714053],[122.9591849064999,13.999614465621532],[122.95904755372476,13.999506519356038],[122.95855465492785,13.998751631754727],[122.95852905966878,13.998566229013552],[122.95858174632815,13.998486217112532]]}},{"type":"Feature","properties":{"river_name":"Mercedes","name":null,"type":"River"},"geometry":{"type":"LineString","coordinates":[[123.02646875987264,13.973543110255468],[123.0265133615121,13.97383722928477],[123.02649714273444,13.974046751976108],[123.02640185741477,13.974293654057712],[123.02648700599885,13.974563180330797],[123.02650423845097,13.97517600714216],[123.02656100417373,13.975374708262148],[123.02683266870322,13.975569474540336],[123.02709318282267,13.975523242156262],[123.02750574798398,13.974889759188901],[123.02764766229035,13.974926154996842],[123.02821836053731,13.975622592589154],[123.02831567320474,13.975853754318537],[123.0283552064763,13.976323946396374],[123.0286714726451,13.976633800483695],[123.02910025658521,13.97685414091453],[123.02954120460875,13.977156125001493],[123.02966183176946,13.977391219830501],[123.02968007789465,13.977520079237369],[123.02960202502632,13.977634183689979],[123.02938307152532,13.977832882687872],[123.0293323878446,13.977955839902744],[123.02978245893077,13.978262740825148],[123.03027915900314,13.978406354578134],[123.03034200676747,13.978535213416759],[123.03031565125366,13.978730960674651],[123.03004297305083,13.978840146258417],[123.02994768773111,13.979030974992636],[123.02988686731453,13.979386073401804],[123.02964966768852,13.979701825266451],[123.02965169503602,13.979973312504917],[123.02981793750979,13.980503498616178],[123.02998620733041,13.980720884405313],[123.03017981899129,13.980817281657988],[123.0302943641104,13.98124418329076],[123.0304352647432,13.98131500560501],[123.03095021094043,13.981246150578327],[123.03108097483714,13.98138877882642],[123.0313805153915,13.98195338909236],[123.03160453726083,13.982035031228921],[123.03200797936037,13.982112738778012],[123.03212607233675,13.982178642627943],[123.03224669949736,13.982333565782683],[123.03240787360245,13.982384223172714],[123.03258526648534,13.982341434892918],[123.03289190275413,13.982096016903734],[123.03310071951917,13.982067491349145],[123.0335006137611,13.982205200892043],[123.03397247882977,13.98226815379885],[123.03433131928983,13.982093557806023],[123.03448134298523,13.98215847802198],[123.03518179145557,13.98323851165275],[123.0354960302768,13.983330973313018],[123.0358548707375,13.9837126231759],[123.03577884521648,13.983861151688252],[123.03526085799841,13.983971318469381],[123.0346942144469,13.984160175686103],[123.0346739409748,13.984374607130409],[123.03474996649625,13.984598874665771],[123.03497702938677,13.984935275559062],[123.03489999019307,13.985989721954333],[123.03474084343583,13.986513992476755],[123.03479456813791,13.986898587916544],[123.03494459183364,13.98737957721642],[123.03555583702506,13.987880237812504],[123.0357119427627,13.988461553561029],[123.03615289078671,13.989203196224242],[123.03602972944299,13.98982827913088],[123.03594458085941,13.989999426632739],[123.03564529372422,13.990177213342239],[123.03470460460865,13.990841145897223],[123.03459816887923,13.991196226077411],[123.03466709868542,13.991471634150038],[123.03486476504091,13.99163392803857],[123.0351475799801,13.99173818950671],[123.03526617979354,13.991996875774685],[123.0352002910087,13.99225752894405],[123.0349945152648,13.992520149008133],[123.03482320442417,13.993043421050828],[123.0347775891119,13.993515545180282],[123.03481508538749,13.99375653514057],[123.03487997014761,13.993906030446661],[123.03512021079497,13.994128813305489],[123.03549932472788,13.99433094061333],[123.03615263737431,13.994762735093934],[123.03670965102712,13.995197479514621],[123.03700463004996,13.9954856693674],[123.03707051883505,13.995512226093386],[123.03704923168964,13.995991230215258],[123.03698435657833,13.996171225345899],[123.03664680326415,13.996321712969559],[123.03655253161807,13.996566623990121],[123.03648765650705,13.997018085790064],[123.0366275434666,13.99736922213276],[123.03706545046941,13.99775478298953],[123.03767973668151,13.998126573203376],[123.03856467374939,13.998610489723825],[123.0389741978909,13.998944902983808],[123.03903907300256,13.999062931076926],[123.03903805932904,13.999135715037442],[123.03892452788409,13.999299970647234],[123.03852514047948,13.99959504030986],[123.0385302088478,13.999819293000415],[123.03865489070292,14.000097641430532],[123.03887688522522,14.000261896353182],[123.03921747956026,14.000093707180124],[123.03938676305427,14.000133049688069],[123.03985203924476,14.000539260687331],[123.03989765455768,14.000669090685657],[123.03987839475921,14.000856950629027],[123.03964220880704,14.001382170807394],[123.03963714043988,14.002238847586367],[123.03970302922518,14.0024562128283],[123.03993414680997,14.002594893712528],[123.04051700913986,14.002824061231617],[123.04058087057803,14.00317813935148],[123.0404622707654,14.003680732634306],[123.0404501066825,14.00413611463989],[123.04047950321761,14.004297416040963],[123.04070048406622,14.004473470489907],[123.04129348313229,14.004726241167063],[123.04193919322631,14.00495737364409],[123.04246022146548,14.005091135311973],[123.0438732824872,14.005147197165746],[123.04451595156007,14.005033106365401],[123.04487783304099,14.004745912029444],[123.04526100166788,14.004548219829413],[123.04552962517633,14.004548219829736],[123.04601010647073,14.004668212131488],[123.04677847107209,14.004607232446187],[123.04696701436488,14.004667228589431],[123.04715353031054,14.004840332127563],[123.04727922583942,14.005178670484288],[123.0473826205488,14.005589790258638],[123.04734511462509,14.00572846925092],[123.04725591134694,14.005865181083296],[123.04699134253316,14.006052053240344],[123.04693660415802,14.006148439872556],[123.04692545374832,14.006253678292197],[123.04699641090161,14.006362850807498],[123.0472670617574,14.006518249433684],[123.04747283750181,14.006679549162248],[123.04752326776436,14.006808638040091],[123.04753745919517,14.006997476496352],[123.04717152302051,14.00787970410161],[123.04709955219407,14.0081806639142],[123.04712590770828,14.008357698913922],[123.0472576852787,14.008599646526294],[123.04731951936971,14.008915358271176],[123.04692520033345,14.009533011145548],[123.04681775093044,14.009870359068284],[123.04687857134759,14.010018870679035],[123.0478453130933,14.01088627825342]]}},{"type":"Feature","properties":{"river_name":"Mercedes","name":null,"type":"River"},"geometry":{"type":"LineString","coordinates":[[123.02814284188301,14.003606228890256],[123.0284033560028,14.003858016974567],[123.02884227667944,14.004394049281709],[123.02884531770042,14.004576988461542],[123.02839727396255,14.00521334027978],[123.02825231863534,14.005166130313398],[123.02814284188442,14.004889755108136],[123.02794112083454,14.00474615789497],[123.02777285101409,14.004702882004771],[123.02728730135182,14.00482189068205],[123.02716160582357,14.005010730771481],[123.02702475988585,14.00550938588666],[123.02712511357426,14.00586050925342],[123.02708051193528,14.006029677742632],[123.02690109170535,14.0061968790338],[123.02671254841275,14.00631096925666],[123.02637195407807,14.006771263718683],[123.02636891305748,14.007013213002145],[123.02654123757239,14.007067307319476],[123.02667706983691,14.00697583873959],[123.02687270884468,14.006748642431782],[123.02698522661589,14.00656767205173],[123.02713018194298,14.00644473013619],[123.02725587747146,14.00641227345961],[123.02741198320842,14.006425059423902],[123.02762485466832,14.006793885005447],[123.02801714635834,14.007113533363956],[123.02822799047073,14.007248277308015],[123.02844694397201,14.007338762248073],[123.0286142001188,14.007340729311792],[123.02877588106051,14.007238441986983],[123.02877537422376,14.00730827276187],[123.02868110257765,14.007526124972292],[123.02853411990341,14.007634313352025],[123.0282376203704,14.00755612266403],[123.02779160397884,14.007334336354317],[123.02752044628642,14.007389414127028],[123.02730706799008,14.00734318813959],[123.02710331959295,14.007198608927828],[123.02691883099477,14.007264505586331],[123.02683773710555,14.007399741207195],[123.02669531596295,14.007882162900815],[123.02674295862325,14.008137880411217],[123.02697306253444,14.008323767192213],[123.02697356937155,14.008624234659825],[123.027136770824,14.008729471945239],[123.02734203973131,14.008668985100527],[123.0275047343465,14.008459985717051],[123.02757366415229,14.008323767192921],[123.0277267288684,14.008298687239407],[123.02802880360632,14.008431955197636],[123.02831871426095,14.008630135818871],[123.0284940797972,14.00912878307646],[123.02839017825157,14.00922615194106],[123.0282893177267,14.009231561321114],[123.028010557482,14.009149437080938],[123.02784583551939,14.00922959427327],[123.02777234418232,14.009407611987173],[123.02759393762592,14.009504488972224],[123.0273511627948,14.009562025030117],[123.02717326307513,14.009654967862698],[123.0271509622557,14.00976463052178],[123.02717478358578,14.009859048554048],[123.02752500782047,14.009982972162861],[123.02768770243608,14.01007345602536],[123.02799079084747,14.01004444218246],[123.02809925392444,14.010071980745783],[123.02824522292535,14.010155579935418],[123.02839626029439,14.010332613412801],[123.0285883514449,14.010439325193083],[123.02869022564347,14.010534726466101],[123.02876321014398,14.010654715639735],[123.02873127942516,14.010758968477294],[123.02842514999307,14.0108632212672],[123.02790006705958,14.010837649831812],[123.02757062313427,14.010933542697012],[123.0275184189431,14.011074677251923],[123.02750878904428,14.011520209459036],[123.02754477445782,14.011681013917535],[123.02750828220776,14.011838867725887],[123.0275650479305,14.01199327913446],[123.02747533781582,14.012349310139104],[123.02727513727676,14.012610923729662],[123.0271960707347,14.012668950763818],[123.0269527890668,14.012755991287424],[123.02672319199266,14.012763367601211],[123.02652400512706,14.01284696581051],[123.02645000695311,14.012904992785034],[123.02633850285552,14.013094317981386],[123.02633140714033,14.013256596596966],[123.02638665235295,14.013686388497419],[123.02644037705471,14.01379162346259],[123.02639983011046,14.01415404444519],[123.02644443174968,14.014231249383887],[123.02649410175697,14.014284850249659],[123.02658786656647,14.014282883245755],[123.02673687658807,14.014200269061657],[123.02679161496326,14.014115196090895],[123.02691072161315,14.014050776652862],[123.02699739070734,14.014018812802869],[123.02716363318048,14.01401192828093],[123.0272518227852,14.014074872475765],[123.0272487817645,14.014227315375871],[123.02748192669661,14.014467289800884],[123.02744492760982,14.014694970221887],[123.02738866872417,14.014737260728722],[123.0272381381921,14.014736768978498],[123.026934542944,14.014828726216459],[123.02681087476286,14.014924125665262],[123.02674346546742,14.01502247557104],[123.02674752016203,14.015131643917217],[123.02681543629443,14.015267858402535],[123.02695076172239,14.015410957287488],[123.02711700419592,14.0156814188538],[123.02700499326176,14.016178083808729],[123.02673535608011,14.016550335946352],[123.02672826036499,14.016683599114499],[123.02676982098338,14.016767687642071],[123.02693403610931,14.016812436495243],[123.02711345633936,14.016762278439893],[123.02724624758307,14.016638358491054],[123.02741502423989,14.016352162162887],[123.02771811265106,14.0161264503742],[123.02784583552679,14.016138252303477],[123.02792946360026,14.016217915309182],[123.02798420197591,14.016545418486283],[123.02764816917283,14.017357781706545],[123.02765171703099,14.017779206288132],[123.02787776624793,14.018142112717534],[123.02812814363155,14.018356512452357],[123.02815145812505,14.018726302349524],[123.02797507891624,14.019228861600048],[123.02806935056299,14.0195445587271],[123.02820923752228,14.019786494549273],[123.02839676714149,14.019885825849695],[123.02850928491286,14.019799279768893],[123.02861166594755,14.019289837403708],[123.0287708127049,14.01878432783855],[123.02923811624174,14.018433224236638],[123.0296121618064,14.018450926952601],[123.02964966773033,14.01856501108647],[123.02963142160537,14.018671227297993],[123.02930400502734,14.018895461360515],[123.02927663583989,14.01902429749929],[123.02932123747914,14.019190505846368],[123.02942868688267,14.019325242702159],[123.02899686192266,14.019970404943434],[123.02889954925567,14.020160216050206],[123.02878399046351,14.020295935812605],[123.02865525391445,14.020539837792635],[123.02862991207444,14.020898805961224],[123.02854780451183,14.021230236346913],[123.02856909165789,14.02131284800062],[123.02862788472771,14.021357104231488],[123.02931515543999,14.021465286093896],[123.02969832406721,14.02160198855558],[123.02982604694311,14.02179573219219],[123.03009771147266,14.022066186233769],[123.03060859334143,14.02240844340106],[123.03112253549983,14.022636597349404],[123.0316151808778,14.022899182679392],[123.03183413437921,14.02309489214914],[123.03182906601128,14.023207007046397],[123.03163545435063,14.023362394269325],[123.03136176247426,14.023528599473451],[123.03119552000138,14.023728242251954],[123.0311488910153,14.023992793252583],[123.03125025837771,14.024649743860476],[123.03137494023274,14.02481791504606],[123.0315198955603,14.025150323225517],[123.03171147987413,14.025375534410738],[123.03183312070819,14.025449293484526],[123.03202267767459,14.025508300726605],[123.03227710975234,14.025517151811885],[123.0324240924269,14.025602712282456],[123.03237036772526,14.02566073603151],[123.03204903318895,14.02580432016079],[123.03169424742335,14.026060017702918],[123.03153915535995,14.026043299025973],[123.03138913166478,14.026098372309354],[123.03128168226151,14.026192783621708],[123.03121477980318,14.02651732221189],[123.0312522857271,14.026645170621398],[123.03137595390842,14.026703194106954],[123.03164863211119,14.026586163672508],[123.03188481806399,14.026644187173117],[123.03222338505219,14.02692348652902],[123.03272008512447,14.026998228552975],[123.03292079250062,14.026964791335244],[123.03316610151565,14.026856612067544],[123.03330193378022,14.026718929289189],[123.03374795017088,14.02609247160385],[123.03407435307486,14.0255368208905],[123.03435311331921,14.025353898414448],[123.03442001577794,14.025351931505382],[123.03448489088942,14.025368650232622],[123.03468559826582,14.025672537472984],[123.03511032751251,14.026838910002965],[123.035544179821,14.027313914991534]]}},{"type":"Feature","properties":{"river_name":"Mercedes","name":null,"type":"River"},"geometry":{"type":"LineString","coordinates":[[123.02928677258444,14.026702702380051],[123.0293972630086,14.026655496833756],[123.02950775343284,14.026684016852686],[123.02952904057861,14.02649617804298],[123.02957566956493,14.026439137955176],[123.02977333592003,14.026334892240964],[123.02998620737955,14.026315223233157],[123.03018184638759,14.026344726744822],[123.03022239333222,14.026323090836858],[123.03010987556058,14.026136235182607],[123.03010075249796,14.02606149287832],[123.03032882906147,14.025843166534528],[123.03043627846486,14.02587168665447],[123.03052446806981,14.026129351024522],[123.03059137052857,14.026174589777234],[123.03065725931366,14.02617360632626],[123.03078092749517,14.026395866156365],[123.03083769321773,14.026440121406605],[123.03102522283667,14.026338826043846],[123.03113064489283,14.02632997499072],[123.03122490690714,14.026386533711886]]}},{"type":"Feature","properties":{"river_name":"Mercedes","name":null,"type":"River"},"geometry":{"type":"LineString","coordinates":[[123.03660650964602,13.911332932120349],[123.03663894720195,13.911518896989566],[123.03682850416845,13.91166058440881],[123.03697751419034,13.911924280207762],[123.03711131910788,13.91204727254856],[123.03762626530516,13.91199217198866],[123.03794759984177,13.912133859118155],[123.03824156519062,13.91211910004661],[123.03885078303438,13.912262754973815],[123.03938904372482,13.912220445656049],[123.0398370874636,13.912353277211597],[123.04011483403471,13.912464462084515],[123.04031959610533,13.912581550521116],[123.04039055325873,13.912799000317179],[123.04052638552363,13.912980044335425],[123.04073722963604,13.913131570198399],[123.0412308886873,13.913047935806505],[123.04144984218863,13.913194541957143],[123.04153803179362,13.91351333621854],[123.04149849852287,13.913779981698337],[123.0411376307158,13.914200119892927],[123.04112749397979,13.914337869954633],[123.04122683399446,13.914573028799117],[123.04141943198174,13.914623209107564],[123.04170224692072,13.91461632161525],[123.04195363797781,13.914746200013663],[123.04208642922184,13.915005956591232],[123.04232160150131,13.915308021638454],[123.04271794788556,13.915457578128517],[123.04313760876283,13.915416253319194],[123.04331398797189,13.915202741684347],[123.04362011740402,13.915094509905012],[123.04415533707322,13.914671421553555],[123.04443713833858,13.914619273401106],[123.04460946285359,13.914747183943796],[123.0447037345004,13.915166336456663],[123.04487504534191,13.915442819271274],[123.04504838353049,13.915546131270322],[123.04588770528541,13.91580490302772],[123.04650807353904,13.91604104430253],[123.04692266604886,13.916557602499337],[123.04757040349034,13.916952153792767],[123.04795053109662,13.916981671319222],[123.04848575076626,13.916959041216922],[123.04894899960927,13.9170702238758],[123.0491568027009,13.91732112259881],[123.04915680270112,13.91748150085544],[123.04896623206137,13.91773928653154],[123.04891757572808,13.917985264962283],[123.04916085739644,13.918286342205704],[123.04950854744729,13.918586435146556],[123.04970722747622,13.918630711121413],[123.0499363177135,13.918546094807233],[123.05037118369479,13.91832569868055],[123.05057087739725,13.918264696144153],[123.05090133499607,13.918081688438127],[123.05107771420529,13.918016750185107],[123.05121962851165,13.918015766272218],[123.05190588555037,13.918162369273983],[123.05227182172638,13.918527400503795],[123.05284961568819,13.918782233285274],[123.05350951721312,13.919194491128172],[123.05380652358303,13.919427677219664],[123.05395857462574,13.919608716048256],[123.05401534034846,13.91981533627708],[123.05394641054265,13.919947179564538],[123.05380652358366,13.920037698792896],[123.05369806050685,13.920195123453574],[123.0536301443748,13.92040666267266],[123.05361899396517,13.920612298286178],[123.0537548262301,13.920834660035808],[123.05390180890466,13.920925178916987],[123.05411873505865,13.920980277349194],[123.05441168673383,13.920940921328064],[123.05456981981813,13.921019633364512],[123.0547238982083,13.92141220924535],[123.05495602946698,13.921810687841132],[123.05513849071811,13.921957288435747],[123.05537062197644,13.922009434933752],[123.05554294649126,13.921997628180787],[123.05598794920874,13.921807736151608],[123.05629914700906,13.921769364168458],[123.05644612968361,13.9219012063417],[123.05650796377438,13.922029112855709],[123.05640254171881,13.922578126165345],[123.05628292823222,13.92278179206139],[123.05624339496138,13.92294019874544],[123.05626772312827,13.923046459068965],[123.05637111783727,13.923128122062309],[123.05659919440112,13.923203881681056],[123.05719827550905,13.923639744978464],[123.05746284432324,13.923841442162923],[123.05765848333152,13.924082494664527],[123.0578014113116,13.9241808833685],[123.05836906853713,13.924321579142863],[123.0584937503921,13.92447014591595],[123.0585353110107,13.92478302132412],[123.05867722531738,13.925105735137912],[123.0591688570219,13.925448126130975],[123.05936956439808,13.925517981702425],[123.05947397278065,13.92551896558369],[123.06021496819412,13.925252333644039],[123.06098029177463,13.925099831843237],[123.0613026399846,13.924989636930725],[123.0616888496324,13.92480860231734],[123.0619138851751,13.924640358065647],[123.06216730357922,13.92457738942552],[123.06248762444211,13.924574437770449],[123.06273394713104,13.924636422527096],[123.06289410756257,13.924723004381327],[123.06292350409753,13.924775150255075],[123.06291235368778,13.924825328348842],[123.0628363281666,13.924903055178401],[123.06286471102797,13.925017185665707],[123.0632630847596,13.925281850113777],[123.06369490972058,13.925475674814848],[123.06390575383291,13.92553273992439],[123.06411761161881,13.925540610973092],[123.06434670185607,13.925432384033654],[123.06446023330099,13.92528676952586],[123.06444604186997,13.924912894017638],[123.06416119958328,13.924581324968425],[123.06409125610352,13.92437077345591],[123.06406996895731,13.924148415108334],[123.06417539101325,13.9239595087336],[123.06435278389601,13.923818812739698],[123.06444198717408,13.923658438879832],[123.06456160066081,13.923578743852936],[123.0647815678356,13.92352610576472],[123.06499342562155,13.923617115536556],[123.06525495341471,13.923685495828158],[123.0654120728253,13.923687463606221],[123.06559656142339,13.923581203577632],[123.06571110654188,13.92338245783721],[123.06586619860474,13.922912157830012],[123.06585099350036,13.922773428983934],[123.06572833899259,13.922635683947888],[123.06534922505962,13.922360193629356],[123.06524785769783,13.922242126249524],[123.06523062524619,13.92211225206218],[123.06536544383701,13.921963683773718],[123.06568272367899,13.921846600088621],[123.06586923962445,13.921838728914581],[123.06607197434788,13.921916456748894],[123.06640750031524,13.922165382421758],[123.0668383116025,13.922310998896894],[123.0679381474769,13.922518600605438],[123.06859298063357,13.922762606165918],[123.06885450842658,13.92271144373151],[123.0690552158025,13.922530407333328],[123.0693613452346,13.922361177528687],[123.06966747466683,13.922353306372298],[123.07049260499151,13.922956432981609],[123.07077339258353,13.923128614025051],[123.07099842812646,13.923157146871498],[123.07118899876627,13.923043015465854],[123.07157318106586,13.922000087940098],[123.07169178087887,13.921904649997634],[123.07186106437298,13.921938102477052],[123.07205568970785,13.922380855422556],[123.0722898483137,13.92275571892013],[123.07246115915568,13.923417877890705],[123.07263956571242,13.923630398049845],[123.0729112302419,13.923841934125395],[123.07330757662626,13.924048550570575],[123.07360762401693,13.92412726154889],[123.0739157807964,13.924162681480599],[123.07413473429763,13.92413316487178],[123.07438207066002,13.924041663359995],[123.07505008157295,13.923605800822084],[123.07546366040819,13.923222083686015],[123.07596644252142,13.922636667853448],[123.07629081807842,13.922362161431494],[123.0765939064897,13.92223819068264],[123.07810732119977,13.922586489287015],[123.07875809966181,13.92263863564356],[123.07948794466604,13.922847220949894],[123.07970892551447,13.922811800817213],[123.08005053352281,13.922408404476167],[123.08021880334313,13.922325757334159],[123.08057257543534,13.922270659223354],[123.08092330650673,13.922299192175862],[123.08163490538578,13.922432017941835],[123.08197447637673,13.922455641688856],[123.08229987527832,13.922384791012673],[123.08309459539345,13.922063057296418],[123.08343113503399,13.921853487386954],[123.08389134285542,13.921351699507264],[123.08443974028178,13.92110867635869],[123.0850732862921,13.920966010828943],[123.0853540738839,13.92094436501695],[123.0857696800666,13.920864669054616],[123.08610317868643,13.920770214544953],[123.08694959615579,13.920240875015002],[123.08729728620614,13.920060820586428],[123.0876834958538,13.919787295011119],[123.08850355780943,13.919475396748421],[123.08943916888666,13.918679425017785],[123.09066369628457,13.917547915180874],[123.09098401714733,13.917477073286024],[123.09141381476086,13.917543979521486],[123.09167939724861,13.917677791933652],[123.09217406997395,13.91806151827406]]}},{"type":"Feature","properties":{"river_name":"Mercedes","name":null,"type":"River"},"geometry":{"type":"LineString","coordinates":[[123.04218374192098,13.944476101168139],[123.04231247847004,13.94421047491736],[123.04251825421386,13.943908447660768],[123.04282438364596,13.943735298306326],[123.0432541812595,13.943796294117103],[123.04364748662296,13.944020601152173],[123.04382589317977,13.944240972763515],[123.0438269068537,13.944487906774157],[123.04367992417977,13.944958162844355],[123.04380967440297,13.945210998871117],[123.04419993874572,13.94551991099499],[123.04461250390816,13.945925234555544],[123.04488518211141,13.946274481227075],[123.04552075546965,13.946809663833427],[123.04555623404647,13.94699363256742],[123.04565760140835,13.947241547420827],[123.04609449473737,13.947435353688563],[123.04652733337176,13.947469786257605],[123.04701288303406,13.947367472325261],[123.04738895594559,13.947153990223388],[123.04784713642026,13.94704675720399],[123.04828098872835,13.94719826072272],[123.04921052743501,13.947270077291863],[123.04974371975737,13.947272044869395],[123.0501116832804,13.947452078084405],[123.05050397497065,13.947979387675492],[123.05077361215302,13.948260750135882],[123.05116894486386,13.948581463570898],[123.05177917638139,13.948795928134922],[123.0524816521979,13.948956284536754],[123.05371326564234,13.9490684355745],[123.0544654114663,13.949418661267522],[123.0561207404834,13.950312914908153],[123.05649377237428,13.9502843854181],[123.05703710143267,13.950091565321564],[123.05764023723445,13.949975479675825],[123.05802847422973,13.950031554953481],[123.05837920530145,13.950399487136231],[123.05840049244782,13.950788077974995],[123.05848057266391,13.951093047541896],[123.05931077135749,13.952455567939962],[123.05973651427674,13.952693639270354],[123.06044203111406,13.952783161897761],[123.06103503018002,13.952960239519015],[123.0615459216832,13.953288816521932],[123.0622027821878,13.954148623588742],[123.06238828446072,13.955126478071875],[123.06254134917722,13.955488499605412],[123.06284241024188,13.955903643164449],[123.06359962443393,13.956303045978391],[123.06389764447755,13.956577512042717],[123.06469540561446,13.957064467159503],[123.06524380304153,13.957487477840088],[123.06546478389053,13.957961642377489],[123.06550026246725,13.958137732278864],[123.06565332718355,13.958305952115017],[123.06585707558065,13.95839645630372],[123.06630410564571,13.958487944197747],[123.06700860880929,13.958479090533062],[123.06755092419462,13.958866684017254],[123.06788340914154,13.9594165934509],[123.06875719579983,13.960063891246875],[123.06963098245753,13.960171118214724],[123.07041556583756,13.960817430160917],[123.07077947466784,13.962524196524349],[123.0707581875225,13.963081966998702],[123.07134003617877,13.963322978515043],[123.07144849925633,13.963867958727214],[123.07158230417423,13.964313582383308],[123.07198169157961,13.964683459200817],[123.07275005618143,13.96503366117274],[123.07316566236486,13.965592409283248],[123.07346165506172,13.96629871217368],[123.0737840032724,13.966822043838055],[123.07428678538656,13.967064035145981],[123.074418562957,13.9672843847333],[123.07436787927648,13.967609006508937],[123.07446519194389,13.967817551166037],[123.07511191571213,13.96848843411286],[123.07520517368505,13.968696977973764],[123.07546467413137,13.9690825868797],[123.0754302092289,13.969550825397164],[123.07571302416835,13.969937416565351],[123.0763891444707,13.969953155633036],[123.07691828209859,13.96990692212164],[123.07760656648416,13.96975641722121],[123.07848238048898,13.96974264552702],[123.08001201397695,13.970083986589138],[123.08094053901026,13.970427294523914],[123.08219749429558,13.970976192679895],[123.08426336112683,13.971329336143906],[123.08555579498812,13.971345075117217],[123.08600383872664,13.971290972397822],[123.08652790798644,13.97127326605099],[123.0869769653987,13.971335238261675],[123.08801901017674,13.971100270249911]]}},{"type":"Feature","properties":{"river_name":"Mercedes","name":null,"type":"River"},"geometry":{"type":"LineString","coordinates":[[123.06972626778399,13.966181159122568],[123.06983447744219,13.96583440187823],[123.06991202347383,13.965788659394347],[123.06999413103688,13.965836615224202],[123.07005267068838,13.96595662771855],[123.07011627870784,13.965976547819203],[123.07049564605875,13.965830958896676],[123.07082711733116,13.965598311542],[123.07113197967138,13.96558601516399],[123.0713225503114,13.96566741717681],[123.0714591428314,13.965814973621953],[123.07148980645859,13.966058441549595],[123.07144951293246,13.966232311922173],[123.07095458679001,13.967058378844026],[123.0709292449498,13.96719880254846],[123.07098043546779,13.967580971005956],[123.07107141267493,13.967619335372193],[123.07121712825733,13.967598923562976],[123.07144647191292,13.967409069056819],[123.0715559486635,13.967419397933094],[123.07161119387581,13.967577773975924],[123.07176172440802,13.96774574099565],[123.07197155484678,13.967842635531257],[123.07220267243143,13.96787780282743],[123.07258634789532,13.967881737629908],[123.07274878909249,13.96793854632655],[123.07295076356078,13.968115366378889],[123.07333469244365,13.968605985980021],[123.07357594676466,13.96885363166759],[123.07394923207431,13.969087997202344],[123.07420214364177,13.969156609942486],[123.07444010352324,13.969144313754336],[123.074914502776,13.969198171055366],[123.07511901142821,13.969254979427395],[123.07531262308905,13.969342528232902],[123.07543019958138,13.969550835713148]]}},{"type":"Feature","properties":{"river_name":"Mercedes","name":null,"type":"River"},"geometry":{"type":"LineString","coordinates":[[123.04543915475402,13.956500041793879],[123.04484159415948,13.958813562079287],[123.04443941915345,13.960088730496825],[123.04448009280837,13.961064223425534],[123.04510223499136,13.961667248881923],[123.04527791730037,13.961942999699028],[123.04521665340162,13.962332554805718],[123.04526404264381,13.962947135671234],[123.04564873178161,13.96318249093522],[123.04625744278826,13.963054607228012],[123.04643736985518,13.963005421167813],[123.04653645645116,13.962922050771539],[123.04669813739264,13.962571353729825],[123.04680634705107,13.962504706475796],[123.04697867156597,13.962501017513043],[123.04711526408593,13.962575042692151],[123.0473291492195,13.962952546142212],[123.04750020664235,13.963050180484476],[123.04796345548537,13.963189376981777],[123.04805189850856,13.9632968484245],[123.04788185475961,13.963583110786615],[123.04795179823942,13.963810349728321],[123.04810562321093,13.963961350373127],[123.04825260588538,13.963955939928459],[123.04843075902335,13.963839861263294],[123.04850779821804,13.963682466369475],[123.04853744817106,13.96346604821485],[123.0484925931134,13.963282215588531],[123.04857356029336,13.963155684551953],[123.04897890303076,13.963099735432442],[123.04925512909142,13.963192451109954],[123.04980276626279,13.963095308689281],[123.05006936242405,13.963175727861554],[123.05035597863949,13.963500109496886],[123.05037701236729,13.963703985211213],[123.0503296231259,13.96395655475423],[123.05042237426194,13.964019020791413],[123.05061091755455,13.963918927566562],[123.05069606613831,13.963918435707958],[123.05076347543397,13.963995165653676],[123.0507705711494,13.964111982028264],[123.05073078446017,13.964326432144855],[123.05075967415864,13.964721639577839],[123.05089322565776,13.964806238965283],[123.05114588380671,13.96482001095593],[123.05150801870623,13.96472754186257],[123.05163650183717,13.964815092388628],[123.05177208068373,13.965077005982552],[123.05177385461266,13.965189395104732],[123.05170061669396,13.965274732103897],[123.05130832500441,13.965297849325454],[123.05108810441128,13.96540384421776],[123.05095556658611,13.965618539059365],[123.05089575984299,13.965860039776235],[123.05071862037892,13.966285493580052],[123.05067148455596,13.966479283838385],[123.05070670971436,13.9667065199236],[123.0508014881976,13.966834155678432],[123.05094669694327,13.966863174973295],[123.05108962492324,13.9668302208589],[123.0513412693982,13.966515435049546],[123.05151460758661,13.966455674882607],[123.05167299408923,13.966493055729902],[123.05175940976515,13.966635201264241],[123.0518073058438,13.96686907720329],[123.0519436449455,13.967094837348364],[123.05197785643023,13.967269198790376],[123.05224926754136,13.9674814326386],[123.05239751730802,13.967680878173944],[123.0523592511291,13.967804332660315],[123.05220213171856,13.967854009546347],[123.05189777621513,13.967851796219598],[123.0516263651044,13.96792754115461],[123.05149256018707,13.968050749583726],[123.05150041615794,13.968332579395721],[123.05160938607182,13.968453328363367],[123.05182213082259,13.968850864995753],[123.05173280083538,13.969114249543834],[123.05153057294903,13.969278772511938],[123.05153792208313,13.969574372527493],[123.05174876619557,13.96973028785731],[123.05204108432491,13.969839969556238],[123.05210165132372,13.970062529793124],[123.05197342161152,13.970325912955577],[123.05167084003718,13.97055044010063],[123.05146886556932,13.970793165256723],[123.05147760850463,13.971136841015712],[123.05167780904405,13.971292509366283],[123.05182453830007,13.97124578428024],[123.05196037056477,13.971310953476983],[123.0521955428442,13.971666063794132],[123.05237724384008,13.97178533548847],[123.05270440700009,13.971921083816063],[123.05304424107997,13.971825666522355],[123.05324292110883,13.971806730611597],[123.05343222465694,13.971971989418991],[123.05342931034548,13.972165897853277],[123.05306590835409,13.972347018265728],[123.05273063580572,13.972659828744765],[123.05254133225827,13.973112075219403],[123.05256540700702,13.973422179548294],[123.05231502962398,13.973708675245923],[123.05198938697487,13.973881064330616],[123.05196429855306,13.97408665228613],[123.05217843710481,13.974354211456],[123.0525765574182,13.974708579326599],[123.05273519733991,13.975369113678783],[123.05283631128349,13.975630277520166],[123.05283580444706,13.97605325411105],[123.05301573151421,13.976262282953549],[123.05324532858862,13.976393602152958],[123.05342196121651,13.976562300490098],[123.0534511043335,13.977036917596958],[123.05358490925114,13.977254552575346],[123.05373138508881,13.977334720888523],[123.05384947806513,13.977292423500014],[123.05393589374064,13.976997817054228],[123.05410162937687,13.976887646934387],[123.05443512799673,13.97688445003319],[123.05465661568199,13.976940518762623],[123.05488570591959,13.977146103986357],[123.05511226197335,13.977469974115692],[123.05525595020882,13.977791630558404],[123.05535402313129,13.977814500609583],[123.05549289641664,13.9776942483804],[123.05565989914479,13.97747907296683],[123.05599897296922,13.977180040286804],[123.05616952355517,13.977107249378387],[123.05647197842057,13.977126184853807],[123.05659982800574,13.977378001932758],[123.05669714067326,13.977678018014792],[123.05664797750308,13.977859257048527],[123.05627418535701,13.977895898300806],[123.05607702583869,13.978054513052113],[123.05591002311067,13.978326739975364],[123.05583551810011,13.978568227365086],[123.05593992648296,13.978856438052762],[123.05656232208426,13.979450564065841],[123.05671133210625,13.979771234091015],[123.05676708415561,13.980156824449761],[123.05729926280517,13.980909313978513],[123.05742293098689,13.9813470355134],[123.05777568940603,13.981832954624425],[123.05798856086567,13.982005091715287],[123.05811628374164,13.982244116147719],[123.058330168875,13.982429040229752],[123.05834740132673,13.98265035874931],[123.05812236578429,13.983085126065355],[123.05803214883295,13.983615305006666],[123.0572191825931,13.984297945479838],[123.05637175145058,13.985274688340901],[123.0562024679576,13.986147163100657],[123.05603419813754,13.98649733242304],[123.05574631483074,13.986811107289821],[123.05565305685829,13.987074717192067],[123.05573009605341,13.98726357186184],[123.05593992649204,13.987276358891416],[123.05641432574437,13.987021601789195],[123.05698096929608,13.987004880271323],[123.05762161102201,13.987209472886015],[123.05802505312174,13.987478984032881],[123.0581588580397,13.98794718512774],[123.05846904216673,13.988279646671332],[123.05892012692642,13.988493090663779],[123.05898094734403,13.98906456876377],[123.05944825088156,13.989292766163102],[123.05991454074577,13.989736373390084],[123.06044063735312,13.990016701241135],[123.06094139212024,13.990464241487686],[123.0611907558303,13.99075047006776],[123.06126880869901,13.990966862572083]]}},{"type":"Feature","properties":{"river_name":"Basud","name":null,"type":"River"},"geometry":{"type":"LineString","coordinates":[[123.03641555895125,13.978621344697176],[123.03600299378942,13.978798402458853],[123.03595940582441,13.979239078964383],[123.03599285705398,13.979484991826203],[123.03604556808222,13.979616801011991],[123.03604860910332,13.979865664418076],[123.03598373399203,13.980052557708081],[123.03543736391303,13.980401752658505],[123.03508156447357,13.980429294772527],[123.03468520843366,13.980407664839248],[123.03456002939768,13.980332897356934],[123.03435247972493,13.98061397440033],[123.03444928555558,13.980855459390352],[123.03442901208368,13.981216456845683],[123.0343286583959,13.981489909581903],[123.03430737125039,13.981871070677645],[123.03433130963487,13.982093568106729]]}},{"type":"Feature","properties":{"river_name":"Vinzons","name":null,"type":"River"},"geometry":{"type":"LineString","coordinates":[[122.90247987785212,14.165219127194602],[122.90214967367233,14.165983170436435],[122.90164080951743,14.166650523676939],[122.90156072930188,14.16678615634898],[122.90153792164566,14.166926211740552],[122.90154400368745,14.167032358927157],[122.90177765545651,14.167422056274797],[122.90204019692398,14.168065325716345],[122.90222316501234,14.168605395443835],[122.9023306144159,14.16878378033995],[122.90231591614886,14.169177897436725],[122.90226827348906,14.169264141173935],[122.9022082133272,14.16928404357011],[122.90198140385529,14.169133669866037],[122.90195530175974,14.169190182870961],[122.90196366456719,14.169299768918703],[122.90189980312948,14.16943097725597],[122.90148571745725,14.16961820699874],[122.9013468441719,14.169733935542164],[122.9012239362459,14.169785042820614],[122.90122013496989,14.169815264907822],[122.90129286605192,14.169864406504553],[122.9014294585718,14.169859983761448],[122.90149636103051,14.1699047026061],[122.90148267643679,14.169960724003298],[122.90136483687895,14.170073012463883],[122.90136407662382,14.170110851451254],[122.90143427352183,14.170194146342874],[122.90143427352191,14.170244516395194],[122.90124218237175,14.1704322368817],[122.90126752421229,14.17054722788853],[122.90134076213117,14.170633962519736],[122.90124420971928,14.170700303433224],[122.90113980133674,14.170713571613483],[122.90094365549189,14.17067524131221],[122.90089499915831,14.170708166058304],[122.90092895722466,14.170859767253225],[122.90115855429889,14.170876475320641],[122.90125941482387,14.170974512337015],[122.90126955156016,14.171080903336817],[122.90114816414462,14.171190734177896],[122.90114360261344,14.171253389331955],[122.9011978341521,14.17142784084631],[122.9013696518303,14.171537671519784],[122.90133442667222,14.171630302717432],[122.90110863087426,14.17176298394238],[122.90112180863129,14.171807211000207],[122.90130477671917,14.171876991451917],[122.90134912493996,14.171923675544862],[122.90128146222634,14.172167169789368],[122.90128222248168,14.172313118787502],[122.90113600006256,14.17237012241094],[122.90110964454861,14.172443588266768],[122.90121836104407,14.172509191536125],[122.90128222248208,14.172633763984017],[122.9014631632228,14.172790277988362],[122.90166082957806,14.172790032283826],[122.90170771198287,14.172842613102542],[122.90168211672412,14.172918044442575],[122.90149103924755,14.173044828006288],[122.90146569740718,14.173095197425761],[122.90151181955684,14.173178982630562],[122.901651706516,14.1732227180039],[122.90167856886679,14.173254905267566],[122.90171759530132,14.173491026962743],[122.90170010943156,14.173553435777617],[122.90160026258032,14.173612404720663],[122.90147000552052,14.173592748407824],[122.90141070561401,14.173618055910023],[122.90137066550625,14.173671373648231],[122.90130401646621,14.173912654684933],[122.90111091164259,14.174254182393788],[122.90113523980968,14.174492268672472],[122.9012710720746,14.174757136292731],[122.90128095539248,14.174873107917758],[122.90125561355214,14.174925933956063],[122.90118643032785,14.174959103787737],[122.90099383234067,14.174972863123681],[122.90095555656531,14.175038721723713],[122.90095759350915,14.175260089076026],[122.90086180135252,14.175430360576579],[122.90083899369657,14.175747315843472],[122.90107517964985,14.176302109345674]]}},{"type":"Feature","properties":{"river_name":"Vinzons","name":null,"type":"River"},"geometry":{"type":"LineString","coordinates":[[122.8838353790349,14.178807017031733],[122.88393750665169,14.178721514017404],[122.88417724046194,14.178661563609015],[122.88431814109467,14.178655912545253],[122.88469548109869,14.178881709294883],[122.88525578919042,14.178916598435869],[122.88557534979806,14.178872372764515],[122.88573500339271,14.178904313528498],[122.8858416925411,14.179111191289769],[122.88575805486877,14.179387120264012],[122.88591974540986,14.179355414912251],[122.88609080283258,14.179256644424822],[122.88630722214953,14.179066719958541],[122.8863791929764,14.17912200199959],[122.88654949014392,14.179080479045842],[122.88661183107108,14.178816599267439],[122.88685866059656,14.178661317913797],[122.88692809723918,14.178488591852556],[122.88689135157036,14.178330361888559],[122.88695166515026,14.178018815612099],[122.88691720024707,14.177812428253144],[122.88743189302552,14.177420046054605],[122.88766427770221,14.177491790377449],[122.88765895591608,14.17784608906228],[122.88772408444629,14.178157389877196],[122.88795900330697,14.178178519988341],[122.8883814517866,14.1780652527437],[122.88886345359137,14.178105547388942],[122.8891219403638,14.178216357625177],[122.88927753926436,14.178621269069238],[122.88945493214737,14.178674831330095],[122.88982010806798,14.178869178692983],[122.8900408354982,14.179023477112697],[122.89026206976497,14.178976548783128],[122.8902557343043,14.178460582212569],[122.89035152646083,14.178244858698541],[122.89056743894129,14.178334293073517],[122.89072607886243,14.17845689673343],[122.89084847995191,14.178645838917035],[122.89094249818008,14.178869424392529],[122.89111380902132,14.178825935806556],[122.89132186553067,14.178441172019976],[122.89146149907157,14.178538960068696],[122.89155551729976,14.178793012239106],[122.89180310708082,14.178965738068879],[122.89213660570108,14.179271386298625],[122.89228536230458,14.17949251418219],[122.89270020823231,14.17953280857376],[122.89269209884347,14.179663273900633],[122.89253928754596,14.179849758107403],[122.8925205345843,14.180067445670137],[122.89272631032868,14.180235256594731],[122.89303776154745,14.180249998398043],[122.8931824634561,14.180154176661976],[122.89333096664062,14.179869659575933],[122.89355321458088,14.179579245394665],[122.89382639962028,14.179358117596166],[122.89400303224807,14.179413890961536],[122.89416065849558,14.179561063784512],[122.89424606049808,14.179794721943116],[122.89443181618853,14.180031819618348],[122.89472502128206,14.17992739839341],[122.89489759921499,14.179613888731897],[122.89527924733163,14.179598409795815],[122.89553519991979,14.17952298067757],[122.89599312697624,14.179608974785205],[122.89673944417649,14.17957482284461],[122.89728530741948,14.179892755108769],[122.89754734204931,14.1797824370867],[122.89796928369228,14.179835261982124],[122.89841023171569,14.179928381186066],[122.89882279687819,14.180359579110142],[122.89952476585835,14.180918538161928],[122.90020494085614,14.181804516147569],[122.90040666190629,14.182183623251754],[122.90083037747863,14.1826880337305],[122.90137877490561,14.183006453016848],[122.90204932000293,14.182890731245662],[122.90222848681427,14.182468628825243],[122.90194212401708,14.182086082471491],[122.9015465378879,14.181848004164125],[122.90129641392268,14.181577248138472],[122.90131998183388,14.181166568123572],[122.90159012585254,14.181021239062163],[122.90194161717957,14.181386588529941],[122.90242437923968,14.181564226290174],[122.90300850866166,14.181889035223193],[122.90344438831684,14.181900582885197],[122.90371073105932,14.181616559381084],[122.90388178848181,14.18129912092589],[122.90420515036548,14.181234994373204],[122.90456500449959,14.181422705765193],[122.90477914305136,14.181648254064429],[122.90508096437118,14.182072323570605],[122.90493600904423,14.182277724274215],[122.90460555144534,14.18240106288453],[122.90453129985315,14.182581402485297],[122.90455410750965,14.182690736369663],[122.90461670185555,14.182769604150216],[122.90470691880752,14.182830781942448],[122.90480068361705,14.182830536248655],[122.90558323964892,14.182606708985821],[122.90577254319685,14.182591721642154],[122.90589494428612,14.182626364517663],[122.90603255047974,14.182759285004645],[122.90617851948116,14.18332880295505],[122.90624187408234,14.183421429337233],[122.90636934353977,14.183507176272768],[122.9065132851932,14.18348015002172],[122.906611611534,14.183400299715379],[122.90671449940581,14.183122666123374],[122.90674237543003,14.182924882693309],[122.90664176832325,14.182651916706916],[122.90631840643904,14.182199593408088],[122.90623427152872,14.182027361431386],[122.90621247754571,14.181785106247107],[122.90623984673324,14.181705992429087],[122.90638024052909,14.18160206336542],[122.9064666562049,14.18159493820338],[122.906713739149,14.181633758049912],[122.90722133621271,14.181776998311705]]}},{"type":"Feature","properties":{"river_name":"Vinzns","name":null,"type":"River"},"geometry":{"type":"LineString","coordinates":[[122.88372919673158,14.185880805612303],[122.88414036809162,14.185197416163565],[122.88527162784686,14.184259978895197],[122.88606913556454,14.184021657179535],[122.88717860133804,14.18403492458199],[122.88835927768343,14.184354201900229],[122.88929895312697,14.185106756044888],[122.89021455382243,14.186152907802276],[122.89046999957402,14.186320714222548],[122.89076269783085,14.186323171124158]]}},{"type":"Feature","properties":{"river_name":"Vinzons","name":null,"type":"River"},"geometry":{"type":"LineString","coordinates":[[122.89196256589936,14.18525929031112],[122.89122740521451,14.185386115035222],[122.89087752964052,14.185647590751543],[122.8907254337568,14.186072710490484],[122.89082560788628,14.18675147742541],[122.8910215528861,14.187383105941862],[122.89119878403838,14.188633373023938],[122.89120318729776,14.189572891991157],[122.89146077791621,14.191081414770764],[122.89138849109136,14.191666429332646],[122.89115475145826,14.192323479459583],[122.89114888044712,14.192425932150146],[122.8912839137052,14.192630837392423],[122.89130739775027,14.192844280155924],[122.89090229797763,14.193567138153975]]}},{"type":"Feature","properties":{"river_name":"Vinzons","name":null,"type":"River"},"geometry":{"type":"LineString","coordinates":[[122.89424605090201,14.179794732302337],[122.89401430084193,14.17984169159982],[122.89380954932611,14.179959803284424],[122.89362855705879,14.180106286591053],[122.89348646024118,14.180585669671792],[122.89322758534074,14.180675676177746],[122.89306686640903,14.180811931018274],[122.89292779683122,14.180999058942684],[122.89291201848881,14.181250222796413],[122.89258943924801,14.181744241354037],[122.89251528909166,14.182132596959157],[122.89235475782465,14.182410522794783],[122.89236660656125,14.182645833069454],[122.89243043685114,14.182882995933886],[122.89216594247775,14.183211317864446],[122.89197903821676,14.183376590349289],[122.8920409574202,14.18373270397158],[122.89216441360935,14.183958748748656],[122.89211854753324,14.18420035701506],[122.8918085693008,14.184556098778835],[122.89199547356257,14.18499706956594],[122.89197062943828,14.185406541671322],[122.89174588566422,14.185545502624683],[122.89153146175744,14.185747088496415],[122.89160714078359,14.185898648344692],[122.89180627599856,14.185963496659776],[122.89210593436421,14.1860035173252],[122.89222136398985,14.186066883363862],[122.89225308802625,14.186264022037184],[122.89210134775742,14.186753162365525],[122.89234214465856,14.186963640606583],[122.89245604541512,14.187152255624712],[122.89247209854207,14.187380149788739],[122.89268078918977,14.187540231406219],[122.89281991628818,14.187699942351628],[122.89326634609898,14.188428089434892],[122.89343069953948,14.188574459685851],[122.89387063165543,14.188652276743234],[122.89395930606992,14.188779377878728],[122.89396656819889,14.188993189248881],[122.89388706700018,14.189258507756895],[122.89406441582891,14.189373194921084],[122.89434591887265,14.18939135217309],[122.89451982774561,14.189458793380973],[122.894563018301,14.189618502974175],[122.89449842357708,14.18985936409657],[122.89412346840317,14.190240294702562],[122.89422781372707,14.190447434715013],[122.8944361221575,14.190596026986737],[122.8948282771105,14.190678660552344],[122.89496625755652,14.190344235288],[122.8951680682925,14.190256784389742],[122.89536051470468,14.190284761270064],[122.89558888954346,14.190473929355745],[122.89580790005843,14.190782786213804],[122.89591224538245,14.190996780970488],[122.89580522453784,14.191225041821248],[122.89554025239275,14.191488597590382],[122.89549515075126,14.191742333417592],[122.89593852282292,14.191806994784672],[122.89611854717286,14.19194446960602],[122.89627984287502,14.192143085372992],[122.89621658591172,14.192475469951296],[122.8963979480223,14.192740599106733],[122.89724303047956,14.192884187444529],[122.89752147578486,14.19290049166316],[122.89797746102737,14.192764870175804],[122.8981081793451,14.192883631619926],[122.89811620590875,14.193169881646298],[122.89801510943238,14.193454649112848],[122.89802370932208,14.19373904567255],[122.89835337174617,14.193915612217342],[122.89892325774495,14.193771468711514],[122.89904136289128,14.19351690142087],[122.89900352337769,14.192966079076674],[122.89920972961254,14.192842500519776],[122.90002920351084,14.193301426846837],[122.9003582926091,14.19359619897892],[122.90056105888911,14.19427671168129],[122.90076401627735,14.19454610002739],[122.90117738429066,14.194602423272913],[122.90149787349914,14.194397695621525],[122.90154832618293,14.194127936550851],[122.90132062022421,14.19379342374027],[122.90135339535765,14.193523293400593],[122.90167445789203,14.193400085697384],[122.90191066818554,14.193546638011256],[122.90202093787849,14.194430767024588],[122.90252011367649,14.194635679920848],[122.90302454496211,14.194543598833047],[122.90475541601906,14.194423356069779],[122.90582218451178,14.194258462190438],[122.90609661653511,14.19400537764162],[122.90712478107982,14.19348920286167],[122.90856344700758,14.19253021888418],[122.90897127315773,14.192310412624293]]}},{"type":"Feature","properties":{"river_name":"Guinacutan","name":null,"type":"River"},"geometry":{"type":"LineString","coordinates":[[122.84953380663704,14.117054217240604],[122.84975549267293,14.117127610707639],[122.85048017667957,14.11722620997515],[122.85060401508608,14.1174219256864],[122.85053215823368,14.117942350736492],[122.85058108204888,14.118302644305572],[122.85072173801666,14.118532460893656],[122.85083793207694,14.118628094179817],[122.85078671495846,14.11880156841005],[122.85061242386831,14.118847531645292],[122.85045418590491,14.11893278600891],[122.85045877251301,14.119370918801264],[122.85034563619219,14.120163410662014],[122.85045647921024,14.120309454230837],[122.85134857439601,14.120689760141417],[122.8514831148867,14.120641573268113],[122.85170938752955,14.120156738620196],[122.85228118461458,14.119783845215332],[122.8525235103847,14.119775690482234],[122.85272990772854,14.11990616618159],[122.85291948751126,14.120220493695477],[122.8529531226341,14.1204043454364],[122.85283692857419,14.12062600520073],[122.85264276218442,14.120761669765978],[122.8525265681244,14.120886955549617],[122.85251204386715,14.121171628316885],[122.85264734879263,14.121310999229618],[122.85301121966525,14.121445180719546],[122.85337050393015,14.121414044690782],[122.85355855484299,14.121204988384754],[122.85369844637584,14.1211241828818],[122.85382075591285,14.121130854897043],[122.85390484371962,14.121222780418707],[122.85410818332491,14.12125465780889],[122.85434057144515,14.121257623147542],[122.85467233606423,14.121184972346711],[122.85507901527447,14.120998155894744],[122.85526630175283,14.120842475400863],[122.85535191842852,14.120660106686831],[122.8553534472975,14.120457721723342],[122.85541307319664,14.120340590416976],[122.85551474299925,14.120287214105565],[122.85560876845582,14.120282766079178],[122.85568674078567,14.120314643600768],[122.85571961147389,14.120439188293235],[122.85570508721676,14.120800219248922],[122.85572649138591,14.120983329186371],[122.85614234381221,14.12145037006109],[122.8566720969948,14.121973009904384],[122.85698092857646,14.122656517222307],[122.85738531448382,14.12330221476741],[122.8575427880128,14.12342008587834],[122.85772395901444,14.123417120568348],[122.85786767272025,14.123286646880869],[122.85786843715464,14.123084264251531],[122.85776218074405,14.122778836646088],[122.85777135395918,14.122635759981359],[122.858054194763,14.122245820014157],[122.85829269835992,14.122014524509074],[122.85844787858495,14.122042695128243],[122.85938278210877,14.122437824759992],[122.85956701084906,14.12261129608882],[122.85967097395574,14.122898190688531],[122.85968244047503,14.123085746910997],[122.85973365759388,14.123262924386392],[122.859838385135,14.123335574524848],[122.86018773175,14.12333705718091],[122.86038724918222,14.123303697426858],[122.86055313149157,14.123139863896116],[122.86066550337863,14.123098349498644],[122.86091700236408,14.123117624041626],[122.86117079465336,14.123219927356558],[122.86149491492652,14.123301473444384],[122.86169366792411,14.123273302981355],[122.86230445117445,14.123273302982088],[122.86237248585444,14.123343729133797],[122.8623510816857,14.123569833999698],[122.86224558971034,14.123807058535572],[122.86196733551408,14.124178462703053],[122.86196580664497,14.124290402762572],[122.86210187600499,14.124335623565877],[122.86226622944524,14.124315607801856],[122.86256512337627,14.12433488224187],[122.8627998048006,14.124514282717524],[122.86301461092486,14.124472027246624],[122.8631124585544,14.12441346263342],[122.86328904294837,14.12439418820065],[122.86389447515661,14.124532074493812],[122.8640366599933,14.124460166061569],[122.86417349378758,14.124309677206993],[122.86489970666314,14.124045765478638],[122.86506711784169,14.123855244742629],[122.86510992617947,14.123678809054905],[122.86534613647252,14.123471237482798],[122.86563815049199,14.123346694448873],[122.86612891750899,14.123285164234774],[122.86668160372948,14.123494959959375],[122.86726410289988,14.123940497234463],[122.86734436853392,14.124297816016043],[122.86723505438565,14.124634377176934],[122.86710510050276,14.12476485009217],[122.86713567788712,14.124892357641828],[122.8673206710618,14.124893840287564],[122.86755458805119,14.124833793137128],[122.8677755096522,14.124666254089947],[122.86798802247273,14.124688493793862],[122.86807058141041,14.124875307218948],[122.86789705475536,14.125363097105758],[122.86760351186672,14.125463916769384],[122.867350484012,14.125412765621615],[122.86716013979526,14.125580304119522],[122.86708751850792,14.125801958845646],[122.86745979816156,14.126234147875596],[122.86747508685386,14.126395755226492],[122.86723581882242,14.126669301352267],[122.86750566423864,14.126896144232228],[122.86759968969535,14.127066646901564],[122.86730385350323,14.127432115235889],[122.86723581882357,14.12768860990326],[122.8675729344851,14.127911745202999],[122.86754770814356,14.128312795141268],[122.86772582140698,14.12852851671994],[122.86812562070624,14.128717550925213],[122.86920882454307,14.128648609058235],[122.86957957532752,14.129038538060197],[122.87016054562856,14.1293684204398],[122.87062302856607,14.130068955591861],[122.87058862900912,14.13041143865893],[122.8706727168159,14.130516703913763],[122.87096855300847,14.130470001729647],[122.87116424826833,14.13111197060075],[122.8711122667155,14.131444073878596],[122.87090510493778,14.131911093292938],[122.87108474707034,14.132069731415921],[122.87137599665526,14.132069731416262],[122.87151435931891,14.131978551574328],[122.87165501528648,14.132013392656699],[122.87173145874742,14.132329186052024],[122.87162749564109,14.132414435367501],[122.8714677288084,14.13240479848977],[122.87138364100163,14.132300275406893],[122.87125749966191,14.132464112656733],[122.8713003176299,14.13263460084315],[122.87145091124744,14.132749501933114],[122.87144785350914,14.132885159274093],[122.87162061573021,14.132924447997313],[122.8716175579915,14.132639048628754],[122.87185988376153,14.13256566016213],[122.87193632722202,14.132410728876556],[122.87207086771268,14.132428520034505],[122.87227955836052,14.132745795448251],[122.87229790479124,14.132907398175774],[122.87215036891237,14.133087533190695],[122.87235523738697,14.133163886672834],[122.87229866922644,14.13347819588179],[122.87196155356497,14.133349951846176],[122.8718293063782,14.133420374880096],[122.87177197378288,14.133557514410121],[122.87204564137204,14.133736907616932],[122.8722459232391,14.133951882760972],[122.87209762292585,14.134261001835698],[122.87179643569092,14.134163892530905],[122.87159003834728,14.13421652429622],[122.87172075666538,14.134603478593299],[122.87160379817088,14.134796214204345],[122.87128579337454,14.134706518035992],[122.87120552774059,14.134415931860469],[122.87101594795827,14.134398140857845],[122.8708286614798,14.134499697810908],[122.87072240507,14.134852552274172],[122.87087376312219,14.135017859954468],[122.87097161075214,14.13536181815069],[122.87110232907006,14.135588652366312],[122.87102817891359,14.135908147233804],[122.8710862759441,14.136309924365477],[122.87094561997662,14.136361073063622],[122.87083859913187,14.136444838298203],[122.87082560374388,14.136748023712883],[122.87091733589678,14.136902952045185],[122.87114055080166,14.136804361300808],[122.87124680721202,14.136879230968065],[122.87134389040723,14.137109028802524],[122.87125215825456,14.137209843262918],[122.87105569856091,14.137275817407511],[122.87084318574026,14.137152764492484],[122.87069717873061,14.137284712795934],[122.87066354360819,14.137514510220612],[122.87084165687168,14.137761356873272],[122.87060391770937,14.137911095552656],[122.87045179522255,14.137750978940858],[122.87049231025642,14.137498943305413],[122.87031190368894,14.137154247057472],[122.87010550634533,14.137130526005922],[122.87008028000288,14.136770262235068],[122.86957881090122,14.136774709938816],[122.8693640047766,14.136484126404754],[122.86895197452388,14.136505623668205],[122.86880290977618,14.136942240071843],[122.86843063012331,14.137278041251617],[122.86807211029296,14.137189828627125],[122.86810574541533,14.136940016220487],[122.86797808483578,14.136646467759833],[122.86779079835712,14.136451509860597],[122.86761727170159,14.136501175956983],[122.86746744251892,14.136651656750445],[122.86755382362954,14.136768038379827],[122.8672373477028,14.136966702424356],[122.86731073342516,14.137108287514726],[122.86720524144994,14.137519699187902],[122.86741087435996,14.138369947621687],[122.86763791143814,14.13852265101443],[122.86755841023998,14.139333608089437],[122.86761268509788,14.140151233730657],[122.8674834956496,14.140289110475544],[122.86709363400024,14.140140114634034],[122.86696062237911,14.140420315686958],[122.8671968326728,14.140759818087936],[122.86730691125645,14.141125264428954],[122.8676470846564,14.141285378665502],[122.86776022097862,14.141738293787988],[122.86757522780435,14.142140060620829],[122.86771206159936,14.142595939101385],[122.8680224220494,14.142565547231493],[122.86859804130798,14.142698233660296],[122.86891069506233,14.143068865731246],[122.86876239474886,14.143187467866058],[122.86815925584496,14.143515847203815],[122.86745750487684,14.143849414894213],[122.86748808226136,14.144102184752127],[122.86767842647863,14.14438238092329],[122.86798649362518,14.14467295436584],[122.86842833682843,14.145403833882634],[122.86799796014544,14.14567365087846],[122.86774646116034,14.145954586366472],[122.86769295073807,14.146129522273455],[122.86785806861309,14.146208836390535],[122.86806293708757,14.146215507670375],[122.86827315660467,14.146602441552341],[122.86854070871696,14.14670399305618],[122.86871652867633,14.146642469158214],[122.86873334623755,14.146540176375018],[122.86860492122344,14.146296304263956],[122.86857969488119,14.146115438456468],[122.86873716840992,14.145977565244493],[122.86904064894814,14.145571357660547],[122.86919430030399,14.145522434800503],[122.86945115033177,14.145663273309344],[122.86960633055705,14.145867118364714],[122.86968353845255,14.146122109740139],[122.86939458217172,14.146377100829108],[122.86952682935869,14.146506820023662],[122.86972099574868,14.146512750042435],[122.86991439770387,14.14633929693629],[122.87004740932535,14.146351156982124],[122.87003364950267,14.146568343959151],[122.86985247850139,14.14695972474522],[122.87017048329754,14.14694564097899],[122.87032184134978,14.147151708635134],[122.87044491532141,14.147165051138929],[122.8705947445038,14.1467707057005],[122.8707950263707,14.146860397110599],[122.87086153218172,14.147112422370466],[122.87077056446381,14.147368894847824],[122.8706000955467,14.147405216071054],[122.8705427629513,14.147488977237556],[122.87052976756316,14.147644639500534],[122.87105799187623,14.147829951580023],[122.8711260265561,14.147762498000889],[122.87110920899458,14.147562360889799],[122.8711718926321,14.147403733572931],[122.8712796779115,14.147346657361851],[122.87139892971013,14.147382978588974],[122.8714921907322,14.147511955960415],[122.8714684932596,14.147680960681026],[122.87136835232643,14.14790407636963],[122.8714149828375,14.14800859228144],[122.87153423463612,14.148061220843068],[122.87167336173448,14.148071598304627],[122.8717222855494,14.148194645310763],[122.87162596678927,14.148420725479504],[122.87165119313161,14.148744649788568],[122.87167565503907,14.148777264567602],[122.87193403393599,14.148826186727614],[122.8719768422737,14.14861270813529],[122.87208156981467,14.148508192501446],[122.87217253753283,14.148594176998255],[122.87218782622517,14.14874464978922],[122.87203417486971,14.149084139759326],[122.87175592067295,14.149001861668655],[122.87155258106775,14.149021134016577],[122.87146237778427,14.149094517173346],[122.87147307986888,14.149215339895179],[122.87173145876615,14.149537780587147],[122.87167183286701,14.149681581575633],[122.87141651170867,14.149789802877834],[122.87096243755293,14.150091488017042],[122.87065131266863,14.150472485385032],[122.87049919018203,14.15050509991588],[122.87032413465718,14.15040503258968],[122.87018882973183,14.150399102672523],[122.87013531930951,14.150529560810643],[122.87015213687113,14.150769722187407],[122.87009251097193,14.150811972773656],[122.8700000143846,14.150825315062333],[122.86976991956779,14.150565881528546],[122.86959409960832,14.150483603974413],[122.86938464452619,14.1504717441441],[122.86914690536366,14.15051102982849],[122.8690498221688,14.150580706308997],[122.86911556354517,14.150761568563345],[122.86926539272818,14.150990611129753],[122.86974698653026,14.151144047283452],[122.86989452240934,14.151270057573447],[122.8699075177978,14.151367900809143],[122.86977603504562,14.151446471861666],[122.86971182253896,14.151673290031093],[122.8697171735814,14.151859340059929],[122.86944656373105,14.15206243832356],[122.86939381774332,14.15215064517722],[122.86962467699466,14.15242193663061],[122.86951536284651,14.152881500648057],[122.8695291226696,14.153060878609192],[122.86969041837213,14.15368202929779],[122.86956887326987,14.153774682894412],[122.86926233499294,14.153826568891718],[122.86890075742397,14.153687217899268],[122.86888088212378,14.153291401317421],[122.86884495369723,14.153223949359193],[122.86854529533169,14.153335875124645],[122.86838323519551,14.153584928286266],[122.86849866482166,14.15414974426676],[122.8684787895222,14.154429186824427],[122.86779767828867,14.154951009671624],[122.86779462055038,14.155110372944536],[122.8679727338138,14.155234157363305],[122.86808357683162,14.155186719031358],[122.86826933444078,14.155036991731002],[122.86862097435973,14.15516225863817],[122.86877003910804,14.155267512435573],[122.86881972735765,14.15545726563701],[122.86868365799803,14.155683338580028],[122.86834577790252,14.156088786868244],[122.86785195314717,14.156274833280726],[122.86776327873302,14.15643123074504],[122.86768683527285,14.156837418917311],[122.86748196679858,14.157007157919903],[122.86698508430432,14.156790722137991],[122.86674505183795,14.156745507787477],[122.86666402176974,14.156792945793946],[122.86658757830925,14.156947860465017],[122.86648055746458,14.15707831484287],[122.86631696845888,14.157118340602723],[122.86612050876514,14.15707979727813],[122.86600348315481,14.157134929760073]]}},{"type":"Feature","properties":{"river_name":"Guinacutan","name":null,"type":"River"},"geometry":{"type":"LineString","coordinates":[[122.86600347353657,14.157134940086282],[122.86597012331981,14.157232721937874],[122.86608339159778,14.15751631901566],[122.86599262181365,14.157594552629828],[122.86586073409309,14.157584773429365],[122.86549610333557,14.157089042646119],[122.86538981734903,14.157061209474362],[122.86531223633689,14.157087538150217],[122.86531921862813,14.157207897772864],[122.86546507093118,14.157455387046678],[122.86551317115878,14.157608845305885],[122.86551317115901,14.157749515285705],[122.86544955472915,14.157832262291867],[122.86531999443892,14.157881158235785],[122.8650562189978,14.157896203139213],[122.86483588892338,14.157859343122999],[122.86445031129296,14.157717920965],[122.8641725712696,14.15770513278651],[122.86369544804519,14.157787127562834],[122.86353718278048,14.157783366334993],[122.86341538059142,14.157723938929694],[122.86335098835121,14.157611102041628],[122.8633067671741,14.157408747748702],[122.86303445782146,14.157326752834893],[122.86271172081106,14.15730644216328],[122.86243087754731,14.157396711798894],[122.86237501921866,14.15748171567322],[122.8623331254723,14.157670529475073],[122.86237889826967,14.157836023515028],[122.86251699247154,14.158100813728238],[122.86255500716774,14.158367108119855],[122.86252242314309,14.158760531183406],[122.86254337001647,14.158856818177416],[122.86261552035778,14.158920758736885],[122.8629553251909,14.158970406688626],[122.86310350492414,14.159047135319524],[122.86325556370788,14.159068198076561],[122.8633602980742,14.159030586009528],[122.86344330975709,14.158898191483685],[122.86345960176948,14.15874774306508],[122.86334245444078,14.158385161966537],[122.86338124494678,14.15832498247517],[122.86347977283215,14.158361842415664],[122.86377147743804,14.158659730694357],[122.8639274152726,14.15886659732463],[122.86402361572785,14.159067445836195],[122.86417567451171,14.159196831300267],[122.86439678039629,14.159236700062339],[122.86462098952131,14.159232186618231],[122.86486149065892,14.15931869428688],[122.86537042209876,14.15964667088738],[122.865479811326,14.159747470940017],[122.865529463174,14.159971638060671],[122.86559307960401,14.16010704091229],[122.86586926800722,14.160146909514651],[122.86603451556304,14.160131112522416],[122.86612295791684,14.160186025872381],[122.86614157735991,14.160299613718317],[122.8659972766775,14.1604320074271],[122.86594762482981,14.16051926687484],[122.86593676348818,14.160605021816718],[122.86599417343736,14.160757725712088],[122.86621140027142,14.160894632565661],[122.86678860300184,14.161144374525707],[122.86706246397482,14.16133845091925],[122.8670694462662,14.161632574129237],[122.86699884754542,14.161862757245125],[122.8671113400133,14.162120772682853],[122.86766526844004,14.162317104933773],[122.86775448660407,14.162471312137834],[122.8678173272242,14.162762424964294],[122.86768466369405,14.163280710183447],[122.86758225675834,14.16350412158928],[122.86770405894754,14.163692178158048],[122.86797714411023,14.163749347324362],[122.86819980161516,14.163880986796817],[122.86854348549933,14.16434360490835],[122.86856132913306,14.16529215714421],[122.86845116409624,14.1656434439212],[122.86826264223726,14.16599849124611],[122.86794145684772,14.166504733611195],[122.86786387583574,14.166731902923697],[122.86787628879794,14.166921461248954],[122.86822385173241,14.167065886533791],[122.86823160983383,14.167276506575515],[122.86812803918282,14.167480356501061],[122.86818234589146,14.1675935645911],[122.86868507084989,14.167518719382397],[122.86879484798227,14.167735920864065],[122.86861563584452,14.167946540283792],[122.86834061115704,14.168363265274136],[122.86731886922887,14.169609674622139],[122.86681847170102,14.1698857341851],[122.8666024085826,14.170165178332892],[122.86655508416553,14.170445374340378],[122.86670248808873,14.170613491778985],[122.86692902464412,14.170638314477738],[122.86728279405929,14.17050141350122],[122.86746510943784,14.170600704328116],[122.86750777899496,14.17102720306678],[122.86772810906966,14.17128107098325],[122.86767923303222,14.171379233167988],[122.8675357081599,14.171489806612449],[122.86745347228725,14.171635357288977],[122.86750816690093,14.17181626122985],[122.86764005462165,14.171897498711582],[122.86763772719155,14.172111123061383],[122.8675919543947,14.172336782367335],[122.86711405536062,14.17282044472325],[122.8670194065262,14.173134862311704],[122.86709853915889,14.173488393529698],[122.86707371323523,14.173694494453578],[122.86679968078303,14.174510420678025]]}},{"type":"Feature","properties":{"river_name":"Basud","name":null,"type":"River"},"geometry":{"type":"LineString","coordinates":[[123.00690572924827,13.969927709088138],[123.0066248859845,13.96998191526427],[123.00631301031595,13.970112913471006],[123.00617336449415,13.97010162052489],[123.00563107321918,13.969856187028713],[123.005398330183,13.969999231122044],[123.00545574013243,13.970455465900791],[123.00561245377705,13.970627118356001],[123.00578623524486,13.971254251018784],[123.00559228271486,13.97145902866095],[123.00491655209935,13.97147935584265],[123.00456588592446,13.971337818386033],[123.00407169487697,13.971043450312298],[123.00389481016937,13.971036674571966],[123.00375748210662,13.971184245364046],[123.00343630638856,13.971772970499222],[123.0032252860358,13.971911496259082],[123.00303753998705,13.972449788503008],[123.00307477887341,13.972956459633604],[123.00299021557039,13.973084444735273],[123.00276678225542,13.973034003556325],[123.0023214672455,13.972716299161513],[123.00214768577845,13.972732109105985],[123.00206312247538,13.972866117164777],[123.00208950001984,13.973217699735153],[123.00216087455135,13.973555730436933],[123.00235715451245,13.973962270044684],[123.0023967208289,13.974169303828264],[123.00223224908333,13.974273197074748],[123.0016984917197,13.974093265986745],[123.00120740391283,13.97386816371653],[123.0010437079773,13.973947213033417],[123.00108211057858,13.974146341907156],[123.00099366822545,13.974818259425348],[123.00088466690384,13.975155911353774],[123.00074346946192,13.975335088764526],[123.00064416576673,13.975579763575096],[123.00065192386818,13.975808628393427],[123.00047116011021,13.976061583980309],[123.0005029683257,13.97658631536849],[123.00042693893415,13.976860349649472],[123.00023298640419,13.97716675572557],[122.99995214314096,13.977711058388227],[122.99994360922979,13.977888728135119],[123.00005067102664,13.977980574306569],[123.00061390917483,13.978247078564104],[123.00073959041458,13.978390870280922],[123.00075510661725,13.978550471452879],[123.00059916878304,13.978697274319744],[123.00045874715144,13.979034544141497],[123.00045486810113,13.979296530179964],[123.00063485604996,13.979980101543017],[123.00061546079715,13.980239075185406],[123.00045486810232,13.980403944881322],[123.00008946153541,13.980553005052414],[122.99914840385846,13.980553757880203],[122.9989187640626,13.980506329654169],[122.99816079757453,13.98077433664185],[122.99798158543672,13.980989645400768],[122.99800563555075,13.981205706785236],[122.99828725462488,13.981366811657987],[122.9985215492817,13.981587389641765],[122.99863016269894,13.981848619949556],[122.99850758470008,13.982086512421157],[122.99751920260628,13.982555521224555],[122.99720887855804,13.982785131927622],[122.99697225647125,13.983019259326705],[122.99686053981428,13.983437074511661],[122.99691639814337,13.983721640095336],[122.9968395929415,13.983842843848056],[122.99687915925782,13.983994160244915],[122.9968380413219,13.984472951770151],[122.99664796784255,13.984687504252786],[122.99648815095823,13.985383104610543],[122.99586905448213,13.985919859725403],[122.99563398401601,13.986387355095703],[122.9965261656562,13.987235770194426],[122.99652616565663,13.987625347507223],[122.99644858464504,13.988084934966922],[122.99617821481854,13.988741002943344],[122.99575151925214,13.988896080125727],[122.99525150962828,13.98820199599811],[122.99467275527813,13.98835556793701],[122.994867483619,13.988829833573906],[122.99521349493364,13.989365827846802],[122.99536788114854,13.990016998983325],[122.99575384668412,13.990324893133415],[122.9962164234685,13.99001530518897],[122.99660859548497,13.990211785368201],[122.9968739225469,13.990716911800808],[122.9966365246505,13.99133269781331],[122.99648601748767,13.991948482176884],[122.99617724505984,13.99229551884811],[122.99555970020278,13.9917181278269],[122.99482655963817,13.991601444979542],[122.99431995562932,13.991832552236726],[122.99397472012595,13.992336922317973],[122.99424315042842,13.992874413993556],[122.99613690293435,13.99306938615568],[122.99667977606693,13.99334114244311],[122.99652500194834,13.993840239717418],[122.9960215011799,13.993997007226872],[122.99532559950104,13.99380241224558],[122.99493847025124,13.99438280916602],[122.995210003794,13.994729089381028],[122.99552187946301,13.995040741128669],[122.9953279269333,13.995539834713156],[122.99470960626631,13.99515365832316],[122.99413395515597,13.99472908937975],[122.99370493215915,13.994924059966262],[122.99370182891926,13.995422401024081],[122.99389655726011,13.995812340856945],[122.99436514657354,13.99608258834572],[122.99436126752357,13.996622329592682],[122.9946343526867,13.997046895038947],[122.99478679937612,13.997626530995253],[122.99467042785842,13.998086851235744],[122.99397452617977,13.998089862320938],[122.99347412865168,13.998168903314486],[122.99327784869149,13.998552816327729],[122.99382013996684,13.99917234519177],[122.99443923644351,13.999206972515903],[122.99478602356797,13.999444847031663],[122.99475887021393,13.999657880012025],[122.99441130728007,13.999967266779885],[122.99436786191353,14.000233745560223],[122.99442992672347,14.000462585848249],[122.99500868107404,14.000688414857052],[122.99543847988151,14.000991025380483],[122.99552226737505,14.001414077234648],[122.99547416714807,14.001880788340808],[122.99534072780766,14.002249639995856],[122.99519022064442,14.002502566502724],[122.99488765469756,14.002866900624305],[122.99483334798954,14.003289949024389],[122.99495437436867,14.003506742208849],[122.9951747044432,14.003639226832151],[122.99529573082188,14.003438994361142],[122.99528099042935,14.00321467356586],[122.99548425268091,14.003061864308341],[122.9957806121471,14.002948198243171],[122.99598697763948,14.003080683188527],[122.99606766189241,14.00339533462713],[122.99606223122193,14.003719771424647],[122.99660141925719,14.004678024070914],[122.99655331903031,14.005226025358354],[122.99646487667655,14.005310333132593],[122.99631126627258,14.005328399080028],[122.99545089284778,14.004927184157664],[122.99447647533526,14.0046223205676],[122.99426545498237,14.004608018314997],[122.99411727524941,14.00481201351449],[122.9940901218957,14.005305063894777],[122.99386513696095,14.00565132765117],[122.99385582723971,14.005846288971412],[122.99400555859323,14.005974255771394],[122.99417158195911,14.005978772245557],[122.9949054983335,14.005785316531206],[122.99513591393949,14.005800371456795],[122.99502652471311,14.006370952398893],[122.9947798170952,14.007022075356959],[122.99464560194481,14.007512862771295],[122.99467120367913,14.007826002659517],[122.994910929007,14.00823248168555],[122.99525984960988,14.009062562313547],[122.9952272655849,14.009178483558898],[122.99495030137207,14.00949990125109],[122.99489754628388,14.009637651552959],[122.99494564651175,14.009900355451702],[122.99502012428339,14.009969606859258],[122.99531027726889,14.010098324094109],[122.99558491405197,14.010275968814195],[122.99552672829323,14.010674916200815],[122.99495961109498,14.010884551483073],[122.99443206021266,14.010940253464407],[122.99438240836493,14.011036602806628],[122.9943063789734,14.011300057832933],[122.99431491288502,14.011561254374987],[122.99449722826375,14.01181793426104],[122.99464695961724,14.011917294140021],[122.9948579799704,14.012116013768818],[122.99486108321106,14.012302689626837],[122.99465316609863,14.012336562245856],[122.99436689216373,14.01212956282755],[122.99394329983735,14.011936112293188],[122.99379589591437,14.011942886828082],[122.99366245657347,14.011893206899448],[122.99349410577703,14.011775028844376],[122.99332265174033,14.01179610518963],[122.99303017132506,14.012176231801941],[122.99309223613504,14.012453610923197],[122.99305732467988,14.012690718997158],[122.99279354923905,14.01303471344979],[122.99271519241708,14.013301177069955],[122.99264381788653,14.013784423863289],[122.99263993883635,14.01419691409091],[122.99254373838217,14.014980492938065],[122.99239982560523,14.015436638470243],[122.99240448046635,14.015800952072718],[122.99270161574366,14.016644365952395],[122.99278540323739,14.017266104141463],[122.99295297822415,14.017791494179606],[122.99293280716111,14.017901389364917],[122.99286453587058,14.018002252022889],[122.99278074837756,14.01805193062911],[122.99267834144156,14.018062468513797],[122.9924037046584,14.017808053730782],[122.99213527435613,14.01745729205873],[122.99189322159822,14.017380515827028],[122.99166513342267,14.017431699983891],[122.99144480334844,14.017564176572611],[122.99096069783323,14.017975154594456],[122.99061934138014,14.01813623369145],[122.99035091107828,14.018231074602143],[122.98993197361297,14.018327420883821],[122.98968992085528,14.01843581040262],[122.98959061715996,14.018566781003084],[122.98960923660303,14.018729365092959],[122.98982025695628,14.018992811290557],[122.99059141221734,14.019585940480205],[122.99091570084835,14.01992616109997],[122.99090328788658,14.020103798214047],[122.99060382518016,14.020406383150734],[122.99044711153566,14.020370253626812],[122.99027643330895,14.02039885616669],[122.98998472870339,14.020350683465175],[122.98982025695781,14.020415415529833],[122.98968836923736,14.020537352625526],[122.98951924263122,14.020773699651235],[122.98897307230632,14.021190693491151],[122.98879618759874,14.0211921988825],[122.98869533228282,14.021038648893052],[122.98840207605673,14.02074509715653],[122.98802658395812,14.0207676780722],[122.98752541061994,14.020850474745007],[122.98735473239338,14.020913701275292],[122.98716233148365,14.02121327436125],[122.98708475047184,14.021472201537582],[122.9871607798642,14.021919301846276],[122.9874462779891,14.022264035159678],[122.98772712125313,14.022425111246642],[122.98811037145316,14.022550058040146],[122.98859292534881,14.022879736601745],[122.98885825241032,14.022908338829307],[122.98912357947162,14.022801456804292],[122.98931753200192,14.022808983709341],[122.9894214905582,14.022872209700221],[122.9894664875454,14.023028769221456],[122.98942769703953,14.023168769471951],[122.98910185678878,14.023322318035222],[122.98899014013156,14.023521027788428],[122.98877601653874,14.024139736599665],[122.98855723808491,14.024463391395582],[122.98835397583322,14.024505541753783],[122.98815381682199,14.02447242361542],[122.98797072563325,14.024385112137217],[122.98771315667221,14.023627909476987],[122.98752541062274,14.023475866494216],[122.9870350986263,14.023572210573473],[122.98674494564112,14.023679092239359],[122.98640514080829,14.023868769439511],[122.98597844524174,14.023987693953018],[122.98566656957301,14.023975650966694],[122.98541365547355,14.02399973693767],[122.98529418071504,14.0241337151066],[122.98530659367727,14.024368553056862],[122.98545244598009,14.024484466572076],[122.9858046637752,14.024534143775307],[122.98615377832965,14.024520595448742],[122.98644237969481,14.024567261905272],[122.98675270374339,14.024681669951612],[122.98710181829814,14.024949625415319],[122.98725077384168,14.025176935703577],[122.98714371204534,14.025503599762652],[122.98689855604738,14.025851338410957],[122.98675735860567,14.026126819303581],[122.98670150027718,14.026333053416518],[122.98692183035193,14.026704876495],[122.98687217850461,14.027031538377978],[122.98675735860694,14.027307017853044],[122.98647651534331,14.027490670652346],[122.98606843921968,14.027609593287911],[122.98460060647115,14.028195173468067],[122.98439967165005,14.028468393529545],[122.98442915243487,14.02867161485197],[122.98458974513017,14.028850750535138],[122.98579225081858,14.029443101567445],[122.98592569015966,14.0296500853663],[122.98598387591899,14.029886423002578],[122.9859629290461,14.030185231703458],[122.98554166415074,14.03066919559896],[122.98513048478692,14.030980045898023],[122.9846580164236,14.031410569102933],[122.98423597571794,14.031599487246824],[122.98361377600084,14.031635615000983],[122.98308312187795,14.031585939335892],[122.98255246775514,14.031688301298736],[122.98233834416196,14.031938184723263],[122.98232903444068,14.032060115693092],[122.98252609021155,14.03213387637198],[122.98259125826223,14.03258697716322],[122.98251522887081,14.033040077058748],[122.98244230271982,14.033369740539467],[122.98214439163428,14.03428948409093],[122.98184648054857,14.035057188648404],[122.98157261957627,14.035449319101653],[122.98136159922335,14.035493725386868],[122.98094111013731,14.035117400660754],[122.9806090634051,14.034738064711641],[122.98049036445636,14.034536354070388],[122.98047795149414,14.034322600809215],[122.98061837312595,14.034180349408908],[122.9810008475154,14.033936489660318],[122.9811110125524,14.033772411041335],[122.98114980305827,14.03357295751594],[122.9811521304884,14.033357698044702],[122.98092404231262,14.033211682763564],[122.98047096920169,14.033087494435492],[122.97953766962615,14.033174802598943],[122.97918467602116,14.033321570558837],[122.97907528679414,14.03339683614295],[122.97903572047814,14.033532314132236],[122.97908925137669,14.03372198318284],[122.97937940436266,14.034283462865256],[122.97938948989449,14.034578502575938],[122.97929484105994,14.034829888152089],[122.97885262929152,14.035398891611278],[122.97862298949609,14.03576166821166],[122.97851282445929,14.036131970705457],[122.97845696613102,14.036542915455561],[122.97850351473858,14.036837952257725],[122.97861988625688,14.036929022214434],[122.97873315453454,14.03691923784082],[122.9790551157345,14.036627964369313],[122.9792296730117,14.03658130036804],[122.97939802380803,14.036623448499014],[122.97977739495755,14.036944075097729],[122.97983170166637,14.037190189576632],[122.97962843941555,14.038057985614406],[122.97931966698795,14.038620207311993],[122.97874789492884,14.03880309840968],[122.97767960439228,14.039029642323746],[122.9772428232943,14.039198985635226],[122.97715670837091,14.0392712387435],[122.97713033082694,14.03938639208783],[122.97717300038379,14.03956250885556],[122.9772350651936,14.039697230565174],[122.97749534948963,14.040051721389228],[122.97788674569598,14.040230095545816],[122.97807487965049,14.040408845879632],[122.9781276347389,14.040549399991438],[122.97813539284027,14.040666057957127],[122.97805858763849,14.040827873746556],[122.97781498326076,14.041167310217158],[122.97781653488116,14.041322351985569],[122.9781540122845,14.041886823557292],[122.97820211251218,14.042032080683358],[122.9781353928419,14.04216153255216],[122.97767068257984,14.042629666025004],[122.9775636207832,14.042701918051304],[122.97740147646795,14.04272976518022],[122.9771997658364,14.042697402299895],[122.97676996702889,14.0423752784995],[122.97657911773891,14.042187121864561],[122.97646895270164,14.04212390120047],[122.97635102956316,14.042087775098823],[122.97625560491828,14.04210659077728],[122.97618733362769,14.04214422212974],[122.97613380272942,14.042236042603918],[122.97611052842592,14.042351194458092],[122.97614931893233,14.042700412799299],[122.97639447493137,14.043361969361314],[122.97669781668891,14.043500451949587],[122.97703917314239,14.043742796277407],[122.97837977303182,14.043766880173294],[122.978662167916,14.043839131841372],[122.97903533258456,14.044120612079986],[122.9790741230913,14.04473324434386],[122.97895154509288,14.045379742707448],[122.97842166678055,14.045774865953796],[122.9781051362516,14.046217403180723],[122.97804384725214,14.046335563486158],[122.97802522780943,14.046491354368996],[122.9780244519995,14.046679507467882],[122.9780725522271,14.046778099630025],[122.9785706223252,14.046996356937665],[122.97882276061472,14.047209345764676],[122.97897481939881,14.047559309307866],[122.97893137403221,14.047701552401474],[122.97875216189442,14.047876157559436],[122.9785799320476,14.047928087515942],[122.97849924779499,14.047888199289277],[122.97839451342844,14.047733914573824],[122.97769550850872,14.04721461403569],[122.97752095123128,14.047027213987198],[122.9772905356251,14.046906796204292],[122.97715166561342,14.046899270090597],[122.9768971998938,14.047003883046006],[122.97676919122387,14.04699936737969],[122.97659540975658,14.046926364097446],[122.97639214750458,14.046650908204859],[122.97616405932885,14.046551563375237],[122.9756015969909,14.046434155793401],[122.97541385094169,14.046543284636607],[122.97525868891768,14.04672842724496],[122.97517567723507,14.047080649355154],[122.97520205477934,14.047242460613134],[122.9753843701583,14.04762704412111],[122.97563030196689,14.047861105392132],[122.97587080310463,14.047993564397839],[122.97637818292422,14.048367610153436],[122.97670635060565,14.048546730439849],[122.9773712198795,14.048563287770937],[122.97750388341022,14.048600165456984],[122.97760396291598,14.04868219947176],[122.97758844671378,14.048892176311124],[122.97742707820863,14.04899227272932],[122.97657989355676,14.049320408048626],[122.97609423642125,14.049579303473474],[122.9756784021966,14.049892385921963],[122.97566133437427,14.050158806707222],[122.97582270287964,14.050352977592901],[122.97685763358173,14.050790237783659],[122.97709735890942,14.051004728277267],[122.9772339014909,14.051182341305768],[122.97721916109884,14.0513900580624],[122.97681806726672,14.051826563675434],[122.97651317388933,14.05204406357525],[122.97624784682829,14.052393267134686],[122.97625095006887,14.052500887951958],[122.97629517124591,14.052588188717682],[122.9763580118658,14.052664953156594],[122.9766559229524,14.052771068662363],[122.97713614941769,14.053077373427488],[122.9775077624662,14.053508607696504],[122.97800040189387,14.054197226179642],[122.97837279075236,14.054510302313307],[122.97874750704086,14.054483961790181],[122.97890654811559,14.054379352252628],[122.97912687818979,14.054168627859013],[122.97945349425058,14.05401961549234],[122.98008422787896,14.053951882566912],[122.98020059939726,14.054043698306605],[122.98030843700448,14.054391393642366],[122.98053574937137,14.055669282351007],[122.98018197995667,14.056221677262972],[122.98007336654001,14.056494111319958],[122.97990889479472,14.056796648207516],[122.9796932195813,14.057058545488605],[122.9794992670514,14.057418277472404],[122.97947754436835,14.057710277077042],[122.9795163348745,14.057838214930825],[122.9798716559102,14.058021843255105],[122.98100744192791,14.058342439894858],[122.98136431458384,14.058514026643964],[122.98163739974679,14.058789468261253],[122.98175066802466,14.058971590678484],[122.98177859718929,14.059219939195476],[122.98161102220342,14.059498390242194],[122.98132862731957,14.059782861501985],[122.98055281719921,14.060439100730823],[122.98035886466918,14.060723570821018],[122.98041006813759,14.061096843207348],[122.98069711788277,14.061397868882002],[122.98103692271602,14.061628153255826],[122.98195393027954,14.061874993765768],[122.98206254369681,14.062195585004776],[122.98200668536826,14.062349107410698],[122.98111140048906,14.062895465724482],[122.9807033243657,14.063226591340287],[122.98047989105116,14.063535139778276],[122.98040696489997,14.063715753305008],[122.98040696490025,14.063997209099993],[122.98045196188751,14.064221470421389],[122.98068935978509,14.064644405603751],[122.9813627629709,14.065234406402514],[122.98142482778084,14.065520375629427],[122.98123242687147,14.06611789964893],[122.98098571925424,14.067309932827225],[122.98103226786252,14.068193418054754],[122.9811796717861,14.068729226853556],[122.98217736360237,14.06921235674546]]}},{"type":"Feature","properties":{"river_name":"Basud","name":null,"type":"River"},"geometry":{"type":"LineString","coordinates":[[123.00302105406118,14.008336547737603],[123.00318785323724,14.008374184631196],[123.00333215391991,14.008508171921733],[123.00330965542699,14.009041109359044],[123.00347849110473,14.009164087508227],[123.00433450059708,14.009067455105455],[123.00452147083644,14.009266929935466],[123.00434167684152,14.009807392942928],[123.00435253818353,14.01006332205711],[123.00452942289124,14.010241060895606],[123.004804738508,14.010195426532892],[123.00495543962437,14.010476007153597],[123.00556299592543,14.010446180189827],[123.00594721588823,14.010664754354519],[123.00590764957245,14.011055044682125],[123.00568828926127,14.011597385299003],[123.00565415361633,14.011910425526613],[123.00581561909817,14.01225423296764],[123.00592966318644,14.012634923364812],[123.00577944695188,14.01279553575753],[123.00498540529287,14.012741527852585],[123.00470533783907,14.01265138919673],[123.00464230326679,14.012723462487738],[123.00466906871614,14.01288454527062],[123.00475983850055,14.01308589859035],[123.00494312364164,14.013072349587693],[123.00521931204486,14.013144234566397],[123.00536157622601,14.013323194192452],[123.00533335613306,14.013540071995804],[123.00525849045673,14.01375629096407],[123.00537845009686,14.013904294518374],[123.00559461019236,14.014349715955197],[123.00600772908228,14.01465908293408],[123.0064549836173,14.014863257384786],[123.00666425839795,14.015272358455752],[123.00671759534409,14.015564223585484],[123.00664951800627,14.015853453847438],[123.00640668943858,14.01600267920742],[123.00600559560597,14.01599025944547],[123.00565434757345,14.015884315088865],[123.00541345853063,14.015695384001662],[123.00490646661652,14.015741675895308],[123.0043114202538,14.015871142606178],[123.00416207680571,14.016101472737926],[123.00424247012968,14.016283629083919],[123.00452117991588,14.01640331024108],[123.00460147626359,14.016581514615345],[123.00449984513787,14.016723776930764],[123.0040999150204,14.016685388695102],[123.00351146304327,14.016533717467084],[123.00309368929312,14.01656655448397],[123.0029119557725,14.016822570151678],[123.00295831042747,14.017058356471628],[123.00315594805616,14.017334412453959],[123.00339295804822,14.017386161152857],[123.0038984953184,14.017294612993249],[123.00435564143247,14.017472534410437],[123.00480696897057,14.017562671173305],[123.00508276946874,14.017655630553254],[123.00521698461985,14.017792623254726],[123.00522319110098,14.017945799062959],[123.00514134313333,14.01806849017703],[123.00482578236658,14.018082415237611],[123.00448694729609,14.018003192919666],[123.00415684008968,14.01815825035126],[123.00403969276168,14.018410782983343],[123.00388472469004,14.018475703771424],[123.0035613088459,14.018500731200454],[123.00326882843044,14.018705372672793],[123.00312821284626,14.01891500062186],[123.00337201117716,14.019190678019738],[123.00397016078081,14.01936793935305],[123.00444883562562,14.01944584397238],[123.00473704908592,14.019707031245593],[123.005129609008,14.020470644780987],[123.00539183282916,14.020644894334842],[123.00562302424514,14.020580162335001],[123.0058274502122,14.020667287086972],[123.00595972583798,14.020803525293477],[123.00594692497121,14.020980785380099],[123.005790211327,14.021170652985342],[123.00522988246746,14.021588963319118],[123.00512883319944,14.021858427781936],[123.00522270622427,14.022008590103813],[123.00543392052968,14.021976976991873],[123.00570138106875,14.021833777066282],[123.00607221830637,14.021486032327934],[123.00661577027206,14.02109726512972],[123.00689292843796,14.021131230538405],[123.00687954571364,14.021415373092696],[123.00679168521778,14.02170854762416],[123.00646603891977,14.022036157488275],[123.00638516071481,14.022160539973612],[123.00628401447062,14.022495487934801],[123.00647399097423,14.022664843459676],[123.00664137200806,14.022867787665572],[123.00658658041858,14.023076847294664],[123.00632687798065,14.023236135173764],[123.00596525348806,14.023326081499372],[123.00569837480666,14.023511242862558],[123.00549840974803,14.023674576136138],[123.00539037818899,14.023995597185507],[123.0054851240003,14.024237773963765],[123.00581009146487,14.02427042170763],[123.00650560523819,14.023975745077523],[123.0067835392142,14.024067196486596],[123.00699999023833,14.024415689998264],[123.00701919153911,14.024673484533752],[123.00690417768894,14.024939746468648],[123.00670285496261,14.025037783470529],[123.00647166354648,14.025044181277005],[123.00639776763268,14.025221438086879],[123.00679110336435,14.025498236929591],[123.00690378978476,14.025679444964354],[123.00668830852372,14.025791970753616],[123.00635083112097,14.02577973969182],[123.00571466682129,14.025458156627177],[123.00538378380449,14.02532653136321],[123.00512602089194,14.025464460336268],[123.00494079622578,14.025758570543852],[123.0048358679072,14.026061148022295],[123.00479513787663,14.02672915037058],[123.00495805800244,14.02714933225953],[123.00492469816732,14.027234478741889],[123.00456627389137,14.027216038179995],[123.00377068061202,14.02705797616285],[123.00336182867817,14.027057976162357],[123.00307904588927,14.027313886038428],[123.00305189253531,14.027582779270004],[123.00326756774932,14.027836430539155],[123.00348518248865,14.02817249922172],[123.00366827367745,14.028336205512536],[123.0038230477965,14.02821540157164],[123.00396346942837,14.028171370212984],[123.00408604742749,14.028198842771342],[123.00415936148406,14.028290668832515],[123.00409302971896,14.028551281530994],[123.00474471022117,14.028954713168348],[123.00491965540371,14.029203282400953],[123.00490006619849,14.02942626062767],[123.00463551494727,14.029551768107709],[123.0045077972062,14.0296632570786],[123.00452738641197,14.02985321158036],[123.00488057396994,14.030037897257987],[123.00527177622367,14.030148539243426],[123.00527778875228,14.030312432289758],[123.0050628893488,14.030410090662091],[123.0044666792706,14.03034498508427],[123.00420290382951,14.030396919013992],[123.00400982408595,14.030665714547034],[123.00377969940888,14.030757163287754],[123.00332682025052,14.030671924029773],[123.00297149921472,14.030314408034833],[123.0026103596031,14.030120784665701],[123.00228471330476,14.03012793499671],[123.00212373270479,14.03023255560926],[123.00221295086904,14.03054303016837],[123.00220509579184,14.030797148577854],[123.00170450431155,14.03112436912806],[123.00177335746004,14.031327776262177],[123.00195673957757,14.03143456023139],[123.00253898507363,14.031525444170038],[123.00281478557183,14.031656971793177],[123.00295055234321,14.031839492117692],[123.00300369533673,14.03204948439366],[123.00275427238299,14.032227488447942],[123.00179459526287,14.032090880696309],[123.00145595414486,14.031918897819912],[123.00135005606306,14.031636273601134],[123.00113224737106,14.031237174493684],[123.00080747385883,14.031000179668746],[122.99993488142498,14.030889914425666],[122.99933188300832,14.030915504997798],[122.99870095542786,14.031401066758896],[122.99849808108168,14.031795273284244],[122.99842418516809,14.032190043626695],[122.99849769317733,14.032410008313006],[122.99879579821653,14.032620752724942],[122.99924033741604,14.032705050435846],[122.99957509948345,14.03285125420422],[122.99972870988766,14.03300084483571],[122.99964201310688,14.033209707063204],[122.99901981339025,14.033649822430752],[122.99902524406129,14.03388107552847],[122.9992567264065,14.03407695368206],[122.99981482481255,14.034253074530689],[123.00015618126591,14.034312534103073],[123.0004447826311,14.034422797699206],[123.0005396254186,14.034581042801259],[123.00034800031885,14.034793290518927],[123.00006327800467,14.035005161714716],[122.99967207575166,14.03552279646823],[122.99971241787823,14.0357628912899],[123.00055999043644,14.03655806247002],[123.00116667395169,14.036976909218618],[123.0022221636218,14.037258209728218],[123.00258097580304,14.037425296422297],[123.00264304061368,14.038286317813219],[123.00243900255275,14.039171044027576],[123.00261666307173,14.040310156926338],[123.0028722925072,14.040885544143425],[123.0039417467595,14.041100796545047],[123.00467372360887,14.041157620135337],[123.004774578925,14.04149479823045],[123.0042575014793,14.041553503293866],[123.00361251234,14.041684837003668],[123.00320307854939,14.042451764159022],[123.00343194253564,14.042912370795062],[123.00378066918562,14.043423778548686],[123.00377329899007,14.043936690402303],[123.00357740693505,14.044503037079322],[123.00326339778863,14.044602759106347],[123.00280363331522,14.044280920217894],[123.0025575075539,14.043877233326281],[123.00237945913094,14.043753615245002],[123.00221828457866,14.044074702253006],[123.0025603198663,14.044448566254234],[123.00310241718886,14.044932688183627],[123.00325428202055,14.045294885226564],[123.00301775691005,14.045467140294209],[123.00222613965762,14.045393948368702],[123.00190311171814,14.045064866649884],[123.0018524901072,14.044562870298916],[123.00155554878332,14.044519971009159],[123.0012657837033,14.044792795300156],[123.00121593790341,14.04516383581479],[123.00164903390434,14.045896507358334],[123.00224621374565,14.046443093103296],[123.00379841584693,14.047642566714716],[123.00395144439368,14.0479654357145],[123.00359689916917,14.048758871175838],[123.00330538851681,14.049331979357772],[123.00368107456801,14.049382027476753],[123.00410039993822,14.049128964510098],[123.00484285022391,14.048912402597288],[123.00569682321469,14.048805532699244],[123.00634850371648,14.048863106982827],[123.00659307785736,14.04901964875079],[123.00698408615915,14.049711855597215],[123.00700852417924,14.050815167646238],[123.00731593894005,14.05112232170044],[123.0075381115637,14.051240009101889],[123.00772430599307,14.051478958555428],[123.00746984027381,14.0519169691889],[123.00733950417361,14.05205695179188],[123.00726812964258,14.05219542912143],[123.00670140034933,14.052355355280353],[123.00672234722283,14.052650371714588],[123.00688992220915,14.052735414646907],[123.00720800435877,14.052671444303066],[123.0075284139385,14.05241405756131],[123.00791243994831,14.052243971427162],[123.00812501192158,14.05232449894938],[123.0082002655036,14.052572102087183],[123.00798148705019,14.05325470266326],[123.00784804770946,14.053322435795582],[123.00714050887915,14.05347746933369],[123.0069868984755,14.053795061983461],[123.00704275680452,14.054084055860251],[123.00703577451407,14.05469214595082],[123.00696052093285,14.055146707289904],[123.00663623230241,14.055352915281464],[123.0063965069749,14.055255079395762],[123.0059558468257,14.054904375031505],[123.0055656143347,14.054850941486379],[123.00541821041189,14.055037582545621],[123.00560207741093,14.055333348106492],[123.00581775262492,14.055610298717781],[123.00580223642281,14.055881228339018],[123.00540191840088,14.056457705298678],[123.00489298696185,14.05685356200414],[123.00477971868465,14.057275005653274],[123.00510555893575,14.057494758105753],[123.00547484455313,14.0572268407049],[123.00570448434837,14.05667595337757],[123.00603187621927,14.05644415886012],[123.00668510834146,14.056608221238728],[123.00748108952574,14.056645850208819],[123.00840430356973,14.056457705302263],[123.00905132921051,14.056230426048302],[123.00921424933595,14.056239457016556],[123.00938027270197,14.056314715070155]]}},{"type":"Feature","properties":{"river_name":"Basud","name":null,"type":"River"},"geometry":{"type":"LineString","coordinates":[[123.0146480233478,13.985470901443756],[123.01441372869154,13.985750947640103],[123.01439821248931,13.985924094311542],[123.01445407081819,13.986119825174596],[123.01469767519647,13.986283937847029],[123.01484663073995,13.986524836970382],[123.01484352749975,13.986752185286486],[123.01458595853961,13.986857578469069],[123.01434235416156,13.986850050385893],[123.01391737174778,13.987111179788855],[123.01359325147493,13.987265467733335],[123.01389902531785,13.987640802398236],[123.01402897920111,13.987890036145542],[123.01398005538658,13.988102181324642],[123.0137614270893,13.988174874382716],[123.01350457706151,13.988053224761643],[123.01324161155705,13.988112566047784],[123.01311930202029,13.988317293368416],[123.01336086335606,13.988508668742915],[123.01400910390221,13.98863031812355],[123.01428582922976,13.988740099216333],[123.01485609744583,13.988606581665241],[123.01510377425826,13.988605098136748],[123.01512823616586,13.988760868607326],[123.01487750161526,13.9890798268604],[123.01471697034833,13.989364663624196],[123.01458548759643,13.989722192604527],[123.0143790902532,13.9900990067788],[123.0140182771195,13.990469886268484],[123.01389443871369,13.990782908092536],[123.0140029884279,13.990974281415102],[123.01467721975104,13.991441587696805],[123.01497993585542,13.991787987136929],[123.01475595651603,13.991948205972989],[123.01440125885891,13.99208468859693],[123.01401751268655,13.992013480280818],[123.01382181742738,13.992006062746443],[123.01363376651467,13.992422927794202],[123.01353744775471,13.992774518012165],[123.01374690283713,13.993050449199412],[123.01424378533116,13.993099404698595],[123.01434163296094,13.993271490611031],[123.01420556360112,13.993382752985628],[123.01374078736077,13.993547421200905],[123.01331881945839,13.993758077664904],[123.01293965989385,13.993851537865066],[123.01290755364069,13.994075545492779],[123.0129839971015,13.994278784012646],[123.01336621440497,13.99463333837295],[123.01346100429635,13.994833609422525],[123.01350075489624,13.995219316137375],[123.01335245458294,13.995447772886168],[123.01335398345232,13.995667328508887],[123.01380958647746,13.995545682852462],[123.01396247339882,13.995588703885026],[123.0140572632902,13.995840895981985],[123.01391966506137,13.996029298132425],[123.01332493493766,13.995983310219426],[123.01311089324804,13.996084186917942],[123.0130329209185,13.996333411513245],[123.0130940756875,13.996854112028075],[123.01319650992495,13.997000976062685],[123.01345641769109,13.99703509597678],[123.01388144333178,13.996753235668141],[123.01404197459931,13.996975756993729],[123.01489967022798,13.997457885794116],[123.0161426408981,13.997922211960194],[123.01591178164745,13.998279727632767],[123.0154867560067,13.998561586069437],[123.01538737950804,13.998733667892589],[123.01543630332309,13.998956187300672],[123.0158674444414,13.999367105908384],[123.01591789712569,13.999585174329352],[123.01573443282048,13.99985516351596],[123.01534151343313,14.00004949619539],[123.0149317764843,14.000104384021293],[123.01466116663386,14.000248279071165],[123.01443948059855,14.000684414033435],[123.0144379517295,14.000838692869605],[123.01474831217986,14.001077528171663],[123.0152130884205,14.001150217127808],[123.01542101463329,14.001043408858857],[123.01545159201737,14.000909898452562],[123.01573137508304,14.000758586565285],[123.01598669624182,14.001059726792757],[123.01607995726431,14.001587833824518],[123.01625883496239,14.00178364848305],[123.01662576357371,14.002099621784803],[123.01653708915975,14.002417078091145],[123.01625424835555,14.002506084453136],[123.01624660400975,14.0027286002081],[123.01637502902393,14.003068307178536],[123.01680769901134,14.003384278713643],[123.01686426717232,14.003502953356225],[123.0168382763963,14.003992485608583],[123.01691471985704,14.004111159937006],[123.01770667410905,14.004137861653371],[123.01775712679324,14.004306972445741],[123.01765622142541,14.004444931157657],[123.01727400412273,14.004766834496435],[123.01718991631614,14.004897375814114],[123.0172724752537,14.004995281753859],[123.01782286817044,14.005235596156743],[123.01794976431535,14.005505578703948],[123.0178748497243,14.005809679544438],[123.01766692351192,14.006325908342022],[123.0178396857333,14.00669379482346],[123.01803690986195,14.006938557680348],[123.0181959122602,14.007055747077123],[123.01833198162007,14.007008277961832],[123.01874171856824,14.006349642972783],[123.0190215016337,14.006029225268282],[123.01919885046232,14.006002523772912],[123.01951838412815,14.006400079053183],[123.01993270768492,14.006570671593396],[123.02013146068265,14.006684894353763],[123.0202522413508,14.007029045703332],[123.0202430681357,14.007196670958324],[123.01983027344833,14.007192220731417],[123.01958106776655,14.007026078882756],[123.01890683644406,14.007138818006442],[123.01882427750674,14.00730792658932],[123.01888237453711,14.007574939887931],[123.01926612070974,14.00792057330829],[123.01940677667761,14.008187585894726],[123.01937619929352,14.008383394927323],[123.01875853613201,14.008635572980245],[123.01840842508258,14.00883583182517],[123.01851544592769,14.009022739923392],[123.01881204655498,14.009136961464355],[123.01920649481166,14.009015322939094],[123.01961164515299,14.00908949278001],[123.02045099435101,14.009433640527167],[123.02047698512781,14.009622031531878],[123.02045252322077,14.00992761031311],[123.0202552990927,14.010237638855006],[123.0200489017492,14.01040674515585],[123.01946487371043,14.010690072099798],[123.01918050403795,14.011700255899637],[123.01918203290758,14.012051816620161],[123.019292111491,14.012163069900739],[123.01955049038803,14.012306957397138],[123.0195520192573,14.012419693929003],[123.01932574661426,14.01275641981932],[123.01908724301741,14.012972992157302],[123.01883345072856,14.013346801465678],[123.01866833285455,14.014146335999165],[123.01850168611058,14.014373290563256],[123.01813169976131,14.014447458672452],[123.01798951492468,14.014570577681337],[123.0179879860558,14.01486873308031],[123.01815769053877,14.01524402265904],[123.01833198162915,14.015395325003528],[123.01900927069067,14.015816597672769],[123.01911934927418,14.015985699864594],[123.01933339096388,14.016002016736417],[123.01969267522887,14.016083601077208],[123.0198103981584,14.016269019924904],[123.01982110024318,14.016550856286305],[123.01968503088361,14.016777808473003],[123.01966362671483,14.016994377017175],[123.01968808862243,14.017175345096046],[123.0197645320832,14.017351863002771],[123.02042194584459,14.017446796947619],[123.0208943664315,14.017695998364532],[123.02101667596858,14.017813182270478],[123.02089742417029,14.018022333143417],[123.02073842177239,14.018209233762134],[123.0205152068674,14.018228517150389],[123.0200779502724,14.017952616205925],[123.01986237971316,14.017687098317374],[123.01958488995115,14.01775681533421],[123.01947634023726,14.01791034103127],[123.01940371895002,14.018248542204681],[123.01914686892279,14.01860602623624],[123.01894505818677,14.01866684296608],[123.01872337215094,14.018586742878945],[123.01859112496395,14.01846510936005],[123.01833427493621,14.01838055919288],[123.01820355661864,14.018489584402069],[123.0180216211827,14.018788476376793],[123.01801474127171,14.019205292823353],[123.01796123084945,14.019411475767873],[123.01823642730808,14.019758574695281],[123.01872413658732,14.020208022526502],[123.01895193809997,14.020212472500896],[123.01931886671075,14.020037440120896],[123.01966286228325,14.019788241247591],[123.01989525040341,14.0196962749285],[123.02005425280174,14.019893557471763],[123.02006036827899,14.02025103894096],[123.02000838672618,14.020636702971961],[123.01989677927422,14.021123232055498],[123.0198998370128,14.021298263607655],[123.02014445608715,14.021669092726468],[123.02036155551546,14.021817424206315],[123.02069484900396,14.021989488602891],[123.02073918621156,14.022355866671765],[123.02071931091207,14.022651045338035],[123.0203921329019,14.02379912357407],[123.02024536145778,14.024067600988875],[123.02008635906024,14.02458527202333],[123.0201291673983,14.024683169566206],[123.02026370788899,14.024698002523742],[123.02050679809368,14.02463273750436],[123.020710137699,14.024708385593877],[123.02078505229069,14.024932363123797],[123.02078505229092,14.025142990799967],[123.02070707996148,14.025524196736109],[123.02073307073836,14.025742240313658],[123.02088595766013,14.026256940997788],[123.02105719101237,14.026636661799646],[123.02110458595808,14.026822072118946],[123.02097004546754,14.026954084174728],[123.02047163410452,14.02712911127721],[123.02024383259189,14.02714542735602],[123.02002367542556,14.027357536278089],[123.01986161528957,14.027801036117921],[123.0199395876195,14.027912281762747],[123.02061534781149,14.028027977176805],[123.02087525557755,14.028042809918189],[123.02167638304529,14.028472958992793],[123.02217785214708,14.028579754500445],[123.02220384292387,14.02874291420687],[123.02211211077123,14.02887937496296],[123.02181245240594,14.029149329697601],[123.02165650774654,14.029408901258277],[123.02108318179219,14.029711487163336],[123.02091347730995,14.029975507872326],[123.02071778205081,14.029993307010102],[123.02050221149167,14.029861296703492],[123.020347795701,14.029609141974326],[123.02012458079584,14.029496413887877],[123.01999462691288,14.02958095995755],[123.01982950903813,14.029809382516437],[123.01984326886132,14.030017039190886],[123.01994876083711,14.030100101808133],[123.02036155552447,14.030137183324404],[123.02058477042958,14.030233595237652],[123.02071319544359,14.030423452424813],[123.02092570826503,14.031268908302174],[123.02110764370153,14.031485463165835],[123.02101132494143,14.031761347832466],[123.01977141201114,14.032520770575227],[123.01968885307392,14.032790721022689],[123.01992735667157,14.033278707563756],[123.02058171269444,14.033263875162184],[123.02123148210961,14.033197129340534],[123.0217298934732,14.033521958827436],[123.02196686820128,14.033737028325655],[123.02196839707084,14.034039608519022],[123.02193323307918,14.034210180510769],[123.02164121905994,14.034526109168665],[123.0213981288551,14.0344816122006],[123.02122383776452,14.03408707204166],[123.02097004547501,14.033834921960148],[123.02059241477944,14.033781525436332],[123.02008483020101,14.033783008672652],[123.0196796798599,14.03389721788681],[123.01925924082687,14.034268026632523],[123.01905284348373,14.034710029874047],[123.01865839522732,14.035085286990359],[123.01852691247556,14.035503557044558],[123.0185116237837,14.035803168458239],[123.01873330981967,14.035981155251491],[123.01905895896193,14.03599005458791],[123.01925465422126,14.036123544586983],[123.0195191485954,14.036503249047781],[123.01942435870455,14.036820657762346],[123.01923783666096,14.037072804558589],[123.01925312535334,14.03732643429165],[123.01906966104818,14.037633459382185],[123.01893970716499,14.037557815557276],[123.01851468152344,14.037066871695114],[123.01801321242145,14.036707933220729],[123.01784350793888,14.036709416438523],[123.01740778021353,14.036912617211971],[123.0168344542594,14.037344232855983],[123.01668462507675,14.03750441989854],[123.0166525188236,14.03777436447647],[123.01677329949172,14.038044308736565],[123.01704238047336,14.038281622109357],[123.01752550314468,14.038510035998819],[123.01766157250482,14.03872213440621],[123.01772425614283,14.039017292002946],[123.01785726776428,14.039017292003097],[123.01816762821373,14.038391379462343],[123.0184703443173,14.037962732210035],[123.01871496339125,14.037946416901148],[123.01902532384157,14.038186696792225],[123.01910635391023,14.038563431422412],[123.01896264020492,14.039110733777392],[123.01859418272512,14.039456319685591],[123.01813552196184,14.039821186645257],[123.01804684754774,14.039993237530458],[123.01809577136271,14.040208300955506],[123.01838166990572,14.040453028055955],[123.01841530502853,14.04059244822646],[123.0182991109684,14.040632494429808],[123.01781445942785,14.040392217103294],[123.01745058855518,14.04031805738349],[123.01704849595261,14.040513838990218],[123.01693230189264,14.040697754892937],[123.017040851607,14.040970662089752],[123.01707295786072,14.041196106920104],[123.01696135040861,14.041544656056528],[123.01682986765658,14.041765650766141],[123.01609906817346,14.042106783120172],[123.01583610266928,14.042434566338846],[123.01571990860957,14.042806844448465],[123.01574437051724,14.04310644631256],[123.01562970532655,14.043297776010695],[123.0148316355982,14.043741245005991],[123.01481023142946,14.043948889056901],[123.01493254096698,14.044426469659859],[123.0160317979319,14.045571472516457],[123.0159125461337,14.045963026583406],[123.01566639819082,14.046188466499895],[123.01532087374875,14.046109859185288],[123.01463594034118,14.045712372729676],[123.01407178760095,14.044875869130312],[123.01365134856698,14.044352311244939],[123.0135198658148,14.044416087481734],[123.01355502980704,14.044773530713737],[123.0141665774933,14.045982307635525],[123.01431182006866,14.046178084401719],[123.01458242991943,14.04633826526794],[123.01497076269932,14.046338265268407],[123.0150930722364,14.046379793622908],[123.01510224545198,14.046664559278458],[123.01488514602408,14.046911874996434],[123.01417269297158,14.047365348249825],[123.01414899549903,14.047573730588796],[123.01506937476522,14.047910404857898],[123.01548675606003,14.047784337459195],[123.01556778612843,14.047877775655946],[123.01510148101903,14.048254494347251],[123.01488285272193,14.048491797141782],[123.01484157325342,14.048637144982106],[123.01502809529735,14.048749863652176],[123.01532163818626,14.048858132848915],[123.01532316705573,14.049043525189623],[123.0148461598617,14.049265995799761],[123.0140358591796,14.049745048446612],[123.01349158174062,14.05025079643848],[123.01234798757045,14.05081141900589],[123.01193213514468,14.050820317765261],[123.01172726667075,14.051283052801322],[123.01175937292446,14.05153518367746],[123.01174102649419,14.05174875314352],[123.0114306564193,14.051975680820384],[123.01075949245994,14.05180362859799],[123.0105592105931,14.051822909160117],[123.01047665165599,14.052121016110018],[123.01047206504859,14.052353865547156],[123.01077172341462,14.052721678188622],[123.01110501690323,14.053047963101749],[123.01111877672642,14.053276362263938],[123.01093378355182,14.05340390974861],[123.01044301653454,14.053251149379795],[123.01026413883643,14.053034615090702],[123.01002869297771,14.053016817742503],[123.00941408755475,14.053430605723015],[123.00892943601511,14.053994186715848],[123.00883464612444,14.054434668789181],[123.00906091876803,14.054609674899815],[123.00959602299224,14.054505857732494],[123.00978713164388,14.05455924942497],[123.0096617643687,14.054805444289148],[123.00932694201143,14.055024943101095],[123.00892484940866,14.055027909299337],[123.00859920026629,14.054912227520184],[123.0084906505523,14.054995281110722],[123.0085777960976,14.055170286792528],[123.00901963930039,14.055564790635485],[123.00942937624987,14.056085356695602],[123.0093544616588,14.056450197159732],[123.00901963930177,14.056853597320677],[123.00880253987403,14.057243649006084],[123.00860072913852,14.057703404891905],[123.00867105712317,14.058498335470322],[123.00902116817392,14.059546868408892],[123.00915417979571,14.05983310075239],[123.0092214500413,14.06005259474209],[123.00920004587248,14.060200901372603],[123.00906550538194,14.06030174982629],[123.00870163450948,14.060429293394986],[123.00827049339185,14.06067844806858],[123.00818640558559,14.06103289978606],[123.00820780975496,14.061392541657893],[123.00801440780003,14.061833009489101],[123.00773003812692,14.062119238971716],[123.00647560093893,14.062831845013115],[123.00618282248539,14.063384280011592],[123.00615683170899,14.063567436018674],[123.00651152936638,14.063726121671849],[123.00695184369944,14.063610444291527],[123.00708026871287,14.063238200015237],[123.00733100326372,14.063275276165836],[123.00766123901381,14.063487351630542],[123.00793031999544,14.06371277428642],[123.00855104089666,14.06465450468875],[123.00878190014824,14.065126109952613],[123.00878266458318,14.065414559862505],[123.00855792080951,14.06594326016634],[123.00811378430369,14.066293254645629],[123.00767079444992,14.06674854327268],[123.00669231815651,14.069060565015008],[123.00687425359322,14.069429833801955],[123.00713569022889,14.069756094884609],[123.0075989376006,14.070114981537923],[123.00799338585706,14.069808000014874],[123.00821048528451,14.069205899791202],[123.00852543234221,14.069148062494484],[123.00970419050617,14.070279594651398],[123.01040288373795,14.071882712534233],[123.01042275903833,14.072472941818196],[123.01024235247317,14.074167988800154],[123.009670555389,14.07531877468637],[123.00959258305951,14.075630197705767],[123.00960328514417,14.075805187597142],[123.00968125747421,14.07598907513529],[123.00999773340138,14.076207070654403],[123.01079427426126,14.07645027629479],[123.01106335524298,14.076735004519673],[123.01116120287284,14.076990073252993],[123.0111306254893,14.077666300609398],[123.01102054690637,14.077968822726024],[123.01054353971269,14.078502684307294],[123.01033561350003,14.07868063789044],[123.01015214919488,14.079012817541708],[123.00981579796849,14.0793449967098],[123.00961398723263,14.079463632009816],[123.00883120619591,14.079481427298596],[123.00869055022878,14.079801742276464],[123.00891070739566,14.080110193312569],[123.00924705862269,14.080394916976394],[123.00938159911381,14.080756752786746],[123.00939383006805,14.081320266431751],[123.00969960391096,14.081664305658219],[123.01009099442956,14.081919368888368],[123.01037230636469,14.081984617576122],[123.0106169254386,14.08187191528644],[123.01079427426701,14.081693964189245],[123.01085542903523,14.081432968995674],[123.01084931355781,14.080976226689193],[123.01100220047846,14.080377121759929],[123.01117343383001,14.080175442519499],[123.01144863028803,14.080003421850321],[123.0120234851116,14.079754288237973],[123.0122558732319,14.079742424726089],[123.01249437682917,14.079878855079025],[123.01256776255156,14.080050875842403],[123.01243933753821,14.080537278678849],[123.01250049230727,14.081059270814821],[123.01267172565949,14.081474490980419],[123.0127512268598,14.082654898470526],[123.01263503280012,14.083046389054596],[123.01242710658745,14.083224339098043],[123.01199290773121,14.08330738240382],[123.01118566478682,14.083076047403107],[123.0104212301803,14.08270828358693],[123.01001760870814,14.082613376699273],[123.00951613960724,14.08335483570516],[123.00861716451118,14.084048839153176],[123.00841535377556,14.08438694263337],[123.0084703930676,14.084736908866642],[123.00886178358598,14.084802156749559],[123.00954060151614,14.084689455850775],[123.01018272658547,14.08482588324923],[123.01058634805811,14.085347865584076],[123.0108065052253,14.085911367901424],[123.01064138735072,14.086285058144624],[123.01030503612445,14.086664679352578],[123.00991364560642,14.086925668566733],[123.0092837514911,14.087091752456313],[123.00889236097301,14.08732901494676],[123.00910640266304,14.087613729610668],[123.00951613961229,14.087922170096107],[123.01017049563536,14.088135705573139],[123.01083708261214,14.0882899255159],[123.01146697672786,14.08851532370599],[123.01171771127908,14.088906804243065],[123.01154036245086,14.089233037510676],[123.01002372419309,14.090051584383012],[123.00971795035133,14.090704047180052],[123.00977298964328,14.090970963241526],[123.01011545634704,14.091119249807853],[123.01163821008275,14.091320919384724],[123.0126350328092,14.091326850841309],[123.01334442812413,14.091771709557273],[123.01381531984235,14.09253093309566],[123.01378474245922,14.093521478757994],[123.01363797101557,14.094221382681546],[123.01348508409608,14.095716085568373],[123.01441463657986,14.098183510181947],[123.01446356039642,14.099844261722403],[123.01392539843852,14.10425705706301],[123.0160369306606,14.108584027259054]]}},{"type":"Feature","properties":{"river_name":"Basud","name":null,"type":"River"},"geometry":{"type":"LineString","coordinates":[[123.01009098482032,14.081919379247033],[123.0099075301244,14.082103251504972],[123.00987695274034,14.082310860733054],[123.01001759909926,14.082613387058398]]}},{"type":"Feature","properties":{"river_name":"Basud","name":null,"type":"River"},"geometry":{"type":"LineString","coordinates":[[123.01081567843737,14.08290106308055],[123.01042428791914,14.083036008628454],[123.01019342866822,14.083165022429547],[123.01004359948557,14.083337040717833],[123.00997632924057,14.083621760358799],[123.01007111913239,14.084188232755736],[123.01023776587681,14.084492229143457],[123.01024846796145,14.084596032695298],[123.01018271697778,14.084825893610043]]}},{"type":"Feature","properties":{"river_name":"Cayucyucan","name":null,"type":"River"},"geometry":{"type":"LineString","coordinates":[[123.03477917446529,14.07705977224599],[123.03468285570497,14.077132437101412],[123.03430063840189,14.077173959865169],[123.03416456904192,14.077107226847414],[123.03415080921891,14.076998971021832],[123.03409424105794,14.07689071514492],[123.033923007706,14.076776527383421],[123.03373495679291,14.07677207850823],[123.03359888743283,14.076568913125383],[123.03333592192831,14.076579293842444],[123.03323654542933,14.076454725202849],[123.0330362635625,14.076423583032142],[123.03300262843973,14.076330156495192],[123.03279775996515,14.076248593614045],[123.03270602781237,14.076162581817076],[123.0326861525125,14.076091399615862],[123.03259594922898,14.076072121099115],[123.03250421707615,14.075969796637304],[123.03235133015487,14.075914926979356],[123.0320165077974,14.075992041088815],[123.03188043843744,14.075865989164827],[123.03185597652984,14.075744386066498],[123.03175812890015,14.07560498731314],[123.03170614734671,14.075419616498818],[123.03137591159651,14.075123022882869],[123.0313438053429,14.074961379200262],[123.03128876605116,14.074882781771958],[123.03117562972936,14.074810116200908],[123.03115881216793,14.074725586834226],[123.03118480294447,14.074652921213357],[123.03134074760395,14.074516487740475],[123.03144012410237,14.074156125023276],[123.03135450742609,14.073801693648171],[123.031282650573,14.073734959645694],[123.03120467824301,14.073558485189835],[123.03111600382861,14.073447261723228],[123.03108848418259,14.073325657337891],[123.0311343502587,14.073060203637917],[123.03106402227466,14.072819960358638],[123.03108848418162,14.072426969264964],[123.03101204072088,14.0722860855007],[123.03109765739653,14.07204880738593],[123.03112211930379,14.071919787307632],[123.03110683061155,14.071818943977284],[123.03120926484863,14.071695855734498],[123.0312857083091,14.071528277658784],[123.03131781456239,14.07137552939422],[123.0312887660473,14.071286549775534],[123.03114963894885,14.071239093964582],[123.03097840559698,14.071130835359137],[123.03086374040612,14.071172359213664],[123.03084080736802,14.07127616881722],[123.03079188355326,14.071305828695245],[123.03073378652314,14.071296930732178],[123.03044177250334,14.071032957671294],[123.03042189720348,14.070941011926934],[123.03047082101821,14.070874277089393],[123.03048152310252,14.070782331281235],[123.03028582784309,14.070436792671284],[123.03016657604434,14.070325567685641],[123.03009319032215,14.07031370368392],[123.030041208769,14.070346329686902],[123.03002286233883,14.070671106463314],[123.02995559209342,14.070674072459068],[123.02974766588021,14.07037747268512],[123.0294541229913,14.070203961638741],[123.0294434209066,14.070036382469262],[123.02970638641061,14.069533644224112],[123.02984092690059,14.068913747166592],[123.03002592007526,14.068888536006884],[123.0304356570243,14.06899827868322],[123.03103803149399,14.069027938857568],[123.03149516338854,14.06908725919381]]}},{"type":"Feature","properties":{"river_name":"Cayucyucan","name":null,"type":"River"},"geometry":{"type":"LineString","coordinates":[[123.04058887746866,14.07381800641239],[123.04015162087401,14.073866944664397],[123.03966544046477,14.074092357085698],[123.03951102467434,14.074093840061233],[123.0392419436928,14.073973718996129],[123.03903401747972,14.07381652343301],[123.03725900032356,14.073260406185016],[123.03705566071827,14.073224814634962],[123.03679728182122,14.07301423118488],[123.0363753139184,14.072839239155977],[123.03595640375411,14.07272653235438],[123.03578058379469,14.072725049369563],[123.03559864835839,14.072650900127329],[123.03545646352143,14.072461077957932],[123.0353815489298,14.072286085505937],[123.03531122094603,14.07222528301239],[123.03513692985571,14.072170412455412],[123.03456513277025,14.072145201653964],[123.03441071697976,14.072099229009918],[123.03430063839642,14.072036943477556],[123.03409882765995,14.07168621629446],[123.03399792229186,14.071584631364972],[123.03376171199838,14.071448937556472],[123.03354537700476,14.071366631436588],[123.03303932129538,14.071294706244126],[123.03242624474063,14.07073858286186],[123.03187738069316,14.070508718135],[123.03177494645584,14.070440500171664],[123.03166486787241,14.070301098183386],[123.03164040596488,14.07017356011973],[123.03166639674104,14.069776115465185],[123.03149515377976,14.069087269556007],[123.03199969022712,14.067705832882705],[123.03235133014539,14.067127455459072],[123.03260053582673,14.066882756878009],[123.03294453139921,14.066621744769678]]}},{"type":"Feature","properties":{"river_name":"Paracale","name":null,"type":"River"},"geometry":{"type":"LineString","coordinates":[[122.75400578375576,14.242280653123943],[122.75373708499187,14.242443103939618],[122.75372294295173,14.24251867964996],[122.75377721780883,14.24263167269919],[122.75374281825182,14.242776526000775],[122.75377416007066,14.242816536615056],[122.75389188300008,14.242858399565097],[122.75398246850102,14.242945459657387],[122.75397902854539,14.243049931723684],[122.75391018078003,14.24326512063916]]}},{"type":"Feature","properties":{"river_name":"Paracale","name":null,"type":"River"},"geometry":{"type":"LineString","coordinates":[[122.75718888945613,14.24250052666718],[122.75721832018826,14.242335297371996],[122.75737541149971,14.242246755166454],[122.75747593465049,14.242258610191938],[122.75756384463034,14.242377160411568],[122.75758677766876,14.242601664719174],[122.75748166791072,14.242891371267852],[122.75747287691297,14.243087349016465],[122.75769456294934,14.243594519375877],[122.75803550078395,14.243889040719942],[122.75804046960901,14.243989807682617],[122.75788911155723,14.244213198987046],[122.75787573395164,14.244273584989958],[122.75799689683735,14.244829283645029],[122.75810868078486,14.245025820646656]]}},{"type":"Feature","properties":{"river_name":"Basud","name":null,"type":"River"},"geometry":{"type":"LineString","coordinates":[[122.99150147370918,14.111475856149658],[122.99197236542672,14.111597440210327],[122.99261907710368,14.11170123143062],[122.99266188544176,14.111885090046348],[122.992914148862,14.111985915676142],[122.99293402416187,14.112129740393975],[122.99278801715252,14.112555283099471],[122.99278037280698,14.112971928672094],[122.99309226212638,14.11306682293127],[122.99363424626206,14.112973411396219],[122.99520821711616,14.112946722380865],[122.99542378767485,14.112734692855403],[122.9956378293644,14.112577523989009],[122.99600934458294,14.112543421296525],[122.99632582050975,14.112405527747377],[122.99675084615068,14.112325460487305],[122.99748317450317,14.112104534012136],[122.99784857424459,14.11178871257089],[122.99797394151969,14.11152182087067],[122.99834239899945,14.111167447519305],[122.99882705053963,14.111010277572404],[122.99900287049894,14.110905003301907],[122.99909001604384,14.110701868304172],[122.99910071812796,14.110433492591508],[122.99925972052581,14.11015177189037],[122.99960983157524,14.109975325589973],[122.99986209499502,14.109788499946431],[122.99994465393226,14.109600191404517],[122.9999599426242,14.109368883061286],[122.99970920807267,14.108756507916436],[122.99940649196807,14.108301303050208],[122.99936062589153,14.108117441543673],[122.99963735121865,14.107823855927846],[122.9996725152104,14.107746752572075],[122.99964958217201,14.107530269933624],[122.99967863068693,14.107368649199724],[122.99982540213112,14.107242614603086],[122.99990643219925,14.10711806269789],[122.99991101880671,14.106943096811234],[122.99999357774395,14.106744406573824],[123.0002993515861,14.106493819385967],[123.00036967956962,14.106247680222976],[123.00035744861573,14.106007471867866],[123.00017398430988,14.105681262585167],[123.0000776655494,14.10557302031092],[123.00002721286512,14.105341707881578],[123.00009906971788,14.105163775084065],[123.0003513331377,14.104976945497464],[123.0006892132335,14.104859806234359],[123.00103473767525,14.10463590696871],[123.00164934309795,14.103995346265592]]}},{"type":"Feature","properties":{"river_name":"Mercedes","name":null,"type":"River"},"geometry":{"type":"LineString","coordinates":[[123.00035132353761,14.104976955866885],[123.00075036800241,14.105231982673683],[123.0012334906742,14.105881436519653],[123.00164322762359,14.10633516345147],[123.0021905628021,14.106803717113252],[123.00234956520038,14.10698757967943],[123.00271037833521,14.107651856101997],[123.00301309443951,14.10788909721261],[123.0034014272196,14.108037372781618],[123.0041536308721,14.108081855434278],[123.00482327558707,14.10799585563385],[123.0054470542255,14.107841649013219],[123.00599133166486,14.10763702852832],[123.00632768289138,14.107473925111606],[123.00727252406463,14.10743240786066],[123.00853537003346,14.106951993395306],[123.00969425289651,14.106999441784145],[123.01069107562313,14.107177373150366],[123.01603692106791,14.108584037640455]]}},{"type":"Feature","properties":{"river_name":"Mercedes","name":null,"type":"River"},"geometry":{"type":"LineString","coordinates":[[123.0022578330475,14.106877855262622],[123.00227923721641,14.10674440657657],[123.00246728812911,14.106437474302401],[123.00255596254331,14.106347025582446],[123.00278682179429,14.106249162992716],[123.00307272033703,14.106222473188495],[123.00382951059723,14.106335163454087],[123.00403285020244,14.106329232389156],[123.00456642555746,14.10624174916056],[123.00504801935946,14.106415232820277],[123.00586749325792,14.106928269194677],[123.00612587215478,14.106889717368903],[123.00647292546594,14.106906027758077],[123.00664568768704,14.106962372728644],[123.00727251446827,14.107432418235984]]}},{"type":"Feature","properties":{"river_name":"Mercedes","name":null,"type":"River"},"geometry":{"type":"LineString","coordinates":[[123.00513363603544,14.106464164084997],[123.00506636578993,14.106327749624073],[123.00506789465894,14.10614092099093],[123.00516268454993,14.105965954354511],[123.00527582087152,14.105896264216263],[123.0056152298366,14.105786539274774],[123.00630322098216,14.105793953124673],[123.00689642223668,14.10593481621228],[123.00727099519393,14.106099403498742],[123.00781068602598,14.106186886783233],[123.00812869082229,14.106320335796005],[123.00822806732123,14.106470095150353],[123.00826476018261,14.10673551000189],[123.00837789650465,14.10701426940164]]}},{"type":"Feature","properties":{"river_name":"Mercedes","name":null,"type":"River"},"geometry":{"type":"LineString","coordinates":[[123.00113411417522,14.105750952790414],[123.00114634512859,14.10546922630245],[123.00112035435164,14.105151912893861],[123.0010347280752,14.104635917338284]]}},{"type":"Feature","properties":{"river_name":null,"name":"Tabogon River","type":"River"},"geometry":{"type":"LineString","coordinates":[[122.33089739014565,14.062181609938902],[122.33110399014546,14.0617070099387],[122.33095189014516,14.061257709938292],[122.33038819014494,14.061210409937928],[122.33002069014489,14.061324809937787],[122.32968129014505,14.061783509937902],[122.32946179014492,14.061783409937762],[122.32909899014466,14.061456809937324],[122.32849759014432,14.061221309936801],[122.32748119014411,14.061475209936367],[122.32695569014439,14.062327909936656],[122.32639769014423,14.062373509936357],[122.32626949014443,14.062881009936634],[122.32623209014471,14.063416309936997],[122.32600509014473,14.063607009936991],[122.32576069014462,14.063525009936797],[122.32519139014416,14.063008409936083],[122.32471969014381,14.062727509935602],[122.32422209014396,14.063307609935718],[122.32372549014373,14.063243209935372],[122.3235767901434,14.062726909934922],[122.32344259014324,14.062440809934643],[122.3226554901431,14.062701109934352],[122.32255499014275,14.062135509933894],[122.32238279014248,14.061675109933475],[122.32215899014246,14.061776509933408],[122.32193359014265,14.062299309933637],[122.32155409014268,14.06259590993362],[122.32138929014283,14.06297560993379],[122.32120969014285,14.063160609933812],[122.32107889014264,14.062835109933507],[122.32090139014241,14.062564109933202],[122.32058129014254,14.062967109933307],[122.32028519014257,14.063208809933293],[122.31977089014248,14.063430109933146],[122.31953739014246,14.063498109933057],[122.31930459014238,14.063522309932933],[122.31897979014224,14.063462009932703],[122.31839849014182,14.063015309932041],[122.31829579014205,14.063531709932334],[122.31911799014277,14.06435780993342],[122.3192970901431,14.064859109933872],[122.31926019014325,14.065182709934083],[122.31905989014341,14.065577909934236],[122.31880789014328,14.065494909934028],[122.31844609014296,14.065107309933536],[122.31754169014252,14.064874709932836],[122.31702479014224,14.064693809932397],[122.31621939014168,14.064221409931582],[122.31591279014161,14.064205709931393],[122.31575109014169,14.0644964099315],[122.31572079014188,14.064897309931768],[122.31577239014213,14.065295509932081],[122.31561309014214,14.06540540993206],[122.31540909014203,14.065347409931903],[122.31515069014182,14.065070209931548],[122.31499629014142,14.064476709931034],[122.31493039014117,14.064067309930701],[122.31467219014091,14.06373170993032],[122.31434599014085,14.063759609930143],[122.313606190141,14.064533209930241],[122.31355399014129,14.065090409930605],[122.31365899014165,14.065672209931074],[122.3139766901421,14.066356609931754],[122.31392549014218,14.066503709931824],[122.31333889014196,14.066567009931521],[122.3125939901417,14.066495809931022],[122.31219239014162,14.066558709930826],[122.31183069014168,14.066950309930887],[122.31155689014183,14.067426709931055],[122.31113679014177,14.067599909930935],[122.31085219014166,14.067522709930708],[122.31063339014135,14.06708170993027],[122.31047359014094,14.06643280992972],[122.31022019014068,14.06618050992938],[122.30984109014067,14.066311809929251],[122.30951709014089,14.066896609929477],[122.30932559014141,14.068060509930174],[122.30922019014157,14.068463709930398],[122.30881069014161,14.068758509930365],[122.30841429014146,14.068706709930092],[122.30823859014129,14.068492509929838],[122.307902690141,14.068182409929415],[122.30740739014072,14.068000309928992],[122.30708239014069,14.068148509928896],[122.30694329014086,14.068577209929114],[122.3068649901411,14.06901870992938],[122.30671779014122,14.069370309929534],[122.30631199014101,14.069226509929194],[122.30569539014017,14.068026409927985],[122.30489039013956,14.067378509927055],[122.30412149013917,14.06720810992647],[122.30368429013915,14.067423409926358],[122.30353949013936,14.067880309926599],[122.30347989013987,14.068940109927313],[122.30269839014059,14.070751409928114],[122.30234029014069,14.071127609928169],[122.30193329014057,14.071180109927964],[122.30142549014018,14.070803809927389],[122.30069549013972,14.070363209926652],[122.2999280901394,14.07028500992614]]}},{"type":"Feature","properties":{"river_name":null,"name":"Tabogon River","type":"River"},"geometry":{"type":"LineString","coordinates":[[122.30181199014574,14.080816609934681],[122.30266999014587,14.080551409935005],[122.30357259014612,14.080388109935434],[122.30430839014639,14.080416209935887],[122.30464069014668,14.080745209936318],[122.30471779014701,14.081313809936765],[122.3040681901471,14.0819172099368],[122.30275289014673,14.082060609936113]]}},{"type":"Feature","properties":{"river_name":null,"name":null,"type":"River"},"geometry":{"type":"LineString","coordinates":[[122.29297869012915,14.055726609911709],[122.29299449012933,14.056110409911996],[122.2930609901295,14.056365309912218],[122.29339339012976,14.056650909912618],[122.29391889013009,14.056862809913076],[122.29404429013019,14.057005009913256],[122.2939584901303,14.057275609913392],[122.29357229013036,14.057587809913386],[122.29367959013057,14.057962509913704],[122.29404429013094,14.05835800991421],[122.29417309013118,14.058774309914579],[122.29406579013136,14.059128109914758],[122.29387269013131,14.059149009914664],[122.29327189013108,14.05912810991429],[122.29320749013115,14.059294709914367],[122.2933147901314,14.059711009914723],[122.29417309013208,14.060377009915712],[122.29520309013299,14.061438609917074],[122.29535329013332,14.061938109917516],[122.29591119013378,14.062437709918187],[122.29558929013419,14.063416009918704],[122.29576099013457,14.063978009919206],[122.2959120901361,14.066787009921269],[122.29746259013741,14.068182409923184],[122.29816039013791,14.068621709923892],[122.2985220901382,14.068983509924376],[122.29936479013877,14.06945190992521],[122.29961659013901,14.069732609925554],[122.2999280901394,14.07028500992614]]}},{"type":"Feature","properties":{"river_name":null,"name":"Tabogon River","type":"River"},"geometry":{"type":"LineString","coordinates":[[122.2999280901394,14.07028500992614],[122.29903799013951,14.071052809926144],[122.2987073901399,14.072021409926624],[122.29919839014111,14.073919709928258],[122.30013269014329,14.077320009931213],[122.30181199014574,14.080816609934681],[122.30275289014673,14.082060609936113]]}},{"type":"Feature","properties":{"river_name":null,"name":"Paracale River","type":"River"},"geometry":{"type":"LineString","coordinates":[[122.73344359037398,14.226855610295807],[122.73319689037388,14.22686601029566],[122.7330948903739,14.227006410295706],[122.73311639037406,14.227261210295888],[122.73320219037423,14.22751601029612],[122.73327729037464,14.228207610296652],[122.73340259037472,14.228308410296787],[122.73313279037504,14.228974110297095],[122.73271579037511,14.229394210297139],[122.73283029037538,14.229830110297511],[122.73278939037554,14.230131210297701],[122.7325440903757,14.23060671029788],[122.73243779037584,14.230947510298057],[122.73310829037642,14.2315657102989],[122.73395859037703,14.232160110299825],[122.73484979037752,14.23242951030055],[122.73527499037756,14.232302710300713],[122.73561019037751,14.23201741030071],[122.73600259037765,14.232033310300961],[122.73687749037838,14.232722810301969],[122.73713909037842,14.232714810302125],[122.7374661903785,14.232596010302238],[122.73785859037868,14.232706910302552],[122.73819379037893,14.232905110302891],[122.73878249037926,14.23315871030342],[122.73899509037928,14.233063610303487],[122.73908499037907,14.232659410303254],[122.73910139037892,14.232374110303068],[122.7395592903791,14.232397810303352],[122.74037689037961,14.232746510304098],[122.74236369038077,14.233689610305944],[122.7424208903811,14.234181010306322],[122.74257629038127,14.234466310306615],[122.74341839038169,14.234696110307286],[122.74366369038196,14.23504481030768],[122.74378629038239,14.23571851030822],[122.74351649038266,14.236360410308501],[122.74355739038278,14.236566510308675],[122.74423359038343,14.237351810309631],[122.74436739038359,14.23754561030985],[122.74439879038376,14.237863910310082],[122.74431409038394,14.238215010310281],[122.74435109038404,14.23838631031042],[122.74463019038443,14.23888811031094],[122.74510029038491,14.239506710311652],[122.74536509038515,14.239725810311965],[122.74598039038551,14.24004311031256],[122.74677199038615,14.240741310313535],[122.74686689038633,14.240971110313739],[122.74693979038652,14.24126351031399],[122.74696779038673,14.241669710314287],[122.74695629038696,14.242046110314547],[122.74675809038719,14.242613210314822],[122.74673609038726,14.242769210314918],[122.7467851903874,14.2429812103151],[122.74689819038757,14.243201510315313],[122.74748259038822,14.244044110316256],[122.74789029038871,14.24470701031697],[122.74829289038907,14.245123910317494],[122.74885619038946,14.245418910318044],[122.74951249038973,14.245529410318508],[122.75113749039022,14.245376010319388],[122.7518633903904,14.245254310319735],[122.75221359039043,14.245061410319813],[122.75245739039033,14.244752910319741],[122.75258729039004,14.2441470103194],[122.75266499038959,14.243265410318836],[122.75276399038954,14.243106010318774],[122.75294309038954,14.242998010318818],[122.75321739038962,14.243009910318984],[122.75467559039042,14.243527710320224],[122.75496729039064,14.243683610320504],[122.75520259039085,14.243951410320832],[122.75541229039126,14.244528710321362],[122.75575409039152,14.244838610321793],[122.75655359039189,14.24504041032241],[122.75734339039222,14.245168210322973],[122.75786759039238,14.245122510323258],[122.75823279039247,14.244976010323377],[122.7586410903926,14.244977110323614],[122.75888329039284,14.245283510323976],[122.75946579039335,14.245878010324752],[122.76015529039383,14.246277210325442],[122.76092389039428,14.246638910326153],[122.76156799039457,14.24675781032662],[122.76233119039483,14.246715810327055],[122.76295929039512,14.246839010327514],[122.76364459039536,14.246838410327923],[122.76423629039549,14.24674701032822],[122.76470529039567,14.246760310328513],[122.76513569039592,14.24700771032894],[122.7653764903963,14.247482110329413],[122.76564279039684,14.248245510330104],[122.76589289039734,14.249089910330854],[122.76610569039772,14.249654110331376],[122.76729839039935,14.25189241033366],[122.76733609040035,14.253644310334899],[122.76750239040095,14.254637310335696],[122.76792069040143,14.255230410336358],[122.76816749040186,14.255859110336951],[122.76875229040212,14.256004710337402],[122.76965339040242,14.25598951033793],[122.77054399040219,14.25498051033777],[122.77124879040188,14.25398671033749],[122.77198909040146,14.252759710337086],[122.7732583904017,14.252380810337575],[122.77408449040229,14.25291121033844],[122.77473349040312,14.254086510339654],[122.77582789040378,14.254517710340624],[122.77809159040433,14.254180110341746],[122.77996929040556,14.255193610343586],[122.7807631904059,14.255308010344145],[122.78156989040612,14.255172110344521],[122.78266219040619,14.254590510344785],[122.78460619040685,14.254548210345915],[122.78886339040757,14.253233810347561],[122.79174799040753,14.25130891034795],[122.79237259040788,14.25155811034851],[122.79481999040917,14.252426910350588],[122.796073190411,14.254897610353057],[122.80031319041402,14.257750910357604],[122.80349749041581,14.258963410360366],[122.80405539041746,14.261687710362605],[122.80480179041844,14.26301151036398],[122.80445359041929,14.264776310365004],[122.80259629042045,14.268040910366166],[122.80156629042207,14.271700910368093],[122.80088529042402,14.275592410370397]]}},{"type":"Feature","properties":{"river_name":null,"name":null,"type":"River"},"geometry":{"type":"LineString","coordinates":[[122.82727739031239,14.05417021022952],[122.82798529031244,14.053845210229701],[122.82825989031255,14.053849310229879],[122.82844929031265,14.053903010230034],[122.82867499031282,14.054049710230267],[122.828868690313,14.054274810230547],[122.82910079031318,14.054462710230814],[122.82932429031337,14.054619610231065],[122.82959889031346,14.054718810231307],[122.82991189031368,14.054915010231635],[122.83010559031382,14.055092610231878],[122.83021839031402,14.055315610232105],[122.8302588903142,14.055586110232323],[122.83026309031433,14.055900010232545],[122.83032909031444,14.056011510232668],[122.83056369031456,14.056081710232853],[122.8307680903147,14.056215910233075],[122.83107249031495,14.056496810233458],[122.83126619031516,14.056728110233738],[122.83157489031535,14.056887110234046],[122.83185589031542,14.05689531023421],[122.83220289031554,14.056845810234393],[122.8323518903156,14.056885010234508],[122.83287139031594,14.057198910235039],[122.83329079031621,14.057413710235442],[122.83360579031638,14.057533510235714],[122.83438709031677,14.057719310236317],[122.83535789031716,14.05778541023694],[122.83596039031744,14.05794441023741],[122.83615199031755,14.058062110237612],[122.83637339031777,14.058318210237935],[122.83645639031813,14.058871710238375],[122.83658409031828,14.059142210238644],[122.83677359031846,14.059350810238909],[122.83762729031912,14.060003310239887],[122.83823399031967,14.060622910240697],[122.83837239031978,14.06069311024084],[122.83851929031978,14.060610510240862],[122.8386214903197,14.0604411102408],[122.83868529031965,14.060259410240707],[122.83894719031949,14.059856710240572],[122.83923669031955,14.059728710240659],[122.83960069031961,14.059689410240845],[122.83989669031979,14.05978651024109],[122.84021599032003,14.059986810241435],[122.84045229032021,14.060193310241717],[122.84060559032048,14.060608410242104],[122.84070989032064,14.06080461024231],[122.84105899032092,14.061091610242725],[122.84136129032106,14.061232110243004],[122.84174029032127,14.061356010243328],[122.84191269032142,14.061525310243546],[122.84189349032151,14.061647110243621],[122.84163029032169,14.062138010243814],[122.84152239032186,14.062556310244048],[122.84181359032213,14.062913810244476],[122.84255659032232,14.062794810244837],[122.84286959032241,14.062706110244964],[122.84313979032216,14.062061710244665],[122.84349289032215,14.061791110244677],[122.84380389032228,14.061883610244932],[122.84421319032258,14.062177210245382],[122.84441059032284,14.06249591024573],[122.84445469032305,14.062893110246046],[122.84554279032362,14.063189910246901],[122.84620229032389,14.063276010247366],[122.84698859032424,14.063442110247951],[122.84742609032459,14.063811110248478],[122.84823779032506,14.06418641024923],[122.8487957903252,14.06403871024945],[122.8494172903252,14.063743510249623],[122.85009579032554,14.063829610250085],[122.85033039032571,14.064014110250366],[122.85054599032591,14.064340110250717],[122.85080599032615,14.064610810251068],[122.85156059032647,14.064672310251563],[122.8521693903263,14.063983410251435],[122.85272139032624,14.063484510251401],[122.856510190329,14.066159210255588],[122.8574055903294,14.066397910256294],[122.85871339032995,14.066472610257131],[122.85951759033033,14.066685010257764],[122.85972609033048,14.066835110258],[122.86005139033077,14.067172810258434],[122.86041509033116,14.067669910259012],[122.86044179033144,14.068158010259374],[122.86034679033182,14.06893461025987],[122.86041379033213,14.069504410260322],[122.86060039033248,14.069960910260761],[122.8613209903329,14.07029301026143],[122.86149579033321,14.070712210261838],[122.86147849033348,14.07120281026218],[122.86156299033367,14.071502210262441],[122.86177609033385,14.071713610262725],[122.8622023903341,14.071916210263122],[122.86308459033435,14.071872710263618],[122.86468969033506,14.072133810264761],[122.86795449033548,14.070757110265735],[122.86974129033541,14.069511510265894],[122.87035689033503,14.068499310265539],[122.8703629903347,14.06784541026508],[122.87044839033462,14.067647410264973],[122.87066909033469,14.06759371026507],[122.87082649033479,14.067709210265248],[122.87150119033545,14.06849091026622],[122.87154169033576,14.069016510266618],[122.87142449033608,14.069713210267043],[122.8715684903363,14.070044610267374],[122.87182959033652,14.070196110267634],[122.87277039033707,14.070643710268524],[122.87381879033755,14.070829210269288],[122.87477399033787,14.070879210269883],[122.87520679033814,14.071059210270276],[122.87526559033844,14.071593710270697],[122.87557729033912,14.072673910271659],[122.87601249033958,14.073184510272284],[122.87653899033981,14.07330051027268],[122.87698889033983,14.073094910272802],[122.87728609033981,14.072840510272794],[122.87768529033985,14.072701510272937],[122.87832449034006,14.072602010273245],[122.87870879034033,14.072898210273685],[122.87987859034078,14.072960910274425],[122.88033359034095,14.073014110274736],[122.88166329034121,14.072631710275258],[122.88199079034125,14.072475510275337],[122.88250999034115,14.071998110275308],[122.88345199034124,14.07155201027555],[122.88387549034151,14.071732510275936],[122.88431319034166,14.07179651027624],[122.88464029034178,14.071778110276421],[122.88486959034205,14.072137010276819],[122.88568049034383,14.074830310279237],[122.8863729903448,14.07621121028064],[122.88675139034514,14.076632710281176],[122.88701079034529,14.07677391028143],[122.88729159034531,14.076594610281465],[122.88756539034488,14.075667310280972],[122.88768689034488,14.075535610280944],[122.88787879034491,14.07547021028101],[122.88821159034501,14.075454710281194],[122.88968139034591,14.076186010282601],[122.88984549034615,14.076493010282924],[122.88973759034619,14.076635110282954],[122.8890117903461,14.076985310282783],[122.88816579034616,14.077627510282738],[122.8872895903461,14.078070910282527],[122.88723719034623,14.07833121028268],[122.88740399034646,14.078663910283021],[122.88845479034741,14.079664510284365],[122.88912199034768,14.079815810284872],[122.88975249034803,14.080038810285412],[122.89066829034847,14.080283110286135],[122.89181289034924,14.08090391028727],[122.89269219034976,14.081329410288086],[122.89332619035028,14.081891010288873],[122.89411159035065,14.082094610289483],[122.89525759035114,14.082256310290292],[122.89558199035132,14.08238581029058],[122.89620689035232,14.083780210291946],[122.89707009035303,14.084545710293025],[122.89762789035358,14.085253810293862]]}},{"type":"Feature","properties":{"river_name":null,"name":null,"type":"River"},"geometry":{"type":"LineString","coordinates":[[122.43076849025202,14.19490611009175],[122.43047599025198,14.194960110091603],[122.43025999025186,14.19483181009139],[122.42998139025181,14.1949263100913],[122.42991169025197,14.195264010091488],[122.42976549025185,14.195196510091348],[122.42933359025166,14.195108710091032],[122.42926389025153,14.194919610090855],[122.42898529025132,14.194723710090553],[122.42874839025129,14.19477781009045],[122.42854639025141,14.195108710090558],[122.42833049025134,14.195142410090451],[122.42807969025128,14.19525051009038],[122.42796129025143,14.195507110090476],[122.42778709025134,14.195520610090387],[122.42759209025144,14.195709710090403],[122.42747369025149,14.195979810090511],[122.42706969025141,14.196027110090304],[122.42666559025157,14.196621410090476],[122.42616409025149,14.196749710090273],[122.42603869025156,14.196992810090364],[122.42597599025174,14.19733041009055],[122.42618499025198,14.197681610090932],[122.42659599025218,14.19776261009123],[122.42681889025235,14.19792471009148],[122.42690249025264,14.198397410091856],[122.4269024902529,14.198883710092185],[122.42657509025291,14.199133510092176],[122.42624069025284,14.199214610092026],[122.4259202902527,14.199120010091772],[122.42561379025268,14.199295610091703],[122.4256207902529,14.19966031009197],[122.42540479025284,14.199754810091902],[122.42523069025266,14.199545510091642],[122.42504259025262,14.199545510091536],[122.42488239025259,14.199599510091485],[122.4246663902525,14.199565710091326],[122.42440869025249,14.199721010091276],[122.4240533902526,14.200112710091341],[122.42355889025244,14.200200510091104],[122.42312699025238,14.200328810090939],[122.42277169025228,14.200396310090765],[122.4224233902523,14.200605710090706],[122.42205419025218,14.200571910090463],[122.42174769025208,14.200659710090335],[122.42137849025212,14.200983810090337],[122.42098149025207,14.20115941009023],[122.42082819025198,14.201091910090074],[122.42075159025178,14.200713710089778],[122.42061929025164,14.200571910089598],[122.42034059025153,14.200538210089404],[122.42019429025142,14.200403110089226],[122.42001319025128,14.20030851008905],[122.41969279025125,14.200416610088935],[122.41951859025139,14.200734010089045],[122.41937929025134,14.200808310089018],[122.41932359025117,14.200517910088783],[122.41885689025086,14.200241010088309],[122.41828569025073,14.200396310088074],[122.4180696902506,14.200281510087862],[122.41782589025053,14.200268010087706],[122.41750549025049,14.200403110087612],[122.41714329025056,14.200740710087626],[122.41685769025052,14.20091631008757],[122.41663479025036,14.200700210087291],[122.41662779025017,14.200335610087029],[122.41680199025004,14.200018210086926],[122.41666959024975,14.199579210086533],[122.41632129024953,14.199369910086174],[122.41548539024926,14.199450910085742],[122.41515799024893,14.199032210085242],[122.41524859024882,14.198735110085098],[122.4152694902487,14.198532510084968],[122.41512319024851,14.198282610084714],[122.414572890248,14.19773561008399],[122.41433599024792,14.197695110083826],[122.4141966902477,14.197384510083529],[122.41438479024744,14.19679691008323],[122.41400169024692,14.196033810082465],[122.41391109024653,14.195351810081945],[122.41372429024618,14.1948845100815],[122.41351949024596,14.194601110081182],[122.41319759024587,14.194673910081034],[122.41260749024579,14.194871610080828],[122.41241089024564,14.194761010080622],[122.41237689024537,14.19423191008024],[122.41194959024504,14.193960110079797],[122.41125759024477,14.193887310079331],[122.41115909024475,14.193795010079205],[122.41143459024453,14.193304910079029],[122.41127179024431,14.193046110078756],[122.41071389024407,14.192926510078326],[122.41047969024387,14.192717210078056],[122.4100701902437,14.192630110077735],[122.40954979024362,14.192822510077566],[122.40889539024312,14.192328410076822],[122.40856279024301,14.192349210076644],[122.40849299024316,14.192614510076783],[122.40883639024342,14.19296291007724],[122.40888999024382,14.193597410077697],[122.40879339024391,14.19386261007783],[122.40808529024395,14.194315110077719],[122.40739869024388,14.19464271007754],[122.40686219024369,14.19463751007721],[122.40679249024369,14.194699910077215],[122.40651539024388,14.195218710077409],[122.40612199024424,14.196150910077817],[122.40610589024435,14.196379710077965],[122.40639019024475,14.196816610078448],[122.40676759024495,14.197049310078835],[122.40697489024521,14.197352210079165],[122.40691589024539,14.197700710079381],[122.40677109024536,14.197815110079373],[122.40642769024524,14.197768310079134],[122.4060092902451,14.19777871007889],[122.40549429024486,14.197664310078492],[122.40516709024475,14.19771111007834],[122.40499539024485,14.197908710078368],[122.40489889024506,14.198402810078656],[122.40506519024522,14.198647210078917],[122.4052904902454,14.198766810079137],[122.40546399024534,14.19856271007911],[122.4057214902454,14.198521110079225],[122.40603079024558,14.198636810079496],[122.40586449024596,14.199422110079938],[122.40500619024645,14.200893810080451],[122.40492029024682,14.201616710080893],[122.40435709024696,14.202256310081008],[122.40401369024724,14.20301041008132],[122.4040834902477,14.20383211008193],[122.40433559024795,14.204081710082264],[122.40455019024826,14.204450910082642],[122.40455019024854,14.20498661008302],[122.40418539024877,14.205667810083263],[122.40324849024921,14.207069810083674],[122.40210869024935,14.208047110083676],[122.40164499024911,14.207893610083287],[122.40130299024898,14.207889010083077],[122.401031190249,14.208104510083066],[122.40084279024923,14.208641110083327],[122.40086859024962,14.2092987100838],[122.40078349024998,14.210008510084243],[122.4008419902503,14.210590010084678],[122.40005119025021,14.21096621008447],[122.39953709025025,14.211334110084413],[122.39941389025043,14.211684810084575],[122.39956069025072,14.212196410085024],[122.3995778902512,14.212997410085592],[122.39933159025135,14.21341871008574],[122.39904599025125,14.21350131008562],[122.398450090251,14.213411510085201],[122.39819069025107,14.213609410085184],[122.39797399025119,14.214011410085321],[122.39812129025177,14.214941210086065],[122.39838139025211,14.215458810086577],[122.39881669025247,14.215839810087111],[122.39879419025262,14.216108610087272],[122.39844019025257,14.216249810087161],[122.39805289025242,14.216243010086922],[122.39767839025258,14.216694510087008],[122.39743819025237,14.216607610086806],[122.39714659025208,14.216194510086343],[122.39701669025179,14.215763710085966],[122.39700959025164,14.215472310085767],[122.39717729025158,14.215239510085699],[122.39714479025143,14.214961310085496],[122.39689449025124,14.214800310085222],[122.39670289025118,14.214825610085136],[122.39661269025123,14.21494051008515],[122.3965382902518,14.215986010085835],[122.39643509025183,14.21612061008587],[122.39605609025162,14.21604781008559],[122.39590149025163,14.216160710085578],[122.39571259025175,14.216502310085698],[122.39560349025203,14.21707181008602],[122.39548259025214,14.217302910086117],[122.39515859025212,14.217558610086092],[122.39506909025225,14.217748410086168],[122.3951117902524,14.218025210086397],[122.3952267902526,14.218340710086679],[122.3952085902528,14.21870081008692],[122.39502869025289,14.218993810087019],[122.39470189025289,14.219132110086907],[122.39425199025276,14.219241610086717],[122.39395599025276,14.219384910086637],[122.39335289025257,14.219464210086329],[122.39317979025259,14.219616810086338],[122.39317289025274,14.219866210086503],[122.39381049025334,14.220552010087355],[122.39396099025359,14.220928410087712],[122.39379659025377,14.221359010087912],[122.39339569025378,14.221682510087895],[122.39262729025369,14.221964510087627],[122.39228399025373,14.222282310087635],[122.39185569025385,14.222756810087711],[122.39145449025376,14.222869910087542],[122.39094509025342,14.222592010087048],[122.39032099025322,14.22257391008666],[122.38975359025308,14.222661410086381],[122.38924479025299,14.222885110086233],[122.38853789025306,14.223379310086145],[122.38802719025306,14.223692210086066],[122.38738599025291,14.223847110085778],[122.38661659025269,14.223870410085338],[122.38626739025243,14.223734910085033],[122.38545459025167,14.222835210083927],[122.3845900902512,14.22246101008314],[122.38383829025038,14.221455810081997],[122.38364919025024,14.221327710081793],[122.38335009025013,14.221268610081568],[122.38309259025004,14.221294610081442],[122.38229859024987,14.221497010081102],[122.38192859024984,14.221669010081007],[122.38153699024976,14.221762610080821],[122.38103809024959,14.221814610080557],[122.38060889024945,14.22181981008031],[122.38026559024935,14.221778210080071],[122.38000269024923,14.221705410079865],[122.37974579024905,14.221584910079624],[122.37945219024878,14.22124691007921],[122.37934829024847,14.220795410078837],[122.37928929024822,14.220363810078508]]}},{"type":"Feature","properties":{"river_name":null,"name":null,"type":"River"},"geometry":{"type":"LineString","coordinates":[[122.43487929024289,14.175438710080648],[122.43482399024296,14.175587310080719],[122.43479419024304,14.175808210080854],[122.43487509024315,14.175983610081028],[122.43494749024323,14.176068310081131],[122.43496019024332,14.176183810081215],[122.43480479024339,14.176404710081282],[122.43441529024335,14.176623510081189],[122.4343917902434,14.176728810081247],[122.4344258902435,14.176895910081393],[122.43454939024365,14.17703631008156],[122.43463029024376,14.177273710081774],[122.43465159024386,14.177426410081903],[122.43461499024407,14.177812110082138],[122.43469159024417,14.177942110082281],[122.43470229024427,14.17813411008242],[122.4346426902443,14.178206310082432],[122.4344595902443,14.178293010082385],[122.43425519024429,14.178441610082363],[122.43414659024437,14.178596410082408],[122.43402319024445,14.178899810082552],[122.43375919024449,14.179098010082532],[122.43363539024453,14.179307310082603],[122.4336013902446,14.17943731008267],[122.4334927902446,14.179550810082684],[122.43293289024459,14.179852210082556],[122.43288179024465,14.17993471008259],[122.43280559024473,14.180192010082717],[122.43220949024472,14.180536610082596],[122.43199019024465,14.180551110082487],[122.43137709024438,14.180435510082035],[122.43124089024437,14.180460310081962],[122.43114079024436,14.180549010081975],[122.43108119024441,14.180674910082022],[122.43100239024443,14.180753410082032],[122.43091089024443,14.180790510082002],[122.43082999024436,14.180784310081956],[122.43064689024426,14.180664610081752],[122.43051279024414,14.180524310081578],[122.4303424902439,14.18022291008126],[122.43021899024383,14.180171310081159],[122.42987199024378,14.18029521008103],[122.42950269024385,14.180674610081075],[122.42937279024383,14.180705510081026],[122.42930469024378,14.180672510080962],[122.42919469024368,14.180571210080817],[122.42916489024329,14.179813810080267],[122.42912439024323,14.17971471008018],[122.42899459024312,14.179644510080056],[122.42835169024285,14.179524810079585],[122.42816009024271,14.179421610079398],[122.42804079024263,14.179295710079236],[122.42799829024253,14.17911411007908],[122.42803659024244,14.178955110078991],[122.42815579024231,14.178707410078903],[122.42816219024226,14.178585710078817],[122.42810049024219,14.17849901007872],[122.4279194902421,14.178459810078584],[122.427606590242,14.178443210078386],[122.4271275902419,14.178496910078142],[122.42687639024177,14.178496910077984],[122.42632649024154,14.178376410077567],[122.42605829024137,14.17825251007732],[122.42576659024117,14.178079210077026],[122.42563889024105,14.177932610076848],[122.42559419024093,14.177810810076728],[122.42561339024093,14.177674610076648],[122.4257623902408,14.177422810076564],[122.42577939024075,14.177340210076519],[122.42573679024072,14.177259710076436],[122.42561119024064,14.17720191007632],[122.4248447902403,14.17705331007576],[122.4245829902402,14.177053310075598],[122.42439139024022,14.177195810075585],[122.42417449024018,14.177264410075507],[122.42367439023991,14.177094010075079],[122.42339729023983,14.177087410074913],[122.42304579023975,14.177153010074754],[122.4229106902398,14.177369210074815],[122.42277549023993,14.177683810074958],[122.42252539023991,14.177847610074917],[122.42226179023986,14.177854110074769],[122.42200499023963,14.177611710074444],[122.42177519023932,14.17721851007403],[122.42157919023919,14.177054710073795],[122.42129529023903,14.177002310073588],[122.42075959023889,14.177036410073294],[122.42033379023867,14.176938110072966],[122.4198065902384,14.176754610072527],[122.41862389023781,14.176407310071578],[122.41795469023751,14.176302510071102],[122.41752219023749,14.17655801007102],[122.41716399023761,14.176925010071063],[122.41690039023783,14.17748201007129],[122.416596190238,14.177993110071466],[122.41632589023804,14.17832081007153],[122.41619099023814,14.178556610071617],[122.41570819023813,14.178858310071544],[122.4156061902383,14.179175510071692],[122.41535949023825,14.179305510071645],[122.41505369023841,14.179747610071761],[122.4147747902387,14.18048621007211],[122.41446359023882,14.180938610072241],[122.41396469023876,14.181073910072046],[122.41328349023854,14.181094710071637],[122.41270949023837,14.181167510071349],[122.41241629023844,14.181504310071407],[122.41218369023866,14.182036010071645],[122.41194419023861,14.18212321007156],[122.4117671902385,14.182029510071382],[122.41159899023789,14.180980310070545],[122.41134149023773,14.180839810070289],[122.41105719023766,14.18089701007016],[122.41068709023769,14.181209110070167],[122.4103597902378,14.18163041007026],[122.41008629023776,14.181750010070177],[122.40952489023753,14.18166551006978],[122.40902599023747,14.181883910069631],[122.40877729023737,14.181786410069419],[122.40857889023707,14.181422310069042],[122.40828919023696,14.18137031006883],[122.40794049023705,14.181734410068877],[122.40768839023718,14.182134910069006],[122.40743089023711,14.18226491006894],[122.4074415902374,14.182743410069277],[122.40731289023753,14.183091810069447],[122.4070338902375,14.183206210069365],[122.40681049023739,14.183080110069138],[122.4065671902371,14.182733010068745],[122.40624529023681,14.182426110068345],[122.40598439023688,14.182716110068393],[122.4058214902373,14.183565110068876],[122.4057088902377,14.184418110069409],[122.40583759023828,14.185349010070128],[122.40635009023889,14.186137710070996],[122.406524790239,14.186289310071196],[122.40651749023908,14.186426910071294],[122.40644479023919,14.186666810071422],[122.40629559023922,14.18679731007142],[122.40620159023926,14.186935910071464],[122.40695399023973,14.187315610072178],[122.40706609023984,14.187481310072355],[122.40684079024061,14.189015610073286],[122.40636339024064,14.189374410073258],[122.40644919024088,14.189780110073578],[122.40673349024124,14.190263810074093],[122.40669589024144,14.190617410074314],[122.40641159024159,14.191106310074481],[122.40645459024174,14.191350710074682],[122.40690519024223,14.191948810075369],[122.40685149024242,14.1923180100756],[122.40617559024241,14.192765310075501],[122.40607369024256,14.193087710075666],[122.40616489024275,14.193347810075904],[122.40652429024308,14.193717010076364],[122.40670859024327,14.193970510076664],[122.40686219024369,14.19463751007721]]}},{"type":"Feature","properties":{"river_name":null,"name":null,"type":"River"},"geometry":{"type":"LineString","coordinates":[[122.7722634904178,14.282403710357888],[122.77243319041797,14.282576910358118],[122.7726698904181,14.282675810358333],[122.7729802904182,14.282648010358493],[122.77339249041827,14.282513210358657],[122.77350999041835,14.282568810358766],[122.77376729041865,14.282985110359201],[122.7739021904188,14.283113810359385],[122.77409369041891,14.283190510359548],[122.77428519041894,14.283187010359663],[122.77468009041895,14.28298521035976],[122.77496379041901,14.282879110359854],[122.7753066904191,14.28282601036002],[122.7755729904192,14.282837910360197],[122.77604589041943,14.282928510360543],[122.77700229041996,14.283264110361348],[122.77719819042008,14.28340881036157],[122.77733919042028,14.283680610361841],[122.77748159042042,14.283830510362028],[122.77763349042051,14.283933910362185],[122.77838039042088,14.284160610362798],[122.77856929042099,14.284202610362941],[122.77875809042105,14.284198110363056],[122.77897309042102,14.284040710363069],[122.77918389042088,14.283633410362917],[122.77934199042072,14.283226110362733],[122.7797789904206,14.28272351036265],[122.78019679042059,14.282457510362713],[122.78063029042066,14.282278210362849],[122.78130619042066,14.281850710362958],[122.78168239042066,14.281649110363047],[122.78212929042068,14.281442510363176],[122.78265839042088,14.28138851036345],[122.78278729042083,14.281263110363444],[122.78302719042046,14.280419710363002],[122.78314239042004,14.279597510362487],[122.78328779041996,14.279364210362427],[122.78347129041991,14.27915821036239]]}},{"type":"Feature","properties":{"river_name":null,"name":"Labo River","type":"Major River"},"geometry":{"type":"LineString","coordinates":[[122.55677439025496,14.120463310115088],[122.55732449025521,14.120585610115496],[122.55769849025563,14.121051110116044],[122.55829909025645,14.122195210117223],[122.55859839025702,14.123121910118046],[122.55842209025712,14.123391910118128],[122.55802939025752,14.124369910118586],[122.55718559025779,14.125378410118806],[122.55696529025815,14.126141310119207],[122.55705159025848,14.12680071011972],[122.55782909025905,14.12735121012057],[122.55843889025915,14.127101710120758],[122.55930039025898,14.126189010120632],[122.56015059025908,14.125930510120957],[122.56114799025946,14.12594731012157],[122.56160139025977,14.126221610122032],[122.56199609026052,14.127348310123065],[122.56256659026096,14.12783551012375],[122.5639869902618,14.128437110125024],[122.56424419026217,14.128950910125537],[122.56445049026256,14.129545010126082],[122.56584209026336,14.130141610127337],[122.56617109026372,14.130601710127856],[122.56593199026386,14.130996910127989],[122.56575909026431,14.131919410128544],[122.56591439026504,14.133181610129526],[122.56555539026553,14.13432771013012],[122.56543279026594,14.135196710130653],[122.56609029026657,14.135862510131519],[122.5667358902668,14.135918410131946],[122.56794109026649,14.134593310131734],[122.56821709026626,14.13393491013144],[122.56841549026589,14.133161310131007],[122.56870989026552,14.132318310130588],[122.56925129026567,14.132223410130848],[122.57004249026616,14.132629910131607],[122.5718221902667,14.132483310132574],[122.57228799026691,14.13262151013295],[122.5725532902674,14.133355410133621],[122.5734691902682,14.13420611013477],[122.5744724902691,14.135295610136145],[122.57540379027023,14.136746410137722],[122.57632729027083,14.137226210138614],[122.57701409027092,14.136951310138828],[122.57856569027119,14.136522010139455],[122.57922209027146,14.136538010139867],[122.58019449027219,14.137313210140993],[122.58062649027282,14.138175510141854],[122.58068739027324,14.138918310142419],[122.58043539027337,14.139358010142574],[122.57934639027332,14.139902110142305],[122.57868999027343,14.140520710142342],[122.57839189027378,14.141335210142746],[122.57848339027404,14.141809610143131],[122.57883619027436,14.142096410143548],[122.58037699027508,14.142519810144767],[122.58236929027613,14.143155810146409],[122.58324489027635,14.143028410146835],[122.5843639902769,14.143338510147728],[122.58457769027724,14.143819110148195],[122.5839027902775,14.14470441014842],[122.58358199027816,14.14612141014922],[122.58388689027863,14.14687341014994],[122.58436539027902,14.147189610150443],[122.58489089027898,14.146787610150472],[122.58540519027883,14.146209010150379],[122.58577289027882,14.145977110150431],[122.58616689027913,14.146262910150872],[122.58661879027936,14.146414510151251],[122.58739459027946,14.146091110151481],[122.58766879027901,14.145100010150953],[122.58841629027893,14.144488610150962],[122.58926599027919,14.144399610151419],[122.59006299027962,14.144709510152108],[122.59088239027992,14.144753310152632],[122.59239839028004,14.144017210153027],[122.59352749028017,14.143508210153339],[122.59456759028006,14.142637410153354],[122.59569039027997,14.141755810153404],[122.59654009027976,14.140882710153287],[122.59748299027932,14.139387110152802],[122.59913089027927,14.138303110153027],[122.60058879027918,14.137250210153152],[122.60169339027931,14.136738010153454],[122.60220319027958,14.13688431015386],[122.60235929028012,14.137805910154615],[122.60319429028105,14.138985810155948],[122.60326199028148,14.139748610156515],[122.60275379028174,14.140553810156783],[122.60182959028195,14.141489410156886],[122.60099669028233,14.14272611015726],[122.60029609028273,14.143931110157693],[122.60051459028323,14.144707510158366],[122.59966679028452,14.147649510159933],[122.59982089028479,14.14801371016029],[122.60013719028503,14.1482023101606],[122.60066039028504,14.148001610160767],[122.60123769028526,14.147958210161091],[122.60248739028538,14.147398710161454],[122.6032119902857,14.147534010161978],[122.60371659028614,14.148019210162618],[122.60362679028628,14.148327110162779],[122.6031315902863,14.148635010162701],[122.60292079028645,14.149021510162854],[122.60325379028694,14.149803110163605],[122.60287909028706,14.150304210163727],[122.60288539028748,14.150980810164208],[122.6033168902879,14.151523310164846],[122.6040349902884,14.151934110165573],[122.60521529028922,14.152711410166816],[122.60648059029035,14.154038710168514],[122.60667439029073,14.154588110169017],[122.60646409029096,14.155126110169281],[122.60668079029134,14.155656810169777],[122.6072830902917,14.155952310170345],[122.60854279029195,14.155634210170875],[122.60956839029238,14.155787210171596],[122.61329789029467,14.157637810175135],[122.61453869029536,14.158084710176194],[122.6179736902964,14.157854010178093],[122.61923359029689,14.157880310178864],[122.62036969029735,14.158037910179653],[122.62107039029783,14.158482710180389],[122.62211379029844,14.15898391018137],[122.62263979029869,14.159108010181763],[122.6239652902997,14.16007001018324],[122.62483279030009,14.160291510183919],[122.6259501903004,14.160099910184444],[122.62615789029982,14.15891641018374],[122.62665039029957,14.158159910183498],[122.62734829029944,14.157492510183454],[122.62824589029981,14.157605810184073],[122.62975529030032,14.157549710184933],[122.63103859030028,14.156674110185088],[122.63181529030052,14.156647910185534],[122.63256119030102,14.15701951018624],[122.6332497903017,14.157853210187241],[122.63390839030221,14.158404610188025],[122.63488079030259,14.158482610188665],[122.6366289903034,14.158848010189972],[122.6387745903043,14.159169110191474],[122.64012979030494,14.159485910192517],[122.64053199030536,14.159976810193102],[122.6403485903064,14.162052810194451],[122.64131829030714,14.162726410195509],[122.64156189030746,14.163205810195985],[122.64206839030842,14.164601710197282],[122.64325689030922,14.165319410198492],[122.64517599031036,14.16623351020029],[122.64635339031084,14.16632201020106],[122.64736009031088,14.165843710201324],[122.64853829031115,14.165546510201816],[122.6491772903114,14.165584210202232],[122.64946819031225,14.166948110203368],[122.65047089031387,14.169271710205601],[122.6504589903145,14.170457310206437],[122.6509476903152,14.171434410207413],[122.65118319031563,14.172110010208025],[122.65224749031664,14.173243710209466],[122.65283979031709,14.173745510210171],[122.65486489031794,14.174001710211567],[122.65684499031843,14.173642610212502],[122.65737179031834,14.173204810212502],[122.657174290318,14.17267811021202],[122.65605419031732,14.172078010210917],[122.65562749031675,14.171266010210092],[122.65600109031601,14.16976781020927],[122.6566169903155,14.168346610208637],[122.65750429031532,14.167566110208615],[122.65876699031558,14.167212110209123],[122.6592538903155,14.166748710209092],[122.65942289031481,14.165359210208209],[122.66085559031467,14.164194810208247],[122.66267639031477,14.163223510208669],[122.66345239031486,14.162903510208903],[122.66374059031496,14.162896410209068],[122.66409499031518,14.16304881020938],[122.66425149031532,14.163205310209582],[122.66425499031563,14.163780210209996],[122.66461629031639,14.164981310211061],[122.66470199031714,14.166330310212059],[122.66571079031861,14.1683633102141],[122.6672888903207,14.171188910217035],[122.6680762903215,14.1721782102182],[122.6680586903218,14.172686010218543],[122.66793179032223,14.173603510219122],[122.66705409032272,14.175077710219622],[122.66648029032338,14.176595710220347],[122.66660049032382,14.177304610220931],[122.66734259032434,14.17779951022171],[122.66792829032492,14.178535410222585],[122.66906549032532,14.178519910223262],[122.66997729032516,14.177640210223181],[122.67162369032513,14.176615910223449],[122.67305189032555,14.176415910224167],[122.67376999032585,14.176496410224662],[122.67421409032633,14.177135110225361],[122.67513309032691,14.17765281022629],[122.6785635903289,14.179102710229358],[122.67933279032945,14.179654310230209],[122.68000769033026,14.180621610231297],[122.68079289033102,14.181525410232402],[122.6823586903319,14.182194410233814],[122.68358639033228,14.182067210234463],[122.68488769033223,14.181211810234636],[122.68642959033278,14.181211810235558],[122.6875130903334,14.181615810236497],[122.68892989033407,14.181979410237599],[122.691055190335,14.182383410239165],[122.69172199033522,14.182383410239561],[122.69230539033559,14.182666210240106],[122.69276379033595,14.183029910240636],[122.69330549033751,14.1854944102427],[122.69403479033804,14.186039810243516],[122.6947645903384,14.18622441024408],[122.69563469033857,14.186038210244478],[122.69713359033885,14.185538510245026],[122.69793429033905,14.185434910245425],[122.70157729034032,14.185437810247622],[122.7025194903406,14.18535731024813],[122.70298479034058,14.185025010248175],[122.70309859034045,14.184706510248015],[122.70371349033996,14.183429510247485],[122.70414039033982,14.182928910247389],[122.7045001903398,14.182624710247396],[122.7048954903399,14.18256681024759],[122.70531639034024,14.182930210248097],[122.70591289034066,14.183293510248715],[122.70622059034106,14.183869510249291],[122.70653139034144,14.184358510249833],[122.70716669034188,14.184762210250488],[122.70801079034234,14.185045710251202],[122.70914829034272,14.185027610251872],[122.71106359034314,14.184649810252752],[122.71317209034378,14.184488710253902],[122.71522409034401,14.183603110254513],[122.71724639034449,14.183191510255437],[122.71831099034489,14.183160410256063],[122.71926749034527,14.183312710256734],[122.72198749034654,14.18391461025879],[122.7237889903476,14.184747010260455],[122.72465899034826,14.185378610261418],[122.72631299034956,14.186711410263353],[122.72710589034995,14.186904410263965],[122.72783119035016,14.186868010264382],[122.72885049035045,14.186707510264885],[122.73109529035088,14.18608241026578],[122.7331450903513,14.185601410266667],[122.73395879035152,14.185482310267076],[122.73475229035185,14.185533710267595],[122.73514479035212,14.185837810268042],[122.73541559035243,14.186221610268476],[122.73595769035282,14.186520110269008],[122.73637989035304,14.186674710269365],[122.73678889035318,14.186719310269645],[122.73717199035326,14.186610610269797],[122.7380254903533,14.18609521026995],[122.73852819035332,14.185861510270081],[122.73940539035345,14.185554010270398],[122.73965389035348,14.185422710270453],[122.73996709035345,14.185183210270473],[122.74022709035339,14.184895010270424],[122.74068859035309,14.184029510270095],[122.74074529035298,14.183824710269986],[122.74071779035258,14.183152110269486],[122.74076509035238,14.182675210269183],[122.74088909035213,14.182158410268904],[122.7411258903518,14.18142041026852],[122.74153659035102,14.17974551026758],[122.74165329035095,14.179570610267529],[122.742223890351,14.179290210267686],[122.74263899035098,14.178963110267695],[122.7433276903511,14.178712210267932],[122.74440549035157,14.17892071026872],[122.74546539035221,14.179399510269695],[122.74802159035427,14.181555210272746],[122.74933429035501,14.182120810273938],[122.75033439035548,14.182302610274665],[122.75169459035584,14.18211691027534],[122.75291879035596,14.1815789102757],[122.75479339035486,14.178363410274565],[122.75541839035454,14.177434110274278],[122.7564501903544,14.176475810274226],[122.7568980903545,14.176357910274406],[122.75779379035497,14.176646210275145],[122.75868969035538,14.176828010275813],[122.75979409035597,14.17721191027675],[122.76041909035686,14.178525010278051],[122.76077339035731,14.179050210278634],[122.76154429035792,14.179716910279563],[122.76283619035868,14.180242110280712],[122.76681589036038,14.180848110283522],[122.76823749036079,14.18069041028426],[122.76954539036075,14.179862510284465],[122.77196139036089,14.178520710284966],[122.77259919036082,14.177937610284935],[122.77367099036056,14.176868410284834],[122.77500449036037,14.175656310284772],[122.77741319036004,14.17355641028474],[122.7782566903601,14.173094510284923],[122.7792528903603,14.172859710285346],[122.78036909036068,14.17282701028599],[122.78240139036177,14.173535110287709],[122.78344319036215,14.173575510288359],[122.78467259036252,14.173514910289061],[122.78575599036265,14.172989710289341],[122.78681869036284,14.172727010289789],[122.78765209036314,14.172747310290298],[122.7902774903645,14.17355531029245],[122.79117349036497,14.173858410293205],[122.79219449036538,14.173959410293884],[122.79331959036577,14.17395941029456],[122.79415309036563,14.17315131029448],[122.79492399036555,14.17250481029449],[122.7960282903657,14.172080610294854],[122.79727849036578,14.171413910295135],[122.79786189036564,14.170807810295054],[122.7984869903651,14.169413910294438],[122.79888289036455,14.168181510293815],[122.7987578903637,14.1667068102927],[122.7979868903627,14.165333010291262],[122.79773689036165,14.163575310289868],[122.79782019036078,14.161918710288743],[122.79782019036007,14.160585310287805],[122.79786189035927,14.159191310286834],[122.79802859035826,14.15719111028553],[122.79826269035793,14.156446510285134],[122.798736990358,14.156201210285237],[122.79938789035816,14.156124610285577],[122.80031999035812,14.155455510285659],[122.80048969035796,14.155062710285494],[122.8005955903578,14.154723410285314],[122.80064329035748,14.154036510284865],[122.80064709035707,14.153330110284351],[122.80075949035654,14.152287210283689]]}},{"type":"Feature","properties":{"river_name":null,"name":null,"type":"River"},"geometry":{"type":"LineString","coordinates":[[122.41469069029455,14.282819510142867],[122.41467169029475,14.283256510143156],[122.41443429029495,14.283735310143346],[122.41441879029514,14.284048510143549],[122.41444699029526,14.28429361014373],[122.41427419029533,14.28456501014381],[122.41429289029547,14.28477111014397],[122.41469579029567,14.28481781014424],[122.41486049029581,14.284981610144447],[122.41492419029589,14.285173010144627]]}},{"type":"Feature","properties":{"river_name":null,"name":null,"type":"River"},"geometry":{"type":"LineString","coordinates":[[122.43312859030534,14.290936210159549],[122.4335782903056,14.291166010159971],[122.43385879030568,14.291127710160117],[122.43406779030582,14.291199710160285],[122.43429779030596,14.29135521016054],[122.4344942903062,14.291666910160867],[122.43466479030637,14.291848510161095],[122.43495249030656,14.292037310161398],[122.43509569030688,14.292532610161825],[122.435184090307,14.292683010161976],[122.43529139030706,14.292754810162092]]}},{"type":"Feature","properties":{"river_name":null,"name":null,"type":"River"},"geometry":{"type":"LineString","coordinates":[[122.48425469034188,14.325395610213983],[122.48492209034184,14.324922710214054],[122.4850112903418,14.32476931021401],[122.48523129034201,14.32507541021435],[122.48526889034214,14.32523571021449],[122.48523779034217,14.325393910214581],[122.48543639034233,14.32552091021478],[122.4856796903423,14.325287910214763],[122.4858736903422,14.325025710214714],[122.4861244903423,14.325001410214838],[122.48648979034252,14.325181410215189],[122.487337690343,14.325514210215921]]}},{"type":"Feature","properties":{"river_name":null,"name":null,"type":"River"},"geometry":{"type":"LineString","coordinates":[[122.44708279024591,14.173252210086437],[122.44763899024628,14.173615010087032],[122.44799289024638,14.173624810087254],[122.44824579024645,14.17355621008735],[122.44872109024658,14.173497410087592],[122.44910539024683,14.173693510087963],[122.44941889024696,14.173732710088174],[122.44977279024717,14.173889610088496],[122.44989419024748,14.174399410088936],[122.44953009024766,14.17499761008913],[122.44944919024796,14.175576110089477],[122.44915589024802,14.175938810089557],[122.4490143902482,14.176262410089702],[122.44903459024847,14.176782110090079],[122.4488120902486,14.17710561009017],[122.44866039024883,14.177644910090454],[122.44866039024913,14.178243010090872],[122.44846829024947,14.17893921009124],[122.44844799024968,14.179311810091484],[122.44852889024982,14.179596110091733],[122.44853899024999,14.179870610091934],[122.44846829025023,14.180321710092203],[122.44856939025038,14.18055701009243],[122.44875139025046,14.180606010092571],[122.44894359025064,14.180811910092833],[122.44877159025074,14.18112571009295],[122.44916609025101,14.181351210093343],[122.44925709025127,14.181772810093696],[122.4494491902514,14.181910010093901],[122.44932789025151,14.182145410093993],[122.44924699025161,14.182439510094154],[122.44940879025178,14.18260621009436],[122.44992449025209,14.1829297100949],[122.4499649902523,14.18316501009508],[122.45018749025242,14.183302310095312],[122.45006609025263,14.183802410095593],[122.45027849025288,14.184086710095928],[122.45027849025308,14.184508310096207],[122.45005599025316,14.184724010096225],[122.44953009025316,14.185047510096137],[122.44923679025308,14.185106410096003],[122.44910539025318,14.1853515100961],[122.4492367902534,14.185635810096374],[122.44970199025367,14.185880910096833],[122.44983349025408,14.186557510097371],[122.44994479025422,14.186714310097551],[122.45012679025429,14.186743710097682],[122.45039979025448,14.186900610097958],[122.4502177902548,14.187645810098367],[122.45024809025519,14.188341910098867],[122.4500761902553,14.188636010098964],[122.44963129025547,14.189234110099108],[122.44964139025576,14.1897635100995],[122.44943909025578,14.189930210099488],[122.44921659025589,14.190234110099565],[122.44919639025603,14.190528310099758],[122.44895369025599,14.190596910099654],[122.44813449025565,14.190469510099089],[122.44772999025564,14.190753810099036],[122.44735579025587,14.191410710099266],[122.4468703902558,14.191577410099093],[122.44651639025575,14.191744010098986],[122.44619279025596,14.192302910099189],[122.44588939025634,14.193175510099616],[122.4457376902564,14.193410810099689],[122.44601079025657,14.193518610099936],[122.44598049025667,14.193763710100082],[122.44585909025687,14.194204910100314],[122.4453129902569,14.19461671010027],[122.4451814902571,14.195057910100504],[122.44505099025777,14.196319710101307],[122.44463139025773,14.196603010101247],[122.4442577902577,14.196699510101084],[122.44389949025773,14.19704741010112],[122.4434634902579,14.197663810101288],[122.4430771902579,14.197823210101163],[122.44276509025786,14.197998610101097],[122.44271149025805,14.198307110101288],[122.44198339025795,14.198606010101045],[122.44114439025773,14.198791210100676],[122.44074889025771,14.199009710100595],[122.44063049025776,14.199107210100589],[122.44036429025803,14.199781210100891],[122.44019589025804,14.199934510100908],[122.43918479025781,14.20013891010044],[122.43884959025782,14.20035791010039],[122.43871629025809,14.200962810100728],[122.4384808902583,14.201506210100973],[122.43840269025858,14.202094210101327],[122.43815529025875,14.202441410101423],[122.43788339025866,14.202504910101299],[122.4376489902584,14.202187710100938],[122.43734519025816,14.201925410100577],[122.43712939025804,14.20187381010042],[122.43661019025798,14.202023810100197],[122.43577049025758,14.201888210099593],[122.43475939025755,14.202467210099394],[122.43438449025734,14.202325510099074],[122.43373799025693,14.201909110098407],[122.43337979025661,14.201633210098],[122.43315959025657,14.201660010097882],[122.43270839025662,14.202030510097869],[122.4323644902568,14.202579910098047],[122.4319128902568,14.202855610097965],[122.43140219025662,14.202939610097713],[122.43085109025643,14.202845310097315],[122.42982389025589,14.202471610096453],[122.42964879025581,14.202467110096343],[122.4294742902559,14.202800510096466],[122.4292803902561,14.203278610096678],[122.42900559025607,14.203424510096614],[122.42819939025622,14.204174510096655],[122.42760849025616,14.20442741009647],[122.42727089025615,14.204614510096395],[122.42721439025627,14.204859810096536],[122.42747509025679,14.20568241009726],[122.42745029025694,14.205962910097453],[122.42728429025703,14.206228410097534],[122.42681889025705,14.206523110097454],[122.42629289025696,14.20667571009724],[122.4260153902569,14.206813310097173],[122.42603259025707,14.20706761009736],[122.42616319025738,14.207518110097755],[122.42612929025755,14.207923710098022],[122.42580079025764,14.20826931009805],[122.42537719025754,14.20838491009788],[122.42529069025764,14.208558810097951],[122.42521519025783,14.2089878100982],[122.42523499025806,14.20941251009851],[122.42474459025814,14.209875410098537],[122.42461649025829,14.210244310098714],[122.42487649025865,14.210656210099168],[122.42476979025884,14.211133110099423],[122.42486039025914,14.211647610099835],[122.42540069025955,14.212009310100406],[122.42594369026007,14.212614510101155],[122.42616759026049,14.213230310101723],[122.42625819026081,14.213790510102164],[122.42613849026102,14.214272010102427],[122.42610919026129,14.214771010102758],[122.42599069026141,14.21511421010293],[122.42593559026164,14.215495910103156],[122.42606159026207,14.216223510103745],[122.42620219026244,14.216809410104219],[122.42632899026273,14.217304110104644],[122.42654039026311,14.21789371010517],[122.42681689026382,14.218981310106091],[122.4268609902644,14.219978910106816],[122.42680839026464,14.220433210107103],[122.42647289026465,14.22069401010708],[122.42596729026452,14.220819310106863],[122.42542609026432,14.220775210106506],[122.42510319026424,14.22086771010638],[122.42481089026428,14.221055010106339],[122.42480699026434,14.221214110106438],[122.42507899026462,14.221536710106825],[122.4261119902653,14.222090010107838],[122.42621599026543,14.222298610108032],[122.42614949026562,14.222677010108265],[122.42537189026567,14.22317731010814],[122.42523939026569,14.223432410108238],[122.42528229026583,14.223620010108394],[122.42557789026601,14.223796010108696],[122.42584309026627,14.224082910109052],[122.42535689026619,14.224259610108874],[122.42507089026607,14.224250910108697],[122.4246700902658,14.223976210108269],[122.42427109026545,14.223527110107721],[122.42389559026495,14.222884210107056],[122.4236449902648,14.222768510106821],[122.42322249026468,14.222832810106608],[122.42294409026468,14.223007510106564],[122.4227025902649,14.223563810106802],[122.42236789026488,14.223727710106719],[122.42197349026497,14.224155010106776],[122.42099279026502,14.224839510106666],[122.42073189026492,14.224845510106503],[122.42055989026476,14.224626310106261],[122.42031359026427,14.223887910105592],[122.41990249026396,14.223626610105162],[122.41978929026396,14.223649210105107],[122.41962909026438,14.224520910105628],[122.4197947902647,14.225023410106067],[122.41990739026501,14.225497210106461],[122.4198263902652,14.225891910106688],[122.41995189026551,14.226342510107076],[122.42024799026585,14.226835710107595],[122.42036299026609,14.22715741010789],[122.42027059026626,14.227512310108079],[122.42003229026635,14.22785091010817],[122.41944519026639,14.228324110108145],[122.41862859026628,14.228636110107866],[122.41829269026627,14.228863810107818],[122.4179928902661,14.228721610107549],[122.41769439026595,14.228658910107319],[122.41731789026595,14.228852410107235],[122.41655269026606,14.229520510107236],[122.41582329026596,14.229814110106998],[122.41444069026555,14.229927810106243],[122.41433879026555,14.230018510106246],[122.41430139026569,14.230291910106418],[122.41446579026595,14.230673910106782],[122.41492239026651,14.23136341010753],[122.4153782902668,14.231635510107985],[122.41540329026702,14.232017710108275],[122.41501819026723,14.232604410108443],[122.41424549026718,14.23303841010828],[122.41406139026708,14.233014810108152],[122.41339709026663,14.23259581010746],[122.41302319026644,14.232466210107155],[122.41258209026623,14.232376610106822],[122.41225429026615,14.232478510106693],[122.4112385902659,14.232551310106139],[122.41095429026582,14.232655210106039],[122.41091719026593,14.232868010106165],[122.41096779026606,14.233075810106332],[122.41130169026637,14.233396110106762],[122.41156709026667,14.233827610107216],[122.4115916902669,14.234178410107475],[122.41145259026709,14.234702310107751],[122.41102929026721,14.235141210107802],[122.41054539026712,14.235296610107623],[122.41024169026689,14.235077610107275],[122.40937529026608,14.234190210106153],[122.40869479026573,14.233883510105514],[122.40843179026562,14.233866610105357],[122.40829969026562,14.233962410105343],[122.40823949026566,14.234097510105405],[122.40823439026578,14.23431411010555],[122.40832369026595,14.23453081010575],[122.40859409026629,14.234972010106224],[122.40877089026667,14.235558510106735],[122.40866339026668,14.235699310106765],[122.40818219026654,14.23569211010647],[122.40760869026624,14.235500910105994],[122.40704489026577,14.234946710105273],[122.40575639026495,14.234330010104076],[122.40512209026464,14.2341988101036],[122.40455109026452,14.234310410103335],[122.40416149026478,14.234994410103562],[122.40384399026479,14.235232310103548],[122.4033601902645,14.234992310103094],[122.40314839026456,14.23524791010314],[122.40313799026484,14.235762210103486],[122.40285049026491,14.236057310103517],[122.40246089026456,14.235661410103013],[122.40243449026428,14.235228710102701],[122.40216449026411,14.235074810102427],[122.40161449026418,14.235493310102385],[122.40089009026417,14.235989410102297],[122.40034259026451,14.236947210102631],[122.39999529026485,14.237833610103037],[122.39946779026484,14.238074610102883],[122.39869619026447,14.237945810102323],[122.39792219026386,14.237318110101429],[122.39692419026325,14.236709410100401],[122.39590099026259,14.236230810099462],[122.39519879026193,14.235419310098477],[122.39498529026181,14.235355710098306],[122.39418079026167,14.235650510098017],[122.3939387902617,14.235852210098018],[122.393665590262,14.23652981009833],[122.39342599026241,14.23749671009884],[122.39312679026244,14.23770611009881],[122.39284419026232,14.237707710098642],[122.39244879026205,14.237452910098227],[122.3921528902622,14.237863210098334],[122.39178509026216,14.2379753100982],[122.39132529026192,14.237856110097834],[122.39092849026184,14.237920110097644],[122.39033429026179,14.23825481009751],[122.39022389026167,14.23813601009736],[122.39020509026146,14.237698210097046],[122.39022979026116,14.23718501009671],[122.39047269026105,14.236800310096596],[122.39042659026093,14.236599310096425],[122.39008859026073,14.236486510096148],[122.38963319026057,14.236439610095832],[122.3890620902602,14.236153010095297],[122.38863339025987,14.235805010094799],[122.3886225902597,14.235537510094607],[122.38920449025976,14.235214710094732],[122.38907109025958,14.234980110094495],[122.38883919025949,14.234979210094355],[122.38852079025949,14.235194410094309],[122.38835019025974,14.235724310094582],[122.38817929025979,14.23590351009459],[122.38807589025994,14.236305410094817],[122.3881547902601,14.236516710095005],[122.38833909026029,14.23676451009529],[122.38827899026042,14.23703531009544],[122.38796779026046,14.237283910095423],[122.38762559026031,14.237266310095201],[122.38723669026001,14.237023410094798],[122.38714599025988,14.23675171009456],[122.38712109025934,14.235816110093891],[122.3869665902592,14.235673510093703],[122.38662089025921,14.235892910093648],[122.3865680902596,14.236559010094078],[122.38605809025937,14.236530010093755],[122.38499919025878,14.236157410092865],[122.38465019025872,14.23620061009268],[122.38417819025865,14.236397910092531],[122.38375899025876,14.236811810092567],[122.38356829025868,14.236852210092485],[122.3831418902585,14.236752210092154],[122.38271179025813,14.236422910091678],[122.38262459025802,14.236211410091473],[122.382720890258,14.236155510091486],[122.38302269025812,14.236115310091641],[122.38326539025809,14.235931210091659],[122.38317789025801,14.235790310091508],[122.38267279025759,14.235369110090911],[122.38216729025713,14.234871010090268],[122.38205259025695,14.23458721009],[122.38222799025684,14.234312610089917],[122.38270669025688,14.23411901009007],[122.38295329025694,14.233958510090112],[122.38283069025668,14.233643310089814],[122.38239689025625,14.233057310089144],[122.38216409025586,14.232510510088634],[122.38200829025551,14.232017410088192],[122.3818120902552,14.23153411008775],[122.38190529025508,14.231319410087657],[122.38233099025508,14.231038010087714],[122.38238619025499,14.230802010087585],[122.3822568902544,14.229797210086817],[122.38243779025424,14.22940891008665],[122.38242639025408,14.22912051008645],[122.38231579025376,14.228631710086045],[122.3824618902536,14.228258410085877],[122.38261239025354,14.228020810085802],[122.38275579025351,14.22790401008581],[122.38293749025355,14.227845010085879],[122.38344049025366,14.227755210086116],[122.38354559025365,14.22759721008607],[122.3835739902536,14.227480410086002],[122.3835259902533,14.22701211008565],[122.38360469025314,14.226626610085424],[122.38352219025305,14.226557710085332],[122.383363790253,14.226543210085227],[122.38277919025286,14.22664441008495],[122.38270799025278,14.22659791008487],[122.38264549025263,14.226352810084668],[122.38274689025238,14.225815710084358],[122.38314319025201,14.224882010083942],[122.38314559025186,14.224641110083779],[122.3831194902517,14.224344410083562],[122.38304439025151,14.22400641008329],[122.38298269025138,14.22389901008317],[122.38284039025132,14.223754910082988],[122.38238449025094,14.223398010082464],[122.38232819025087,14.223312210082367],[122.38231479025073,14.223101610082217],[122.38261789025063,14.222664810082101],[122.38279489025041,14.222183810081873],[122.38276269025032,14.222007010081732],[122.38247899025008,14.221744310081387],[122.38229859024987,14.221497010081102]]}},{"type":"Feature","properties":{"river_name":null,"name":null,"type":"River"},"geometry":{"type":"LineString","coordinates":[[122.41894379029722,14.285031310146943],[122.41890679029711,14.284880510146815],[122.41867509029699,14.284796410146622],[122.41858279029685,14.284622610146448],[122.41839569029676,14.284511910146264],[122.4180764902966,14.284439110146014],[122.4178008902964,14.284294110145755],[122.41758209029635,14.284324910145635],[122.41717749029635,14.284554010145559],[122.41689739029628,14.284608510145423],[122.41669239029636,14.28485361014547],[122.41621259029621,14.284924210145231],[122.41586039029617,14.285099910145137],[122.41549549029611,14.28517181014497],[122.41492419029589,14.285173010144627],[122.41468149029596,14.285435110144656],[122.41375609029593,14.285933510144435],[122.41339369029596,14.28620221014441],[122.41306789029603,14.286538110144447],[122.41258619029617,14.287117310144549]]}},{"type":"Feature","properties":{"river_name":null,"name":"Del Pilar","type":"River"},"geometry":{"type":"LineString","coordinates":[[122.45467839026665,14.206507610114171],[122.4543886902671,14.207517210114698],[122.45447439026742,14.208141810115182],[122.4548645902678,14.208605910115743],[122.45473069026787,14.208752410115766],[122.45435049026766,14.208651910115465],[122.45411899026767,14.208773010115408],[122.454054390268,14.209392410115798],[122.45413289026827,14.209895410116198],[122.45405089026853,14.210387210116487],[122.45353969026831,14.21036041011616],[122.45299359026828,14.210544710115968],[122.45197839026801,14.210797810115524],[122.451455390268,14.21104741011539],[122.45120499026817,14.211571710115608],[122.45095119026824,14.211860510115649],[122.45094999026843,14.212188510115876],[122.45114819026851,14.212246310116033],[122.45170659026843,14.211682510115986],[122.45200919026854,14.21167921011616],[122.45199219026878,14.212163110116482],[122.45209019026916,14.212790210116982],[122.45178939026918,14.21306361011699],[122.45177659026939,14.21340731011722],[122.4521573902696,14.213542310117537],[122.4526977902697,14.213392510117764],[122.45331739026999,14.213588610118274],[122.45334819027019,14.213869710118496],[122.45319929027045,14.214470710118809],[122.45320209027071,14.214942910119142],[122.45377879027109,14.215253010119708],[122.45437579027119,14.215112810119969],[122.455058490271,14.214291710119811],[122.45533669027115,14.214353710120019],[122.45549039027134,14.214581410120271],[122.45544749027164,14.21518651012067],[122.45568409027197,14.215730210121182],[122.45598699027217,14.215829010121437],[122.45681539027234,14.215618410121783],[122.45720439027244,14.21559561012201],[122.45738089027269,14.215884510122303],[122.45706229027275,14.216196710122336],[122.45719159027311,14.216832410122857],[122.45714009027351,14.217561210123323],[122.45746169027396,14.21822981012398],[122.45775289027424,14.218520510124359],[122.45845519027434,14.218273010124616],[122.45938139027463,14.218252710125157],[122.45961529027483,14.21844931012543],[122.45954429027499,14.218715910125576],[122.45910919027483,14.218761210125344],[122.4587181902749,14.219102110125345],[122.45866189027511,14.219546010125624],[122.4590812902755,14.220058410126228],[122.45911969027588,14.220664110126672],[122.45938479027633,14.22136881012732],[122.45951049027668,14.22191621012778],[122.45879339027674,14.22241351012768],[122.45823349027685,14.223002410127755],[122.45740799027674,14.223362710127512],[122.45732739027699,14.223845810127798],[122.45707769027709,14.2242115101279],[122.456641090277,14.22432851012773],[122.45614319027698,14.22454321012758],[122.45568819027716,14.225163410127731],[122.45546929027748,14.225945610128141],[122.45568449027807,14.226855110128907],[122.45592089027855,14.227570210129537],[122.45609459027904,14.228368710130196],[122.45606369027969,14.229564410131015],[122.45568899027984,14.230079710131143],[122.45529909027977,14.230222010131008],[122.45438089027913,14.229596510130015],[122.45374809027862,14.229089710129287],[122.4532799902786,14.229319010129164],[122.45274419027872,14.229941910129273],[122.452193190279,14.230760910129508],[122.45177549027942,14.231813710129988],[122.4510256902795,14.23240361012995],[122.4505592902798,14.23331361013029],[122.45029079027987,14.2335506101303],[122.45014849027996,14.233790710130377],[122.45056909028025,14.234097910130844],[122.4509646902807,14.234646910131467],[122.45082239028083,14.235005610131617],[122.45047149028095,14.235417310131696],[122.45014779028072,14.23523921013139],[122.44943669028017,14.23460101013051],[122.44903979027991,14.234433310130155],[122.44845319027992,14.234761910130032],[122.44759529027974,14.234963410129645],[122.44646209027935,14.235013710129008],[122.4459695902793,14.2352748101289],[122.44590449027959,14.235806010129233],[122.44533479027963,14.236292410129224],[122.44492509027961,14.236456410129083],[122.44456909027927,14.236099010128628],[122.44455819027887,14.235363410128116],[122.44463649027851,14.234676010127686],[122.44406229027808,14.234256110127049],[122.44366149027799,14.234256310126813],[122.44322109027773,14.234143310126464],[122.44258689027791,14.234815510126552],[122.44220659027776,14.234754210126276],[122.44194049027752,14.234516210125943],[122.44153239027736,14.23445141012566],[122.44112869027718,14.234449110125409],[122.44074639027723,14.234716310125366],[122.44006519027708,14.234932710125117],[122.43911729027683,14.23503761012461],[122.43853039027664,14.235056510124277],[122.43807769027622,14.234568010123667],[122.43762969027571,14.233903710122933],[122.43699629027472,14.232495310121587],[122.43662849027459,14.232521610121372],[122.43612459027452,14.232734010121222],[122.4358677902746,14.233039110121274],[122.43572929027492,14.233655510121618],[122.43529269027489,14.233898610121521],[122.43470449027471,14.233913810121184],[122.43443969027477,14.234225710121233],[122.43394439027473,14.234439310121092],[122.43334139027456,14.2345480101208],[122.43287619027446,14.234666110120616],[122.43254889027452,14.23496641012061],[122.43224149027475,14.235554010120845],[122.4319586902749,14.23602101012099],[122.4317138902749,14.236163310120931],[122.43128649027479,14.236216410120718],[122.43103029027424,14.235357810119977],[122.43068639027396,14.2351150101196],[122.43016149027339,14.234396910118779],[122.42963589027308,14.234142410118302],[122.42911219027296,14.234243110118056],[122.42897969027301,14.234441710118112],[122.42929669027373,14.235522010119045],[122.42857639027399,14.236427710119239],[122.42823209027394,14.236582710119144],[122.4276096902737,14.23654121011873],[122.42706499027352,14.236585110118437],[122.42669609027315,14.236123810117899],[122.42631619027303,14.236093810117646],[122.42615349027311,14.236374210117745],[122.42606569027342,14.237041210118159],[122.42539269027348,14.237519510118089],[122.42524809027361,14.237870910118234],[122.42531889027372,14.238061610118418],[122.42574759027417,14.238561010119012],[122.42604119027459,14.239145410119589],[122.42601989027484,14.239588810119882],[122.42505049027493,14.240424110119877],[122.4242280902748,14.240703010119582],[122.42392699027452,14.24043801011922],[122.42385219027435,14.240132410118958],[122.42421369027429,14.23983531011897],[122.42444029027423,14.239530510118898],[122.42433199027404,14.239292010118671],[122.42400799027388,14.239129610118361],[122.42358839027374,14.239184410118147],[122.42296669027364,14.239402510117925],[122.42232979027328,14.239104910117335],[122.42195879027318,14.23918681011717],[122.42196249027346,14.239670810117508],[122.4218725902738,14.240311810117891],[122.42159779027374,14.240447810117825],[122.42094479027332,14.240116910117198],[122.42057289027318,14.240032610116918],[122.42027169027315,14.24021841011687],[122.42001379027336,14.240700410117045],[122.41973809027371,14.24154531011747],[122.41932909027398,14.242261310117708],[122.41893919027387,14.242364610117551],[122.4184796902737,14.242284210117223],[122.41819739027339,14.241903610116786],[122.41799459027324,14.241781010116581],[122.41774489027324,14.241900910116506],[122.41764569027342,14.24230251011673],[122.41732319027349,14.24270221011682],[122.41668929027354,14.243149410116734],[122.41596059027354,14.24360331011662],[122.4155719902736,14.244025310116669],[122.41559909027373,14.244248410116839],[122.41592319027397,14.24440071011714],[122.41621999027426,14.244755110117561],[122.41644559027468,14.245399910118149],[122.41722809027551,14.246444110119342],[122.41747959027586,14.246915810119821],[122.41730339027603,14.247315410119992],[122.4170582902759,14.2472567101198],[122.41673329027554,14.246780010119272],[122.41635749027535,14.246647810118956],[122.41467789027516,14.24735841011844],[122.41368159027492,14.247562310117976],[122.41324279027504,14.248070010118072],[122.41277759027506,14.248398810118013],[122.41185469027471,14.248327510117411],[122.41148179027473,14.24856161011735],[122.4111634902749,14.249140910117555],[122.41089419027523,14.249894610117913],[122.41028619027529,14.25046111011794],[122.40920509027524,14.250973810117639],[122.40897459027534,14.251299810117734],[122.40875959027548,14.251732710117896],[122.4083462902754,14.25178651011768],[122.40785189027521,14.25176361011737],[122.40764399027533,14.252086910117471],[122.40765649027557,14.252563810117802],[122.40775569027586,14.25301821011818],[122.40747239027588,14.25326461011817],[122.40674579027562,14.253243310117728],[122.40607659027538,14.25318231011729],[122.40570229027533,14.253322510117155],[122.40554869027542,14.25360011011725],[122.40582599027567,14.25391891011764],[122.406543790276,14.254081310118178],[122.4070568902763,14.254236910118598],[122.40766399027666,14.254594210119212],[122.40812229027696,14.254753010119598],[122.4087814902771,14.254673810119938],[122.40908739027729,14.254793710120202],[122.40918099027746,14.25506411012045],[122.40907169027763,14.255409110120617],[122.40827179027744,14.255647210120307],[122.40774649027743,14.25591001012017],[122.40743289027758,14.256364210120294],[122.40731639027774,14.256759810120487],[122.40762859027801,14.257013210120869],[122.40808279027827,14.257244510121295],[122.40851669027866,14.257610310121805],[122.40846659027885,14.258069510122091],[122.40830169027906,14.258536610122311],[122.40835099027943,14.259201310122803],[122.40809069027955,14.259544010122873],[122.40770149027936,14.25950071012261],[122.40742389027918,14.259311110122313],[122.40721859027887,14.258917710121919],[122.4068857902787,14.258785910121638],[122.40654809027858,14.25876191012141],[122.40573179027838,14.258910510121023],[122.40537859027839,14.259146710120978],[122.40486849027859,14.25981851012114],[122.40429089027866,14.260377410121164],[122.4042273902788,14.26063391012131],[122.404424490279,14.260869010121585],[122.40509799027942,14.261173710122197],[122.40528949027964,14.26149531012253],[122.40553379028012,14.26222441012319],[122.40582299028034,14.262432210123517],[122.40639589028065,14.26260481012397],[122.40659069028086,14.262920010124297],[122.40686969028131,14.2635377101249],[122.40730029028157,14.263800110125336],[122.40784159028179,14.263830510125679],[122.4085648902819,14.263573710125941],[122.40906739028206,14.263530410126217],[122.40952079028222,14.26358821012653],[122.40968029028241,14.263775410126746],[122.40977419028268,14.264247110127133],[122.40967539028277,14.264460910127216],[122.40811059028293,14.265727110127152],[122.40766679028303,14.266198510127207],[122.40724119028323,14.266847210127395],[122.40684139028352,14.267611010127679],[122.40662749028384,14.268340110128065],[122.40666879028426,14.269089510128596],[122.40662669028453,14.269606010128925],[122.40637029028466,14.269970110129023],[122.4052951902843,14.269978710128383],[122.4048488902843,14.270301210128341],[122.40436039028447,14.270925710128468],[122.40388109028477,14.271755310128754],[122.4034823902848,14.27203891012871],[122.40302769028494,14.27263011012885],[122.40293719028524,14.273232310129211],[122.40323969028599,14.27436601013017],[122.40325749028611,14.27467691013039],[122.40324139028628,14.274926510130557],[122.40315019028638,14.275181210130672],[122.40296779028644,14.275368410130694],[122.40263519028639,14.27548271013057],[122.40206959028623,14.275597510130309],[122.40167499028621,14.275763510130183],[122.40139069028618,14.275929810130123],[122.40089179028627,14.276433610130166],[122.4006181902863,14.27660051013012],[122.40041969028624,14.276631710130019],[122.40024799028616,14.276595310129895],[122.39974919028582,14.276215810129337],[122.39941119028549,14.27591421012892],[122.39905179028526,14.275690710128552],[122.39878889028508,14.275571110128308],[122.39849919028497,14.275529510128107],[122.39825809028491,14.275580710128],[122.39786619028496,14.275893410127976],[122.39763019028501,14.276143010128006],[122.39737269028502,14.276361310128003],[122.39666959028494,14.276628810127761],[122.39572579028497,14.277281510127644],[122.39534799028493,14.277477010127548],[122.39446519028486,14.277832610127266],[122.39417379028487,14.278043410127236],[122.39402799028495,14.278269310127301],[122.39393989028507,14.27851421012742],[122.39384829028545,14.279272610127881]]}},{"type":"Feature","properties":{"river_name":null,"name":null,"type":"River"},"geometry":{"type":"LineString","coordinates":[[122.5026851903069,14.24993371017315],[122.50230189030695,14.250302210173171],[122.50189309030695,14.250574810173104],[122.50161529030677,14.250405910172821],[122.50136219030638,14.249865710172305],[122.50111119030628,14.24983691017213],[122.50107299030662,14.25045251017254],[122.5007006903065,14.250524410172352],[122.49963539030647,14.251062810172087],[122.49872099030686,14.252409510172477],[122.49823189030687,14.252688310172369],[122.49765189030676,14.25291211017217],[122.49655599030675,14.253522410171936],[122.49644179030686,14.253840910172087],[122.49640179030719,14.254449810172487],[122.49610729030721,14.254669710172463],[122.49497939030678,14.25460381017174],[122.49472089030675,14.254701210171653],[122.49462269030694,14.255110510171873],[122.49468119030725,14.255670910172295],[122.4946437903074,14.255985710172494],[122.49424509030737,14.256163010172386],[122.49388829030711,14.255951710172008],[122.49354549030684,14.255608310171569],[122.49338039030663,14.25528631017125],[122.4931073903063,14.254945110170848],[122.49288069030614,14.25475321017059],[122.49277009030622,14.254956410170653],[122.49290119030648,14.255404710171051],[122.4931774903068,14.255862810171518],[122.49327859030713,14.256276010171879],[122.49307219030719,14.256612210171975],[122.49296499030761,14.257362710172428],[122.49268249030767,14.257704710172504],[122.49185049030764,14.258179210172328],[122.49117969030758,14.258495410172145],[122.49075299030764,14.258892110172168],[122.49055789030794,14.259493110172455],[122.49048659030815,14.259999610172773],[122.49027429030829,14.260359210172894],[122.49007739030822,14.260337710172754],[122.48971919030792,14.260034910172335],[122.48948979030781,14.259921810172115],[122.4892422903078,14.260064310172057],[122.4889803903079,14.260455310172174],[122.4888504903081,14.260826910172355],[122.4888514903083,14.261276610172667],[122.48902619030872,14.261934610173231],[122.4889176903089,14.262277210173396],[122.48858059030894,14.262572910173391],[122.48816279030878,14.262549510173129],[122.48804919030906,14.263121710173458],[122.48804749030917,14.263373210173624],[122.48811719030945,14.263789110173958],[122.4877466903095,14.26417911017401],[122.4875941903095,14.264210210173934],[122.48740909030946,14.264290810173875],[122.48696469030946,14.264545310173776],[122.4868994903096,14.264804210173919],[122.48685929030975,14.265162910174153],[122.48649429031,14.265821810174383],[122.48644079031008,14.266062410174511],[122.48633489031063,14.267107410175177],[122.48616319031079,14.267445310175306],[122.48598719031082,14.267707210175386],[122.48562009031087,14.26803541017539],[122.4853169903109,14.26822381017534],[122.48531099031098,14.268374910175433],[122.48541489031125,14.268797010175795],[122.48545569031131,14.268855010175848],[122.48555169031131,14.268839910175899],[122.48591239031131,14.268621610175966],[122.48605459031128,14.26847471017595],[122.4861752903113,14.268403210175975],[122.48646629031134,14.268309610176084],[122.48698829031166,14.268561510176573],[122.4872454903117,14.268513710176688],[122.48732249031175,14.268473410176709],[122.4873500903117,14.268400610176686],[122.48734209031159,14.268180910176516],[122.48750559031149,14.26788511017642],[122.48761559031135,14.267587010176278],[122.48770619031129,14.267452610176237],[122.48784739031132,14.267343410176249],[122.48817349031148,14.267454410176521],[122.48832819031156,14.26755971017668],[122.48866549031197,14.268140510177291],[122.48872209031212,14.268305710177442],[122.4887589903122,14.26847111017758],[122.48850719031229,14.268754610177627],[122.48828979031246,14.2691973101778],[122.48831509031274,14.269720910178178],[122.48824979031289,14.270032010178348],[122.48805019031303,14.270352610178445],[122.4880947903133,14.270900510178866],[122.48795589031336,14.271039210178865],[122.48780479031349,14.271385610179019],[122.4871519903135,14.27187851017896],[122.48638499031365,14.27257791017898],[122.48627929031373,14.272792910179069],[122.48660419031405,14.27315651017952],[122.48674579031407,14.273091110179553],[122.48717399031392,14.27254881017943],[122.48746369031386,14.2722382101794],[122.48794619031392,14.27210131017959],[122.48840889031379,14.271519210179472],[122.48878469031374,14.271221810179489],[122.48899929031379,14.271186910179589],[122.48909819031394,14.271409710179803],[122.48930559031419,14.271752110180161],[122.48978699031446,14.271900610180563],[122.49024029031472,14.272126710180986],[122.49080009031503,14.272293310181444],[122.49178759031574,14.272987810182519],[122.49231689031615,14.273420710183137],[122.49245399031635,14.27372291018342],[122.49199919031638,14.27403851018337],[122.49150879031606,14.273726210182854],[122.49130719031578,14.273402110182513],[122.49100189031563,14.273266410182238],[122.49059709031555,14.27337041018206],[122.49059519031572,14.273711010182298],[122.49091269031607,14.274142410182792],[122.49107749031629,14.27448601018312],[122.49115439031655,14.27484801018342],[122.4919874903173,14.27572391018452],[122.49245079031755,14.275881310184909],[122.49291359031767,14.27583141018516],[122.49316049031763,14.275641910185175],[122.49341829031772,14.275589210185291],[122.49382039031808,14.275976410185805],[122.49395439031831,14.2762874101861],[122.49379329031846,14.276708210186289],[122.49322459031852,14.27721041018629],[122.49285909031846,14.277288010186119],[122.49260939031824,14.276964610185756],[122.49229899031806,14.276925910185547],[122.492079790318,14.27697191018544],[122.49187059031813,14.27730291018554],[122.49162229031808,14.277348210185426],[122.491139090318,14.277513610185249],[122.49076209031813,14.278036210185387],[122.49072719031835,14.27840121018561],[122.49084629031856,14.27873111018591],[122.49129689031871,14.27870481018616],[122.49197999031888,14.278613610186508],[122.49218049031887,14.278467610186535],[122.4933825903195,14.278852510187516],[122.49339309031966,14.279060110187668],[122.49330199031964,14.279209710187722],[122.49286449031968,14.279474910187638],[122.4924764903195,14.279454110187395],[122.49193639031941,14.279602010187173],[122.4915649903195,14.280005910187226],[122.49099299031953,14.280441110187171],[122.49092719031965,14.280671810187298],[122.49107579032002,14.281263310187795],[122.49110089032037,14.281878510188225],[122.49086639032035,14.28202141018819],[122.48999729032047,14.282768810188172],[122.48954899032057,14.283262510188255],[122.48953379032092,14.283874910188668],[122.48921099032098,14.284179410188672],[122.48884469032085,14.284107110188412],[122.48866059032075,14.284162010188332],[122.48821339032062,14.284149810188051],[122.48759859032042,14.284201210187717],[122.48703109032014,14.28404491018727],[122.48668059032023,14.284429710187322],[122.48670199032051,14.284932510187693],[122.4870509903209,14.285363610188192],[122.4870568903211,14.285737810188449],[122.4868066903211,14.285940610188444],[122.48616479032096,14.286107210188167],[122.48570599032094,14.286307110188028],[122.48566039032116,14.286801410188342],[122.48575519032154,14.287398010188813],[122.48660699032166,14.287058410189088],[122.48672279032186,14.287408410189403],[122.4869283903222,14.287871610189852],[122.48675709032233,14.28818621018996],[122.48653029032262,14.288864310190283],[122.48633449032296,14.28957731019066],[122.48653769032325,14.290008110191078],[122.48707699032369,14.290465810191714],[122.4873528903242,14.291226010192407],[122.48733069032443,14.291656710192692],[122.48707159032455,14.292045310192796],[122.48637629032447,14.29232411019257],[122.48596159032428,14.292224410192253],[122.48554989032407,14.29217081019197],[122.48517199032408,14.29237391019188],[122.48492479032424,14.292882610192084],[122.48476019032427,14.292985210192054],[122.48442519032432,14.293297010192072],[122.48417349032438,14.293649710192156],[122.48427709032481,14.294288910192662],[122.48474859032511,14.294517710193094],[122.48504039032538,14.294817410193478],[122.48488949032554,14.295237310193677],[122.48429969032564,14.29575511019368],[122.48429609032583,14.296169410193961],[122.48468599032635,14.296835110194655],[122.48563879032712,14.297627710195778],[122.48659839032744,14.297603210196336],[122.48697579032759,14.297730910196648],[122.48679219032778,14.2981178101968],[122.48628399032796,14.298795810196964],[122.48542819032788,14.299141810196687],[122.48482869032773,14.299242310196401],[122.48459949032775,14.299457710196407],[122.48465519032806,14.29991581019676],[122.48536249032855,14.300473510197564],[122.48553709032875,14.3006690101978],[122.48559859032888,14.30083871019796],[122.48560259032894,14.30097391019806],[122.4849286903293,14.30204591019838],[122.48435419032941,14.302605010198425],[122.48419119032953,14.302969110198568],[122.48441029032993,14.303558510199107],[122.48473399033033,14.304056810199647],[122.48508549033036,14.303896210199749],[122.48546549033057,14.303969910200024],[122.48586889033055,14.303737710200108],[122.48726089033093,14.303590810200847],[122.48794259033107,14.30341931020114],[122.4884680903313,14.303485710201503],[122.48882089033158,14.303768310201905],[122.48890359033176,14.304035710202143],[122.48886349033197,14.304462310202418],[122.4891276903324,14.305008010202952],[122.48971879033284,14.305554810203674],[122.49008459033341,14.306286710204395],[122.49042799033369,14.3065568102048],[122.49026279033387,14.307054910205034],[122.48969309033409,14.307803410205207],[122.48952949033426,14.308187910205376],[122.48965689033469,14.308905710205952],[122.48960939033489,14.309249810206145],[122.48893679033476,14.309529510205934],[122.48835899033469,14.309727710205713],[122.48820389033479,14.309991210205803],[122.4882260903352,14.310724710206324],[122.48803649033539,14.311182910206528],[122.48763759033535,14.311438110206462],[122.48710579033516,14.311395310206105],[122.48684599033523,14.311602310206084],[122.48626909033536,14.312312610206234],[122.48565179033544,14.312790610206184],[122.48504389033543,14.31318721020609],[122.48487559033556,14.31353321020623],[122.48496609033575,14.3138489102065],[122.48529289033596,14.313963510206774],[122.48622769033632,14.31407931020742],[122.4869105903366,14.314203410207918],[122.48713059033685,14.314426010208207],[122.48709759033704,14.314838510208459],[122.48661319033722,14.315466910208604],[122.48616159033759,14.316368710208947],[122.48572909033763,14.316778410208972],[122.48567709033782,14.317108010209166],[122.48601589033812,14.317496210209645],[122.48652019033861,14.317995210210283],[122.48648429033882,14.318448310210563],[122.48597139033893,14.31893891021059],[122.48583829033915,14.319451310210866],[122.48610559033953,14.320016210211413],[122.48622889033966,14.32015141021158],[122.48643809033979,14.320244910211775],[122.4867277903399,14.32027611021197],[122.48714369034012,14.320383610212302],[122.48748959034029,14.320530810212604],[122.48776319034047,14.32067631021287],[122.4881479903408,14.321001410213325],[122.48820299034097,14.321289710213543],[122.48821909034142,14.3220849102141],[122.4883853903417,14.322526710214516],[122.48842829034186,14.322776210214712],[122.48842829034199,14.322978910214841],[122.4881386903423,14.323769010215207],[122.48805279034262,14.324371910215575],[122.4879830903427,14.324579810215672],[122.48740369034293,14.325312710215824],[122.487337690343,14.325514210215921],[122.48738769034317,14.325837610216174],[122.48752709034336,14.32609231021643],[122.48794559034386,14.326638010217062],[122.48803669034396,14.32683551021725],[122.48804749034409,14.327064210217422],[122.48766659034443,14.327942610217784],[122.48747349034454,14.328249310217876],[122.48703359034465,14.328717110217939]]}},{"type":"Feature","properties":{"river_name":null,"name":null,"type":"River"},"geometry":{"type":"LineString","coordinates":[[122.46198939028916,14.243206710144015],[122.46166859028894,14.24297651014367],[122.4612843902887,14.242779610143307],[122.46107279028861,14.242786910143174],[122.46100599028873,14.243046210143316],[122.461114190289,14.243478910143676],[122.46078919028898,14.243590710143557],[122.46046879028907,14.24399071014364],[122.4600355902891,14.244320610143614],[122.45994689028899,14.244131410143424],[122.46000829028868,14.243637310143123],[122.45986179028843,14.243159010142696],[122.45971499028832,14.243054810142542],[122.45915369028828,14.243304510142387],[122.45863459028799,14.243137210141953],[122.45821589028782,14.243082610141656],[122.45729409028766,14.243376910141304],[122.45691139028753,14.24343331014112],[122.45637929028734,14.243416010140793],[122.45593039028725,14.243504410140579],[122.45572629028726,14.24362641014054],[122.45543079028755,14.244397110140897],[122.4552869902876,14.244587110140943],[122.45511339028755,14.244540110140807],[122.45491659028727,14.244190510140438],[122.45470479028707,14.243962310140166],[122.45441579028697,14.243965310139995],[122.45414909028705,14.244237310140019],[122.45423829028722,14.244520010140263],[122.45462029028748,14.244785010140681],[122.4546974902876,14.244987010140868],[122.4542823902879,14.245746810141142],[122.4540028902878,14.24566811014092],[122.4539139902876,14.245437510140706],[122.45397209028746,14.245188910140566],[122.45358649028704,14.244596010139917],[122.45324509028684,14.244432810139608],[122.4529187902867,14.244383110139383],[122.45236249028655,14.244439110139075],[122.45216719028654,14.244571510139052],[122.4522399902866,14.244693610139187],[122.45241229028674,14.24476641013933],[122.45264359028694,14.245004410139646],[122.45264019028711,14.245303010139839],[122.45235689028715,14.245594210139872],[122.45224489028732,14.245974610140076],[122.4520260902873,14.246100210140028],[122.45151339028718,14.2462225101398],[122.45148599028737,14.246477610139964],[122.45156599028748,14.246674110140146],[122.45183019028778,14.247037010140561],[122.4518590902879,14.247268910140729],[122.45217779028825,14.247709210141227],[122.45221079028853,14.248164310141563],[122.45200679028862,14.248436610141635],[122.45163999028853,14.248592510141524],[122.45131969028841,14.248578210141318],[122.4506987902881,14.248345210140775],[122.45010809028761,14.24778791014005],[122.44960929028737,14.24766351013965],[122.44940549028732,14.247764310139596],[122.44895899028717,14.24779761013935],[122.4484240902869,14.247627210138914],[122.44828529028673,14.24738781013867],[122.44814559028663,14.24730731013853],[122.44795679028672,14.247543010138576],[122.4478797902869,14.24791791013879],[122.4480494902872,14.248373110139207],[122.44837129028741,14.248548810139525],[122.44828389028758,14.248928010139725],[122.44784139028752,14.249117910139587],[122.44779299028772,14.249476410139813],[122.44797889028816,14.25018721014042],[122.44778099028844,14.250811010140737],[122.44754329028856,14.251167510140831],[122.4475239902887,14.251430610141005],[122.44779329028897,14.251719910141363],[122.44776219028907,14.252006210141541],[122.44750069028912,14.25223671014154],[122.44748969028926,14.252486410141707],[122.44775239028957,14.252878010142137],[122.44789359028987,14.253377910142579],[122.44796289029013,14.253774310142884],[122.44780409029023,14.254045310142981],[122.44745919029016,14.254193310142872],[122.44737429029034,14.25452521014306],[122.4471424902904,14.254823910143115],[122.44668099029045,14.255181010143085],[122.44655309029052,14.25542821014318],[122.44660479029076,14.255830610143486],[122.44673089029085,14.255896610143612],[122.44683059029083,14.255824610143618],[122.44697689029088,14.255815710143704],[122.44725309029118,14.256203810144134],[122.44758089029132,14.256240710144354],[122.44841369029182,14.25655981014508],[122.44865299029196,14.256767010145369],[122.44871539029212,14.257003310145562],[122.44852099029221,14.257253710145623],[122.44853469029235,14.257473010145771],[122.44884999029246,14.257519510146],[122.44890499029258,14.257688710146155],[122.44881099029277,14.258102310146382],[122.44851749029279,14.258313710146346],[122.44778729029242,14.25806811014574],[122.4475588902924,14.258156410145666],[122.44773929029259,14.258477310146],[122.4477211902927,14.25860921014608],[122.44722189029274,14.259046510146073],[122.447417390293,14.259370810146418],[122.44770419029314,14.259447910146644],[122.44758519029328,14.25979181014681],[122.44703919029331,14.260197510146767],[122.4468670902935,14.26061431014695],[122.44664929029348,14.260727710146892],[122.44624759029323,14.260562710146537],[122.44590839029306,14.26048241014628],[122.44558339029305,14.260605610146166],[122.44542589029315,14.260889610146272],[122.44535019029327,14.261167810146421],[122.44531439029346,14.261539310146649],[122.44517019029348,14.261682510146663],[122.44481149029333,14.26164841014643],[122.444246790293,14.261374310145895],[122.444115890293,14.261452710145868],[122.44401749029316,14.261831810146083],[122.44387269029325,14.262111010146182],[122.4436504902932,14.262075210146024],[122.44327599029273,14.261547210145432],[122.44286709029252,14.261409010145094],[122.44264019029248,14.261429210144968],[122.44221849029246,14.261694310144897],[122.44177109029236,14.2618018101447],[122.44142709029235,14.261957010144599],[122.44114909029224,14.26192431014441],[122.44107829029213,14.261787410144267],[122.44116269029205,14.26158011014418],[122.4410571902917,14.26104121014374],[122.44078619029149,14.260778410143402],[122.44032829029128,14.260706810143086],[122.43999359029122,14.26085291014298],[122.43997249029142,14.261196910143203],[122.4401759902917,14.261554710143574],[122.44030889029203,14.262051410143998],[122.44023189029225,14.262566010144306],[122.43994869029231,14.262862810144336],[122.43982769029252,14.263281910144553],[122.44003299029276,14.263647810144931],[122.44011499029301,14.263955310145192],[122.44040039029335,14.264430910145693],[122.44012769029335,14.264632410145667],[122.43991529029346,14.264967910145767],[122.43949589029354,14.265330110145767],[122.43958709029374,14.265644910146033],[122.43991129029403,14.266008410146489],[122.43993229029417,14.266253310146663],[122.44008189029431,14.266439910146877],[122.44022499029454,14.26678871014721],[122.44026079029481,14.267178110147505],[122.44048179029508,14.267574910147907],[122.44048599029522,14.26781701014807],[122.44038809029536,14.268139510148231],[122.44054629029554,14.2683803101485],[122.44080239029574,14.268571210148782],[122.441376890296,14.268668810149194],[122.441675790296,14.268487710149252],[122.44229569029612,14.268352710149532],[122.44265369029621,14.268312510149725],[122.44272359029637,14.268456610149856],[122.44263829029647,14.268708110149984],[122.44213479029652,14.26913151014997],[122.44218549029661,14.2692822101501],[122.44265369029675,14.26930581015041],[122.4427424902969,14.269500810150582],[122.44256779029693,14.269653510150594],[122.4422368902968,14.269603910150357],[122.44188879029673,14.269667010150199],[122.44130389029631,14.269340710149617],[122.44120669029637,14.269446110149627],[122.44122969029661,14.269939210149985],[122.44095069029667,14.27018491014999],[122.44113739029694,14.270544010150347],[122.44126559029722,14.271002710150738],[122.44130829029744,14.271343010150991],[122.44142579029767,14.271720410151325],[122.44168099029798,14.27212331015176],[122.44165799029817,14.272471910151983],[122.44155309029829,14.272723610152092],[122.4414056902983,14.272850610152094],[122.44108979029816,14.272837810151886],[122.44102199029825,14.272971810151954],[122.44101999029843,14.273326910152186],[122.4411100902987,14.273757710152543],[122.44113889029884,14.274087210152787],[122.44109569029891,14.274138810152797],[122.44091399029882,14.274084310152643],[122.44070039029876,14.27408961015252],[122.4404976902985,14.273812110152207],[122.44028879029841,14.273752710152044],[122.44000089029836,14.273862610151939],[122.43968599029844,14.274203110151992],[122.43958049029852,14.274400410152063],[122.43970829029873,14.274710610152354],[122.4398602902989,14.274871710152548],[122.4400246902989,14.274832210152631],[122.44013669029911,14.275146710152914],[122.44041159029949,14.275651010153426],[122.4404174902997,14.27606091015371],[122.44050729029995,14.276461610154035],[122.44079739030018,14.276687110154368],[122.44131959030032,14.276614710154632],[122.44150009030082,14.277473410155329],[122.44149089030097,14.277717610155499],[122.44139159030118,14.278115710155712],[122.44133759030139,14.278535310155966],[122.44103179030151,14.278962510156067],[122.44083909030165,14.279359310156229],[122.44098099030181,14.279540510156444],[122.4412789903019,14.279515310156597],[122.44165869030185,14.279147010156581],[122.44209929030181,14.278859910156646],[122.44250659030156,14.2781414101564],[122.44299999030142,14.277566010156297],[122.4433657903014,14.27730131015633],[122.44365839030152,14.277290710156509],[122.4442357903018,14.277518510157012],[122.44482929030208,14.277659510157468],[122.4450334903024,14.278104610157897],[122.44519519030274,14.27858971015832],[122.44527799030313,14.279245110158827],[122.44556859030341,14.279579810159232],[122.44563519030359,14.279862410159465],[122.44551389030376,14.280240810159654],[122.44501359030404,14.281087810159928],[122.44508829030435,14.281592410160327],[122.44519969030455,14.281896410160597],[122.44537559030466,14.281985610160776],[122.44583679030467,14.281691110160843],[122.44600929030476,14.281769210161002],[122.44605799030488,14.281958810161173],[122.4458882903049,14.282102810161168],[122.44545759030484,14.28220721016097],[122.44513779030481,14.282419410160923],[122.44502999030499,14.282810010161123],[122.44473459030495,14.282940710161032],[122.4442845903048,14.282952010160772],[122.4441153903048,14.283056010160744],[122.44417189030496,14.283274210160926],[122.44452769030522,14.283554810161336],[122.44463479030541,14.283804910161571],[122.44451359030543,14.283947710161607],[122.44401069030538,14.284106910161402],[122.44361719030546,14.284526210161452],[122.44335199030556,14.284893010161555],[122.44322469030567,14.285211610161692],[122.44331759030594,14.285651810162047],[122.44359559030615,14.285807710162322],[122.44391329030627,14.285818310162519],[122.44451379030639,14.28567581016279],[122.44465419030651,14.285800510162955],[122.4445226903066,14.28606941016307],[122.44421349030668,14.28641281016311],[122.44377909030663,14.286561710162962],[122.44368589030672,14.28678681016306],[122.44372759030705,14.287368010163474],[122.44356729030729,14.287943710163782],[122.44324069030736,14.288225310163776],[122.44291829030745,14.288647310163869],[122.44268499030768,14.289169810164097],[122.44242889030771,14.28937301016407],[122.44183939030758,14.289549810163848],[122.4415522903077,14.28995091016394],[122.44123019030769,14.290107310163854],[122.44086389030748,14.289957010163532],[122.44055029030743,14.290083810163418],[122.44023709030753,14.290460010163496],[122.4399795903075,14.290587810163434],[122.43948149030729,14.290502910163077],[122.43822319030667,14.290125010162054],[122.43789449030656,14.290146510161877],[122.43766299030658,14.290328410161862],[122.4374971903067,14.290672310161996],[122.43748529030691,14.291040810162242],[122.43754289030707,14.29131901016246],[122.43730179030706,14.29142761016239],[122.43682539030686,14.291377410162063],[122.43651739030679,14.291440010161928],[122.4361946903068,14.291710410161922],[122.43609159030696,14.292029510162077],[122.43594679030701,14.292221810162122],[122.4355806903071,14.292596910162155],[122.43529139030706,14.292754810162092],[122.43508819030725,14.293213710162295],[122.43485619030737,14.293566310162396],[122.43484409030756,14.293938410162642],[122.43477709030778,14.294317510162857],[122.43464689030786,14.294587910162967],[122.43367079030817,14.295726010163156],[122.43323919030826,14.296198910163225],[122.43297099030828,14.29642761016322],[122.43254719030848,14.297015010163365],[122.43247209030862,14.297290510163517],[122.43233259030899,14.298137910164003],[122.43224139030909,14.298392610164125],[122.43205369030916,14.298574510164132],[122.43180159030914,14.298678510164056],[122.43160309030907,14.298673310163931],[122.43140459030893,14.298600510163764],[122.43105049030864,14.298267810163322],[122.43057309030806,14.297488110162503],[122.4303316903078,14.297191810162158],[122.43003129030758,14.296957810161809],[122.42891009030693,14.296453610160782],[122.42805179030628,14.295855810159868],[122.42766559030603,14.295627110159462],[122.42740419030588,14.295490310159218],[122.4271612903058,14.295507510159084],[122.42697939030575,14.295563410159016],[122.42683409030576,14.295715510159033],[122.42677339030584,14.295897910159123],[122.42676439030593,14.296058510159233],[122.42682339030614,14.296318510159436],[122.4269306903063,14.296604410159706],[122.42713989030659,14.296989010160091],[122.42785329030743,14.298080710161273],[122.42828249030781,14.298496510161817],[122.42976419030887,14.299489210163387],[122.42995079030906,14.299707710163652],[122.43009569030923,14.299946810163895],[122.43016539030938,14.300201510164113],[122.43019219030953,14.300466710164311],[122.43016709031004,14.301331910164894]]}},{"type":"Feature","properties":{"river_name":null,"name":null,"type":"River"},"geometry":{"type":"LineString","coordinates":[[122.46905779028117,14.224113410135041],[122.46904289028114,14.224008210134953],[122.46910669028101,14.223764710134823],[122.46922809028098,14.22364291013482],[122.46917059028087,14.223453010134646],[122.4691024902808,14.22335191013453],[122.46909609028066,14.223104310134362],[122.46910039028059,14.22300521013429],[122.46924509028051,14.222794810134234],[122.46920889028047,14.222745210134178],[122.46919829028027,14.222388210133921],[122.46915999028023,14.222272710133822],[122.46885129027994,14.221967210133418],[122.46868099027984,14.221874410133251],[122.46852769027977,14.221857910133147],[122.46847919027982,14.221933210133177],[122.46842289027988,14.222174710133308],[122.46818519027995,14.222424810133344],[122.46797149027992,14.222471210133245],[122.4677316902798,14.222396510133049],[122.46756029027965,14.222252110132839],[122.46730949027952,14.222184110132645],[122.46700929027945,14.222205210132481],[122.46688799027942,14.222264510132451],[122.4665992902795,14.22261961013252],[122.46626429027968,14.223109910132669],[122.46613729027965,14.223146410132607],[122.46601899027954,14.223010710132447],[122.46580559027944,14.222999910132318],[122.46537259027946,14.223332610132275],[122.46413749027936,14.223861010131904],[122.46381959027924,14.223880610131724],[122.46302429027888,14.223718910131133],[122.46178369027855,14.22386301013049],[122.46152239027842,14.22375941013027],[122.4613311902782,14.223498310129967],[122.46133079027803,14.223227210129771],[122.4615049902779,14.22286561012964],[122.46148999027784,14.222740110129536],[122.46113299027772,14.222716910129309],[122.46079489027764,14.222844510129189],[122.46028559027766,14.223174310129117],[122.46003889027752,14.223118010128923],[122.45973499027728,14.22289981012859],[122.45953579027727,14.222952210128502],[122.45919699027725,14.223178210128461],[122.45890049027717,14.223211310128306],[122.45823349027685,14.223002410127755]]}},{"type":"Feature","properties":{"river_name":null,"name":null,"type":"River"},"geometry":{"type":"LineString","coordinates":[[122.44872029031141,14.292163110169774],[122.44841669031123,14.29211011016956],[122.44832639031125,14.292134210169523],[122.44825229031129,14.292320610169606],[122.4479353903111,14.29207231016924],[122.44730449031097,14.292266310169],[122.44692539031092,14.292432410168882],[122.44662989031096,14.292729710168908],[122.44640219031089,14.292735610168771],[122.4461284903107,14.292505710168449],[122.44578029031057,14.292562210168281],[122.44545149031036,14.292330310167921],[122.44521179031037,14.29247591016788],[122.44485139031012,14.292263810167515],[122.44466889031003,14.292201810167375],[122.44472089031028,14.292731810167764],[122.44421349031032,14.293059310167676],[122.44400639031007,14.292771010167357],[122.44389169030985,14.292436410167058],[122.44369129030974,14.292286910166839],[122.44330519030964,14.292383610166674],[122.44304979030946,14.292216510166396],[122.44258189030923,14.292080710166022],[122.44194269030882,14.291737210165401],[122.44169429030875,14.291791410165294],[122.44142869030888,14.292172510165393],[122.44110139030886,14.292381110165332],[122.44050059030872,14.29245901016503],[122.44023479030865,14.292546810164932],[122.4402045903088,14.292778510165077],[122.44076039030942,14.293539110165938],[122.44066259030939,14.293612610165917],[122.44042659030957,14.294042710166073],[122.44015369030981,14.294667410166337],[122.43981029030967,14.294629810166104],[122.43964209030986,14.295093210166314],[122.43926439030992,14.295427710166319],[122.43883799030995,14.29573741016628],[122.43848209030989,14.295870210166154],[122.43815279030963,14.295622710165791],[122.43780899030921,14.295049710165184],[122.43786819030909,14.294797410165055],[122.43822729030906,14.294495310165058],[122.43817109030891,14.294244910164856],[122.43800909030875,14.294114210164665],[122.4374569903085,14.294010910164266],[122.4372430903085,14.294127110164217],[122.43733579030867,14.294372410164438],[122.43731839030876,14.294549710164553],[122.43708309030873,14.294639610164474],[122.43654609030847,14.294533710164073],[122.43559169030783,14.293976810163109],[122.43505849030764,14.293892810162736],[122.43484409030756,14.293938410162642]]}},{"type":"Feature","properties":{"river_name":null,"name":null,"type":"River"},"geometry":{"type":"LineString","coordinates":[[122.47576819031488,14.281543010178764],[122.475435290315,14.281963210178859],[122.47529519031512,14.28225011017897],[122.47555709031539,14.282589010179358],[122.47572039031573,14.283080610179802],[122.47589009031614,14.28372811018035],[122.47606859031607,14.283515410180305],[122.47624789031579,14.282878210179973],[122.47653949031583,14.282760210180063],[122.47686949031586,14.282543210180119],[122.47706819031592,14.282613510180289],[122.47710049031612,14.282880110180486],[122.47693499031618,14.283149210180575],[122.47640859031615,14.28344931018046],[122.47642149031628,14.283663910180618],[122.47654989031649,14.283991210180922],[122.47669499031663,14.284149610181112],[122.47710519031685,14.284331710181489],[122.47725979031715,14.284708710181839],[122.4771063903172,14.284924610181907],[122.47669299031709,14.28496431018168],[122.47646059031692,14.284808710181432],[122.47619739031693,14.28495771018137],[122.47550139031684,14.28526461018117],[122.47539409031701,14.285642010181363],[122.47559529031719,14.285892910181659],[122.47598049031738,14.28595381018193],[122.47653099031783,14.2864535101826],[122.47674909031797,14.286538810182794],[122.47699079031817,14.286772110183104],[122.4768852903183,14.287059910183235],[122.47666919031842,14.28741941018335],[122.47622649031834,14.287531810183163],[122.4759346903182,14.287440110182931],[122.47574439031834,14.287835110183085],[122.47585739031851,14.288120710183355],[122.47650729031884,14.288279010183846],[122.47695319031877,14.287872010183836],[122.47719009031887,14.28793001018401],[122.47753819031897,14.287834010184167],[122.47780769031918,14.288090310184502],[122.4781974903193,14.288081510184734],[122.4784395903195,14.288235510184979],[122.47877009031941,14.287923310184967],[122.47894519031952,14.287932010185076],[122.47912899031967,14.288122610185313],[122.47915909031978,14.288332510185477],[122.47899039031988,14.288601810185565],[122.47924429032017,14.288991610185981],[122.4796692903205,14.289307110186458],[122.47993439032065,14.289447410186717],[122.4802616903207,14.289339510186837],[122.48055209032084,14.289377810187034],[122.4805812903209,14.28952651018715],[122.480388490321,14.2897610101872],[122.48043499032117,14.290076410187453],[122.48070489032135,14.290203110187699],[122.4810116903214,14.290094510187812],[122.48112259032146,14.290129310187899],[122.48105579032156,14.290362310188014],[122.48108839032169,14.290566110188172],[122.48135789032177,14.290524410188317],[122.48143829032182,14.290642510188446],[122.48136299032197,14.290905210188578],[122.48163259032209,14.291052310188839],[122.48159539032221,14.291265510188964],[122.48133359032224,14.29144011018893],[122.4810354903221,14.291386910188704],[122.48061949032191,14.29124921018837],[122.48039659032182,14.291265010188237],[122.48038279032195,14.291534610188416],[122.48057759032217,14.29183851018874],[122.48082429032247,14.292136010189102],[122.48112759032264,14.292313510189405],[122.48134009032282,14.292490310189658],[122.48142609032277,14.292381310189636],[122.48187899032295,14.292369110189899],[122.48200169032302,14.292423610190006],[122.48200789032315,14.292680710190183],[122.4818279903232,14.292891910190223],[122.48148189032307,14.292917810190035],[122.48148809032324,14.293117610190178],[122.48131109032329,14.293343810190228],[122.48159579032345,14.293512210190512],[122.48197279032354,14.29342531019068],[122.48219639032367,14.293468210190843],[122.48255699032408,14.294027010191446],[122.48317389032455,14.294483510192132],[122.48367029032461,14.294345610192329],[122.48409729032466,14.294139310192454],[122.4842498903247,14.294121010192537]]}},{"type":"Feature","properties":{"river_name":null,"name":null,"type":"River"},"geometry":{"type":"LineString","coordinates":[[122.46981859026153,14.18756661011006],[122.46972099026135,14.18733021010984],[122.46960519026119,14.187139910109645],[122.46987549026122,14.186970410109687],[122.46992909026108,14.186681310109519],[122.4701378902611,14.186643010109618],[122.47051839026106,14.186309110109608],[122.47071379026093,14.185934310109461]]}},{"type":"Feature","properties":{"river_name":null,"name":null,"type":"River"},"geometry":{"type":"LineString","coordinates":[[122.76892109027862,14.029077610176657],[122.76854979027894,14.029952810177067],[122.76792369027886,14.030162610176843],[122.7675565902793,14.031209510177383],[122.7670167902794,14.031741610177441],[122.7668310902796,14.032193510177647],[122.76715669027995,14.032694410178205],[122.76736209028034,14.033278910178753],[122.76712389028059,14.033861110179028],[122.76644619028055,14.034193410178867],[122.76581079028028,14.034138010178445],[122.76523719028022,14.034328610178239],[122.76410719028075,14.03609971017884],[122.76413109028105,14.036643110179245],[122.7646478902814,14.036908110179745],[122.76559639028217,14.037744310180912],[122.76570929028243,14.03820981018131],[122.76467399028249,14.038944110181223],[122.76391319028228,14.03900331018081],[122.76368459028228,14.039212410180824],[122.76290379028222,14.039533910180596],[122.76236869028219,14.039864010180507],[122.76243969028278,14.040893610181287],[122.7620823902829,14.04131911018138],[122.76126809028264,14.041379510180935],[122.76073159028269,14.041832910180942],[122.76064149028323,14.042865610181634],[122.76038909028361,14.043774310182137],[122.75993049028358,14.04401901018204],[122.75922819028312,14.043617110181334],[122.75879809028308,14.043806810181211],[122.75828549028294,14.043823510180916],[122.75808829028318,14.044470610181259],[122.75749879028307,14.044599610180999],[122.75700699028299,14.044767910180825],[122.75609799028253,14.044463910180069],[122.75572509028243,14.044516610179885],[122.75553369028282,14.04540651018041],[122.75494079028275,14.045607010180206],[122.7542040902828,14.046158510180152],[122.75334059028263,14.046365810179802],[122.75270119028258,14.046737310179685],[122.75237879028279,14.047323610179907],[122.75196769028297,14.047951410180112],[122.75173219028319,14.048464010180346],[122.75121169028309,14.048617510180142],[122.75107509028315,14.048882510180233],[122.75118399028361,14.049584310180819],[122.7510846902837,14.04983661018093],[122.75067749028365,14.05006991018086],[122.75002339028359,14.05025741018061],[122.74967709028356,14.050511510180574],[122.74944939028371,14.050943410180752],[122.74940559028394,14.051363010181035],[122.74950829028423,14.051808010181414],[122.74944339028433,14.05206701018155],[122.7490185902844,14.052470610181594],[122.74858049028443,14.052788010181557],[122.74761889028407,14.052750110180948],[122.74695829028391,14.052827610180612],[122.74659109028389,14.053018410180535],[122.74655849028409,14.053354310180753],[122.7468931902844,14.053814410181278],[122.74679649028462,14.054271410181558],[122.74648429028474,14.05469881018167],[122.74641609028491,14.055060410181893],[122.7468371902855,14.05586811018273],[122.74691589028573,14.056225810183031],[122.74683519028588,14.056568810183226],[122.7466364902859,14.056711010183212],[122.7457039902856,14.056760010182684],[122.74522209028552,14.056948910182541],[122.74492899028552,14.0571434101825],[122.74470399028564,14.057477810182595],[122.74492139028617,14.058285710183315],[122.74488109028637,14.058697210183574],[122.74470639028655,14.059185910183823],[122.74445859028661,14.059482210183898],[122.74406489028658,14.059662510183788],[122.7438532902867,14.059974710183887],[122.74381899028708,14.060681410184369],[122.74359219028709,14.06086491018437],[122.74289139028691,14.061012410184054],[122.74260199028693,14.061217110184023],[122.7426151902871,14.061525110184254],[122.7428559902876,14.062281310184941],[122.74292639028799,14.062955510185462],[122.74272139028815,14.063399410185662],[122.7423470902883,14.063831710185756],[122.74166519028823,14.064194610185607],[122.74138309028841,14.064722410185809],[122.74105749028857,14.065214910185972],[122.74085679028879,14.065725510186216],[122.74048349028902,14.066405110186475],[122.74026699028924,14.066939610186722],[122.73905199028894,14.067206010186204],[122.73879979028905,14.06754241018629],[122.73866439028936,14.068231010186695],[122.73847209028945,14.068510110186782],[122.73802119028929,14.068442110186464],[122.73702189028896,14.068531010185927],[122.73618039028867,14.068503610185404],[122.73541959028849,14.068649310185059],[122.73492669028852,14.06903291018504],[122.73490199028879,14.069537210185384],[122.73510149028921,14.070153910185947],[122.73510929028959,14.070816010186423],[122.7350208902899,14.07151641018687],[122.73519759029017,14.071924910187269],[122.73543889029067,14.072663710187946],[122.735305290291,14.073320510188331],[122.73481739029158,14.074687310189015],[122.73470379029189,14.075330610189406],[122.73402979029217,14.076307410189695]]}},{"type":"Feature","properties":{"river_name":null,"name":null,"type":"River"},"geometry":{"type":"LineString","coordinates":[[122.49726189027022,14.186229510125594],[122.49684499027003,14.186120210125274],[122.49657579026976,14.185794310124889],[122.49684219026963,14.185371310124749],[122.49724549026959,14.185055510124768],[122.49776039026959,14.18475061012487],[122.49810649026945,14.184234810124718],[122.49856179026939,14.183856710124724],[122.49891529026951,14.183848410124927],[122.4991963902698,14.184203110125347],[122.49953759027005,14.184442710125715],[122.49977699027002,14.18426771012573],[122.49997439026987,14.183846610125558]]}},{"type":"Feature","properties":{"river_name":null,"name":null,"type":"River"},"geometry":{"type":"LineString","coordinates":[[122.45608109023762,14.15233511007721],[122.45646899023788,14.152623110077638],[122.4566140902381,14.152944210077944],[122.45702779023829,14.153022410078245],[122.45743739023847,14.153056710078527],[122.4575725902387,14.15336891007882],[122.45810369023889,14.15343961007919],[122.45826899023905,14.15364461007943],[122.45844759023936,14.15410041007985],[122.4587690902396,14.154304710080194],[122.45922559024007,14.154931010080903],[122.45964899024045,14.155321110081434],[122.45987259024066,14.15557361008174],[122.46006699024092,14.155907810082097],[122.4603581902412,14.156234210082495],[122.46050599024143,14.156547710082794],[122.46072739024153,14.15663021008299],[122.46097739024158,14.156538910083075],[122.46128859024151,14.156212810083042],[122.46145329024155,14.156146110083094],[122.46161189024163,14.156258610083263],[122.46175149024181,14.156468510083494],[122.46195229024198,14.156688110083767],[122.46205809024217,14.156993910084049],[122.46185569024232,14.15733031008416],[122.46157039024227,14.157435410084057],[122.46147329024232,14.157551510084085],[122.46172819024247,14.157712810084355],[122.46216549024258,14.157684610084607],[122.46248179024263,14.157536110084685],[122.46262469024269,14.157506410084746],[122.4627487902428,14.15769971008496],[122.46286539024304,14.158042610085264],[122.46306139024325,14.158330810085578],[122.46338749024355,14.15862351008598],[122.46388479024388,14.158901210086478],[122.46397289024397,14.159061810086637],[122.46399229024411,14.159347210086855],[122.46387779024425,14.15963251008698],[122.46376949024447,14.16008081008723],[122.46378489024468,14.1604515100875],[122.46393339024495,14.160858710087874],[122.46417789024514,14.161061210088164],[122.46460419024531,14.16110461008845],[122.46492139024537,14.161023010088579],[122.46521829024519,14.160523910088413],[122.46547889024524,14.160423410088502],[122.46583849024537,14.160441910088727],[122.46662469024551,14.160167710089008],[122.4668380902456,14.16019771008916],[122.46692849024569,14.160353810089317],[122.46674799024603,14.161074110089714],[122.46676099024619,14.161355810089916],[122.46694509024633,14.161526410090149],[122.46748259024666,14.161782610090649],[122.46765199024689,14.16205201009094],[122.46781319024721,14.162604710091417],[122.46799939024794,14.163765910092348],[122.46814539024824,14.164219510092746],[122.46839849024845,14.164462610093075],[122.46884329024866,14.164580310093424],[122.46902579024879,14.164670610093593],[122.4689444902489,14.164993710093771],[122.46857029024903,14.165439610093863],[122.46817819024906,14.165738710093846],[122.46816689024912,14.165916010093952],[122.46847279024945,14.166225410094356],[122.46883049024964,14.166427310094706],[122.4691425902496,14.166169410094716],[122.46958969024969,14.166008410094875],[122.4699764902498,14.165960210095067],[122.47023489024993,14.166051410095287],[122.47077519025048,14.166702910096072],[122.47085199025067,14.166975310096309],[122.47085359025088,14.167406510096608],[122.47094919025103,14.167581110096789],[122.47140259025119,14.167676410097119],[122.47186039025135,14.16763051009736],[122.47216949025133,14.16735521009736],[122.47242279025123,14.16702791009728],[122.47260179025125,14.166949210097332],[122.47296089025139,14.167002210097587],[122.47331169025146,14.166938610097752],[122.47364959025158,14.16691661009794],[122.4737817902516,14.16684851009797],[122.47364909025141,14.166598710097714],[122.47360019025126,14.166329310097495],[122.47369489025107,14.165984510097315],[122.47380459025109,14.165910610097333],[122.47395899025132,14.16623231009765],[122.47421619025148,14.166364510097896],[122.4746383902517,14.166497710098243],[122.47496589025184,14.16651761009845],[122.4751288902518,14.166388210098464],[122.47564329025163,14.1657292100983],[122.47588769025167,14.165693710098422],[122.47612159025181,14.165786810098632],[122.476335390252,14.165984610098894],[122.47656869025246,14.166705010099545],[122.4767009902526,14.166813010099698],[122.47715269025275,14.166843210099994],[122.47740549025286,14.166919810100193],[122.47776369025318,14.167210010100614],[122.47807029025329,14.167226810100814],[122.47859169025332,14.166985410100954],[122.47897779025323,14.166585210100905],[122.4792717902531,14.166113810100747],[122.479517490253,14.165814310100682],[122.48000219025296,14.165502810100755],[122.48031669025298,14.165229910100757],[122.48031949025287,14.165055810100636],[122.48012519025272,14.164918410100428],[122.48010779025263,14.164761510100305],[122.48035299025256,14.164488610100255],[122.48051339025244,14.164196010100158],[122.4806005902523,14.163800710099935],[122.48076799025208,14.163329710099696],[122.48092299025205,14.1631993100997],[122.48107649025215,14.163214510099804],[122.48129929025234,14.163450610100101],[122.48157759025254,14.163679810100426],[122.48195499025277,14.163835210100753],[122.48212549025281,14.163798110100835],[122.48238599025278,14.163542610100814],[122.48261999025256,14.163041310100597],[122.48283729025258,14.162889910100635]]}},{"type":"Feature","properties":{"river_name":null,"name":null,"type":"River"},"geometry":{"type":"LineString","coordinates":[[122.46538899025822,14.184296210105133],[122.46574499025843,14.184451410105448],[122.4660005902585,14.184441210105595],[122.46629379025862,14.184518810105828],[122.46657509025881,14.18465841010609],[122.46669509025882,14.184638910106152],[122.46677509025874,14.184381910106024],[122.46690599025872,14.184260710106013],[122.46732859025877,14.184121310106166],[122.46772979025911,14.184478510106661],[122.46806589025924,14.1845281101069],[122.46842179025933,14.18444411010705],[122.46890559025931,14.184069610107079],[122.46905309025935,14.184031610107139],[122.46914429025942,14.18416881010729],[122.46945809025968,14.184397510107644],[122.46973839025983,14.184542110107909],[122.46992519025986,14.18445781010796],[122.46993239025981,14.184336310107875],[122.46978379025963,14.184141810107661],[122.46975999025955,14.183980810107528],[122.46989299025948,14.183757710107457],[122.4701505902596,14.183813610107649],[122.47039319025981,14.18409111010799],[122.47071499025999,14.184207610108253],[122.47081109026014,14.184381510108441],[122.47064229026017,14.18457781010847],[122.47038849026032,14.18500681010862],[122.4704237902607,14.1856498101091],[122.47056409026086,14.185909910109368],[122.47084129026099,14.185955110109555],[122.4711570902611,14.185953110109748],[122.47149739026129,14.186125410110074],[122.47186369026146,14.186164310110318],[122.47202839026156,14.186268510110487],[122.47206599026174,14.186574910110728],[122.47265389026234,14.187285510111572],[122.47295279026254,14.18751891011191],[122.4731557902626,14.187434910111977],[122.47336929026251,14.187204210111943],[122.47359519026234,14.186667210111706],[122.47377799026233,14.186631110111785],[122.47398319026247,14.186713810111966],[122.47415419026264,14.186933610112227],[122.47436669026301,14.187409810112685],[122.47475989026312,14.187388010112908],[122.47514079026314,14.187131710112958],[122.47576249026336,14.187156310113343],[122.47600699026354,14.187388810113651],[122.47615979026371,14.18758451011388],[122.47657109026403,14.187955310114386],[122.47692319026426,14.188090410114697],[122.47721769026424,14.187938810114762],[122.477626190264,14.187185910114486],[122.47858019026408,14.186754610114756],[122.47891539026429,14.18691351011507],[122.47917229026426,14.186747510115103],[122.4793818902643,14.186688410115186],[122.47958739026447,14.186823110115412],[122.47974059026477,14.18730201011583],[122.47994509026498,14.187594910116166],[122.48040349026526,14.187742910116539],[122.48057139026547,14.188026010116843],[122.48055419026561,14.188250110116979],[122.48035639026574,14.188620110117114],[122.48045719026591,14.188882510117368],[122.48089159026624,14.189210310117861],[122.48150299026662,14.189580610118481],[122.48204999026687,14.189687210118882],[122.482535190267,14.189608010119128],[122.48320959026707,14.189315510119318],[122.483516590267,14.188941610119246],[122.48361149026677,14.188503810118997],[122.48350669026648,14.188001510118587],[122.48367019026645,14.187856210118579],[122.4846343902669,14.188075310119311],[122.48490639026691,14.187952710119385],[122.48533449026671,14.187293710119185],[122.48532519026658,14.187058510119016],[122.48503709026646,14.187022810118817],[122.48494749026638,14.1869379101187],[122.4850826902663,14.186701110118618],[122.48528649026625,14.186491310118598],[122.48531649026616,14.186266210118461],[122.48527609026598,14.186027610118268],[122.48544669026606,14.185998710118358],[122.48611079026644,14.186312510118963],[122.48659639026664,14.186401510119325],[122.48698659026672,14.186285310119475],[122.48718919026686,14.186352410119643],[122.48721699026692,14.18653421011979],[122.48711529026707,14.186857410119945],[122.48709119026718,14.18708071012009],[122.48728949026732,14.18721361012031],[122.48760799026739,14.187140710120445],[122.4877419902674,14.187005710120433],[122.48754499026704,14.186566710120006],[122.4875517902669,14.1862768101198],[122.48771199026685,14.186038610119732],[122.48789169026689,14.186015910119826],[122.4882657902671,14.186168310120154],[122.48855029026745,14.18663041012066],[122.48871449026787,14.187294010121212],[122.48907029026813,14.18757831012163],[122.4894985902684,14.18776511012201],[122.48990759026856,14.187841810122308],[122.49011119026864,14.187854510122445],[122.49021659026862,14.187719010122407],[122.49009059026842,14.187424410122128],[122.49035409026838,14.187172510122114],[122.49076239026846,14.187133910122334],[122.49128129026883,14.187432410122847],[122.49174049026891,14.187280010123018],[122.49230849026895,14.18698351012315],[122.49304259026928,14.187154610123708],[122.49374039026968,14.187467210124346],[122.4942315902699,14.187523410124687],[122.49438529027005,14.187637710124855],[122.49436749027012,14.187842810124986],[122.49417169027018,14.188061510125015],[122.4941674902703,14.188229410125144],[122.49432779027039,14.18835371012532],[122.49457279027047,14.188319710125443],[122.49483579027039,14.188002210125374],[122.49486969027006,14.187474710125032],[122.49500809026999,14.187161910124894],[122.49544989027004,14.187039010125075],[122.49574639027003,14.186819610125102],[122.49607519027013,14.186777710125273],[122.49638609027025,14.186817410125483],[122.49669789027044,14.186929610125752],[122.49705309027047,14.186724710125814],[122.49727229027039,14.186467810125777],[122.49732299027032,14.1863168101257],[122.49726189027022,14.186229510125594]]}},{"type":"Feature","properties":{"river_name":null,"name":null,"type":"River"},"geometry":{"type":"LineString","coordinates":[[122.49997439026987,14.183846610125558],[122.50035609026996,14.183759010125733],[122.50207279027042,14.183550810126611],[122.50301209027067,14.18339781012707],[122.50377549027091,14.183356410127496],[122.50527629027155,14.183579210128554],[122.50607519027199,14.183839010129214],[122.50663819027231,14.184144910129762],[122.50714649027266,14.184381210130237],[122.50757179027273,14.18435311013047],[122.5082729902728,14.184011410130655],[122.50974389027262,14.182727010130641],[122.5103468902726,14.182277210130682],[122.51068499027264,14.1821461101308],[122.51092429027277,14.182218510130992],[122.51126679027324,14.182865010131644],[122.5119487902737,14.183340710132384],[122.5125148902742,14.183880310133105],[122.51337109027483,14.184462310134029],[122.51396749027505,14.184465010134392],[122.51437839027504,14.184249510134483],[122.5143973902747,14.183571210134026],[122.51473189027455,14.18311981013391],[122.51614089027501,14.183057710134706],[122.51686499027504,14.182625810134844],[122.51722269027496,14.182265710134805],[122.51810449027454,14.180887810134372],[122.51855889027433,14.180219610134182],[122.51887709027419,14.179831310134091],[122.51926439027437,14.179881410134358],[122.52029449027467,14.179778210134902],[122.5207060902747,14.179623810135052],[122.52094759027447,14.179037110134779],[122.52081819027428,14.178780110134518],[122.52016409027394,14.17854411013397],[122.51947489027346,14.178088310133235],[122.51894899027303,14.177624910132593],[122.5189043902728,14.177211010132272],[122.51923859027274,14.176905110132273],[122.51997289027285,14.176639710132521],[122.52070209027299,14.176503110132858],[122.521025190273,14.176226910132861],[122.52160859027269,14.175379610132621],[122.52226989027234,14.17429231013226],[122.52273629027219,14.173694610132115],[122.52427889027237,14.173036510132581],[122.52492009027208,14.17215071013234],[122.52551709027198,14.171550810132285],[122.5263344902719,14.170936510132345],[122.52671709027196,14.170754910132446],[122.52711369027212,14.170785110132705],[122.52765699027252,14.17114991013328],[122.52801839027268,14.171255310133573],[122.52844379027263,14.17090531013358],[122.52895539027266,14.170636510133695],[122.52914399027256,14.1703249101336],[122.5292669902724,14.16991931013339],[122.52906479027186,14.169098410132685],[122.52938939027179,14.16872161013262],[122.53004799027185,14.168438510132818],[122.53110599027178,14.167640510132886],[122.53211849027163,14.166731310132855],[122.53307029027145,14.165763710132758],[122.53326609027121,14.165250210132518],[122.53354209027115,14.16493131013245],[122.53405329027137,14.165039010132842],[122.53493749027173,14.165139610133435],[122.53579739027182,14.164779410133695],[122.53607959027151,14.164058210133362],[122.53651639027126,14.163281310133078],[122.5369522902711,14.16272041013295],[122.53766099027122,14.162434110133171],[122.53847789027142,14.162331710133586],[122.53875439027141,14.162103910133593],[122.53927729027112,14.161256410133303],[122.53933329027082,14.160694010132953],[122.5389265902705,14.160379110132489],[122.53863859027021,14.15996541013202],[122.53935229026986,14.158881410131698],[122.53915649026956,14.158518510131325],[122.53857219026914,14.158080610130662],[122.53792109026875,14.157778610130055],[122.53756109026848,14.157489110129637],[122.53760169026815,14.15687841012923],[122.53751679026787,14.156389310128842],[122.53687029026737,14.155882110128095],[122.53666319026696,14.155204710127503],[122.5366675902665,14.154441110126962],[122.5365267902661,14.153785510126417],[122.53600759026565,14.153310310125772],[122.53580899026534,14.152825010125317],[122.53615919026504,14.152061910124987],[122.53709489026498,14.151373610125061],[122.53751309026514,14.151370310125316],[122.53793029026545,14.151717410125809],[122.538278890266,14.152468510126551],[122.5388880902665,14.15305121012732],[122.53942849026656,14.152805910127478],[122.53980659026635,14.15212891012722],[122.53970929026603,14.1516194101268],[122.53932049026545,14.15079621012599],[122.53909929026504,14.150184110125432],[122.53915679026464,14.14942341012493],[122.53956509026423,14.148370710124432],[122.53965599026371,14.14737211012379],[122.53945299026319,14.146631010123143],[122.53882029026254,14.145775210122167],[122.53861679026215,14.145232310121667],[122.5387002902618,14.144504010121198],[122.53904619026137,14.143505710120701],[122.53970159026113,14.142620510120473],[122.54034869026073,14.141486510120064],[122.54082819026023,14.140258510119487],[122.5409921902598,14.139340110118942],[122.5414735902594,14.138339210118522],[122.54173309025902,14.137434710118043],[122.54202309025864,14.136575110117612],[122.54265589025843,14.135805610117437],[122.54258099025817,14.135383410117104],[122.54224159025779,14.134886210116553],[122.54114469025714,14.134317310115495],[122.54042759025641,14.133463010114468],[122.54014769025589,14.13267181011374],[122.54035779025568,14.132178710113507],[122.54101419025574,14.131897410113703],[122.5411753902555,14.131354910113425],[122.54063849025503,14.130826010112735],[122.53998519025427,14.129839410111645],[122.5397627902539,14.129264210111103],[122.5397687902535,14.128543010110597],[122.54009009025344,14.128240210110583],[122.54055119025358,14.128198510110826],[122.54119789025381,14.128249510111246],[122.5419284902537,14.127535510111189],[122.54260559025307,14.125999010110503],[122.54296149025303,14.1256845101105],[122.54346539025315,14.1255485101107],[122.54399309025348,14.125854510111239],[122.54440999025388,14.12631141011181],[122.54556799025427,14.126239310112453],[122.54646409025442,14.12600301011282],[122.54733709025459,14.12583101011322],[122.54759999025482,14.125999510113502],[122.54791319025534,14.126789810114238],[122.54834529025551,14.126852810114546],[122.54886589025547,14.12642641011455],[122.54894619025525,14.125925510114252],[122.5485158902546,14.125036210113374],[122.54865099025442,14.124575510113122],[122.54907149025436,14.124245710113142],[122.54960549025441,14.12403071011331],[122.55014709025453,14.123855610113512],[122.55090459025487,14.123998810114074],[122.5516018902552,14.124242810114666],[122.5522595902557,14.124700710115366],[122.5525395902558,14.124688610115532],[122.5536282902561,14.124523510116063],[122.55403739025608,14.124260410116118],[122.55398509025557,14.123295410115416],[122.55406219025528,14.12276171011508],[122.55431759025505,14.122173910114817],[122.55451429025497,14.12192221011476],[122.55522919025495,14.121476910114872],[122.55594169025501,14.121117910115045],[122.55677439025496,14.120463310115088]]}},{"type":"Feature","properties":{"river_name":null,"name":null,"type":"River"},"geometry":{"type":"LineString","coordinates":[[122.51118919028204,14.19909171014293],[122.51122399028189,14.198841810142778],[122.51132849028191,14.198740510142768],[122.51157229028198,14.198706810142887],[122.51166289028195,14.198639210142904],[122.51155839028176,14.198274610142583],[122.51182309028164,14.197957210142519],[122.51215049028168,14.19785591014264],[122.51302119028195,14.197741110143092],[122.51355059028195,14.197396710143167],[122.51396859028208,14.197362910143395],[122.51424019028211,14.197308910143523],[122.51460249028196,14.19674841014334],[122.51456069028181,14.19653231014317],[122.5142262902816,14.196316210142816],[122.51387099028139,14.196248610142554],[122.51384319028128,14.196046010142398],[122.5141357902813,14.19583671014243],[122.51428899028119,14.19553961014232],[122.51499949028114,14.19501961014238],[122.51509009028105,14.19484401014231],[122.51509699028095,14.194607610142143],[122.51488809028068,14.194249710141781],[122.51459549027992,14.193013910140731],[122.51462339027985,14.192892310140673],[122.51486719027986,14.192797810140744],[122.51522939028001,14.192831510140989],[122.51532689028001,14.192716710140965],[122.51534079027994,14.192547910140862],[122.51529209027981,14.19240611014073],[122.5150134902797,14.192379110140552],[122.51458849027964,14.192500610140382],[122.51434469027954,14.1924669101402],[122.51415659027936,14.19223721013993],[122.51402429027912,14.191899610139615],[122.51380139027887,14.1916430101393],[122.51373169027869,14.19135261013906],[122.51363419027855,14.191129710138839],[122.5133415902784,14.191028410138603],[122.51302119027808,14.19065701013815],[122.51284709027796,14.190528710137949],[122.51274259027763,14.189961410137487],[122.5129236902776,14.18986011013753],[122.51318839027769,14.189785810137641],[122.5135644902777,14.189610210137745],[122.51374569027763,14.189353610137665],[122.51367599027752,14.189245510137555],[122.51336949027738,14.189157710137298],[122.51288889027688,14.188536410136589],[122.51222709027665,14.18850271013617],[122.51199999027646,14.188340110135918],[122.51135339027624,14.18826771013547],[122.51108359027612,14.188269410135316],[122.51090289027597,14.188131410135119],[122.51085969027575,14.18774871013482],[122.51094339027549,14.187228110134503],[122.51108759027534,14.186859510134335],[122.51133069027533,14.186670210134345],[122.51182699027564,14.186885510134793],[122.51217429027565,14.186739510134899],[122.51259839027567,14.186479410134973],[122.5127292902756,14.186289510134921],[122.5121688902751,14.185733910134198],[122.51200149027491,14.185473810133912],[122.51209959027481,14.185249710133817],[122.51210899027458,14.184819610133522],[122.5128823902746,14.184384910133682],[122.51312129027465,14.18430871013377]]}},{"type":"Feature","properties":{"river_name":null,"name":null,"type":"River"},"geometry":{"type":"LineString","coordinates":[[122.48528539026344,14.181362810115013],[122.48525819026365,14.181745510115269],[122.48504709026386,14.182258910115497],[122.4845834902639,14.18264291011549],[122.48436999026396,14.182899310115543],[122.48443289026409,14.183045010115674],[122.48479879026424,14.18311901011595],[122.48493529026435,14.183248210116124],[122.48491309026443,14.183391910116205],[122.48419599026427,14.183543110115894],[122.48417969026436,14.183715910116],[122.48390709026428,14.183803610115893],[122.48381129026447,14.184097910116042],[122.48409759026472,14.184452410116453],[122.48439989026487,14.184510210116684],[122.4847439902649,14.184298610116743],[122.48496799026479,14.1840481101167],[122.48507939026469,14.183769510116578],[122.4852176902648,14.1838349101167],[122.485324190265,14.184184410117005],[122.48511239026523,14.184704910117242],[122.48494909026546,14.185297210117561],[122.48490459026573,14.185754510117858],[122.48527609026598,14.186027610118268]]}},{"type":"Feature","properties":{"river_name":null,"name":null,"type":"River"},"geometry":{"type":"LineString","coordinates":[[122.67423179033686,14.196442410238943],[122.67419989033678,14.196292410238815],[122.67421599033669,14.196079210238668],[122.67432499033654,14.19575371023851],[122.6749420903364,14.195151710238465],[122.67531299033627,14.194623510238316],[122.67577219033623,14.194302210238366],[122.67582259033595,14.193768110238024],[122.67557209033554,14.193136810237416],[122.67561219033526,14.192611110237083],[122.67572209033493,14.191943910236674],[122.67590329033463,14.191254510236298],[122.67584279033424,14.190656510235842],[122.67568039033412,14.190460710235607],[122.67486869033388,14.190555910235195],[122.67454689033357,14.190231010234758],[122.6741614903331,14.189582210234082],[122.673848090333,14.1895973102339],[122.67330479033292,14.1897729102337],[122.67304439033273,14.189652210233465],[122.67304369033255,14.189282710233204],[122.67326559033226,14.188600310232856],[122.673641990332,14.187884110232577],[122.6735827903319,14.187728810232434],[122.67317969033179,14.187759210232214],[122.67310369033169,14.187703010232132],[122.67307389033165,14.18757311023202],[122.6731574903316,14.187447710231979]]}},{"type":"Feature","properties":{"river_name":null,"name":null,"type":"River"},"geometry":{"type":"LineString","coordinates":[[122.66257379033283,14.196394110231907],[122.66275049033277,14.19615631023184],[122.66282489033262,14.19590471023171],[122.6627127903325,14.195709610231514],[122.66264209033217,14.19519921023111],[122.66270969033197,14.194771010230857],[122.66297669033193,14.194528610230844],[122.66329589033204,14.194512110231019],[122.66364479033223,14.194673710231344],[122.66399939033252,14.194925010231728],[122.66392889033264,14.195239710231919],[122.66389659033295,14.195790410232288],[122.66401239033316,14.196067310232541],[122.6647048903335,14.196239110233076],[122.66494839033349,14.196167410233171],[122.66522079033322,14.195475510232846],[122.66541769033245,14.193915610231883],[122.66547009033198,14.193016410231278],[122.6657309903316,14.192167310230834],[122.6664188903309,14.190455010230046],[122.66723069033036,14.188916510229454],[122.66781189033055,14.188937310229822],[122.6683180903307,14.188871710230073],[122.66846699033047,14.188387210229825],[122.66828679033026,14.188074610229505],[122.66841539032998,14.18748551022916],[122.66860599032985,14.187190510229067],[122.66905129033003,14.18720041022934],[122.6693177903301,14.187131710229451],[122.66978029032985,14.186396910229213],[122.66997739032965,14.185866710228963],[122.67007559032919,14.184955110228385],[122.67026379032902,14.184536310228198],[122.67066379032914,14.184506410228412],[122.67070719032942,14.185057210228832],[122.67093499032963,14.185258810229113],[122.67135689032976,14.185208610229322],[122.67196049033008,14.18540881022983],[122.67237719033044,14.18583861023038],[122.67275549033096,14.186489710231069],[122.67304209033152,14.187389110231864],[122.6731574903316,14.187447710231979],[122.67354749033167,14.187377710232168],[122.67385789033159,14.187027810232099],[122.67412659033134,14.186340610231792],[122.6741981903312,14.186008210231591],[122.67435629033106,14.185719110231485],[122.67487999033105,14.18531291023152],[122.67554649033116,14.185167310231819],[122.67613539033142,14.185247610232224],[122.6765629903317,14.185457810232625],[122.67690479033202,14.185830010233097],[122.67742839033221,14.185852410233426],[122.67832749033268,14.186206810234209],[122.67885169033289,14.186241310234562],[122.679417290333,14.186054210234762],[122.68074499033284,14.184967810234792],[122.6807435903327,14.184630010234553],[122.6801089903321,14.183992910233721],[122.67991369033177,14.183512310233272],[122.68006329033166,14.183231510233167],[122.68035389033155,14.18280011023303],[122.68079289033102,14.181525410232402]]}},{"type":"Feature","properties":{"river_name":null,"name":null,"type":"River"},"geometry":{"type":"LineString","coordinates":[[122.48283729025258,14.162889910100635],[122.48287239025264,14.162994610100727],[122.48288109025287,14.163442110101048],[122.48321189025317,14.163791710101483],[122.48356819025342,14.164023110101859],[122.48392469025357,14.16407261010211],[122.48429809025365,14.163993010102276],[122.48455689025376,14.164057010102477],[122.48527349025419,14.164311510103087],[122.48549369025432,14.164441110103308],[122.48540769025443,14.164688810103424],[122.48496939025443,14.164984410103372],[122.48479589025453,14.165264610103472],[122.48473489025474,14.165714010103738],[122.48487979025488,14.165826710103913],[122.48531129025508,14.165957710104262],[122.48549619025543,14.166465510104732],[122.48595709025611,14.167419310105677],[122.48643689025636,14.167632510106113],[122.48683239025664,14.1678564101065],[122.4873873902571,14.168348510107172],[122.48803449025746,14.168654610107781],[122.48884009025787,14.1688510101084],[122.48931019025814,14.169033210108806],[122.48930209025829,14.169309310109005],[122.48918219025853,14.169844010109303],[122.48873749025854,14.170156010109258],[122.4886816902587,14.17047501010944],[122.48871079025906,14.171096110109893],[122.48905199025937,14.171490810110374],[122.48947119025969,14.171814910110847],[122.49025179025999,14.171868910111357],[122.49080069026016,14.171801410111636],[122.4913853902602,14.171521110111799],[122.49216829026041,14.171389710112178],[122.4929750902607,14.171487310112724],[122.49362449026117,14.171885310113396],[122.49397329026156,14.172436710113987],[122.4943250902621,14.173143010114698],[122.49434969026244,14.173772010115151],[122.49423659026276,14.174383910115509],[122.49429609026295,14.174708010115776],[122.49459379026317,14.174926010116101],[122.49536489026355,14.175140110116708],[122.49553479026376,14.17542221011701],[122.49593949026415,14.175926310117612],[122.49651659026456,14.176294510118206],[122.49718519026489,14.176442810118713],[122.49792739026513,14.176410810119137],[122.4983144902654,14.176671910119554],[122.49855309026572,14.177099210119993],[122.49872529026621,14.177875410120636],[122.4986574902665,14.178504810121039],[122.49844809026666,14.178938510121212],[122.4981572902667,14.179193810121216],[122.4977753902666,14.17922551012101],[122.49750309026658,14.179353710120946],[122.49757579026682,14.179767110121274],[122.49790779026706,14.180024610121645],[122.49803189026734,14.180435610122014],[122.49717029026755,14.181387110122161],[122.49722419026769,14.181587510122332],[122.49758129026789,14.181742910122653],[122.49810569026785,14.181340410122697],[122.49864829026815,14.181518710123134],[122.49904729026848,14.181831010123606],[122.49928629026883,14.182355710124101],[122.49943239026926,14.18305771012469],[122.49950799026959,14.183601810125111],[122.49997439026987,14.183846610125558]]}},{"type":"Feature","properties":{"river_name":null,"name":null,"type":"River"},"geometry":{"type":"LineString","coordinates":[[122.48628659027213,14.196640810126278],[122.4862665902719,14.196219210125971],[122.48634409027176,14.195880110125776],[122.48648349027164,14.195578910125652],[122.4867451902715,14.195231210125565],[122.48680049027142,14.195046510125474],[122.48657429027136,14.195067810125359],[122.48588809027127,14.19539171012517],[122.48563059027119,14.19533461012497],[122.4855523902711,14.195202810124835],[122.485850690271,14.194810010124733],[122.48591089027082,14.194475510124537],[122.4860589902707,14.194189810124428],[122.48648619027067,14.193817610124418],[122.48685449027066,14.19357521012449],[122.48725369027076,14.19348241012465],[122.48765129027088,14.193478210124884],[122.48807989027097,14.193385810125083],[122.48856479027116,14.193412810125395],[122.48964269027154,14.193381810126015],[122.48991649027158,14.193313410126134],[122.49006339027142,14.192985910125993],[122.4902233902714,14.192773710125948],[122.49032269027134,14.19265851012592],[122.49054079027137,14.192586210126006],[122.49081389027155,14.192672810126227],[122.49108859027203,14.193441910126937],[122.49128619027219,14.193557810127128],[122.49142629027216,14.193448710127138],[122.49145109027201,14.193135110126924],[122.49132859027183,14.19292971012671],[122.49127749027167,14.192643410126475],[122.4912625902714,14.192159010126135],[122.49132099027132,14.191974910126042],[122.49148909027134,14.191901210126089],[122.49154359027133,14.191847910126086],[122.49171199027123,14.191550210125985],[122.49178349027095,14.191016210125657],[122.49181569027091,14.19089441012559],[122.49190869027085,14.190772710125557],[122.49204929027093,14.190759810125627],[122.49215669027096,14.19082821012575],[122.49224189027106,14.190930710125865],[122.49237749027138,14.191406110126279],[122.49253799027152,14.191555710126483],[122.49268819027155,14.191524310126553],[122.49293549027145,14.191162510126437],[122.49318569027145,14.191029210126503],[122.49337939027153,14.191032610126621],[122.49396069027193,14.191450310127257],[122.49447629027223,14.191681210127733],[122.4946178902722,14.19148501012768],[122.49465669027207,14.191261210127545],[122.4944439902719,14.19105021012727],[122.49406349027164,14.190861910126921],[122.49400619027146,14.190516710126646],[122.49412219027143,14.190362510126599],[122.49448629027155,14.190381810126828],[122.49488519027182,14.190569110127198],[122.49492749027159,14.190225410126988],[122.4951949902716,14.190006510126995],[122.4954275902715,14.189709610126938],[122.49591519027166,14.189716310127226],[122.49615469027171,14.189611910127292],[122.49628459027151,14.189203610127095],[122.49631389027117,14.188550710126647],[122.49651609027109,14.188237410126554],[122.4968504902711,14.188117310126668],[122.49728209027127,14.18811581012693],[122.4974473902713,14.18803361012697],[122.49720259027085,14.187343310126344],[122.49780889027086,14.187020210126482],[122.49800219027078,14.186757910126413],[122.49771879027044,14.186325810125945],[122.4975700902703,14.186169510125744],[122.49739399027027,14.186136210125616],[122.49726189027022,14.186229510125594]]}},{"type":"Feature","properties":{"river_name":null,"name":null,"type":"River"},"geometry":{"type":"LineString","coordinates":[[122.47143419023695,14.141432010078752],[122.4716259902372,14.141721610079069],[122.47201069023738,14.141837410079383],[122.47272979023761,14.141805210079792],[122.47329459023786,14.14192391008021],[122.47357969023804,14.14201781008046],[122.47381249023823,14.142296910080782],[122.4738402902384,14.14256911008099],[122.47403039023867,14.142901610081331],[122.47443209023896,14.143204310081792],[122.47452639023915,14.14346131008203],[122.47447389023928,14.143792610082238],[122.47454339023952,14.144158910082535],[122.47473139023965,14.144318210082751],[122.47508809023978,14.14432181008297],[122.47528069023993,14.144404810083145],[122.47534899024029,14.14513001008369],[122.47549909024043,14.145263710083881],[122.4757486902405,14.145209110083991],[122.47604119024047,14.144961510083991],[122.47625559024051,14.144892410084067],[122.47635259024057,14.14497801008419],[122.47619709024065,14.145237810084282],[122.47601389024085,14.14566341008446],[122.47597259024094,14.145896210084592],[122.47609169024113,14.146196310084896],[122.47656639024132,14.146241710085198],[122.47687789024148,14.146315510085442],[122.47693439024162,14.146499610085597],[122.47686099024169,14.14673911008573],[122.47698359024201,14.147196010086121],[122.47690719024216,14.14753961008632],[122.47696299024226,14.14767591008645],[122.47709729024234,14.147753510086574],[122.47741639024233,14.14758141008665],[122.47764169024248,14.147634510086823],[122.47771429024257,14.147772410086962],[122.47759599024269,14.148087010087114],[122.47733169024285,14.148554010087278],[122.47707559024293,14.148849310087334],[122.47709999024305,14.149025610087474],[122.47727969024315,14.149118310087658],[122.47785579024317,14.148784510087761],[122.47797739024328,14.148876910087893],[122.47799969024335,14.14907721008806],[122.47773269024378,14.149993010088531],[122.47795649024393,14.150093610088742],[122.47826199024401,14.150073110088906],[122.478537790244,14.149961410088993],[122.47868839024393,14.149651610088869],[122.47885489024388,14.14948041008884],[122.47906059024396,14.149484910088969],[122.47939599024414,14.149645010089282],[122.47974949024453,14.150070910089799],[122.47995589024485,14.150544910090252],[122.48010189024544,14.151552510091053],[122.48048809024576,14.15188561009151],[122.48099399024603,14.152083510091956],[122.48162409024626,14.152090210092343],[122.48193229024642,14.152201510092597],[122.48176829024649,14.152444010092669],[122.48171059024668,14.152795210092883],[122.48180439024694,14.153189610093216],[122.48174939024723,14.153768910093582],[122.48158369024743,14.154259010093833],[122.48122759024757,14.154771810093967],[122.48107129024775,14.155180610094176],[122.48193019024843,14.15587561009518],[122.48232459024878,14.156250610095675],[122.48249529024908,14.156725210096113],[122.48259149024936,14.15720031009649],[122.48296679024963,14.15739801009686],[122.48324129024992,14.157801510097306],[122.48342099025021,14.158202010097689],[122.48379619025043,14.158359310098035],[122.48393359025059,14.158574610098258],[122.48394289025072,14.158804610098441],[122.4836467902507,14.158905010098325],[122.48332429025065,14.159100310098266],[122.4828213902504,14.158935410097854],[122.4826862902504,14.159066110097857],[122.48271339025055,14.15930341009804],[122.48293789025077,14.159532910098338],[122.48294969025092,14.15981881009855],[122.48303339025105,14.160002610098724],[122.48314279025129,14.160379810099064],[122.48325099025162,14.160882110099474],[122.48297609025182,14.161475510099724],[122.4829089902521,14.161955710100017],[122.4829031902523,14.162379110100312],[122.48283729025258,14.162889910100635]]}},{"type":"Feature","properties":{"river_name":null,"name":null,"type":"River"},"geometry":{"type":"LineString","coordinates":[[122.7446473902528,13.996805010138928],[122.74452579025284,13.996988710138991],[122.74426219025315,13.997756010139378],[122.7441134902532,13.997933010139418],[122.74384309025315,13.998051110139338],[122.7435862902531,13.998083910139211],[122.74271439025279,13.99801831013865],[122.74250489025273,13.998051110138547],[122.74233589025269,13.998136310138511],[122.74222099025275,13.998267510138527],[122.74218719025286,13.998516710138697],[122.74211289025295,13.998739710138809],[122.74134239025318,13.999657810139016],[122.74113959025318,13.999788910138992],[122.740463790253,13.999880710138651],[122.74025419025293,13.999880710138525],[122.73994329025287,14.00000531013843],[122.73975409025289,14.000169310138437],[122.73958509025303,14.00049061013857],[122.7395107902531,14.000700510138675],[122.73936879025315,14.000851310138701],[122.7392471902531,14.000877610138646],[122.73907819025301,14.00085791013853],[122.73895659025298,14.000739810138382],[122.73885519025279,14.000549710138174],[122.73867269025264,14.000359510137933],[122.7379900902522,13.999920110137207],[122.73780079025212,13.999920110137086],[122.73759809025205,13.999992210137025],[122.73741559025228,14.000484110137274],[122.73740209025239,14.000700510137422],[122.73734119025254,14.000962810137574],[122.73717899025256,14.001159610137618],[122.73696949025255,14.001290710137594],[122.73665179025248,14.001369410137462],[122.73626659025237,14.001362810137227],[122.73610439025234,14.001428410137168],[122.73608409025239,14.001585810137268],[122.73602999025242,14.00169731013732],[122.73582729025242,14.001736610137236],[122.7355501902523,14.00169731013703],[122.73490129025197,14.001500610136507],[122.73448229025179,14.001448110136224],[122.73405649025165,14.001474310135988],[122.7337049902516,14.001605510135873],[122.73352249025162,14.0017957101359],[122.73344139025171,14.001992410135996],[122.73340759025199,14.002490810136338],[122.73326569025203,14.002681010136389],[122.73303589025198,14.002733510136288],[122.73273849025183,14.002641610136047],[122.7325762902517,14.00254331013588],[122.73233979025149,14.002281010135546],[122.73206939025135,14.00218261013531],[122.7317314902512,14.002143210135094],[122.73141379025111,14.002162910134906],[122.73120429025106,14.002221910134827],[122.7310825902511,14.002418710134897],[122.73098799025121,14.002661310135013],[122.73082579025126,14.00282531013503],[122.73018949025129,14.003292510134997],[122.73005439025127,14.00336461013497],[122.72942579025111,14.003436710134647],[122.72918919025106,14.003502310134548],[122.72890539025106,14.003646610134481],[122.7287093902511,14.003856510134515],[122.72851339025108,14.00400071013451],[122.72835789025109,14.00405971013446],[122.72822949025105,14.004059710134385],[122.72780369025065,14.003666310133845],[122.72763469025055,14.003594110133688],[122.72735089025049,14.003607310133532],[122.72709399025041,14.003679410133433],[122.72681019025043,14.00384991013338],[122.7264045902506,14.004446710133577],[122.72626269025068,14.0046106101336],[122.72613429025063,14.004689310133582],[122.72595179025059,14.004715510133503],[122.72532999025033,14.004590910133036],[122.72507319025023,14.004571310132865],[122.72480959025015,14.00459751013273],[122.72459329025008,14.004663110132647],[122.72436349025008,14.004781110132603],[122.72393089025024,14.005371310132766],[122.7230184902505,14.006400910132964],[122.72264679025065,14.006879610133087],[122.72245079025073,14.007220610133215],[122.72235619025089,14.007555110133403],[122.72221419025132,14.00844041013395],[122.72227499025159,14.008912510134328],[122.72227499025169,14.009096110134465],[122.72222099025178,14.009292910134569],[122.72210609025181,14.00944371013461],[122.72193709025183,14.009555210134595],[122.72085569025174,14.01003391013429],[122.72053129025171,14.010204410134232],[122.72037119025174,14.01037351013424],[122.72006709025204,14.011134210134614],[122.71986429025215,14.011488310134755],[122.71962099025231,14.011901410134907],[122.71924929025244,14.012386710135027],[122.71895189025247,14.012603110135014],[122.71856669025243,14.012793310134915],[122.71831659025239,14.012839210134803],[122.71816109025237,14.012950610134785],[122.71814089025244,14.013101510134888],[122.71822869025264,14.013462110135206],[122.71828949025289,14.013881810135532],[122.7183030902531,14.014203110135778],[122.71822199025335,14.014760510136126],[122.71815439025343,14.01493761013622],[122.71797189025348,14.015108110136229],[122.71784349025351,14.015298210136288],[122.71764069025357,14.0154819101363],[122.71741089025357,14.015632710136266],[122.71707969025354,14.015783510136187],[122.71676879025357,14.01603271013618],[122.71659309025362,14.016268810136241],[122.7165221902537,14.01644311013633],[122.71650859025381,14.016633310136454],[122.71654919025396,14.016902210136681],[122.71642749025405,14.017138210136777],[122.71613019025443,14.018148110137318],[122.71601529025452,14.018344810137393],[122.71552859025456,14.018771110137413],[122.71527179025459,14.018895610137353],[122.71506229025461,14.019085810137362],[122.71453509025473,14.019617010137424],[122.7144606902548,14.019807110137522],[122.71442699025494,14.020102210137711],[122.71444049025523,14.020613710138088],[122.71448779025536,14.020843210138276],[122.7146296902555,14.021033410138502],[122.71477839025577,14.021413710138862],[122.71478519025587,14.021636610139035],[122.71475139025597,14.02180711013913],[122.71464999025609,14.022069410139254],[122.71460939025629,14.022462910139511],[122.71456889025671,14.023295610140096],[122.71461619025682,14.023453010140239],[122.71494739025714,14.023800610140679],[122.71520419025731,14.02393831014093],[122.7156299902575,14.024069410141278],[122.716411990258,14.024449510142022],[122.71699329025846,14.024934810142717],[122.71712169025857,14.02510521014292],[122.71714189025865,14.025242910143026],[122.71711489025871,14.025354410143086],[122.71699329025874,14.02545931014309],[122.71666879025868,14.02564291014303],[122.71616189025863,14.025846210142877],[122.71599969025864,14.02595771014286],[122.7158524902587,14.026151410142907],[122.71581049025902,14.026738010143303],[122.71582399025944,14.02746581014384],[122.71587809025965,14.027865810144164],[122.71599969025984,14.028180610144465],[122.71674439026073,14.029360910145755],[122.71728509026165,14.030665710147007],[122.71745399026204,14.031236210147517],[122.71759599026252,14.03208211014822],[122.71785959026292,14.032639410148768],[122.7181002902632,14.032972910149155],[122.71923579026402,14.033818710150436],[122.71942499026412,14.033890910150603],[122.71971559026426,14.033949910150815],[122.72069559026461,14.033982710151426],[122.72091869026475,14.034107310151649],[122.72098629026488,14.034271210151806],[122.72104029026504,14.034533510152027],[122.72104029026525,14.034894110152289],[122.72096599026544,14.03537281015258],[122.72099299026576,14.035884210152973],[122.72093219026577,14.035976010152998],[122.72072939026572,14.03602191015291],[122.7205671902657,14.036021910152819],[122.7204387902657,14.036113710152799],[122.72006709026589,14.036703810153014],[122.72000629026601,14.036985810153176],[122.71999949026622,14.03735951015344],[122.72006029026643,14.037746410153742],[122.72024959026669,14.038100410154119],[122.72058069026698,14.038428310154545],[122.72092589026725,14.038700710154945],[122.72122329026755,14.039002310155356],[122.72144629026779,14.039349810155727],[122.72155449026802,14.039710410156047],[122.72159499026819,14.039972710156261],[122.72155449026826,14.040156310156368],[122.72142609026831,14.040326810156424],[122.72131789026831,14.040412010156409],[122.72106109026826,14.040490710156307],[122.72088539026825,14.040582510156282],[122.7207163902683,14.040733310156282],[122.7205000902684,14.04115951015646],[122.71997969026908,14.042733110157279],[122.71987829026928,14.043126510157501],[122.71985799026952,14.043624810157848],[122.71991889026982,14.044155910158269],[122.72029729027058,14.045277110159294],[122.72020949027086,14.045827910159641],[122.72002519027106,14.046332610159883],[122.71976159027115,14.046667010159972],[122.71940339027121,14.047027610160017],[122.71805619027124,14.04788291015982],[122.7178601902713,14.048112410159874],[122.71777909027136,14.04832871015998],[122.71783319027152,14.048564810160181],[122.71819809027185,14.048925410160653],[122.71855629027215,14.049227010161088],[122.71872529027237,14.049548310161414],[122.71883349027264,14.050007210161818],[122.71877939027291,14.05053171016215],[122.71867799027304,14.050839910162312],[122.71838059027314,14.051220210162404],[122.71806969027318,14.05144971016239],[122.71767769027323,14.051803710162412],[122.71753849027326,14.05198161016246],[122.71750389027333,14.052131710162545],[122.71754449027348,14.052348110162725],[122.71764579027356,14.052446510162849],[122.71803109027381,14.052597310163188],[122.71822029027392,14.052702210163375],[122.71834869027406,14.05284641016356],[122.71847039027422,14.05316771016386],[122.71890969027463,14.053613510164444],[122.71920029027494,14.053987210164879],[122.71947749027527,14.05441341016535],[122.71976129027568,14.054983810165933],[122.719907490276,14.055526710166403],[122.7199074902761,14.055690610166524],[122.71961009027633,14.056326610166808],[122.71963039027652,14.056588810167],[122.71979259027682,14.057087110167458],[122.7199750902771,14.057532910167883],[122.72000209027738,14.057959110168198],[122.71991429027756,14.058339410168426],[122.71982639027762,14.058483610168476],[122.71967089027775,14.05887701016867],[122.71952219027806,14.059499810169017],[122.7193605902785,14.060440810169604],[122.71923209027902,14.061516010170287],[122.71927269027954,14.062440410170982],[122.71934029027965,14.062597810171125],[122.71951599027973,14.0626896101713],[122.72034559028015,14.06286101017192],[122.72090659028036,14.062906810172283],[122.72116339028047,14.062979010172487],[122.7216027902808,14.063241210172947],[122.72203529028114,14.063628010173472],[122.72283279028171,14.064126310174313],[122.72400209028238,14.064624610175358],[122.7262932902835,14.065240810177173],[122.72666509028365,14.06531301017744],[122.72706379028378,14.065326110177693],[122.72735439028395,14.065437510177947],[122.72772619028426,14.065739110178388],[122.7281181902846,14.066125910178886],[122.72857099028504,14.066689710179565],[122.72878049028546,14.067286310180116],[122.72883459028576,14.067784610180512],[122.72876029028595,14.068204210180768],[122.72864539028608,14.068538510180936],[122.72867919028621,14.068728710181091],[122.7293752902867,14.069207310181854],[122.72976729028706,14.069567810182338],[122.73022689028735,14.069895610182854],[122.73058509028765,14.070210310183283],[122.73066619028786,14.070472610183522],[122.73067439028846,14.071566710184314],[122.73045649028991,14.074419610186224],[122.73099819029058,14.07530331018717],[122.73261099029169,14.076366210188906],[122.73402979029217,14.076307410189695],[122.73504269029272,14.076667310190565],[122.73573809029357,14.077801310191798],[122.73590339029559,14.081450610194493],[122.73678289029661,14.082748310195946],[122.73734699029701,14.083153210196569],[122.73799689029742,14.083508210197216],[122.73905649029838,14.084567710198613],[122.7397254902989,14.08504941019935],[122.74066919029936,14.08538131020015],[122.74272129030034,14.08579171020167],[122.7432488903005,14.08585871020203],[122.74353329030068,14.08593671020226],[122.74401339030118,14.086566310202992],[122.74423329030148,14.08697991020342],[122.74466229030254,14.088670310204883],[122.74461209030278,14.089131710205185],[122.744552490303,14.089607510205488],[122.74442469030322,14.090078510205743],[122.74375069030364,14.091263810206188],[122.74345279030368,14.091574210206241],[122.7432505903037,14.091695910206203],[122.74295389030361,14.091709510206035],[122.74227799030331,14.09160541020555],[122.74209329030325,14.091626910205454],[122.74124799030322,14.092099710205291],[122.74045389030324,14.09260941020518],[122.73921919030323,14.093473210205051],[122.73869379030342,14.094078710205178],[122.73838339030361,14.094654410205393],[122.73830499030375,14.094966410205576],[122.73853899030497,14.09707371020721],[122.73865909030617,14.099074010208714],[122.73886079030684,14.100273510209687],[122.73913429030753,14.101345410210612],[122.73959579030824,14.102422210211653],[122.74003149030881,14.103121110212411],[122.74044869030918,14.103582410212988],[122.74094579030957,14.103975410213575],[122.74170489031034,14.104914710214688],[122.74216529031091,14.105663510215498],[122.74284899031154,14.106387010216421],[122.74440309031384,14.109604810219638],[122.74367359031692,14.115756510223582],[122.7433818903175,14.116973610224274],[122.74290989031796,14.118165910224835],[122.74317589031848,14.11898791022558],[122.74376369031908,14.11969851022644],[122.74423139031938,14.119926510226875],[122.74575049032012,14.120342810228085],[122.7464114903207,14.120992010228935],[122.74672059032119,14.12159971022955],[122.74684959032146,14.122049210229958],[122.74709999032176,14.122453410230385],[122.74719599032218,14.123207110230982],[122.74674439032268,14.124423210231576],[122.74642469032327,14.125623810232243],[122.74693519032408,14.12689331023344],[122.7474629903245,14.12729281023405],[122.74989619032604,14.128583010236422],[122.75162139032693,14.129078310237803],[122.75210649032714,14.12915951023815],[122.7522224903274,14.129598610238524],[122.75199499032776,14.130381210238948],[122.75144139032781,14.130847610238948],[122.750619490328,14.131783910239118],[122.74806619032809,14.13353171023883],[122.74760379032809,14.13379591023874],[122.7475355903285,14.13458551023926],[122.74738999032881,14.135229910239628],[122.74741149032906,14.135676910239962],[122.74854869032956,14.135890910240795],[122.75003359033039,14.136506810242114],[122.75178449033113,14.136739910243337],[122.7538785903316,14.136257210244247],[122.75562549033266,14.137118710245899],[122.75677139033345,14.137797010247068],[122.75701649033417,14.138944910248028],[122.75713289033472,14.139884810248764],[122.75690229033496,14.14048301024905],[122.75650969033518,14.14118021024931],[122.75653119033574,14.142158410250016],[122.75645399033671,14.144018410251295],[122.75683149033763,14.145454010252523],[122.75762099033895,14.14739321025437],[122.75817349033979,14.148606110255567],[122.75870889034054,14.149569310256561],[122.7596937903411,14.150031410257478],[122.76159489034248,14.151371510259569],[122.7624316903429,14.151602410260232],[122.76324279034316,14.151500610260653],[122.76404109034365,14.15196261026145],[122.76484789034397,14.152006210261966],[122.76577489034428,14.15199161026251],[122.76721689034449,14.15147981026302],[122.76866319034475,14.151013610263554],[122.77029829034508,14.150605610264236],[122.7714590903454,14.15043501026482],[122.77281719034583,14.150347710265569],[122.77426349034646,14.150589110266614],[122.77498439034694,14.151059310267382],[122.77597139034779,14.151954010268604],[122.77655529034868,14.153210710269839],[122.77736639034867,14.152694810269958],[122.7782460903489,14.152586610270417],[122.77973099034953,14.152786210271449],[122.78058949034994,14.152952810272076],[122.78093049035024,14.15337621027258],[122.78079099035047,14.153866210272836],[122.78039189035091,14.154896110273336],[122.78012149035128,14.155759610273778],[122.77997119035219,14.157480110274907],[122.77982109035241,14.15798371027517],[122.77961959035257,14.158429010275368],[122.7804133903535,14.15963151027669],[122.78082969035374,14.159802210277064],[122.7812545903539,14.159827110277334],[122.78304409035421,14.159252910277994],[122.7848681903542,14.15809191027827],[122.78657209035443,14.15738021027879],[122.78694309035438,14.15712841027883],[122.7869707903542,14.156760110278594],[122.78702619035413,14.156572610278493],[122.78742869035426,14.156530510278701],[122.78770169035424,14.156379610278757],[122.78892569035445,14.155944810279193],[122.79039539035477,14.155607810279829],[122.79204769035503,14.155033510280411],[122.79416329035524,14.154176310281077],[122.79535219035554,14.153918210281605],[122.79658369035597,14.153867210282307],[122.79786679035624,14.153591610282877],[122.80075949035654,14.152287210283689]]}},{"type":"Feature","properties":{"river_name":null,"name":null,"type":"River"},"geometry":{"type":"LineString","coordinates":[[122.831116590291,14.012250910201594],[122.83151039029131,14.012550410202051],[122.83167859029139,14.012624810202205],[122.83205719029152,14.012592110202407],[122.83233389029164,14.012683010202636],[122.83247869029168,14.012631310202678],[122.83281289029168,14.012385510202705],[122.83314499029176,14.012309110202844],[122.83324079029181,14.012437210202998],[122.83339199029216,14.012924610203436],[122.83354209029238,14.013240110203759],[122.83376779029258,14.013417710204017],[122.83403389029269,14.013496210204236],[122.8342190902929,14.013727610204509],[122.83443199029331,14.014365810205096],[122.83452569029343,14.014568210205299],[122.8346874902936,14.01478101020555],[122.83465979029376,14.01507431020575],[122.83468849029389,14.015297110205927],[122.83481349029412,14.01565851020626],[122.83499449029435,14.016020010206635],[122.83556419029483,14.016461710207299],[122.83630289029517,14.016633210207852],[122.8364178902953,14.016792210208036],[122.83646899029544,14.016996710208208],[122.83641149029553,14.01724451020836],[122.83641149029569,14.017498610208545],[122.83651579029586,14.017725810208779],[122.83672659029601,14.017868310209005],[122.83695439029607,14.017880710209145],[122.83769099029622,14.017703110209457],[122.83812949029634,14.017653510209689],[122.83834879029652,14.017816710209924],[122.83843819029669,14.018066610210164],[122.83845099029679,14.01828761021033],[122.83851479029697,14.018527210210541],[122.83867449029718,14.018814310210843],[122.83904279029746,14.019099310211272],[122.83945789029754,14.019004310211448],[122.83984539029758,14.018775110211514],[122.84016899029773,14.018863910211767],[122.84024129029783,14.01906831021196],[122.84020939029793,14.019258410212082],[122.8399879902979,14.01936991021203],[122.83986029029795,14.019475210212033],[122.83985819029805,14.0197148102122],[122.83982409029815,14.019871810212294],[122.83985079029823,14.020057010212435],[122.83998059029837,14.020209910212623],[122.84044679029863,14.020381310213033],[122.84049149029872,14.020517610213155],[122.84039149029893,14.021003010213446],[122.84039359029903,14.021129010213535],[122.84062349029915,14.021236410213755],[122.84133879029949,14.021414010214313],[122.84142399029956,14.021496610214419],[122.84141969029966,14.021602010214481],[122.84125159029968,14.021800310214536],[122.84132819029979,14.02194901021469],[122.84187319030006,14.022103910215135],[122.84193919030014,14.02221951021524],[122.8418340903005,14.02296411021572],[122.84185749030063,14.023170710215886],[122.84200659030078,14.023333810216089],[122.84225349030092,14.023459810216325],[122.84266859030113,14.023592010216678],[122.84269209030121,14.023722110216784],[122.8421640903013,14.02421371021682],[122.84203469030135,14.024366210216856],[122.8420386903014,14.024453410216923],[122.84242219030159,14.024652410217302],[122.84328439030197,14.024743310217874],[122.84346749030209,14.024834210218053],[122.84353989030218,14.025005610218216],[122.84349519030238,14.025346410218427],[122.84355049030246,14.025486910218568],[122.84368889030257,14.025573610218713],[122.84379959030258,14.025550910218767],[122.84396569030247,14.025208010218613],[122.84409339030248,14.025135710218631],[122.84437019030256,14.025170810218823],[122.84465759030279,14.025369110219147],[122.84486409030288,14.02544141021932],[122.84498969030295,14.025447610219402],[122.84508969030294,14.02535471021939],[122.84521529030282,14.025065510219257],[122.84536219030274,14.024850710219189],[122.84551119030272,14.024704110219169],[122.84568789030276,14.024631810219224],[122.84599659030285,14.02463381021941],[122.84616879030295,14.024694810219552],[122.84636049030324,14.025111110219973],[122.84662749030343,14.025296610220266],[122.84675739030362,14.025565110220539],[122.84686379030383,14.025901710220841],[122.84702139030401,14.026085510221074],[122.84718529030411,14.026186710221245],[122.84745139030427,14.026325110221501],[122.84778559030445,14.02643251022178],[122.84807939030455,14.026459410221982],[122.84826679030462,14.02644701022207],[122.84860309030461,14.026176410222085],[122.84908639030473,14.02608971022231],[122.84942909030488,14.026178510222573],[122.84971519030512,14.026384910222896],[122.84992809030535,14.02674631022328],[122.8499663903055,14.026973510223467],[122.84988979030558,14.02718421022358],[122.84991959030569,14.0273329102237],[122.85002819030576,14.027471310223868],[122.85043259030603,14.027644810224222],[122.85079669030632,14.027987610224697],[122.85107339030654,14.02819831022501],[122.85160349030687,14.028487510225537],[122.85193559030706,14.028621710225831],[122.85231669030722,14.028675410226095],[122.85268069030734,14.028685710226322],[122.8529595903075,14.028772510226553],[122.85314909030762,14.02887991022674],[122.85340879030772,14.028937710226934],[122.85378769030787,14.028948010227168],[122.85443069030802,14.028846810227487],[122.85465629030814,14.028848910227618],[122.8549287903083,14.028997610227895],[122.85518429030851,14.02918971022818],[122.85535669030862,14.0293570102284],[122.85546319030878,14.02953051022859],[122.85575699030906,14.029821710228967],[122.85615079030927,14.030034410229364],[122.85622739030939,14.030172810229512],[122.85628279030954,14.030439210229734],[122.85622959030964,14.030664310229866],[122.85611589030972,14.030827210229916],[122.85592259030975,14.030980310229916],[122.85588889030984,14.031193210230045],[122.85598109030997,14.031404910230252],[122.8562818903102,14.031627010230588],[122.85698499031054,14.031772710231118],[122.85719489031062,14.031868410231311],[122.85717059031077,14.032083810231448],[122.8569205903107,14.032186710231382],[122.85681119031078,14.032359810231432],[122.85678639031093,14.03263511023162],[122.85697249031114,14.03292661023193],[122.85741959031158,14.033406510232556],[122.85758139031181,14.033724810232876],[122.8576844903123,14.034577310233555],[122.85755439031239,14.034870510233697],[122.85737919031244,14.035052110233716],[122.8573921903126,14.035347310233936],[122.8575264903128,14.035588910234189],[122.85784809031296,14.035721010234482],[122.85814849031318,14.035915110234797],[122.85882629031376,14.03657211023568],[122.85891209031398,14.036959810236008],[122.85919169031443,14.037531410236587],[122.85961339031468,14.037739010236988],[122.86036339031526,14.038348310237868],[122.86063239031566,14.03886441023841],[122.86107869031599,14.03925851023896],[122.86210159031624,14.039094410239446],[122.86353199031686,14.039246910240404],[122.86389359031718,14.039658710240923],[122.86374629031772,14.040772910241637],[122.86430229031794,14.040817610241998],[122.86483669031807,14.040710910242254],[122.86560169031814,14.040380010242473],[122.86631429031846,14.040466910242955],[122.86661479031869,14.040750810243333],[122.86744559031905,14.040824210243883],[122.86837349031931,14.040741410244378],[122.86937949031979,14.04097011024514],[122.87027549032045,14.041625810246162],[122.87134419032152,14.042901710247701],[122.87217739032205,14.043379510248549],[122.87279249032238,14.043575710249062],[122.87460389032307,14.043703310250233],[122.87499109032333,14.043928410250622],[122.87534839032375,14.044482010251235],[122.87586879032429,14.045091510251995],[122.87643729032465,14.045361910252522],[122.87764759032517,14.0455753102534],[122.87860039032553,14.045707510254058],[122.8792936903258,14.045703410254474],[122.87953189032608,14.046063910254874],[122.87953049032629,14.046478010255177],[122.87967439032634,14.04652131025529],[122.88049329032648,14.046190510255537],[122.88123159032688,14.046444510256155],[122.88175029032737,14.047054510256906],[122.8819232903276,14.047393510257258],[122.8819509903278,14.047774210257552],[122.8828662903286,14.048609910258696],[122.88374659032915,14.049052110259542],[122.8850889903297,14.049283810260507],[122.88541999033006,14.049692410261],[122.88548589033049,14.050381610261535],[122.88581049033158,14.052180910263024],[122.88649739033211,14.052727010263837],[122.88748769033252,14.05292521026458],[122.8886665903333,14.05358091026574],[122.88979839033411,14.05434331026696],[122.89059999033475,14.054999010267917],[122.8908829903352,14.055685210268582],[122.89108149033578,14.05661331026937],[122.89118159033622,14.057377810269974],[122.89119739033649,14.057850410270323],[122.8922347903374,14.058902610271696],[122.89234479033786,14.059634510272293],[122.89219599033802,14.060070910272517],[122.89221599033841,14.060741110273012],[122.89287519033901,14.061361210273853],[122.89306789033911,14.06144901027403],[122.89405819033985,14.062196110275158],[122.89654179034166,14.063964910277917],[122.8967450903421,14.06458181027848],[122.8963095903423,14.065336010278761],[122.89625979034263,14.065949910279178],[122.89672679034312,14.066546310279886],[122.89715479034368,14.067319410280692],[122.89800369034444,14.068127510281782],[122.89864699034521,14.069136810282888],[122.89883619034589,14.070257010283802],[122.8985354903461,14.070868410284078],[122.89816309034615,14.071209210284094],[122.89827289034643,14.071643610284472],[122.89855069034678,14.072111610284972],[122.8995793903476,14.072977010286209],[122.89984809034797,14.073488510286735],[122.8998623903483,14.074098010287184],[122.89962269034848,14.074577110287388],[122.89906209034848,14.07498151028734],[122.89842559034835,14.07509001028704],[122.89803029034837,14.07538561028702],[122.89797279034859,14.075751310287243],[122.89803509034876,14.076117010287543],[122.8981383903494,14.077199410288385],[122.89818539034992,14.078085810289055],[122.89810869034997,14.078318410289171],[122.89782219035017,14.078830010289368],[122.8975920903502,14.079035110289377],[122.89739799035033,14.079414610289527],[122.89740569035047,14.07967501028972],[122.89756919035062,14.07980171028991],[122.8976281903508,14.080147510290193],[122.8979675903514,14.081027110291032],[122.89757919035178,14.081941310291457],[122.89751309035204,14.082416110291758],[122.89707099035257,14.08367701029239],[122.89707009035303,14.084545710293025]]}},{"type":"Feature","properties":{"river_name":null,"name":null,"type":"River"},"geometry":{"type":"LineString","coordinates":[[122.82745169032819,14.083160510250426],[122.82751919032832,14.08343581025066],[122.82745169032845,14.083652110250776],[122.82657299032842,14.084170010250622],[122.82634999032864,14.084655110250825],[122.82603909032859,14.084871510250801],[122.82587689032867,14.08505501025084],[122.82582279032884,14.085448310251094],[122.82599849032904,14.085671210251348],[122.8260728903293,14.086038310251656],[122.82595799032937,14.086346510251811],[122.82552539032949,14.086785710251867],[122.82547129032957,14.086962710251965],[122.82601879033005,14.087546110252704],[122.82626209033015,14.08757231025287],[122.82676229033031,14.087526410253133],[122.8270933903306,14.087873910253574],[122.8271677903308,14.088142710253827],[122.82742459033098,14.088365510254132],[122.82753279033118,14.088647410254397],[122.82734349033127,14.088916210254478],[122.82703259033121,14.089053910254387],[122.82667439033112,14.08902111025415],[122.82641079033107,14.089171910254104],[122.8265459903313,14.08946031025439],[122.82640409033134,14.089663510254452],[122.82607959033142,14.090011010254507],[122.82601199033152,14.0902011102546],[122.8263364903318,14.09060091025508],[122.82668119033202,14.090758310255387],[122.82678929033221,14.090994310255626],[122.82665409033223,14.091184410255691],[122.82637029033216,14.09123681025555],[122.82608639033214,14.091341710255458],[122.82597829033224,14.091571110255558],[122.82566729033216,14.091643210255427],[122.82536319033208,14.091656410255252],[122.82520099033214,14.09184651025529],[122.8252550903327,14.092856010256039],[122.8248900903327,14.09311821025601],[122.8240046903325,14.09334761025565],[122.82378839033254,14.09357711025569],[122.82365999033276,14.093990110255904],[122.82379019033309,14.094508310256353],[122.8238586903332,14.0946601102565],[122.82380969033338,14.095068110256765],[122.82401029033365,14.095471410257172],[122.82404939033383,14.095708610257365],[122.8239319903339,14.095979110257481],[122.82389779033403,14.096273210257676],[122.82394179033416,14.096391910257788],[122.82395159033425,14.096562710257908],[122.82375099033429,14.096761910257941],[122.82370699033437,14.096951710258045],[122.8235406903344,14.097127210258074],[122.8237069903347,14.09757321025849],[122.82378529033495,14.097962310258822],[122.82347709033496,14.098180510258793],[122.82326669033495,14.098265910258716],[122.823173790335,14.098488910258816],[122.8230221903353,14.099077210259154],[122.82311019033544,14.09927651025935],[122.82335969033572,14.099694010259798],[122.82352109033584,14.099798410259966],[122.82351129033593,14.099954910260077],[122.82322759033602,14.100277610260141],[122.82319339033619,14.100623910260367],[122.82301729033621,14.100790010260372],[122.82303679033633,14.100994010260527],[122.82336459033671,14.101477910261083],[122.82329119033673,14.101596510261112],[122.82328139033685,14.101772010261234],[122.82338899033708,14.102151610261572],[122.82371189033744,14.1026213102621],[122.82368249033753,14.102768410262192],[122.82357979033756,14.10290121026222],[122.82357979033769,14.103147910262397],[122.8236237903378,14.103328210262552],[122.82380479033792,14.103404110262716],[122.82386839033809,14.103755210263005],[122.82402989033832,14.104030410263295],[122.82419619033848,14.104210610263532],[122.82449949033871,14.104428910263858],[122.82450929033882,14.104628110264006],[122.82439669033889,14.104798910264071],[122.82439669033899,14.104988710264196],[122.82492019033948,14.10564341026498],[122.82554139033991,14.105918610265554],[122.82582029034009,14.106155810265884],[122.8258984903403,14.10644521026614],[122.82583489034047,14.106796310266347],[122.82567349034052,14.107062010266443],[122.82576159034065,14.10713791026655],[122.82595229034087,14.107460510266888],[122.8265784903412,14.107692910267433],[122.82682309034129,14.107721410267606],[122.82724869034153,14.107849510267938],[122.82734649034172,14.108172110268233],[122.82733669034201,14.108694010268596],[122.82735629034204,14.10875091026866],[122.82755679034214,14.108807810268807],[122.82868199034262,14.108935910269583],[122.82915649034285,14.109073510269953],[122.82934239034303,14.109287010270222],[122.82936189034314,14.109486310270384],[122.82943039034329,14.109676010270562],[122.82951359034334,14.109775710270673],[122.82980039034351,14.10986251027091],[122.83010479034361,14.109877410271096],[122.83044449034392,14.110230410271553],[122.83085699034419,14.110453910271959],[122.83169419034449,14.110536310272526],[122.83205819034471,14.110630410272808],[122.8325434903454,14.111583510273773],[122.83299239034571,14.111877710274255],[122.83353839034613,14.112324810274897],[122.83404789034655,14.112807310275551],[122.8344968903467,14.112772010275783],[122.83490939034661,14.112301310275706],[122.83549179034675,14.112160110275958],[122.83609839034719,14.112689610276696],[122.83671719034766,14.113160310277403],[122.83780909034812,14.113301510278156],[122.83825809034846,14.113595610278631],[122.83807609034866,14.11411341027888],[122.8377484903488,14.11459581027903],[122.83774849034914,14.115160610279434],[122.83812459034945,14.115560710279954],[122.83905879034981,14.1155489102805],[122.83964119035001,14.115619510280904],[122.8398959903506,14.116513810281697],[122.84017499035109,14.11720801028235],[122.83998089035148,14.11807871028286],[122.83977469035165,14.118490510283035],[122.83976249035206,14.119255310283572],[122.84015079035242,14.11964361028407],[122.84046619035271,14.120020110284532],[122.84064819035314,14.120667310285105],[122.84050259035338,14.121232110285423],[122.84036919035394,14.122314610286098],[122.84097579035414,14.122338110286487],[122.84119419035405,14.121996910286374],[122.84146109035431,14.122279310286741],[122.84164309035457,14.122714610287154],[122.84214059035497,14.123114710287746],[122.84244389035527,14.123432310288155],[122.84311119035613,14.124632510289407],[122.84339029035638,14.124891310289751],[122.84470059035688,14.125009010290619],[122.84476129035639,14.124020610289953],[122.84505249035604,14.123197010289541],[122.84581679035627,14.123173510289979],[122.84638709035674,14.12360881029063],[122.84656909035692,14.12391471029096],[122.84614439035697,14.124220710290922],[122.84584109035707,14.124656010291053],[122.84647199035771,14.125350210291925],[122.84786729035841,14.125785610293075],[122.84864379035916,14.126679810294172],[122.84841329035935,14.127209210294412],[122.84820699035977,14.128056410294896],[122.84860739036034,14.12886821029571],[122.8496386903609,14.129256510296605],[122.8500511903612,14.129574210297077],[122.85019679036158,14.130138910297562],[122.85025749036208,14.131021410298228],[122.85058499036245,14.131492010298754],[122.85132519036289,14.131786110299414],[122.85200459036301,14.131633210299707],[122.8526718903632,14.131527310300033],[122.8532663903635,14.131703810300513],[122.85371529036385,14.132033210301017],[122.85406719036456,14.133092110301988],[122.85460099036503,14.133621610302685],[122.8549770903655,14.134233410303336],[122.85502569036602,14.135186410304048],[122.85541389036646,14.13577471030469],[122.85576579036679,14.136139410305168],[122.85598419036715,14.136739410305724],[122.85657869036753,14.136986510306262],[122.8574400903682,14.137657110307252],[122.85751289036847,14.13816301030766],[122.85728239036854,14.138363110307665],[122.8568698903684,14.13841011030744],[122.85711249036878,14.138986610307999],[122.85737949036907,14.139374910308435],[122.85730669036928,14.139798410308693],[122.8569790903695,14.140363210308905],[122.8564815903697,14.141022010309063],[122.85629959036991,14.14157501030936],[122.85710039037023,14.141692610309912],[122.85745229037056,14.142022110310364],[122.85728239037063,14.142257410310423],[122.85654229037043,14.14235151031005],[122.85627539037054,14.142680910310116],[122.85615399037076,14.14317501031041],[122.85668079037116,14.143632010311036],[122.8575360903717,14.144008510311828],[122.85780309037168,14.143826110311855],[122.8579971903716,14.14355561031178],[122.85838539037174,14.143585010312036],[122.85899209037208,14.143785010312536],[122.85995059037236,14.143743810313076],[122.8601446903725,14.143826110313258],[122.86069069037295,14.144332010313942],[122.8616430903734,14.14455561031467],[122.8617461903736,14.144861510314948],[122.86166739037387,14.145396810315283],[122.86146719037397,14.145720310315395],[122.86093939037389,14.145902710315204],[122.86041769037384,14.146161510315086],[122.86005979037387,14.146402710315039],[122.85990809037396,14.146720310315171],[122.86005369037456,14.147685110315948],[122.86023569037496,14.148285110316476],[122.86038739037512,14.148567410316774],[122.86058759037537,14.148802710317055],[122.8608483903754,14.148708610317147],[122.8609878903753,14.148426210317028],[122.86129729037543,14.148485110317262],[122.86141259037561,14.14878511031754],[122.86140049037571,14.148979210317679],[122.86124879037574,14.149096810317669],[122.86096969037581,14.14943801031773],[122.86098189037598,14.149696810317925],[122.86113349037619,14.149961510318207],[122.8612123903764,14.150332110318521],[122.86109109037646,14.150561610318604],[122.86135799037667,14.150785110318926],[122.86183119037682,14.150685110319136],[122.86206169037708,14.15105571031954],[122.86190999037716,14.151291010319621],[122.86103039037697,14.151502710319242],[122.86116389037724,14.151920410319612],[122.86148539037752,14.152191010320003],[122.86152179037761,14.152361510320144],[122.86145509037777,14.152726210320361],[122.86121849037777,14.152808610320282],[122.86103039037764,14.152702710320089],[122.8608422903774,14.152396810319757],[122.86062999037736,14.1524792103197],[122.86052079037744,14.152679210319771],[122.86011439037735,14.152767410319594],[122.8599747903773,14.152767410319502],[122.8598716903774,14.153026210319634],[122.85999909037761,14.153290910319887],[122.86036309037777,14.153438010320219],[122.86034489037789,14.153614510320327],[122.86010829037794,14.153826210320341],[122.85992029037789,14.15391451032029],[122.85954409037764,14.153696810319907],[122.85927719037755,14.153661510319727],[122.85900419037762,14.153943910319763],[122.85888289037759,14.153961510319704],[122.85871909037739,14.153702710319415],[122.85851279037726,14.153655610319268],[122.85814279037723,14.153779210319124],[122.85811249037732,14.15399681031926],[122.85784549037727,14.154055610319144],[122.85770299037726,14.154152710319133],[122.85770299037733,14.15430861031924],[122.85759069037749,14.154635010319401],[122.85757249037759,14.154870310319561],[122.85751189037768,14.155035010319645],[122.8575391903779,14.155446810319951],[122.85750579037799,14.15556741032002],[122.85719319037823,14.15621991032029],[122.85720249037846,14.156637810320595],[122.85705679037842,14.156704010320555],[122.85658869037829,14.156710010320275],[122.85659489037843,14.156965510320461],[122.85665069037856,14.157154910320632],[122.8566010903786,14.157257110320666],[122.85649869037859,14.157359310320675],[122.85622179037846,14.15729001032046],[122.85581379037832,14.157272610320211],[122.85515919037822,14.157437810319932],[122.85490809037817,14.157572610319884],[122.85458979037817,14.157811710319859],[122.85448219037839,14.158263810320124],[122.85437449037843,14.158420310320167],[122.85415929037846,14.158581210320149],[122.85387239037838,14.158698610320055],[122.85384099037859,14.159015910320266],[122.85492159037877,14.158694210320677],[122.85502469037881,14.158698610320743],[122.85508749037892,14.158868110320912],[122.85505159037908,14.159146410321082],[122.85482739037928,14.159698510321341],[122.85485879037938,14.159859410321474],[122.85498879037947,14.159924610321594],[122.85530269037956,14.159920210321783],[122.85546409037968,14.159946310321898],[122.85549099037974,14.160102810322025],[122.85510539038006,14.160915810322368],[122.8552936903803,14.161194010322678],[122.85593939038036,14.160920110322873],[122.85619489038041,14.160876710322992],[122.85627119038053,14.16103321032315],[122.85602449038066,14.161441810323293],[122.85589449038063,14.161463610323231],[122.85564339038048,14.161372310323015],[122.85546409038052,14.161485310322988],[122.8554864903806,14.161641810323111],[122.855759990381,14.162263510323717],[122.85609629038133,14.162572210324136],[122.85620389038141,14.162754810324337],[122.85642809038158,14.162846110324526],[122.85676879038166,14.162880810324754],[122.85681819038177,14.162950410324845],[122.85655359038181,14.163215610324869],[122.85652669038195,14.16346341032503],[122.85666119038213,14.163672110325258],[122.85731589038255,14.164102510325948],[122.8574817903827,14.164254610326164],[122.85760279038296,14.164658910326517],[122.8577910903831,14.164798110326728],[122.85790319038321,14.16498061032693],[122.85794359038344,14.165311010327184],[122.85776419038363,14.165776210327412],[122.85766109038369,14.165919710327447],[122.85784179038416,14.166656010328072]]}},{"type":"Feature","properties":{"river_name":null,"name":null,"type":"River"},"geometry":{"type":"LineString","coordinates":[[122.8295226903468,14.116142510275226],[122.8297718903473,14.116844710275869],[122.83030609034792,14.117708010276806],[122.83112509034868,14.118571410277916],[122.83146709034902,14.118987310278417],[122.83152159034942,14.119658210278923],[122.83143819034974,14.120297110279328],[122.83159459035035,14.121315110280147],[122.83189179035075,14.121885410280726],[122.8326322903513,14.122401210281534],[122.83294229035174,14.123015710282163],[122.83337469035222,14.123667810282885],[122.83404509035277,14.124211910283675],[122.83460299035325,14.124764510284402],[122.83518459035388,14.12554721028531],[122.83569629035449,14.12632031028617],[122.83673449035513,14.126787510287123],[122.83723729035555,14.12733561028781],[122.83733309035595,14.127953010288312],[122.8373211903563,14.128597610288761],[122.83778419035671,14.129069610289362],[122.83829459035712,14.129530010290004],[122.83916999035775,14.130078510290925],[122.83984979035836,14.13080921029185],[122.84031999035888,14.13143021029258],[122.84076449035972,14.13268421029373],[122.84054989036,14.133354610294075],[122.84020389036006,14.133708810294129],[122.83935699035989,14.133865710293723],[122.83899489035986,14.134030710293617],[122.83847259035991,14.134560210293687],[122.8383063903601,14.13496311029387],[122.83841979036023,14.135116910294057],[122.83862289036027,14.13511691029418],[122.83933849036127,14.136445610295556],[122.83923229036152,14.137000410295876],[122.8392203903617,14.137311210296092],[122.8390898903618,14.137622010296242],[122.83825899036181,14.138140010296107],[122.83753629036156,14.138156210295683],[122.83685069036117,14.137914710295103],[122.8364858903611,14.137991910294938],[122.8363510903612,14.138206910295013],[122.8365418903614,14.138492310295327],[122.83646659036157,14.138853610295548],[122.83668019036202,14.13947521029611],[122.83679889036235,14.14002771029657],[122.83694139036332,14.141754210297877],[122.83649029036349,14.142329710298025],[122.83592059036388,14.143411710298455],[122.8359757903643,14.144167610299014],[122.83550079036505,14.145787010299887],[122.83515089036591,14.147621310300982],[122.83513409036614,14.148042510301275],[122.83521469036626,14.148287010301491],[122.8353982903666,14.148660310301869],[122.83544449036671,14.1489438103021],[122.83539079036683,14.149198210302249],[122.83529469036684,14.149293810302263],[122.83484839036676,14.149389310302054],[122.83458809036675,14.149519910301995],[122.83411079036675,14.149824710301926],[122.83375089036677,14.150116910301923],[122.83341099036689,14.150570110302036],[122.83315659036705,14.151023610302198],[122.83306439036738,14.151714410302633],[122.8329459903675,14.151995110302757],[122.83267109036764,14.1524222103029],[122.83177549036768,14.153026310302794]]}},{"type":"Feature","properties":{"river_name":null,"name":null,"type":"River"},"geometry":{"type":"LineString","coordinates":[[122.50573119029005,14.217160410152227],[122.50577709029034,14.217693810152634],[122.5052382902906,14.218571710152924],[122.50473389029054,14.218693910152705],[122.50480269029076,14.219060610153006],[122.50500899029122,14.219771810153619],[122.50518099029141,14.220027410153895],[122.50499749029142,14.220149710153876],[122.50507779029152,14.220283010154017],[122.50549049029165,14.220294110154263],[122.50558219029182,14.220494110154462],[122.50552489029198,14.220883110154704],[122.50516949029206,14.221272010154765],[122.50585729029237,14.221360910155235],[122.50605219029254,14.221560910155485],[122.50620119029274,14.221816510155758],[122.50655659029294,14.221994310156093],[122.5065106902932,14.222461010156398],[122.5064533902932,14.222561010156424],[122.50677439029343,14.222727710156736],[122.50704949029353,14.222738810156901],[122.50739349029358,14.222649910157052],[122.5075882902937,14.222727710157223],[122.50772589029387,14.222994410157485],[122.50759979029404,14.223316710157635],[122.5071526902941,14.223738910157662],[122.50720999029427,14.224005610157889],[122.50740489029444,14.224161210158107],[122.50774879029453,14.224116810158286],[122.50800099029455,14.224027910158375],[122.5082990902947,14.224127910158623],[122.50813859029475,14.224305710158648],[122.50803539029485,14.22458351015878],[122.508390790295,14.224616810159018],[122.50857419029495,14.224439010159008],[122.50886079029503,14.224350110159117],[122.50965179029579,14.225272410160228],[122.5108669902964,14.225561410161168],[122.51105039029665,14.225939210161528],[122.51083259029684,14.22639481016172],[122.5109012902969,14.226494810161832],[122.51263239029778,14.227028210163233],[122.51323989029827,14.227550410163964],[122.51338899029855,14.227917110164316],[122.51343479029886,14.228450510164715],[122.513526490299,14.22861721016488],[122.51384749029916,14.228772710165185],[122.51426019029921,14.228583810165292],[122.5146040902991,14.228206010165238],[122.5150396902991,14.227917110165311],[122.5154294902992,14.227861610165498],[122.51602559029955,14.228061610166003],[122.51664469029976,14.228039410166353],[122.51705729029989,14.228061610166618],[122.51735539030007,14.228239410166916],[122.51781399030047,14.22871721016753],[122.5179514903006,14.228806110167676],[122.51815789030067,14.228772710167773],[122.51819229030056,14.228572710167656],[122.51806619030042,14.228394910167449],[122.51763049030002,14.228006010166917],[122.51781399029998,14.22783931016692],[122.51813489030016,14.227906010167152],[122.51821519030014,14.227828210167152],[122.51845309030017,14.227698110167207],[122.51861639030025,14.227772710167356],[122.5187424903005,14.228117110167668],[122.51913229030107,14.228939410168477],[122.51933859030157,14.229695010169124],[122.51951059030188,14.230154110169547],[122.51968249030205,14.230306210169752],[122.51990029030208,14.230272910169862],[122.51994379030198,14.230071010169757],[122.5201462903019,14.229829510169699],[122.52029729030181,14.229540010169593],[122.52024319030166,14.229286810169384],[122.52012699030148,14.229075810169165],[122.52019099030144,14.228957310169127],[122.52030159030144,14.228883910169134],[122.52074869030167,14.229028310169511],[122.52125309030198,14.229283910169986],[122.52163139030215,14.229283910170212],[122.52218159030244,14.22953951017072],[122.52264019030281,14.229906210171254],[122.5227318903033,14.230706210171869],[122.52341969030454,14.23250641017353],[122.52362599030465,14.232661910173764],[122.52396999030482,14.232717510174007],[122.52409609030478,14.232573010173985],[122.52407309030464,14.232317510173795],[122.52384389030442,14.23212861017352],[122.52376359030421,14.231784110173237],[122.52399289030411,14.231439610173135],[122.52448579030417,14.23121741017327],[122.52546019030416,14.230606210173432],[122.52575829030411,14.230306210173397],[122.52573539030399,14.230117310173268],[122.52552899030385,14.22995061017302],[122.52515069030369,14.229928410172777],[122.52508189030351,14.229672810172563],[122.52520799030337,14.229283910172368],[122.52566659030336,14.229017210172456],[122.5259760903034,14.228895010172554],[122.5265607903034,14.228539410172662],[122.52689649030353,14.228459310172807],[122.52735169030375,14.22858381017316],[122.52763359030399,14.228872610173536],[122.52766729030417,14.22916651017376],[122.52758099030436,14.229650610174051],[122.52760449030444,14.229738910174122],[122.52822609030477,14.229972910174656],[122.52887519030524,14.230429010175362],[122.5297494903061,14.231429910176589],[122.53015069030646,14.23180211017709],[122.53039029030678,14.232275010177565],[122.53117999030808,14.234173610179356],[122.53167099030844,14.234539710179902],[122.532062390309,14.235227610180614],[122.53206059030903,14.235369610180712],[122.53192209030908,14.235496610180718],[122.5316095903089,14.235412510180469],[122.53144669030891,14.235489810180429],[122.531354090309,14.235756210180556],[122.53104719030911,14.236112110180619],[122.53068529030938,14.236788810180869],[122.53037819030949,14.237239910180996],[122.53024259030965,14.237639410181192],[122.53027519030974,14.237798110181318],[122.53040699030983,14.237882010181458],[122.53049459030989,14.237903410181532],[122.53147169031021,14.237822710182062],[122.53169319031028,14.237868910182218],[122.53257179031087,14.238346610183088],[122.53294429031118,14.23874701018359],[122.53319519031149,14.23915641018402],[122.53316919031164,14.239420610184194],[122.53333409031191,14.239766910184528],[122.53351639031197,14.239856210184692],[122.53364949031203,14.239848410184772],[122.53383919031198,14.239614810184728],[122.53394809031188,14.239345110184603],[122.53399609031179,14.239131210184482],[122.53416819031175,14.238965510184475],[122.53439299031177,14.238859210184533],[122.53458479031188,14.238919010184695],[122.53462449031197,14.239108210184849],[122.53451749031218,14.239540910185086],[122.53441049031255,14.240310310185547],[122.53447909031273,14.240516810185737],[122.53465979031284,14.240664810185942],[122.53472299031306,14.240991010186214],[122.53458109031315,14.241282010186325],[122.53428279031313,14.241434510186265],[122.53420109031323,14.241661210186365],[122.53410249031332,14.241834310186428],[122.53411129031343,14.242106210186616],[122.53429959031364,14.242317810186877],[122.53437349031383,14.242556610187089],[122.53445939031407,14.243032410187464],[122.53469049031422,14.2431694101877],[122.53498939031438,14.24325251018794],[122.53506939031449,14.24342811018811],[122.53497699031475,14.243947410188419],[122.53497699031483,14.244150410188553],[122.5351254903151,14.244448610188845],[122.53540639031532,14.244687510189184],[122.5354826903155,14.245057310189484],[122.53546069031557,14.245133110189535],[122.53517189031565,14.245474510189592],[122.5353298903162,14.246403110190325],[122.53509209031627,14.246707810190403],[122.53448159031632,14.247137410190332],[122.5341565903165,14.24769551019052],[122.53290189031652,14.248451310190285],[122.53215299031653,14.248983510190206],[122.53204899031671,14.249396110190432],[122.53243099031708,14.249767310190922],[122.5327848903173,14.249998610191287],[122.53306729031745,14.250103410191533],[122.53309179031756,14.250258910191652],[122.53273859031779,14.250901410191892],[122.53262769031826,14.251845610192474],[122.5325349903183,14.25199161019252],[122.53234279031825,14.252056210192446],[122.53208659031819,14.252052610192298],[122.53176519031797,14.251886410191988],[122.53149439031786,14.251804110191765],[122.53131109031783,14.25190031019172],[122.53104759031798,14.252340310191867],[122.53093939031821,14.252813410192127],[122.5310277903184,14.2531271101924],[122.5311969903186,14.253389710192684],[122.53174309031905,14.253871910193345],[122.53246869031945,14.254079910193928],[122.53318339031973,14.254176510194426],[122.53358979032004,14.254431410194837],[122.5335768903201,14.254619210194972],[122.53336359032008,14.254707310194902],[122.53262909031982,14.254712610194458],[122.53250239031986,14.254852510194487],[122.53249909032029,14.25568001019506],[122.53233579032042,14.255990410195176],[122.53185829032034,14.25617531019501],[122.53173499032047,14.256446210195131],[122.53172979032061,14.25676521019534],[122.53168569032073,14.256962010195453],[122.53160899032085,14.257158210195543],[122.53142969032088,14.257381610195585],[122.531400690321,14.257613810195737],[122.53161389032128,14.257957510196093],[122.53181499032146,14.258215510196397],[122.53193959032163,14.258444310196639],[122.53187479032168,14.25858281019669],[122.53168189032165,14.258662110196624],[122.5311015903214,14.258527010196186],[122.53066289032135,14.258800610196115],[122.53029789032149,14.259217810196175],[122.53002339032172,14.259761410196385],[122.53010599032186,14.260001110196608],[122.53031789032195,14.260089110196795],[122.53032539032205,14.260271110196923],[122.52989019032223,14.260838810197052],[122.52949379032233,14.261271210197112],[122.52925579032247,14.261676510197248],[122.52918979032269,14.262162010197544],[122.5292253903229,14.262513110197816],[122.52904779032328,14.263287010198239],[122.52897149032371,14.264162110198798],[122.5289262903254,14.267171710200847],[122.52856729032584,14.268272210201397],[122.52750509032622,14.269633510201693],[122.52759099032636,14.269851910201899],[122.52778939032649,14.269924710202067],[122.52822399032652,14.269742710202213],[122.52888379032682,14.269862310202692],[122.5295650903272,14.270158610203302],[122.5295086903274,14.27059011020356],[122.52936329032751,14.270826810203642],[122.52904019032758,14.271081910203627],[122.52876049032768,14.271481410203732],[122.52877349032796,14.272032210204118],[122.52903499032827,14.272444510204567],[122.52936839032864,14.27288681020507],[122.52976999032917,14.273606010205807],[122.52975449032928,14.273811310205934],[122.52961699032933,14.273959510205966],[122.5289955903292,14.274153610205714],[122.52855449032906,14.274131010205432],[122.52819409032881,14.273933810205078],[122.52796329032856,14.273634910204732],[122.52774489032836,14.273408210204451],[122.52740759032824,14.273382210204229],[122.52657159032812,14.273674510203929],[122.52626439032825,14.27413541020406],[122.52624599032852,14.274629410204389],[122.52638849032923,14.275859310205323],[122.52640889032949,14.276311710205654],[122.52630079032966,14.276708810205857],[122.52606009032966,14.276835210205807],[122.52561939032947,14.276744810205464],[122.52538609032942,14.276775310205359],[122.52523159032958,14.277214210205564],[122.52526689032972,14.277466410205763],[122.52539709033005,14.277929510206155],[122.52568099033033,14.278273610206568],[122.52570309033042,14.278446610206693],[122.52559509033053,14.278676610206798],[122.52540859033046,14.278664710206673],[122.5253030903305,14.278824010206725],[122.52521099033069,14.279205410206925],[122.5252115903308,14.279430510207076],[122.52471119033105,14.280196610207303],[122.5245207903311,14.280398010207334],[122.52387339033093,14.280549910207052],[122.52307489033075,14.280642010206625],[122.52287889033073,14.280817410206632],[122.52271099033095,14.281315010206876],[122.52272729033116,14.281712510207159],[122.52233309033144,14.282439610207428],[122.52196659033153,14.28283301020747],[122.5215191903315,14.283043510207344],[122.5211379903314,14.283181510207205],[122.52079019033127,14.28306911020693],[122.52055929033104,14.282808710206604],[122.52034029033076,14.28241931020621],[122.51991069033048,14.282232110205813],[122.51964309033042,14.282244710205669],[122.51945919033038,14.282328010205608],[122.5190605903305,14.28275421020567],[122.51904369033069,14.283097010205891],[122.51945789033122,14.283823810206641],[122.51949229033147,14.284269210206974],[122.51957829033182,14.284775410207375],[122.51947379033187,14.28501911020748],[122.51945349033201,14.285297410207656],[122.51933129033216,14.28568331020784],[122.51911019033226,14.285934210207895],[122.51886569033222,14.286049210207816],[122.5183906903319,14.28574251020733],[122.51826439033171,14.285488710207078],[122.51804819033157,14.285365610206862],[122.51765169033139,14.285284810206564],[122.51744499033133,14.285324510206472],[122.51706729033141,14.285713710206506],[122.51689999033144,14.285803510206474],[122.51682699033145,14.285880310206473],[122.51685189033155,14.286112210206651],[122.51709359033191,14.286576110207115],[122.51771829033258,14.287435510208097],[122.5181236903329,14.287717910208526],[122.51846299033306,14.287858510208837],[122.51884279033327,14.287964210209125],[122.51891709033337,14.288118510209282],[122.51916649033397,14.289057610210078],[122.5192427903344,14.2897478102106],[122.51897569033454,14.29024071021078],[122.51891049033472,14.290502410210909],[122.51895669033479,14.290635110211026],[122.51893129033488,14.290816810211153],[122.51903279033495,14.29086791021124],[122.519267990335,14.29083431021136],[122.51952399033505,14.290743210211456],[122.51970039033512,14.290771910211578],[122.52043199033561,14.291262510212356],[122.52068269033575,14.291324010212552],[122.52090689033581,14.291251910212637],[122.52098499033568,14.29105411021255],[122.52082199033539,14.290598110212134],[122.52088599033516,14.290142010211861],[122.52112229033523,14.290047410211937],[122.52145409033523,14.289860810212007],[122.52211839033532,14.289629510212238],[122.5224474903355,14.289723110212517],[122.52284329033564,14.289770510212781],[122.52327689033586,14.289954210213168],[122.52386039033668,14.291034610214266],[122.52404989033698,14.291510010214704],[122.5242598903373,14.291897510215103],[122.52462119033764,14.292274610215577],[122.52505199033787,14.292379010215916],[122.52526089033789,14.292366210216029],[122.52544809033806,14.29255261021627],[122.52548739033821,14.29281001021647],[122.52525229033833,14.293151910216563],[122.52512449033846,14.293443810216688],[122.52512389033862,14.293782210216921],[122.52507999033877,14.294073410217091],[122.52483619033882,14.294344710217137],[122.52433779033882,14.294633110217031],[122.5238360903387,14.294765610216826],[122.52355609033862,14.294767110216648],[122.52334219033861,14.29483301021657],[122.52320439033868,14.295043410216632],[122.52310259033875,14.295293610216744],[122.52312509033892,14.295622510216987],[122.52328819033916,14.295908610217273],[122.52400409033963,14.29634521021801],[122.5238845903397,14.296538110218075],[122.5235878903397,14.296690510217989],[122.52326959033964,14.296790510217875],[122.52260099033936,14.296739210217426],[122.5218221903393,14.297034010217173],[122.52165929033936,14.29726571021723],[122.52174449033946,14.297446010217394],[122.52226949033994,14.2979987102181],[122.52234579034025,14.298472810218474],[122.52225679034038,14.298830210218668],[122.52168449034049,14.299323110218662],[122.52141739034046,14.299458710218595],[122.52102719034035,14.299479310218373],[122.52092609034034,14.299524410218348],[122.52081569034037,14.299657910218373],[122.52078469034042,14.299802010218446],[122.52090489034079,14.300417810218946],[122.52087609034085,14.300540410219009],[122.52079669034093,14.300645410219033],[122.52068489034089,14.30071901021902],[122.52054369034084,14.30071651021893],[122.52041689034077,14.300652810218802],[122.52026459034066,14.300521810218623],[122.52021119034053,14.300380110218489],[122.52023729034045,14.300196310218396],[122.52042229034039,14.299924110218306],[122.52053149034023,14.299637810218176],[122.5204941903402,14.299519810218083],[122.52041889034008,14.299450910217981],[122.52028999034006,14.299418010217876],[122.52014069033999,14.299439710217806],[122.51994519033998,14.29951751021775],[122.51977319033999,14.299625110217718],[122.51965679034002,14.299773810217749],[122.51936429034026,14.300361810217973],[122.51917249034047,14.300891010218223],[122.51903609034065,14.301357110218465],[122.51905079034091,14.301766410218752],[122.51916709034116,14.302154810219095],[122.51932069034137,14.30244401021938],[122.51961439034166,14.30276981021978],[122.51994219034191,14.303020110220151],[122.52013699034215,14.303319210220469],[122.52020419034221,14.3034467102206],[122.5202258903423,14.3035816102207],[122.52018309034248,14.303905610220902],[122.52004429034251,14.304085910220955],[122.5199219903425,14.304146710220913],[122.51943629034237,14.304214810220671],[122.51839699034234,14.304862310220484],[122.51809939034243,14.30516721022052],[122.5178887903425,14.305461110220593],[122.51764039034278,14.30603921022084],[122.51767849034303,14.306507510221191],[122.51797099034346,14.307074310221743],[122.5192935903438,14.306901810222426],[122.51996759034408,14.306975710222877],[122.52048909034438,14.30716061022332],[122.52083239034457,14.307320810223635],[122.52137929034484,14.307468610224074],[122.52187519034516,14.307764410224577],[122.52216769034551,14.308208010225053],[122.52248569034577,14.308491410225445],[122.52329959034608,14.308528410225946],[122.52356659034628,14.308725610226256],[122.52375739034669,14.309304710226774],[122.52377009034694,14.309797610227118],[122.52361749034715,14.31025361022734],[122.52335039034723,14.31063561022744],[122.52369379034756,14.31096831022787],[122.52496549034792,14.310832710228555],[122.52528349034813,14.311005310228861],[122.52622449034901,14.312015710230122],[122.52716559034918,14.311732310230491],[122.5276615903492,14.311399610230563],[122.52822109034925,14.311177810230744],[122.52884429034953,14.31127641023119],[122.52913679034991,14.311793910231719],[122.52913679035021,14.312373110232118],[122.52932749035054,14.31289061023259],[122.53028129035106,14.313211010233388],[122.53096809035146,14.313531410234017],[122.53160389035197,14.31404891023476],[122.53232879035271,14.314911510235781],[122.53316819035456,14.31777031023825]]}},{"type":"Feature","properties":{"river_name":null,"name":null,"type":"River"},"geometry":{"type":"LineString","coordinates":[[122.51797099034346,14.307074310221743],[122.51793919034361,14.307371310221935],[122.51779939034361,14.307439010221897],[122.51715709034335,14.307377410221472],[122.51688369034319,14.307315810221256],[122.51666749034344,14.3078457102215],[122.51643229034337,14.307919610221404],[122.51584089034303,14.30763621022085],[122.51545299034309,14.307981210220845],[122.51529409034323,14.308350910221021],[122.51488069034339,14.308856210221103],[122.51474089034356,14.309299810221335],[122.51481079034372,14.309558610221545],[122.51516049034399,14.309811210221936],[122.51570739034415,14.30976191022223],[122.51581549034452,14.310408810222734],[122.51528769034464,14.310914110222763],[122.51494429034459,14.311105110222698],[122.51457549034455,14.311234410222555],[122.51435929034471,14.311684210222735],[122.51503339034545,14.312583810223773],[122.5146199903454,14.312787110223654],[122.5142384903452,14.312608410223298],[122.51384429034498,14.312472910222965],[122.51348819034492,14.312509810222787],[122.5130812903448,14.312614610222607],[122.51283959034488,14.312928810222678],[122.51296039034514,14.313280010222995],[122.51321479034532,14.313446310223261],[122.51351239034564,14.313888010223739],[122.51352849034578,14.314116710223907],[122.51349089034589,14.314350610224048],[122.51336749034601,14.314610510224156],[122.51318509034606,14.314828810224196],[122.51291689034608,14.315047110224185],[122.51275059034613,14.315229010224195],[122.51262189034618,14.315442210224276],[122.51254679034626,14.315639710224362],[122.51255209034636,14.315785210224462],[122.51259509034648,14.316019110224646],[122.51296519034686,14.316445310225165],[122.51373769034738,14.316928710225957],[122.51409169034757,14.317063910226267],[122.5145118903478,14.31715541022658],[122.5153362903481,14.317209410227113],[122.51596929034831,14.31718861022748],[122.51739239034885,14.317303210228422],[122.5182920903492,14.317401710229035],[122.51859249034936,14.31746411022926],[122.51891199034952,14.317584910229531]]}},{"type":"Feature","properties":{"river_name":null,"name":null,"type":"River"},"geometry":{"type":"LineString","coordinates":[[122.44133319023545,14.15772011007213],[122.44032599023545,14.158347910071978],[122.43818569023463,14.158191010070581],[122.43786189023494,14.159028110070965],[122.43753819023512,14.15951641007112],[122.43663889023495,14.159725610070728],[122.4356856902351,14.160719710070847],[122.43457059023491,14.160981310070367],[122.43079359023365,14.161103310068189],[122.43084759023326,14.160283710067645],[122.43097349023279,14.159429210067119],[122.43000219023261,14.159690810066726],[122.42982239023208,14.15876651006597],[122.43018209023182,14.158103810065723],[122.42912089023122,14.157667810064781],[122.4284554902313,14.15824331006479],[122.42708859023136,14.159185010064633],[122.42654899023105,14.159010610064179],[122.42624319023072,14.158592110063697],[122.42573959023046,14.158417710063274],[122.42530799023045,14.158679310063203],[122.42491229023052,14.15908041006325],[122.42457059023067,14.159516410063349],[122.42419289023032,14.159132710062847],[122.42367129023008,14.159028110062463],[122.42367129022989,14.158714210062247],[122.42347339022946,14.158016610061633],[122.42296989022937,14.158156110061428],[122.42284399022974,14.158923410061895],[122.42223239022952,14.15890601006151],[122.42163889022912,14.158522310060894],[122.42117129022887,14.15834791006049],[122.42048779022866,14.158470010060165],[122.41917489022869,14.159342010059989],[122.4191748902291,14.160039510060479],[122.41861729022938,14.160928910060763],[122.41762809022923,14.161295210060437],[122.41755619022953,14.16187061006079],[122.41687269022992,14.163039110061195],[122.41611729022988,14.163422710061003],[122.41564969023,14.163945910061097],[122.41435069022995,14.164679210060825],[122.41417479023004,14.164981510060935],[122.4143190902303,14.165373710061296],[122.41458219023062,14.16584831006179],[122.41440989023081,14.166249910061966],[122.41384109023068,14.166349510061691],[122.41358469023069,14.166532710061663],[122.41375869023092,14.166847710061994],[122.41341949023104,14.167259210062065],[122.41313739023109,14.167520710062098],[122.41335199023139,14.167948310062513],[122.41362919023166,14.168282910062905],[122.41403099023181,14.168288110063147],[122.41485829023227,14.16861941006388],[122.41484039023258,14.169212310064285],[122.41525399023318,14.170049410065118],[122.41489429023336,14.170590010065288],[122.41402269023402,14.17240031006602],[122.41361729023441,14.173345210066428],[122.4133967902344,14.17345931006638],[122.41304179023419,14.173275510066043],[122.41278999023379,14.172734910065518],[122.41269299023354,14.17229541006515],[122.41225039023318,14.171967610064653],[122.4108531902326,14.171730210063652],[122.41055979023228,14.171392110063245],[122.41046899023192,14.170701710062705],[122.41020319023171,14.170526510062427],[122.40974089023152,14.170458510062103],[122.40948059023154,14.170677210062097],[122.40930079023168,14.171043410062245],[122.40840149023202,14.172281510062565],[122.40800009023214,14.172752810062649],[122.4075170902321,14.17291361006248],[122.40672879023177,14.172857010061962],[122.40534389023097,14.172264110060723],[122.40484029023101,14.172595410060655],[122.40458789023137,14.173495610061135],[122.4044713902317,14.17416031006152],[122.4041977902316,14.174168710061359]]}},{"type":"Feature","properties":{"river_name":null,"name":null,"type":"River"},"geometry":{"type":"LineString","coordinates":[[122.4266835902175,14.133982710046734],[122.4268229902174,14.133743410046645],[122.42686599021732,14.1335041100465],[122.42702689021732,14.133410510046536],[122.42721999021732,14.133244010046534],[122.4273272902172,14.13305671004646],[122.42737019021712,14.132807010046314],[122.42711269021667,14.132193210045733],[122.42641539021606,14.131475310044808],[122.42615789021576,14.131100710044393],[122.42567509021531,14.130518110043688],[122.42524589021497,14.130226810043231],[122.42517079021486,14.130070710043078],[122.42519229021461,14.129644210042786],[122.42522439021455,14.12945691004268],[122.42532099021447,14.129311210042639],[122.42537469021435,14.12899911004245],[122.42536389021423,14.12882221004232],[122.42541759021412,14.128572510042172],[122.42537469021403,14.128447710042051],[122.42512789021389,14.128281210041806],[122.42497769021368,14.127979510041497],[122.42483819021356,14.127906610041357],[122.42467729021357,14.12801071004134],[122.42450559021354,14.128052310041255],[122.42429099021358,14.128270810041286],[122.42410869021357,14.128364410041241],[122.42380819021336,14.128218810040963],[122.4237330902133,14.128073110040809],[122.42358289021317,14.127979510040657],[122.42342199021311,14.127979510040566],[122.42323959021314,14.128104310040541],[122.42313229021313,14.128239610040566],[122.42293919021316,14.128333210040516],[122.4227889902131,14.128333210040429],[122.42266029021279,14.127885810040036],[122.42249929021268,14.127792210039873],[122.42231689021264,14.127844210039802],[122.42211309021282,14.12820841003993],[122.42199509021285,14.128333210039951],[122.42185559021283,14.128406010039924],[122.42143719021264,14.128385210039653],[122.42109379021241,14.128145910039285],[122.42095439021243,14.1282812100393],[122.42096509021253,14.128437310039406],[122.42093289021258,14.12862451003952],[122.42076129021264,14.128801410039548],[122.42054669021262,14.128874210039472],[122.42037499021252,14.128801410039312],[122.42002099021214,14.128343610038774],[122.41998879021202,14.128114710038595],[122.42024629021202,14.128010710038676],[122.420364290212,14.127865010038647],[122.42034279021193,14.127698610038518],[122.42025699021183,14.127552910038357],[122.4200745902117,14.12748011003821],[122.41968839021155,14.127469710037971]]}},{"type":"Feature","properties":{"river_name":null,"name":null,"type":"River"},"geometry":{"type":"LineString","coordinates":[[122.41968839021155,14.127469710037971],[122.41902319021113,14.127079510037298],[122.41865299021082,14.12672051003682],[122.41826679021052,14.126502110036434],[122.41803079021041,14.126424010036235],[122.41786449021026,14.126278410036043],[122.41759089020998,14.125909010035619],[122.41752109020986,14.125711310035435],[122.41734409020964,14.12538881003511],[122.41718319020949,14.12524831003491],[122.41709739020949,14.125331610034918],[122.41701689020955,14.125482410034975],[122.41687739020955,14.125544810034938],[122.41653409020941,14.125529210034722],[122.4163355902093,14.125466810034554],[122.41622299020923,14.125399210034434]]}},{"type":"Feature","properties":{"river_name":null,"name":null,"type":"River"},"geometry":{"type":"LineString","coordinates":[[122.41622299020923,14.125399210034434],[122.41613709020919,14.12536281003436],[122.41606739020914,14.125289910034269],[122.41604059020895,14.12498301003404],[122.41595469020874,14.124629310033738],[122.41590649020853,14.124254710033444],[122.41583139020841,14.124124610033313],[122.41569189020835,14.12407261003319],[122.41532169020827,14.124145410033021],[122.4151714902082,14.12412981003292],[122.41503739020814,14.124098610032819],[122.414951590208,14.12396341003267],[122.41491399020789,14.123718910032471],[122.41495699020766,14.12327151003218],[122.41485499020743,14.122995710031931],[122.41452779020706,14.122444310031344],[122.41439909020696,14.122335110031202],[122.41421669020683,14.12222581003101],[122.4137928902067,14.12223101003076],[122.41299889020638,14.122168610030236],[122.41255019020618,14.122076510029911],[122.41243969020626,14.122306310030005],[122.41247749020641,14.12253781003019],[122.4124570902065,14.122668010030267],[122.41239279020651,14.122751210030293],[122.41233379020645,14.122751210030254],[122.41219959020633,14.12258481003005],[122.4114432902059,14.122267410029384],[122.41128229020576,14.122116610029178],[122.41107309020563,14.121991710028976],[122.41082639020532,14.121627510028565],[122.41068149020525,14.12154951002843],[122.4105205902052,14.12153911002831],[122.41040259020518,14.12160151002829]]}},{"type":"Feature","properties":{"river_name":null,"name":null,"type":"River"},"geometry":{"type":"LineString","coordinates":[[122.35164459020432,14.157237510018057],[122.35131529020407,14.157011110017697],[122.35063829020383,14.157013110017294],[122.3502344902036,14.156826410016922],[122.34990539020322,14.156316410016357],[122.3497541902027,14.155448610015666],[122.34954629020244,14.155058610015265],[122.34921619020216,14.15476691001488],[122.34895649020207,14.154755110014712],[122.34849939020215,14.155187010014728],[122.34797749020231,14.155890010014911],[122.34770889020234,14.156092610014886],[122.34749969020233,14.156196610014835],[122.34721999020229,14.156267110014731],[122.34691149020217,14.15623811001452],[122.34613179020158,14.155629710013628],[122.34588499020144,14.155588010013453],[122.34569189020144,14.155640110013366],[122.34546119020146,14.15583251001337],[122.3447584902016,14.156571110013456],[122.34442049020171,14.15697681001354],[122.3441802902017,14.157087310013475],[122.34388499020157,14.157091210013293],[122.34361689020145,14.156995310013073],[122.3427897902007,14.156160210011995],[122.34203339020014,14.155603610011143],[122.34162029019986,14.155348810010736],[122.34096049019932,14.154828610009966],[122.34073519019913,14.154594510009668],[122.34044869019883,14.15417101000919],[122.34027119019865,14.154004210008983],[122.34008279019852,14.153885610008787],[122.33987689019847,14.153863710008658],[122.3396890901984,14.153907910008561],[122.33848209019818,14.154287710008107]]}},{"type":"Feature","properties":{"river_name":null,"name":null,"type":"River"},"geometry":{"type":"LineString","coordinates":[[122.4519437902288,14.138762010065205],[122.45166729022846,14.13830471006472],[122.45121199022824,14.1382416100644],[122.45087049022806,14.138083910064097],[122.45068349022756,14.137311210063435],[122.4507566902273,14.136719810063056],[122.44960209022699,14.136877510062488],[122.44807349022666,14.137256010061833],[122.4472928902264,14.137287510061384],[122.4469432902265,14.137705410061473],[122.4463171902264,14.137863110061204],[122.44592689022646,14.13830471006128],[122.44553659022637,14.138367710061104],[122.4447722902259,14.137957710060354],[122.44434139022577,14.137981410060108],[122.44421939022585,14.138241610060216],[122.4437884902257,14.138241610059959],[122.44347949022549,14.138076010059661],[122.4431379902254,14.13809971005947],[122.44282089022539,14.138281010059405],[122.44265829022525,14.138107510059191],[122.44192649022494,14.13808391005873],[122.44160119022472,14.137760610058312],[122.44130849022426,14.137114110057682],[122.44104829022413,14.137058910057489],[122.44064179022368,14.13653061005687],[122.44039789022361,14.136570010056754],[122.43987749022337,14.136404510056327],[122.43906439022287,14.136065410055604],[122.4387797902226,14.135718510055185],[122.43869849022228,14.135158710054744],[122.4383650902222,14.1352296100546],[122.4378446902222,14.135584410054538],[122.43756019022204,14.135489810054299],[122.43723489022179,14.13517441005388],[122.4369096902218,14.13539521005384],[122.43673079022206,14.135962910054134],[122.43691779022231,14.13635711005451],[122.43715359022248,14.136562110054808],[122.43729999022267,14.136782910055052],[122.43721049022281,14.13705101005519],[122.43663319022268,14.13721661005496],[122.43625109022285,14.137737010055087],[122.43576319022316,14.138643710055435],[122.43550299022368,14.139763310056065],[122.43487699022398,14.140709510056357],[122.43480379022418,14.141072210056562],[122.43477129022439,14.141592510056912],[122.4345354902246,14.14208931005712],[122.43433219022465,14.142317910057159],[122.43428339022488,14.142775210057447],[122.43373859022503,14.143374410057538],[122.4334458902253,14.144028810057824],[122.4332832902253,14.144139210057803],[122.43305559022518,14.14410771005764],[122.43174649022413,14.142925010056027],[122.43142129022395,14.142806710055755],[122.43119359022393,14.142917110055693],[122.43090909022406,14.143421710055877],[122.43073019022407,14.143516410055845],[122.43057569022396,14.143382310055655],[122.43051059022378,14.143098510055411],[122.43059189022361,14.142743710055214],[122.43047809022337,14.142420410054923],[122.43016099022314,14.14216811005455],[122.42973009022295,14.142081410054223],[122.42706309022226,14.142507110052934],[122.42637199022204,14.142522910052532],[122.42623379022194,14.142396810052361],[122.42611989022163,14.141939510051973],[122.42601419022155,14.141837010051832],[122.42583539022145,14.141805410051706],[122.42554259022145,14.141931610051618],[122.42530679022136,14.141931610051476],[122.42480269022106,14.14166351005099],[122.424640090221,14.141647710050874],[122.42431489022096,14.141844810050818],[122.42307809022043,14.141687210049962],[122.42271329022026,14.141562310049663],[122.42241289022007,14.141437510049396],[122.42230559021998,14.141291810049236],[122.42232709021988,14.141146210049138],[122.42247729021987,14.140979710049109],[122.42277769021986,14.140792510049174],[122.4230351902199,14.140709210049264],[122.42322829021985,14.140522010049247],[122.42329269021978,14.140293110049123],[122.42327119021967,14.14008501004896],[122.42309949021951,14.139960210048777],[122.42211249021906,14.139835310048095],[122.42183349021896,14.139752110047871],[122.42151169021878,14.139627210047589],[122.42129709021863,14.139440010047334],[122.42086789021833,14.139148710046868],[122.42069629021826,14.139148710046769],[122.42073919021836,14.13933591004693],[122.4209537902187,14.139814510047385],[122.42093229021886,14.14012661004759],[122.42067479021885,14.140293110047553],[122.4204602902189,14.140501210047567],[122.42033149021903,14.14083411004773],[122.42026709021921,14.141208610047947],[122.42009549021928,14.141437510048009],[122.41964329021911,14.141400010047718],[122.41934969021904,14.141466410047583],[122.41919889021912,14.141680810047642],[122.41935489021961,14.142461210048282],[122.41961729021988,14.1428244100487],[122.41998219022013,14.142996510049032],[122.42020559022036,14.143347610049418],[122.4203234902206,14.143690810049725],[122.42028299022076,14.144035710049945],[122.41993229022094,14.144545110050094],[122.41957829022076,14.144452310049804],[122.41907359022046,14.14424091004935],[122.4186865902202,14.144005610048964],[122.41769329021972,14.143755610048192],[122.41720729021952,14.143697810047865],[122.41680139021952,14.143959510047797],[122.4166103902196,14.144238810047893],[122.41648719021981,14.144693010048128],[122.41622799021975,14.14471721004799],[122.41564359021952,14.144694010047623],[122.41533659021935,14.144521610047317],[122.41516529021904,14.144057010046891],[122.414337290218,14.142679510045431],[122.41354869021731,14.141966010044463],[122.41318609021688,14.141437510043872],[122.41236169021619,14.140598410042791],[122.41196599021578,14.140110010042218],[122.4116987902156,14.139965010041953],[122.41133329021548,14.140013810041765],[122.41108329021549,14.140147410041706],[122.41089009021557,14.140459610041814],[122.41067559021565,14.140709210041853],[122.4105038902156,14.140750910041787],[122.41035369021552,14.140667610041648],[122.41022489021536,14.140459610041413],[122.41003179021516,14.140251510041157],[122.409817190215,14.140085010040902],[122.40952059021483,14.139955410040631],[122.40926349021473,14.139889010040438],[122.40898819021464,14.139871610040263],[122.4088086902146,14.139960210040217],[122.40850829021464,14.140251510040237],[122.40795039021485,14.140958910040409],[122.40777879021495,14.141250210040504],[122.407542690215,14.14147911004052],[122.407306690215,14.141583210040453],[122.40662009021472,14.141562310040026],[122.40619089021466,14.141708010039867],[122.40606219021473,14.14189531003992],[122.4060621902148,14.142061710040037],[122.40610509021496,14.142332210040255],[122.40623379021515,14.142623510040542],[122.40631959021555,14.143289410041058],[122.40625009021562,14.143483310041148],[122.40527979021537,14.143572310040641],[122.40518239021533,14.143662110040639],[122.40513949021542,14.143767910040685],[122.40524679021581,14.144412910041195],[122.40520379021602,14.144891510041516],[122.40507509021609,14.145058010041545],[122.40468889021606,14.145275210041476],[122.4038763902158,14.145270910040987],[122.40279669021554,14.145483710040482],[122.40206489021519,14.145349610039947],[122.40167459021494,14.145121010039555],[122.40140629021458,14.14459271003902],[122.40112169021434,14.144308910038664],[122.4005769902141,14.144253710038294],[122.39985329021383,14.144230010037834],[122.39924349021352,14.14406451003737],[122.39892639021342,14.14404871003715],[122.39861739021347,14.14431681003716],[122.39817829021375,14.145105210037439],[122.39778809021429,14.146398210038122],[122.39755229021443,14.146784610038255],[122.3970155902145,14.147241910038247],[122.39682859021458,14.147517810038337],[122.39653589021488,14.14820381003864],[122.39633259021491,14.148424510038668],[122.39607239021485,14.148479710038542],[122.39590979021472,14.148345710038349],[122.39595049021466,14.14819591003828],[122.39618629021457,14.147935710038238],[122.3962349902145,14.147675510038082],[122.39623499021421,14.147178810037738],[122.39635699021389,14.146516510037344],[122.39635699021363,14.14605921003703],[122.39618629021344,14.145799010036743],[122.39546259021283,14.145128910035847],[122.39533249021254,14.144750410035499],[122.39540569021234,14.144253710035194],[122.39537319021203,14.143757010034832],[122.39527559021198,14.143670210034712],[122.39485279021173,14.143520410034354],[122.39441369021158,14.143520410034085],[122.39420229021161,14.143686010034083],[122.39403159021175,14.14406451003424],[122.39382019021181,14.144324610034294],[122.39338109021176,14.144506010034162],[122.3930639902116,14.144435010033918],[122.3928362902114,14.144151210033584],[122.39212889021044,14.14289761003229],[122.39195819021033,14.14273991003207],[122.39169799021028,14.142771410031939],[122.39139709021025,14.142976410031903],[122.38882779021078,14.145578310032183],[122.38867329021085,14.14584631003227],[122.38870579021109,14.146232710032566],[122.3892242902118,14.147224810033572],[122.38922189021237,14.148221510034269],[122.38905539021276,14.14906631003476],[122.38826219021333,14.150606810035354],[122.38792989021361,14.151339910035672],[122.38754409021384,14.152017410035915],[122.38733269021431,14.152988410036468],[122.38741129021463,14.153544310036903],[122.38768259021501,14.154096610037458],[122.38813159021588,14.155420310038643],[122.38843379021617,14.155726710039039],[122.38880199021635,14.155856810039355],[122.3889388902166,14.15618761003967],[122.38896289021689,14.15676201004008],[122.38941899021746,14.15752311004089],[122.38958399021772,14.15789031004124],[122.38955189021797,14.158340910041536],[122.38932399021803,14.15861791004159],[122.38825019021787,14.159063110041263],[122.38796379021782,14.159091810041106],[122.3875634902178,14.159312810041031],[122.38730469021772,14.159263510040837],[122.38695209021763,14.159380010040712],[122.38676359021787,14.159900910040953],[122.38671019021815,14.16046321004132],[122.38656489021842,14.161075210041657],[122.38617579021849,14.161482510041711],[122.38556799021845,14.161767810041544],[122.38462079021826,14.16201861004115],[122.3839974902181,14.162073810040818],[122.38291599021755,14.16178301003996],[122.38251799021738,14.161719010039683],[122.38204909021725,14.161759710039425],[122.38140519021692,14.161597210038932],[122.38114499021687,14.161657010038818],[122.3808008902172,14.162450010039157],[122.38050069021712,14.162513110039022],[122.38009439021715,14.162822410039],[122.37980879021708,14.162841010038843],[122.37889019021685,14.16302101003841],[122.37798149021678,14.163455210038167],[122.37733159021683,14.163974010038142],[122.37661269021694,14.164643910038182],[122.37598909021723,14.165578610038464],[122.37595769021748,14.166052310038772],[122.37566379021771,14.16665721003902],[122.37508839021778,14.16718241003904],[122.37473689021789,14.167560110039087],[122.37428189021784,14.167758610038959],[122.37408589021769,14.167622110038742],[122.37393729021738,14.16718671003836],[122.37384719021706,14.166582710037876],[122.37405119021662,14.165658910037354],[122.3739296902163,14.165153510036935],[122.37301189021534,14.163993210035574],[122.3711501902138,14.162311510033282],[122.37080099021364,14.162225610033008],[122.37056499021361,14.16233781003295],[122.3702293902138,14.162903010033137],[122.36993369021407,14.16358241003343],[122.37002009021434,14.164056810033827],[122.3700373902145,14.16434431003403],[122.36961869021448,14.164588010033954],[122.3690821902144,14.164721410033723],[122.36873009021429,14.164746410033532],[122.36750239021357,14.16420481003242],[122.36703289021335,14.164125310032082],[122.36685019021336,14.164269410032071],[122.36652539021362,14.164901010032318],[122.36618999021398,14.165799810032741],[122.3660351902141,14.166073810032836],[122.36598909021416,14.166261710032938],[122.3653436902141,14.166601410032786],[122.36475879021405,14.166802410032584],[122.36434629021402,14.166982210032456],[122.36403129021389,14.167004310032295],[122.36379399021365,14.166635510031897],[122.36385749021356,14.16647161003181],[122.36406589021352,14.166317310031822],[122.36425519021343,14.166035910031743],[122.36433009021333,14.165698610031546],[122.36411619021291,14.165128710031034],[122.36378549021248,14.1645145100304],[122.36331009021224,14.164409310030043],[122.36298819021214,14.164409310029857],[122.36287549021219,14.164594810029914],[122.36252399021207,14.164604010029706],[122.36203339021186,14.164501610029347],[122.3609264902113,14.164199510028475],[122.360348890211,14.163972410027974],[122.36001529021088,14.163985610027778],[122.3594951902109,14.16434231002771],[122.35918589021105,14.16479961002784],[122.35891509021103,14.164966510027794],[122.35790139021059,14.164770510027052],[122.3574403902105,14.164949610026898],[122.35719469021049,14.1650127100268],[122.35677519021034,14.165042710026567],[122.35637499021017,14.164951610026266],[122.35583809020994,14.164928610025926],[122.35552369020974,14.164703510025586],[122.35542679020948,14.164311910025251],[122.35557969020937,14.16402501002514],[122.35589539020935,14.163815410025178],[122.35571729020883,14.162953410024487],[122.3549562902083,14.162425510023654],[122.35456149020791,14.162001310023118],[122.35434709020748,14.161355710022542],[122.354259990207,14.160514610021904],[122.35432519020671,14.159938510021535],[122.35456549020645,14.159319610021255],[122.35460799020628,14.158973010021038],[122.35447249020609,14.158657610020736],[122.35416909020594,14.158605310020521],[122.35375099020584,14.158720010020351],[122.35315279020567,14.158755110020017],[122.35277479020547,14.158635910019697],[122.35246929020518,14.158241510019247],[122.35195539020467,14.157689810018551],[122.35164459020432,14.157237510018057]]}},{"type":"Feature","properties":{"river_name":null,"name":null,"type":"River"},"geometry":{"type":"LineString","coordinates":[[122.69491179038937,14.279299610309167],[122.69500669038972,14.27998221030969],[122.69496249038978,14.280064110309734],[122.69482999038975,14.280078210309654],[122.69462179038972,14.280159010309587],[122.69444509038973,14.280304310309576],[122.69412959038986,14.280749010309705],[122.69417819038992,14.280835810309796],[122.69428019038999,14.280854010309863],[122.69448529038993,14.280660410309855],[122.69457889038993,14.280625610309889],[122.69468919039004,14.280683710309999],[122.69490509039032,14.281111810310419],[122.69495309039047,14.28129751031058],[122.69491839039055,14.281530310310716],[122.69474069039066,14.2818076103108],[122.69448039039072,14.282083110310838],[122.69434099039084,14.282421010310985],[122.69435869039103,14.282742610311223],[122.69433119039114,14.282951710311352],[122.69428479039117,14.283025610311375],[122.69421979039116,14.283037510311349],[122.69406029039108,14.282970210311193],[122.69398689039106,14.282987710311165],[122.69390569039112,14.283152710311233],[122.69388519039116,14.283277810311311],[122.69404649039146,14.283660310311673],[122.69419669039156,14.283746010311823],[122.69448389039167,14.283814610312037],[122.69487729039189,14.283987810312391],[122.69492759039198,14.284074210312493],[122.69490299039208,14.284266610312613],[122.6946759903922,14.284641710312725],[122.69453689039224,14.284780710312742],[122.69435089039224,14.284899110312718],[122.6940213903922,14.285053310312616],[122.69363099039197,14.28488611031227]]}},{"type":"Feature","properties":{"river_name":null,"name":null,"type":"River"},"geometry":{"type":"LineString","coordinates":[[122.69242479039526,14.291630710316214],[122.69201649039498,14.291429910315827],[122.69176169039476,14.291144710315475],[122.69141559039456,14.290962110315144],[122.69093819039436,14.29087111031479],[122.69034239039385,14.290397510314108]]}},{"type":"Feature","properties":{"river_name":null,"name":null,"type":"River"},"geometry":{"type":"LineString","coordinates":[[122.39534799028493,14.277477010127548],[122.39531739028457,14.276812110127077],[122.39516509028415,14.276131110126515],[122.39514719028372,14.275373510125986],[122.39477999028345,14.275091210125568],[122.39435159028329,14.275147710125347],[122.39377789028333,14.275483010125233],[122.39353959028405,14.276915810126072],[122.39350739028448,14.277787810126654],[122.39372889028492,14.27837311012719],[122.39391669028512,14.278662810127502]]}},{"type":"Feature","properties":{"river_name":null,"name":null,"type":"River"},"geometry":{"type":"LineString","coordinates":[[122.4041977902316,14.174168710061359],[122.40394769023146,14.17402041006111],[122.40371839023108,14.17347121006059],[122.40352799023091,14.17329201006035],[122.40329299023088,14.173373510060271],[122.40285939023109,14.17405411006048],[122.40265669023107,14.174125410060405],[122.40252219023098,14.174035810060268],[122.40222469023055,14.173493910059706],[122.40190329022975,14.172223310058621],[122.40170299022965,14.17211261005843],[122.40142019022957,14.17214621005828],[122.40103609022961,14.172512510058311],[122.40065619022978,14.173030710058443],[122.40028289022963,14.172995910058196],[122.39938889022918,14.172774210057513],[122.39879439022903,14.172829510057197],[122.39793279022885,14.173022210056805],[122.39747349022879,14.173235810056681],[122.39719749022885,14.17348001005669],[122.39713379022902,14.173872110056926],[122.39713629022935,14.174432110057314],[122.39739179022983,14.175218710058015],[122.39742929023,14.175486910058225],[122.39720949023022,14.175968710058424],[122.3968940902303,14.17637101005851],[122.39659049023021,14.176389910058344],[122.39624759022992,14.176046310057899],[122.39557409022943,14.175621110057202],[122.39499819022899,14.175113510056507],[122.39447799022867,14.174869610056025],[122.39425479022857,14.174839810055868],[122.39394789022859,14.175059710055832],[122.39365339022878,14.175602710056042],[122.39361039022897,14.175968210056269],[122.39373849022924,14.17640111005665],[122.39445149022984,14.17711231005757],[122.39481779023,14.177149710057806],[122.39550889023012,14.176897910058054],[122.39567559023025,14.177056310058266],[122.39560499023042,14.177415110058469],[122.3950296902303,14.177571210058236],[122.39469769023043,14.177971910058314],[122.39439809023071,14.178727810058662],[122.394395890231,14.179239810059018],[122.39481549023147,14.179823510059682],[122.39492189023183,14.180435310060167],[122.39518159023214,14.18083321006061],[122.39557599023222,14.180729010060768],[122.3961379902324,14.180712310061091],[122.39641649023262,14.180931810061407],[122.39642579023288,14.1813454100617],[122.39608299023305,14.181932510061905],[122.39619029023329,14.182301710062225],[122.39678919023363,14.182559410062765],[122.39782419023393,14.18238071006326],[122.39818359023417,14.182672310063683],[122.3983754902346,14.183323610064248],[122.39822789023485,14.18391391006458],[122.39776319023483,14.184169510064471],[122.39742569023504,14.184737910064666],[122.39683949023507,14.185132510064586],[122.39658169023521,14.185565010064733],[122.3966404902357,14.186426010065366],[122.39682849023576,14.186402210065461],[122.39749259023584,14.18613971006568],[122.39786419023599,14.186226710065974],[122.39810459023634,14.186728810066452],[122.39835379023651,14.186855910066694],[122.39866179023662,14.18685951006688],[122.39885249023679,14.18706971006714],[122.39889159023701,14.187426710067422],[122.39837699023698,14.187716810067304],[122.39823939023707,14.187940910067379],[122.39834769023723,14.188149010067589],[122.39859249023742,14.188306710067842],[122.39874439023771,14.188812510068287],[122.39913349023796,14.188975710068632],[122.39922389023808,14.189185810068834],[122.3988791902383,14.189765310069037],[122.39895859023855,14.190200010069386],[122.39872509023874,14.190725710069605],[122.39864309023905,14.191334610069985],[122.39842489023937,14.192062310070362],[122.39834619023964,14.192544910070643],[122.3985669902399,14.19290801007103],[122.39860019024007,14.193250710071297],[122.39849349024026,14.193652610071505],[122.39919669024077,14.194117910072249],[122.39913809024088,14.194374010072394],[122.39876489024076,14.19438951007218],[122.39820009024073,14.19468431007205],[122.39770609024053,14.194640110071722],[122.39735379024044,14.194646810071513],[122.39695609024017,14.194477810071156],[122.39672539023991,14.194131910070782],[122.3965277902398,14.194036610070592],[122.39628549023978,14.194136410070511],[122.39608659023985,14.194398510070583],[122.39607909023994,14.194606210070722],[122.39627199024017,14.19490551007105],[122.39618309024037,14.19528121007125],[122.39607469024041,14.19546171007131],[122.39580299024037,14.195531410071201],[122.39550109024026,14.195495210070993],[122.39513769023996,14.195210910070575],[122.39454259023934,14.194445210069679],[122.3942445902392,14.194365810069447],[122.3939154902391,14.194383510069262],[122.39339179023901,14.194532110069062],[122.39308059023888,14.194524110068865],[122.39255289023863,14.194429710068476],[122.39246589023855,14.194291310068333],[122.39253869023847,14.194041310068206],[122.39275159023833,14.193737310068125],[122.39295939023827,14.19350411006808],[122.39289029023813,14.193262110067872],[122.39269859023793,14.193004810067569],[122.39227559023765,14.192786110067173],[122.3918790902375,14.192733510066898],[122.39147089023739,14.192788310066685],[122.39091129023733,14.193044010066538],[122.39040879023739,14.193445810066518],[122.38989679023743,14.193912110066526],[122.38973469023757,14.194238210066658],[122.38966899023782,14.194703610066943],[122.38941739023775,14.194798310066858],[122.38860829023787,14.195484410066847],[122.38833529023765,14.195279410066542],[122.38793699023728,14.194831610065991],[122.38768649023719,14.194824910065833],[122.38726349023712,14.194964810065681],[122.3867530902369,14.194878110065316],[122.38598959023666,14.19490931006488],[122.38533389023651,14.19502891006457],[122.38481719023642,14.19521221006438],[122.38469049023647,14.195416810064444],[122.38464199023664,14.195749010064649],[122.38470489023682,14.196052710064894],[122.38462209023692,14.196260910064993],[122.3841894902369,14.196547710064936],[122.3838083902369,14.196736710064837],[122.38343009023694,14.197081110064849],[122.38274619023697,14.197534910064752],[122.38258169023706,14.19777241006482],[122.38247739023723,14.198185010065048],[122.3823817902373,14.198378010065118],[122.38208649023727,14.198500910065027],[122.3819568902373,14.19865681006506],[122.38197749023739,14.198828310065194],[122.3822957902376,14.199025210065518],[122.38238839023782,14.199318310065777],[122.38235669023815,14.199939910066192],[122.38247579023833,14.200248410066473],[122.38242439023843,14.200423210066562],[122.38217249023849,14.200716210066616],[122.3820692902386,14.200951210066723],[122.38170579023853,14.201063010066582],[122.38136259023862,14.20146991006665],[122.38103629023884,14.202049710066865],[122.38097569023905,14.202497910067127],[122.38081759023919,14.202835810067281],[122.38051349023934,14.20330121006741],[122.38012769023939,14.203625410067414],[122.37992699023958,14.20413191006765],[122.3795970902396,14.204383110067612],[122.37941339023972,14.20469821006773],[122.37889419023966,14.20493991006758],[122.37878389023977,14.205180110067678],[122.37895119024006,14.205600810068079],[122.37929699024049,14.206226910068715],[122.37941489024084,14.206751410069149],[122.3799866902413,14.20721371006981],[122.38019199024158,14.207639910070242],[122.38042169024223,14.208692310071095],[122.38073569024247,14.208949310071457],[122.38097829024248,14.208814010071524],[122.38113049024221,14.20818921007118],[122.3813133902421,14.207852910071058],[122.38159249024218,14.207862410071229],[122.38208929024265,14.208369510071881],[122.38228169024289,14.208694810072217],[122.38227859024309,14.20907391007248],[122.38178459024317,14.20951731007249],[122.38092739024327,14.210197410072452],[122.38036879024311,14.210311910072194],[122.3798337902428,14.210096110071719],[122.37951459024251,14.209797110071323],[122.37930269024244,14.20973211007115],[122.3790102902424,14.209856910071057],[122.37846309024239,14.210213110070988],[122.37756729024225,14.21053031007066],[122.37719709024229,14.21073831007058],[122.37695519024227,14.21092531007057],[122.37680019024232,14.211107610070593],[122.37668939024239,14.211315510070683],[122.37662049024254,14.211614610070841],[122.37658289024264,14.211866810070992],[122.37658289024284,14.21223601007125]]}},{"type":"Feature","properties":{"river_name":null,"name":null,"type":"River"},"geometry":{"type":"LineString","coordinates":[[122.39737269028502,14.276361310128003],[122.3972990902846,14.275600010127432],[122.39704139028419,14.274987010126852],[122.396572090284,14.274930810126534],[122.39633989028397,14.275075510126506],[122.3963052902842,14.27550101012677],[122.39666959028494,14.276628810127761]]}},{"type":"Feature","properties":{"river_name":null,"name":null,"type":"River"},"geometry":{"type":"LineString","coordinates":[[122.59297189025247,14.092878110117205],[122.59286219025259,14.093176010117354],[122.5924782902527,14.093622810117434],[122.59169949025267,14.094080310117299],[122.59141429025274,14.094399510117361],[122.59160079025327,14.095165510118004],[122.59208339025375,14.095772010118727],[122.59229179025398,14.096123110119102],[122.5921162902541,14.09642101011921],[122.59175429025413,14.096708210119202],[122.59156779025447,14.097453010119612],[122.59187499025501,14.098293410120387],[122.59185309025524,14.09868711012066],[122.59175429025534,14.09889991012075],[122.5914690902552,14.098889210120568],[122.59048189025461,14.09838921011962],[122.59026249025457,14.098463710119548],[122.59030639025487,14.098974310119937],[122.59077799025528,14.099431810120537],[122.59104129025542,14.099527610120766],[122.59151299025548,14.099357310120931],[122.59212729025585,14.099623310121489],[122.59253319025618,14.09992121012194],[122.59246729025632,14.100325510122184],[122.59224799025648,14.10071911012233],[122.59239059025671,14.101080910122672],[122.59262089025701,14.101485110123097],[122.59257699025737,14.102134110123535],[122.5925879902578,14.10290011012408],[122.5929609902582,14.103453310124692],[122.59341069025854,14.103719310125157],[122.59420049025881,14.103772510125662],[122.5950999902591,14.103761910126192],[122.5961969902594,14.10360231012674],[122.59676739025953,14.103421410126947],[122.59703059025965,14.103559710127206],[122.59701969025986,14.103857610127417],[122.59632859026007,14.10477251012765],[122.59607629026031,14.105325710127888],[122.59614209026057,14.105836410128289],[122.59602139026077,14.106293910128544],[122.59553879026095,14.106868410128651],[122.59554979026116,14.10727261012895],[122.59578009026171,14.108091810129675],[122.5962188902618,14.107974810129846],[122.59661379026173,14.107602410129822],[122.59682219026153,14.107123710129603],[122.59695389026128,14.10659181012931],[122.5973596902613,14.10635771012939],[122.59788629026151,14.106432210129748],[122.59797399026228,14.107783310130765],[122.59842379026234,14.107570510130884],[122.59893929026232,14.107230110130951],[122.59923549026254,14.10748541013131],[122.59988269026316,14.108155610132169],[122.6006176902637,14.10865561013296],[122.60061769026393,14.109102510133278],[122.60026659026407,14.109634410133438],[122.59991559026416,14.109996110133482],[122.60026659026471,14.110762110134244],[122.6010234902652,14.111208910135014],[122.60130869026554,14.11166631013551],[122.60145129026594,14.112347210136077],[122.60180239026613,14.112411010136327],[122.602021690266,14.11204931013621],[122.60248249026591,14.111623810136182],[122.60294319026603,14.111528010136391],[122.60366719026648,14.111900410137082],[122.60393039026675,14.1122621101375],[122.60388659026698,14.1127302101378],[122.60401819026725,14.113049310138104],[122.6045117902675,14.113251510138548],[122.6045227902678,14.11376211013891],[122.604380190268,14.114251510139178],[122.60427049026805,14.11438981013921],[122.60382069026787,14.114389810138935],[122.60322839026774,14.114474910138643],[122.60265799026762,14.114613210138394],[122.60248249026772,14.114932310138517],[122.6025592902679,14.115230210138783],[122.60314059026824,14.115474910139298],[122.60335999026863,14.11607061013986],[122.60322839026874,14.116283410139928],[122.60233989026837,14.116240810139361],[122.60146229026802,14.116091910138728],[122.60130869026808,14.116336610138815],[122.60140749026927,14.118496110140397],[122.60145489026948,14.118819110140654],[122.60125879026961,14.119203110140813],[122.60087349026955,14.11933801014067],[122.60060319026935,14.119164810140395],[122.60065719026912,14.118650810140055],[122.60066149026869,14.117868510139509],[122.60014599026822,14.1173046101388],[122.59993079026806,14.11722471013862],[122.59972909026808,14.117315310138562],[122.59923549026819,14.11781531013862],[122.59884059026838,14.118453610138841],[122.59875279026862,14.118953610139144],[122.59840179026898,14.119868410139565],[122.59799449026903,14.120234310139587],[122.59795219026923,14.120576310139798],[122.59816379026951,14.120959410140202],[122.59893969026992,14.12120561014083],[122.59927819027023,14.121602310141322],[122.5989960902705,14.122272710141628],[122.59901019027087,14.122929310142096],[122.59934879027107,14.123066110142405],[122.59970139027118,14.123038810142585],[122.60029389027154,14.123394510143195],[122.60047729027194,14.123941710143688],[122.60094279027219,14.124119510144094],[122.60115439027253,14.12458461014455],[122.60132369027295,14.125296010145153],[122.60122889027329,14.125935210145556],[122.60184179027394,14.12678121014651],[122.60214619027418,14.127008210146856],[122.60244819027423,14.126972710147015],[122.60254739027418,14.126753710146916],[122.6022991902739,14.12642391014654],[122.60213379027358,14.125911310146074],[122.60205779027334,14.125536710145767],[122.60210149027318,14.125224010145573],[122.60225339027318,14.125081710145556],[122.6025606902733,14.125155710145803],[122.60280039027349,14.125373910146099],[122.60313779027415,14.12633761014698],[122.60335379027467,14.127175510147707],[122.60327949027482,14.127461810147857],[122.6026281902748,14.127826210147727],[122.60194339027463,14.12800101014743],[122.60123189027459,14.128358410147266],[122.60003749027445,14.128888210146924],[122.59984169027447,14.129047310146923],[122.5997945902746,14.129311210147078],[122.5996598902747,14.12951141014713],[122.59949859027462,14.129557810147073],[122.59904619027427,14.129187710146539],[122.5987830902741,14.129014310146264],[122.59802699027365,14.128706810145589],[122.59693269027315,14.128414410144726],[122.59631139027276,14.12808281014412],[122.59613229027275,14.128202710144096],[122.59600739027289,14.128493110144234],[122.59600079027302,14.128811610144453],[122.59633329027331,14.129108310144872],[122.59651709027355,14.129483610145238],[122.59676299027382,14.129788410145604],[122.59758349027418,14.129900010146166],[122.59789029027442,14.130181910146549],[122.59787749027463,14.130600910146843],[122.5973184902748,14.13124161014696],[122.59743279027556,14.132523010147937],[122.5972930902761,14.133619610148614],[122.59703899027616,14.133903010148673],[122.59650529027603,14.134013910148425],[122.59600979027586,14.134013910148136],[122.59581919027596,14.134371210148267],[122.59617499027635,14.134839410148818],[122.5967339902767,14.135110510149335],[122.59665779027685,14.135381510149484],[122.59640369027692,14.135738810149585],[122.59631469027745,14.136786110150267],[122.59642909027774,14.137217410150646],[122.59677209027805,14.137537710151078],[122.59711519027816,14.137550010151287],[122.59716599027838,14.137944310151594],[122.5971659902788,14.138658910152097],[122.597356590279,14.13894231015242],[122.59773509027929,14.139221310152838]]}},{"type":"Feature","properties":{"river_name":null,"name":null,"type":"River"},"geometry":{"type":"LineString","coordinates":[[122.63278149028511,14.1277171101657],[122.63307709028545,14.128092710166147],[122.63312799028596,14.129021810166824],[122.63351529028624,14.129308510167258],[122.63409629028658,14.129595110167813],[122.63475879028681,14.129585210168205],[122.63499319028679,14.129407310168215],[122.63496259028648,14.128834110167794],[122.6356454902866,14.12866601016808],[122.63609399028695,14.12895271016855],[122.6363283902872,14.129298610168942],[122.63592069028746,14.13005971016924],[122.63504419028776,14.131156810169479],[122.63402489028816,14.132540510169852],[122.63395359028854,14.133281810170335],[122.6349625902889,14.13332141017096],[122.63580859028939,14.133647510171699],[122.63630609028974,14.133975810172235],[122.63613999029003,14.134577410172556],[122.63608459029044,14.135404410173102],[122.63697069029182,14.137348510175011],[122.63741379029271,14.138680410176212],[122.63772389029302,14.139163810176743],[122.63814479029345,14.13964711017734],[122.63853249029403,14.14045271017814],[122.63859719029455,14.141360910178816],[122.63927139029522,14.142203910179823],[122.6395339902954,14.142407910180108],[122.63986919029551,14.142290810180228],[122.64041549029498,14.141032710179683],[122.64152309029525,14.140850110180212],[122.6424424902959,14.141430110181172],[122.64273049029626,14.141870410181657],[122.64233669029653,14.142571510181922],[122.64248049029679,14.143005210182306],[122.6428957902973,14.143686710183038],[122.64289579029749,14.144058510183294],[122.64267209029774,14.144631610183568],[122.64281589029811,14.145204610184061],[122.64345479029835,14.145220110184454],[122.64506809029866,14.144801910185121],[122.64577089029898,14.144925810185633],[122.64599459029931,14.145406010186097],[122.64601049029947,14.145746810186353],[122.64572299029967,14.146242410186527],[122.64546739029998,14.146970410186885],[122.64561119030033,14.147512510187362],[122.64573899030081,14.148333410188021],[122.64565909030118,14.149061310188484],[122.64481249030163,14.150393410188913],[122.64449309030189,14.151074910189209],[122.64430139030212,14.151632410189483],[122.64438129030233,14.151973210189771],[122.64486049030295,14.152809610190644],[122.6448604903033,14.153475610191114],[122.64434929030361,14.15434291019142],[122.64446109030415,14.155303210192162],[122.64498819030457,14.155705910192768],[122.64553129030486,14.155953710193259],[122.64617029030511,14.155969210193655],[122.64672929030505,14.15547351019364],[122.64749599030529,14.155458110194093],[122.64894959030616,14.156108610195412],[122.64942879030635,14.156170510195752],[122.65013159030643,14.155891710195982],[122.65070669030672,14.1560001101964],[122.65105809030698,14.156247910196784],[122.65089829030708,14.156573210196918],[122.64955659030727,14.157765810196954],[122.64933299030751,14.158354310197229],[122.64952459030803,14.15914421019791],[122.64954059030826,14.159577910198223],[122.64918919030829,14.159841210198197],[122.64832659030802,14.159918610197733],[122.64754399030792,14.160274810197512],[122.64701679030793,14.160584610197416],[122.64680919030806,14.160971810197568],[122.64676129030828,14.16142091019785],[122.64797519030918,14.162303710199208],[122.64839049030935,14.162319210199458],[122.64912529030954,14.162257310199863],[122.64955659030973,14.162288210200147],[122.65059479031035,14.162783810201105],[122.65112199031073,14.163093610201638],[122.65128169031102,14.163589210202087],[122.65112199031122,14.1640229102023],[122.65093029031125,14.164224210202324],[122.65014819031124,14.164688210202181],[122.64969659031128,14.165026010202153],[122.6491772903114,14.165584210202232]]}},{"type":"Feature","properties":{"river_name":null,"name":null,"type":"River"},"geometry":{"type":"LineString","coordinates":[[122.62736719026095,14.086688010133368],[122.6276027902612,14.086933610133682],[122.62816379026162,14.08737441013433],[122.62850469026183,14.087512210134648],[122.62880749026206,14.08778931013501],[122.62908509026221,14.08791231013526],[122.62914219026239,14.088100310135435],[122.6293116902625,14.088255110135641],[122.6301097902629,14.0884972101363],[122.63018419026307,14.088714110136491],[122.62836999026376,14.091163510137148],[122.6276995902643,14.092630510137797],[122.62731529026439,14.092947710137784],[122.6269881902643,14.093058810137666],[122.62671839026424,14.093114310137556],[122.62667749026433,14.093296710137652],[122.62715179026488,14.094026210138452],[122.62743789026514,14.094303810138822],[122.6281573902654,14.094319610139264],[122.62847629026557,14.094470310139565],[122.62847629026572,14.094724110139737],[122.62853349026582,14.094914410139909],[122.62841909026588,14.095073010139952],[122.62805109026583,14.095207810139835],[122.62769139026582,14.09545361013979],[122.62742159026551,14.095025410139328],[122.6268410902653,14.094954010138927],[122.6266938902653,14.095065110138924],[122.62665299026544,14.095390210139124],[122.62706179026584,14.095810510139666],[122.62706179026617,14.096484510140149],[122.62686559026622,14.096698610140187],[122.6265957902661,14.096571810139931],[122.62580269026608,14.097095110139827],[122.62571279026629,14.097491610140052],[122.62579449026657,14.097975410140442],[122.62575359026691,14.098633510140889],[122.62559009026714,14.099156910141168],[122.62568009026755,14.099926110141766],[122.62540209026761,14.100171910141768],[122.62491149026742,14.100148110141463],[122.62456809026737,14.100267110141333],[122.62435549026736,14.100378110141293],[122.62457729026774,14.100907410141803],[122.62501619026825,14.101590810142543],[122.62504449026859,14.102220110143012],[122.62500209026877,14.102521110143199],[122.62440969026889,14.103232610143358],[122.6241133902691,14.103738810143538],[122.62405699026925,14.104012410143698],[122.62439559026963,14.1045733101443],[122.62433909026976,14.104778610144402],[122.62408519026974,14.104956410144379],[122.62377489026956,14.104778610144072],[122.6236337902695,14.104737510143956],[122.62309769026949,14.1051069101439],[122.62311179026965,14.105339510144068],[122.62301309027049,14.107049710145214],[122.62314009027116,14.108130510146056],[122.62294259027139,14.108718810146367],[122.62150369027123,14.109279710145893],[122.62099589027105,14.109266010145586],[122.62057269027085,14.109211310145291],[122.62024819027086,14.109375510145213],[122.62026229027093,14.109580710145373],[122.62060089027119,14.109826910145745],[122.62100999027167,14.110456310146438],[122.62082659027186,14.110907710146646],[122.61961339027198,14.111824410146566],[122.6194017902721,14.112207410146716],[122.61976859027251,14.112754710147314],[122.61962749027272,14.113206110147559],[122.61920429027285,14.113780710147708],[122.61924659027314,14.114273210148085],[122.61981089027356,14.11468371014871],[122.6204444902742,14.11545731014964],[122.62090189027495,14.116504710150652],[122.62095269027571,14.117897110151672],[122.62110519027603,14.118377710152101],[122.62180399027645,14.118759610152804],[122.62266799027687,14.118919810153427],[122.62355739027728,14.119166310154132],[122.62381159027753,14.119449710154482],[122.62377339027769,14.119757710154685],[122.6235446902777,14.119893310154637],[122.62367179027804,14.120484710155125],[122.62398939027851,14.121150110155781],[122.62406569027885,14.121692310156217],[122.62370989027895,14.122123510156309],[122.62367179027913,14.122443910156514],[122.6233032902794,14.123170910156807],[122.62329059027954,14.123454310157001],[122.62344309027972,14.123676110157254],[122.62397669027993,14.12372541015761],[122.6251456902802,14.123515910158158],[122.62533629028033,14.123651410158368],[122.62527269028061,14.124156610158682],[122.6252853902808,14.124501610158935],[122.62557769028102,14.124735710159275],[122.62621299028129,14.124760410159666],[122.62636539028136,14.124895910159866],[122.62646709028171,14.125413410160295],[122.62612399028157,14.125376510160063],[122.6257046902815,14.125512010159902],[122.62550139028157,14.125783110159976],[122.6254707902818,14.126192810160244],[122.62530579028186,14.126459510160329],[122.62452459028182,14.126897010160178],[122.62408449028186,14.127291810160186],[122.62395249028198,14.127537210160282],[122.62396349028215,14.127867910160525],[122.62409549028226,14.12793191016065],[122.62435959028228,14.127867910160761],[122.62462359028241,14.127921310160955],[122.62488769028269,14.128262710161358],[122.62523979028299,14.128529410161756],[122.62549279028389,14.13011921016303],[122.62566889028405,14.130289910163254],[122.62589989028415,14.130289910163397],[122.62608699028405,14.129980510163291],[122.62630699028382,14.129457710163049],[122.62627399028366,14.129201610162852],[122.62577889028337,14.128924210162362],[122.62573489028317,14.128593510162096],[122.62580089028307,14.12838011016199],[122.62596589028304,14.128188010161951],[122.62637299028314,14.12810261016214],[122.62744019028351,14.1281453101628],[122.62777029028369,14.128305410163119],[122.6280783902841,14.12880681016365],[122.6283754902843,14.128998910163967],[122.62858449028427,14.128849510163983],[122.62854049028414,14.128604110163783],[122.62828739028377,14.128070610163254],[122.62837549028364,14.12781461016313],[122.62868349028366,14.127579810163144],[122.62899159028356,14.127270410163115],[122.62912359028351,14.127035710163032],[122.6290465902833,14.126758310162785],[122.62907959028314,14.126438210162572],[122.6293106902832,14.126406210162694],[122.62961869028341,14.12656621016299],[122.62962969028355,14.126822310163181],[122.63006979028418,14.127686510164052],[122.63049889028467,14.128326710164766],[122.63090599028493,14.12854011016516],[122.631148090285,14.128497410165272],[122.63136809028495,14.128273410165246],[122.63143409028419,14.126865010164286],[122.63132409028391,14.126406210163896],[122.63141209028377,14.126096810163729],[122.63189619028385,14.12594741016391],[122.6328643902843,14.12617141016465],[122.63301849028451,14.12642751016492],[122.63297449028457,14.126608910165032],[122.63276539028462,14.126833010165063],[122.6326443902849,14.127377110165382],[122.63278149028511,14.1277171101657]]}},{"type":"Feature","properties":{"river_name":null,"name":null,"type":"River"},"geometry":{"type":"LineString","coordinates":[[122.73502159041259,14.29634121034514],[122.73489279041264,14.29659331034524],[122.73465139041292,14.297230110345533],[122.73452809041295,14.297289910345501],[122.73444219041292,14.297375610345506],[122.73446369041304,14.29757321034566],[122.73478559041335,14.297890310346068],[122.73520399041365,14.298191810346532],[122.73571359041392,14.298326910346926],[122.73639089041433,14.29865371034757],[122.73649139041446,14.298825910347746],[122.73650919041471,14.29925161034806],[122.73650749041472,14.299314610348095],[122.73641099041473,14.299418510348112],[122.73626609041474,14.299512110348088],[122.73624469041476,14.299595310348138],[122.73626609041487,14.29975641034826],[122.73618569041487,14.299818810348247],[122.73593889041483,14.29988121034815],[122.73577259041487,14.300016310348141],[122.73534349041502,14.300650510348316],[122.73517179041515,14.30097801034845],[122.73497329041537,14.301497810348678],[122.73490359041557,14.301825310348873],[122.73502699041572,14.302085210349121],[122.73531659041599,14.302386710349506],[122.73598719041658,14.303041710350362],[122.73618569041669,14.303130010350545],[122.73637879041688,14.30330161035078],[122.7368132904174,14.304055310351558],[122.73700639041779,14.304564710352034],[122.73696889041801,14.30500661035231],[122.73700109041813,14.30526131035251],[122.73708689041827,14.305469210352713],[122.73715659041864,14.30600461035312],[122.73734979041893,14.306436010353536],[122.73763589041921,14.30682961035397],[122.73771099041939,14.30707391035419],[122.73776469041961,14.307422110354462],[122.73768419041981,14.307848410354712],[122.73772709042001,14.308165510354955],[122.73784969042025,14.30855841035531],[122.73786869042068,14.30933841035585],[122.73768869042091,14.309870710356114],[122.73767919042109,14.310173510356313],[122.73783079042141,14.310705710356773],[122.73801069042162,14.310935110357041],[122.73889519042213,14.311307310357835],[122.7391392904223,14.311466010358092],[122.73986489042296,14.312217710359054],[122.7403680904233,14.312520610359565],[122.74040989042336,14.312611310359651],[122.74030919042347,14.312882210359772]]}},{"type":"Feature","properties":{"river_name":null,"name":null,"type":"River"},"geometry":{"type":"LineString","coordinates":[[122.71157459031005,14.123539210209895],[122.71203869031028,14.123636610210252],[122.71212019031039,14.12377041021039],[122.71223939031042,14.123770410210456],[122.71233969031037,14.123642610210434],[122.71265959031047,14.123630510210619],[122.71281009031047,14.12353921021064],[122.71317389031056,14.123423710210771],[122.71344359031058,14.123235110210805],[122.71374469031063,14.12324121021098],[122.71393969031082,14.123478510211271],[122.71431149031092,14.123426310211455],[122.71449739031095,14.123265010211453],[122.71447779031081,14.1230800102113],[122.71456589031078,14.12295671021127],[122.7146245903106,14.122624610211071],[122.71478109031058,14.122425410211026],[122.7150941903106,14.12229731021112],[122.71534859031067,14.122287810211272],[122.71551489031079,14.122377910211432],[122.71582229031121,14.122911010212002],[122.71675019031164,14.123131010212704],[122.71716259031169,14.122991010212855],[122.7172450903116,14.12278101021275],[122.71725539031137,14.12234111021244],[122.71736879031138,14.122231110212443],[122.71778119031157,14.122395110212805],[122.71818959031191,14.122742410213291],[122.71909299031226,14.122782410213865],[122.72056839031305,14.12332371021512],[122.72101339031333,14.123561210215561],[122.72122469031362,14.123961610215972],[122.72203769031401,14.124158810216603],[122.7221907903139,14.123866110216486],[122.72253829031392,14.12368071021656],[122.72280989031414,14.123904310216883],[122.72382899031457,14.124068310217611],[122.72412589031455,14.123818310217615],[122.72443369031461,14.123742210217747],[122.7246735903149,14.124073110218115],[122.72559849031519,14.12405071021865],[122.72612969031546,14.124200110219089],[122.72696899031592,14.12454731021983],[122.72801449031651,14.124920810220718],[122.72896129031717,14.125565910221741],[122.7291879903175,14.126063910222227],[122.73096849031842,14.126600310223683],[122.73135329031865,14.12680691022406]]}},{"type":"Feature","properties":{"river_name":null,"name":null,"type":"River"},"geometry":{"type":"LineString","coordinates":[[122.59238919036848,14.305795310265728],[122.59287199036869,14.30593081026611],[122.59303719036872,14.305943110266215],[122.59324049036876,14.30584461026627],[122.59311339036859,14.305623010266046],[122.59278299036833,14.305389110265676],[122.59280849036821,14.30513051026552],[122.59320229036831,14.304995110265658],[122.5938629903686,14.30520441026621],[122.59419339036859,14.304970510266239],[122.59465079036873,14.304884310266463],[122.59501929036895,14.305081310266825],[122.59559099036913,14.305044310267133],[122.59659649036932,14.304744710267535]]}},{"type":"Feature","properties":{"river_name":null,"name":null,"type":"River"},"geometry":{"type":"LineString","coordinates":[[122.67255679025253,14.042371110128727],[122.6726993902527,14.04255201012894],[122.67285299025293,14.042860610129257],[122.67354409025346,14.043439510130076],[122.67401579025378,14.043701310130555],[122.674311890254,14.043946110130902],[122.67440199025407,14.043990510130984],[122.67449639025408,14.04399951013105],[122.67456019025408,14.043899410131015],[122.67457079025401,14.043787810130945],[122.67424369025356,14.04315271013031],[122.67423509025339,14.042892610130101],[122.67443259025339,14.042701010130076],[122.67488229025359,14.042871310130478],[122.67529919025382,14.04293511013077],[122.6757598902539,14.042828710130966],[122.67603409025403,14.042903210131183],[122.67617669025431,14.043286310131538],[122.67612189025446,14.043669410131786],[122.67595739025451,14.043829010131796],[122.6759024902546,14.043999310131891],[122.67597929025466,14.044127010132028],[122.67626449025491,14.04439301013238],[122.67761369025568,14.044978310133615],[122.6777562902559,14.045255010133888],[122.67766859025596,14.045393310133944],[122.67714209025577,14.04541461013364],[122.67694459025581,14.04561681013367],[122.67693359025593,14.045829610133815],[122.6771968902562,14.046170210134214],[122.67733879025646,14.046577410134596],[122.6773815902566,14.04679071013478],[122.67756439025679,14.04702151013504],[122.67770109025683,14.047006310135117],[122.67789109025675,14.046732910135027],[122.67811829025672,14.046542610135033],[122.67846639025684,14.046549410135244],[122.67933289025729,14.046778710135927],[122.67972349025725,14.046517110135976],[122.6800426902573,14.04637921013607],[122.68039669025748,14.046465010136345],[122.68056029025765,14.046688810136587],[122.68047719025773,14.046936010136715],[122.68017409025771,14.047063510136628],[122.67989609025776,14.04730291013664],[122.67987099025785,14.047529310136785],[122.67993929025805,14.047777010137011],[122.68014039025826,14.048058610137328],[122.68005609025833,14.048320310137466],[122.67975759025849,14.048793410137622],[122.6797966902586,14.048926310137743],[122.68001589025866,14.048931710137877],[122.68030129025867,14.048791810137946],[122.68070709025879,14.048724110138147],[122.68113489025897,14.048713510138372],[122.68132139025909,14.048905010138634],[122.68140919025929,14.0492030101389],[122.68132139025947,14.049586010139123],[122.68123369025949,14.049703110139154],[122.6806851902594,14.049830810138925],[122.68008189025917,14.049862710138582],[122.67981099025917,14.050012910138536],[122.67973299025927,14.050240410138642],[122.67976099025934,14.05037061013875],[122.67982959025943,14.050479910138872],[122.68016959025964,14.050628910139185],[122.6803889902598,14.050788510139428],[122.68047679025993,14.051022610139643],[122.68047679026016,14.05139511013991],[122.68034509026029,14.051746210140085],[122.6803450902605,14.052086710140335],[122.6802244902606,14.05243791014051],[122.68021349026078,14.052703910140696],[122.68024639026096,14.053055110140958],[122.68020249026117,14.053416910141197],[122.67995979026145,14.054072210141523],[122.67983349026152,14.054291810141603],[122.6797656902616,14.054506510141715],[122.67979669026185,14.054959910142063],[122.67998309026207,14.055194010142337],[122.68008189026209,14.055183310142391],[122.68020549026207,14.055010610142336],[122.68031889026182,14.0545858101421],[122.68039409026183,14.054497310142091],[122.68050969026187,14.054481010142135],[122.680832890262,14.054535410142384],[122.68101089026214,14.054692410142593],[122.68115389026235,14.054987110142894],[122.68135429026249,14.055098210143093],[122.68162389026259,14.055119410143257],[122.68194449026257,14.05492891014331],[122.68228229026273,14.054968210143548],[122.6829769902631,14.055207610144135],[122.68314599026323,14.055348110144338],[122.6833260902634,14.055554410144584],[122.68339749026357,14.05583211014483],[122.6832237902636,14.055990810144838],[122.68293739026356,14.056077810144737],[122.68284019026356,14.056159910144737],[122.68277589026366,14.056375910144853],[122.68283319026374,14.056475210144942],[122.68309509026386,14.056550910145168],[122.68363059026399,14.05647071014542],[122.68406379026422,14.056623810145801],[122.6841866902644,14.056833810146024],[122.68433689026469,14.05725531014641],[122.6843739902648,14.057491010146604],[122.68436639026491,14.057669010146723],[122.68449779026498,14.057720510146837],[122.68504789026515,14.057734210147176],[122.68561689026534,14.057686710147491],[122.68627519026552,14.057570010147792],[122.68640219026558,14.057624710147904],[122.68641019026565,14.057773110148018],[122.6863800902657,14.0579134101481],[122.68589789026572,14.058179010148004],[122.6857036902658,14.058406610148047],[122.68557609026578,14.058499010148038],[122.68554659026579,14.058592710148087],[122.68559409026588,14.058654810148163],[122.68614829026622,14.058952010148703],[122.68674959026652,14.059121410149181],[122.6869317902667,14.05937941014948],[122.68697889026681,14.059526810149613],[122.68707929026691,14.059677310149784],[122.68726589026707,14.059794710149975],[122.68741789026711,14.059827810150086],[122.68767179026698,14.059389910149926],[122.68768969026688,14.059144310149767],[122.68774229026671,14.058911010149629],[122.68779689026668,14.058819010149588],[122.68790959026668,14.05873321014959],[122.68801959026676,14.058709810149656],[122.6881231902668,14.058760510149746],[122.68819369026693,14.05896571014994],[122.68834409026698,14.059003810150053],[122.68845409026702,14.058964810150089],[122.68866599026659,14.058073110149572],[122.68877059026657,14.057952610149561],[122.68892079026662,14.057918810149623],[122.68909769026669,14.057926610149735],[122.68925339026676,14.057991710149867],[122.68932229026686,14.058089910149983],[122.68922889026703,14.058471710150197],[122.68922389026716,14.058702010150363],[122.68926579026729,14.058924710150547],[122.68993339026784,14.059528110151376],[122.68997119026803,14.059842910151621],[122.69013319026818,14.060049710151864],[122.69038199026828,14.060074010152029],[122.69167809026867,14.0599236101527],[122.69243449026882,14.059773910153046],[122.69270839026895,14.059781110153212],[122.69294769026916,14.060046810153551],[122.69342479026986,14.061023210154525],[122.69359049027004,14.061251810154786],[122.69380819027022,14.061428910155053],[122.69395259027024,14.061340210155072],[122.69412589027023,14.061298810155145],[122.69447119027036,14.061319410155365],[122.69475329027057,14.06149731015566],[122.69508719027074,14.061596310155934],[122.69565609027089,14.06152461015622],[122.69600179027098,14.061527610156423],[122.69629089027113,14.061620410156667],[122.69660529027142,14.061881410157044],[122.6969256902717,14.06223621015749],[122.69705079027213,14.062946510158067],[122.69716089027239,14.063386510158448],[122.69733489027254,14.063510210158642],[122.69754629027268,14.063572310158817],[122.69791159027274,14.063507610158979],[122.69828999027283,14.063398310159139],[122.69878169027295,14.063339710159383],[122.69923959027304,14.06320641015956],[122.699378690273,14.063060110159542],[122.69949409027294,14.062810310159433],[122.6998256902728,14.062392610159328],[122.69998689027264,14.062044610159175],[122.70013779027263,14.061902210159165],[122.70088459027276,14.061649710159436],[122.70124709027284,14.0615832101596],[122.70145479027285,14.061433910159618],[122.70161069027282,14.061219110159556],[122.70181689027278,14.0611087101596],[122.7028011902733,14.06145211016044],[122.70311889027356,14.06163741016076],[122.70332429027371,14.061842410161033],[122.7035699902739,14.062030910161305],[122.70391619027407,14.062186810161622],[122.70441319027428,14.062214510161938],[122.70484779027439,14.062131210162146],[122.70558269027455,14.061915210162427],[122.70596939027472,14.061979210162708],[122.70629349027487,14.062079210162965],[122.70657249027505,14.06224741016325],[122.70709809027566,14.06308351016417],[122.70742149027625,14.063895210164937],[122.7077578902765,14.064147610165325],[122.70797519027671,14.064402610165633],[122.70802199027686,14.064688310165868],[122.70880939027741,14.065177910166684],[122.70934629027768,14.065368610167141],[122.70993879027787,14.065287210167442],[122.71025939027788,14.065128210167519],[122.71057159027802,14.065133710167705],[122.71076739027811,14.065219610167883],[122.71108039027854,14.065775310168476],[122.71163509027888,14.066079610169023],[122.71225989027924,14.066376310169602],[122.7125778902794,14.066486610169864],[122.71288029027957,14.066532910170087],[122.71326949027957,14.066343410170193],[122.71355689027963,14.066291510170313],[122.71390859027984,14.066430510170617],[122.71417109028002,14.066603710170906],[122.7144246902802,14.066720110171152],[122.71502459028044,14.066765510171535],[122.71565709028056,14.06660631017179],[122.71616709028076,14.066636110172121],[122.71671189028099,14.066737110172516],[122.71727339028116,14.066716310172836],[122.71767139028137,14.066806610173144],[122.7179586902816,14.067080310173507],[122.71815619028193,14.067531810173953],[122.71841009028208,14.067655010174189],[122.71881919028216,14.06755921017436],[122.72086399028217,14.066265010174662],[122.72108049028229,14.066304510174811],[122.72116899028235,14.066385210174932],[122.7211930902825,14.066692210175162],[122.72126889028264,14.066895810175357],[122.72152399028289,14.067178010175708],[122.72191189028315,14.067415910176111],[122.72285319028364,14.067709210176886],[122.72305989028378,14.067816110177079],[122.72312319028387,14.067961310177216],[122.72309099028408,14.068338610177477],[122.72313239028418,14.068518610177637],[122.72320639028429,14.068694910177799],[122.72351679028456,14.068996010178198],[122.72414279028476,14.06896551017855],[122.72451829028495,14.069160210178918],[122.72726909028715,14.071376910182142],[122.72732549028747,14.071924210182567],[122.7274805902876,14.07208601018278],[122.72778889028771,14.072135510182992],[122.72830029028788,14.07203641018324],[122.72873279028794,14.071882710183377],[122.72906069028794,14.0716369101834],[122.72967159028767,14.070776910183145],[122.72994089028765,14.070602610183185],[122.73033909028777,14.070585610183413],[122.73065369028794,14.070681710183665]]}},{"type":"Feature","properties":{"river_name":null,"name":null,"type":"River"},"geometry":{"type":"LineString","coordinates":[[122.65676729027358,14.09119531015414],[122.65670989027372,14.091544610154363],[122.65671509027388,14.091853410154577],[122.65677769027401,14.0919648101547],[122.65706479027408,14.091924310154845],[122.65728929027404,14.091737010154848],[122.65744069027403,14.0916914101549],[122.6580200902744,14.091944610155434],[122.65812449027456,14.092152210155637],[122.65804619027476,14.092572410155888],[122.65782699027503,14.093159710156183],[122.6571848902748,14.093200210155821],[122.6570334902748,14.093347010155837],[122.65702829027498,14.093615410156021],[122.65743019027528,14.0939394101565],[122.65764729027565,14.094483810157],[122.65766619027583,14.094805310157257],[122.65785559027601,14.095016610157513],[122.6581965902761,14.094933910157659],[122.65846169027604,14.09467671015763],[122.65876479027607,14.09452981015771],[122.65902999027627,14.094759410158032],[122.65892579027657,14.095347210158389],[122.65903939027686,14.095797310158774],[122.65935189027726,14.096330110159345],[122.65970229027766,14.096835310159907],[122.65978759027782,14.097110810160155],[122.65964549027787,14.097349610160238],[122.65929509027795,14.0977170101603],[122.659086790278,14.09786401016027],[122.6590393902781,14.098093610160406],[122.6591151902782,14.098231410160551],[122.6597442902784,14.098191510160902],[122.65998209027853,14.098305910161118],[122.66005279027871,14.098562110161348],[122.65979859027885,14.099030710161527],[122.6596377902792,14.09976231016196],[122.65970229028008,14.101308410163089],[122.65955079028016,14.101547210163162],[122.65891219028006,14.101818710162982],[122.65884049028026,14.102245310163237],[122.65898259028074,14.103007610163859],[122.6589257902809,14.10332911016406],[122.65866059028087,14.103448510163984],[122.65835759028081,14.103522010163854],[122.6577987902808,14.103861810163773],[122.65764729028089,14.10409141016384],[122.65775149028107,14.104385310164105],[122.65805449028133,14.104660910164487],[122.6585374902816,14.104918110164952],[122.65871739028181,14.105147710165225],[122.65869849028206,14.105588610165526],[122.65850909028222,14.10604781016574],[122.65818709028221,14.106167210165637],[122.65716429028173,14.105992710164895],[122.65673809028151,14.105818210164514],[122.65560169028119,14.106011110163983],[122.65528919028104,14.105919210163718],[122.65495769028075,14.105588610163299],[122.65434209028055,14.105652910162961],[122.65403909028062,14.105946810162992],[122.6540390902809,14.106424410163337],[122.65440839028149,14.10726021016415],[122.65436109028163,14.107572510164342],[122.65413379028165,14.107756210164336],[122.65384969028155,14.107774510164178],[122.65340449028123,14.107443910163678],[122.65321509028098,14.107113210163334],[122.65328139028082,14.10678261016313],[122.6532719902805,14.106130510162664],[122.65309199028032,14.105992710162463],[122.65270369028029,14.106102910162306],[122.65243859028037,14.1064611101624],[122.65212599028028,14.106562210162288],[122.65182299028014,14.106488710162054],[122.6513304902798,14.106121310161505],[122.65109379027973,14.106158010161378],[122.65061079027964,14.1063142101612],[122.64961639028,14.107563310161497],[122.64913339028006,14.107967410161494],[122.6489818902802,14.108380710161699],[122.64890609028035,14.108711410161883],[122.64841369028045,14.109207410161945],[122.64806329028032,14.109198210161727],[122.64769389028022,14.109234910161536],[122.6474447902802,14.109357610161464],[122.64720189028029,14.109649710161532],[122.64711449028059,14.110299910161933],[122.6470075902807,14.110554410162056],[122.64669669028073,14.110837110162064],[122.64641489028068,14.110921910161961],[122.64604559028054,14.110846510161693],[122.6452099902805,14.111308310161517],[122.64421889027999,14.111006710160709],[122.64377189027981,14.110921910160378],[122.64346099027972,14.110987910160244],[122.64316949027955,14.110865410159981],[122.64290709027931,14.110563810159608],[122.64277109027907,14.110205710159272],[122.64286829027866,14.109414110158772],[122.64284879027852,14.109169110158591],[122.64270309027837,14.109008910158384],[122.64244069027824,14.108933510158181],[122.64206179027818,14.109046610158027],[122.64154679027818,14.109395310157973],[122.6413038902783,14.109744010158071],[122.64135249027842,14.109932410158237],[122.64146909027853,14.110092610158413],[122.64173139027866,14.11018691015864],[122.64186749027883,14.110328210158828],[122.64192579027898,14.110620310159065],[122.64189659027912,14.110874810159226],[122.64167309027913,14.111044410159213],[122.64143019027908,14.111091510159104],[122.64084719027902,14.111364810158946],[122.6405167902791,14.111732310159011],[122.64038079027951,14.1125333101595],[122.64043689027962,14.112724010159667],[122.64057999027975,14.112858410159847],[122.64097119027994,14.112966610160155],[122.6412138902801,14.113192210160456],[122.6414261902805,14.113713610160966],[122.6415379902809,14.114379710161497],[122.6414581902811,14.114767010161724],[122.64113869028108,14.114952910161666],[122.64033999028081,14.11499931016121],[122.64000459028094,14.115448610161334],[122.63987679028132,14.1162231101618],[122.63984489028188,14.117245510162517],[122.63976499028205,14.117648310162751],[122.63890249028259,14.11915091016329],[122.6381197902829,14.120219710163585],[122.63799199028344,14.121319510164291],[122.63807189028357,14.1215519101645],[122.63837529028369,14.12155191016468],[122.63869479028372,14.121443510164791],[122.63911009028394,14.121520910165096],[122.63925389028418,14.121815210165398],[122.63789609028468,14.123643110165885],[122.63741699028446,14.12361211016557],[122.63655439028398,14.12319391016476],[122.63503689028326,14.122868610163618],[122.63470149028323,14.122992510163494],[122.63450979028329,14.123193910163547],[122.63444589028354,14.123751510163888],[122.63471749028409,14.124603510164652],[122.63476539028439,14.125068210165002],[122.63466959028447,14.125331510165141],[122.63433409028448,14.125532910165083],[122.63380699028414,14.125269610164576],[122.63358339028373,14.124603510163974],[122.63351949028335,14.123952910163482],[122.63339169028319,14.123767010163263],[122.632912490283,14.123736010162967],[122.6316505902831,14.12471191016289],[122.63147489028324,14.12508371016306],[122.63150689028355,14.125579410163422],[122.63178879028385,14.12598051016388]]}},{"type":"Feature","properties":{"river_name":null,"name":null,"type":"River"},"geometry":{"type":"LineString","coordinates":[[122.66328739029291,14.122675910180389],[122.66284509029295,14.123019010180363],[122.66254749029281,14.122902010180105],[122.66228219029273,14.12294881017998],[122.66192829029275,14.12321401017996],[122.66105179029256,14.12346351017961],[122.66081859029296,14.124329210180088],[122.66039239029291,14.124492910179942],[122.66032809029302,14.124758110180087],[122.66001439029294,14.124843810179968],[122.6593389902925,14.124422710179253],[122.65913789029241,14.124430510179149],[122.6587679902924,14.124602110179056],[122.65860719029227,14.124500710178886],[122.65829169029193,14.124109410178413],[122.65812449029178,14.123858910178145],[122.65810179029168,14.12368211017799],[122.65789659029159,14.123674710177875],[122.65775229029171,14.123984110178002],[122.65755479029184,14.124308310178114],[122.65709139029167,14.124300910177837],[122.65684069029166,14.124433510177786],[122.65632409029156,14.124580910177572],[122.65626329029135,14.124219910177276],[122.65593919029078,14.1233925101765],[122.65532129029044,14.123225310176004],[122.65521489029057,14.123453710176106],[122.65521489029072,14.123718910176294],[122.65536639029092,14.12400941017659],[122.65505279029095,14.124251210176576],[122.65433709029087,14.12457091017637],[122.65423259029097,14.124859410176514],[122.65421649029119,14.125265010176788],[122.65416819029132,14.12555351017697],[122.65397519029142,14.125849810177057],[122.65383849029152,14.126130610177176],[122.65379829029173,14.126520510177434],[122.65399929029186,14.126645310177649],[122.6542566902919,14.126575110177738],[122.65463459029213,14.126731110178083],[122.65472309029244,14.127269210178516],[122.6543692902926,14.127807210178684],[122.65425669029297,14.128501310179104],[122.65461049029312,14.128594910179384],[122.65519749029387,14.129538510180405],[122.65544679029414,14.129850410180769],[122.65551119029438,14.130271510181117],[122.65516539029433,14.130435310181014],[122.65492409029436,14.130653610181023],[122.65484369029456,14.131090310181287],[122.65492409029478,14.131410010181567],[122.65515729029497,14.131597210181836],[122.65537449029507,14.131683010182025],[122.65544679029526,14.13190911018223],[122.65555139029556,14.132478410182694],[122.65588109029613,14.133281610183461],[122.65620269029631,14.133414210183744],[122.65678169029644,14.133305010184012],[122.65742509029701,14.133921110184835],[122.6583899902978,14.134747710186003],[122.65870369029814,14.135184410186499],[122.65815679029875,14.136642610187195],[122.65815679029892,14.136985710187428],[122.65826139029909,14.137165110187631],[122.65855889029922,14.137243010187863],[122.65958019029945,14.137048110188346],[122.66031199029979,14.13714171018884],[122.66041649029991,14.137344410189046],[122.66043259030002,14.137547210189197],[122.66032809030007,14.13772651018926],[122.65997419029995,14.137757710189078],[122.65980539030001,14.137913710189087],[122.65985359030012,14.138124210189257],[122.66133329030096,14.138701310190553],[122.66130909030103,14.138888410190676],[122.66110009030116,14.139247110190794],[122.66114829030133,14.139473310190997],[122.66180769030176,14.139902110191683],[122.6612447903016,14.139902110191354],[122.66090709030149,14.139995710191208],[122.66057739030148,14.140190710191156],[122.65988579030143,14.140526010190975],[122.65951589030148,14.140783310190937],[122.65918619030168,14.141414910191186],[122.65909769030196,14.141976410191528],[122.65894489030207,14.14226491019164],[122.65894489030234,14.142740610191986],[122.65900119030256,14.143107110192267],[122.65912989030272,14.143333210192512],[122.65937109030286,14.143426810192716],[122.65993399030297,14.143302010192974],[122.66015119030301,14.143216210193032],[122.66023159030291,14.142997910192928],[122.6602717903027,14.142592410192666],[122.66025569030255,14.142311710192462],[122.66007069030235,14.142070010192182],[122.65984559030217,14.141914010191929],[122.65985359030205,14.141695710191787],[122.66009489030208,14.141555310191833],[122.66032809030216,14.14157091019197],[122.66058539030233,14.14171131019224],[122.66078639030262,14.14207781019261],[122.66098749030303,14.142709410193175],[122.66086689030332,14.143387810193584],[122.66084269030357,14.14381671019388],[122.66091509030379,14.144183210194184],[122.66107589030403,14.1445107101945],[122.66130109030415,14.144588710194693],[122.66171929030473,14.145376210195494],[122.66166299030482,14.145547810195579],[122.6612527903048,14.145797310195519],[122.6609391903047,14.145867510195377],[122.66056129030456,14.145844110195135],[122.66033609030445,14.145781710194964],[122.66016719030442,14.145812910194875],[122.66003049030454,14.146085810194993],[122.65995009030466,14.146374310195144],[122.65962839030468,14.146592710195117],[122.65953999030475,14.146795410195198],[122.65964449030497,14.147122910195494],[122.65976519030512,14.147372410195743],[122.65974909030521,14.147551810195855],[122.6593791903052,14.147699910195737],[122.65914599030509,14.147692110195598],[122.65880819030508,14.147887110195528],[122.65852679030502,14.147926110195394],[122.65835789030486,14.147762310195178],[122.6580442903048,14.147816910195026],[122.65761809030472,14.147980710194883],[122.6576019903048,14.148160010195001],[122.65778689030496,14.148292610195211],[122.65808449030531,14.148807210195748],[122.65842219030566,14.149220510196244],[122.65867949030589,14.149399810196517],[122.65930679030619,14.149657110197078],[122.65955609030638,14.149805310197332],[122.65973299030661,14.150078210197632],[122.6596444903067,14.150281010197721],[122.65932289030664,14.150405710197617],[122.65909769030674,14.150717610197704],[122.6588081903067,14.150873610197644],[122.65836589030644,14.150655210197215],[122.65795579030625,14.150577310196923],[122.65717579030607,14.150702010196536],[122.65684609030608,14.150959310196521],[122.6566771903062,14.15126341019663],[122.65648419030619,14.151435010196634],[122.6560338903061,14.151497410196418],[122.65552719030605,14.151754710196288],[122.65531819030612,14.151973010196329],[122.65533429030627,14.152253710196534],[122.65548699030646,14.15253441019682],[122.65576849030667,14.152745010197139],[122.65585699030682,14.152932110197323],[122.65582479030692,14.153134910197434],[122.65533429030685,14.153306410197272],[122.65484369030717,14.154226510197626],[122.65498039030737,14.154546210197926],[122.6553985903079,14.155170010198624],[122.65557549030814,14.155552110199007],[122.65563979030857,14.156300610199569],[122.655406590309,14.157181710200055],[122.6552618903093,14.157906910200472],[122.65537449030951,14.158164210200724],[122.65629119031018,14.158865910201753],[122.65658869031026,14.15877241020188],[122.65676569031017,14.158522810201807],[122.65691039030999,14.158094010201596],[122.65730439031009,14.15803161020178],[122.65769039031032,14.158148610202097],[122.65807639031047,14.158312310202444],[122.65818899031072,14.158694410202786],[122.65818899031096,14.15910761020307],[122.65841419031125,14.159544310203517],[122.65864739031177,14.16024601020415],[122.65937919031278,14.161626110205562],[122.6595077903131,14.162187510206037],[122.65902529031334,14.162912710206248],[122.65883229031364,14.163583210206609],[122.65889669031377,14.16379371020679],[122.6592182903139,14.163762610206973],[122.65978929031407,14.16377041020732],[122.6603762903144,14.16399651020782],[122.66078749031468,14.164250210208252]]}},{"type":"Feature","properties":{"river_name":null,"name":null,"type":"River"},"geometry":{"type":"LineString","coordinates":[[122.52668579034504,14.304517210225242],[122.52662499034513,14.304727710225357],[122.52659889034526,14.304963510225496],[122.52645119034531,14.305157210225545],[122.52619049034526,14.305224610225425],[122.5259383903451,14.305089810225184],[122.52579069034512,14.305182510225158],[122.5257645903452,14.305384610225286],[122.52561689034519,14.30541831022521],[122.52548649034512,14.30540981022513],[122.52525189034515,14.30561191022514],[122.52497379034526,14.305990910225225],[122.52499119034536,14.306134010225334],[122.52513889034564,14.30655511022571],[122.52516499034577,14.306765610225876],[122.52505199034583,14.306934010225914],[122.52467829034568,14.306908810225677],[122.52433069034561,14.307026610225554],[122.52422639034569,14.307296110225673],[122.5241916903459,14.30763291022588],[122.52435679034615,14.30793611022619],[122.52441759034642,14.30843291022656],[122.5242350903464,14.308500310226508],[122.52385269034622,14.30839921022621],[122.52352249034605,14.308365610225982],[122.5234318903462,14.30862611022611]]}},{"type":"Feature","properties":{"river_name":null,"name":null,"type":"River"},"geometry":{"type":"LineString","coordinates":[[122.53293529034565,14.30164211022703],[122.53284859034588,14.302156510227338],[122.53272939034592,14.30230341022736],[122.53212269034594,14.302670810227253],[122.53252359034627,14.303111710227801],[122.53289189034653,14.30330071022815],[122.53337939034664,14.303164210228346],[122.53355279034689,14.303521210228705],[122.53355279034714,14.303983010229013],[122.5336718903473,14.304214010229243],[122.53333609034742,14.30467591022936],[122.5331627903476,14.305106310229547],[122.53284859034758,14.3053162102295],[122.53281339034775,14.305597710229678],[122.53335359034803,14.305794010230144],[122.53393429034827,14.305872510230547],[122.53424489034838,14.305820110230691],[122.53436649034853,14.305964110230867],[122.53447449034891,14.3066446102314],[122.53458259034905,14.306893210231632],[122.53421789034951,14.307913910232122],[122.53421789034974,14.308319610232399],[122.53401539035008,14.309039310232773],[122.53406939035024,14.309314110232986],[122.5345555903504,14.30930101023329],[122.53544689035043,14.30881691023348],[122.53617619035079,14.309013210234054],[122.53628419035105,14.309418810234394],[122.53632469035138,14.309994610234824],[122.53643279035178,14.31067511023535],[122.53691129035262,14.311856810236444]]}},{"type":"Feature","properties":{"river_name":null,"name":null,"type":"River"},"geometry":{"type":"LineString","coordinates":[[122.5401069903487,14.302702310232082],[122.53971699034878,14.303132710232148],[122.53928369034874,14.303321710232005],[122.53865529034857,14.303426710231705],[122.53827619034881,14.30404601023191],[122.53795109034851,14.303752110231512],[122.53759359034834,14.303699610231245],[122.53711699034825,14.303762610231013],[122.5369977903484,14.304119510231189],[122.53706279034863,14.304518410231502],[122.53691109034872,14.30478091023159],[122.53659699034856,14.304717910231359],[122.53635859034841,14.304560410231105],[122.53603359034838,14.304717910231014],[122.53594699034846,14.304938310231115],[122.53567609034853,14.305158810231102],[122.53558949034861,14.30538971023121],[122.53648859034901,14.305547210231857],[122.53667279034914,14.30566271023205],[122.53660779034927,14.305935610232208],[122.53643449034928,14.306093110232199],[122.53594699034917,14.306187510231974],[122.5352644903491,14.306523510231797],[122.53497189034924,14.306869910231864],[122.5344641903492,14.307203610231776]]}},{"type":"Feature","properties":{"river_name":null,"name":null,"type":"River"},"geometry":{"type":"LineString","coordinates":[[122.8029726903127,14.070224810226536],[122.80360169031285,14.070131910226847],[122.80494179031315,14.069826910227418],[122.80531099031343,14.07007891022782],[122.80522899031412,14.071392010228717],[122.80552979031467,14.072214410229487],[122.80583069031529,14.073196010230374],[122.80648699031563,14.073421510230926],[122.806938290316,14.073806110231464],[122.80726649031632,14.074204010231943],[122.80728019031663,14.074734610232346],[122.80723909031698,14.075411110232798],[122.80767669031732,14.075822210233348],[122.80769039031823,14.0774139102345],[122.8076219903189,14.078713810235392],[122.80777239031916,14.079111710235763],[122.80795449031929,14.079266210235986],[122.8080295903195,14.079560210236238],[122.8079464903196,14.079794310236363],[122.80794649031976,14.080098710236566],[122.8077828903201,14.080798610236975],[122.80755489032006,14.080923510236936],[122.80727859032,14.080952110236787],[122.80704799031987,14.08089741023661],[122.80646859031937,14.080314710235848],[122.80630769031924,14.080202810235674],[122.80602069031912,14.08011691023544],[122.80569079031899,14.080163810235275],[122.80538769031904,14.080332910235223],[122.80516769031908,14.080611310235284],[122.80500949031922,14.080988510235457],[122.80497189031945,14.081420410235744],[122.80501479031977,14.081992710236177],[122.80552119032045,14.082896110237128],[122.80554589032063,14.083244110237395],[122.80487219032169,14.085573910238661],[122.8044969903221,14.086646410239192],[122.80461549032255,14.087374110239786],[122.80499059032283,14.087680610240234],[122.80609639032363,14.088408310241409],[122.8063924903239,14.088772210241851],[122.80704409032454,14.089461610242735],[122.80757729032496,14.089921310243373],[122.8080456903252,14.090075810243768],[122.80836709032549,14.090323410244142],[122.80853389032575,14.090715710244517],[122.8090537903262,14.091219710245191],[122.80909719032626,14.09131151024529],[122.8090622903263,14.091407710245326],[122.80889869032633,14.091602810245373],[122.80861669032623,14.091621510245222],[122.80850979032634,14.091808410245292],[122.80842629032645,14.092123610245464],[122.80864349032667,14.092315110245728],[122.80996299032738,14.09282031024688],[122.81026119032755,14.092973810247166],[122.8105587903279,14.09341691024766],[122.8104892903282,14.093994910248032],[122.81057769032844,14.094430610248388],[122.81056919032872,14.094922510248741],[122.81044239032886,14.095224610248884],[122.8103255903289,14.095398410248936],[122.81018609032887,14.095455610248894],[122.80986959032877,14.095424410248683],[122.8095423903288,14.095700210248685],[122.80924159032897,14.096235410248886],[122.80904769032915,14.096704210249102],[122.80900959032934,14.09705801024934],[122.80921519032965,14.097536810249794],[122.81002349032997,14.097592810250326],[122.81029339033012,14.097687710250549],[122.81059829033062,14.098405010251252],[122.81107209033117,14.099075310252005],[122.81176319033162,14.099458310252697],[122.81350079033226,14.099592310253833],[122.81434189033281,14.100005310254627],[122.81450989033294,14.100195410254868],[122.81468689033323,14.100570010255238],[122.81463859033337,14.10092381025547],[122.81442539033354,14.101284010255588],[122.8143864903337,14.101647010255828],[122.81445089033384,14.101912310256056],[122.81466539033404,14.102089210256311],[122.81502579033422,14.1021977102566],[122.81585039033533,14.103690410258162],[122.81667969033626,14.104916010259528],[122.81683769033643,14.105107510259762],[122.8177459903379,14.107156510261763],[122.81964149033948,14.108918310264158],[122.82070769034043,14.109990710265565],[122.82201089034137,14.11094811026702],[122.82287969034218,14.11177161026813],[122.82320509034294,14.113057010269236],[122.82356229034323,14.113355510269669],[122.8237983903434,14.1134934102699],[122.82421409034359,14.113633810270251],[122.82500519034394,14.113758210270825],[122.82645359034466,14.114126910271947],[122.82836879034568,14.114758810273557],[122.82919809034638,14.115543910274601],[122.8295226903468,14.116142510275226]]}},{"type":"Feature","properties":{"river_name":null,"name":null,"type":"River"},"geometry":{"type":"LineString","coordinates":[[122.63102159024841,14.061183310117388],[122.63097729024847,14.061339110117475],[122.63086649024854,14.061494910117514],[122.63083329024863,14.06168301011763],[122.63097179024881,14.061924810117887],[122.63102159024896,14.062198810118117],[122.63102849024915,14.062490810118328],[122.63073489024933,14.063054910118552],[122.63079589024942,14.063183910118681],[122.63104509024953,14.063253710118877],[122.63125559024958,14.063205410118968],[122.63144949024948,14.062952910118904],[122.63174859024934,14.06243171011872],[122.63188709024942,14.062447810118808],[122.6318870902496,14.062775510119039],[122.63175969024967,14.063033510119148],[122.63156029024968,14.063162410119125],[122.6315712902498,14.063345110119258],[122.63180949024992,14.063463310119484],[122.63196459024996,14.063468710119576],[122.6320199902498,14.063108710119355],[122.63214739024978,14.063017310119374],[122.63238559024992,14.063081810119558],[122.63269019025033,14.063710510120186],[122.63288409025046,14.063753410120334],[122.63297269025054,14.063914610120497],[122.63302259025075,14.064237010120758],[122.63282869025096,14.06476361012102],[122.63289519025129,14.065295510121445],[122.63255729025146,14.065859710121638],[122.63260159025157,14.066015510121778],[122.63259049025169,14.066246510121932],[122.63231359025191,14.066848310122202],[122.632152890252,14.067074010122267],[122.63111159025183,14.067428610121889],[122.63086229025167,14.067374810121699],[122.63065179025152,14.06718141012144],[122.63033059025135,14.067036310121155],[122.63017549025115,14.066799910120887],[122.62980989025101,14.06676231012064],[122.62958279025108,14.067057810120719],[122.62929479025101,14.067127710120593],[122.62887929025081,14.066961110120223],[122.62869659025056,14.066676410119918],[122.62831989025028,14.06633791011945],[122.62827009025013,14.06614441011928],[122.62836979025008,14.065951010119207],[122.62833099024996,14.065805910119076],[122.62825339024988,14.065671610118933],[122.62800969024983,14.065714610118818],[122.62778819024987,14.06592951011884],[122.62769399024997,14.066208910118988],[122.62733949025011,14.066660210119089],[122.6273892902502,14.066789210119214],[122.62814819025054,14.066961110119792],[122.62819799025067,14.067122310119945],[122.62814269025071,14.067251310120003],[122.6279598902507,14.067315710119932],[122.62782689025073,14.067471610119961],[122.62783799025097,14.067949710120311],[122.62768849025116,14.068325810120491],[122.62765519025123,14.0685085101206],[122.62728409025125,14.068798710120586],[122.62659169025137,14.069470310120652],[122.62635909025136,14.069610010120615],[122.62604329025127,14.069636810120436],[122.62573869025125,14.069787310120368],[122.62521249025137,14.070324610120437],[122.62469739025124,14.070458910120218],[122.62452009025134,14.07074901012032],[122.62474719025157,14.071049910120673],[122.62467519025166,14.071270210120783],[122.62454779025168,14.071345410120763],[122.6241489902516,14.071452910120607],[122.6240824902515,14.071302410120454],[122.62364489025119,14.07104451012001],[122.62325719025115,14.071195010119885],[122.62285279025106,14.071275610119697],[122.62265339025107,14.071447510119711],[122.62265339025117,14.07166241011986],[122.6228749902515,14.072097610120295],[122.62316859025184,14.07247911012076],[122.62333469025195,14.072645610120968],[122.62332919025206,14.072855210121109],[122.62317409025215,14.073048610121157],[122.62303009025234,14.07353221012142],[122.6227253902524,14.073843810121465],[122.6226700902525,14.074042610121563],[122.62237089025258,14.07436491012162],[122.62223799025261,14.07457981012169],[122.6223708902528,14.074708810121859],[122.62342889025321,14.074859210122606],[122.62353419025327,14.074934510122718],[122.62383329025398,14.076052010123691],[122.62381109025411,14.076250810123822],[122.62350089025405,14.076374410123721],[122.62294149025374,14.076127210123218],[122.62261469025358,14.076100310123003],[122.62234329025367,14.076374410123034],[122.6221161902537,14.076653710123095],[122.6220108902538,14.076831010123161],[122.6220939902539,14.076997610123325],[122.62226019025402,14.077110410123504],[122.62250389025411,14.077099710123646],[122.62278639025425,14.07716411012386],[122.62340119025485,14.077878710124734],[122.62372249025496,14.07795391012498],[122.62394959025505,14.077927110125097],[122.62433179025474,14.07717491012479],[122.62452009025476,14.077078210124835],[122.62461979025491,14.077255510125019],[122.62458099025507,14.077588610125236],[122.62463639025518,14.077674610125325],[122.62477489025522,14.07771221012544],[122.6249964902554,14.077905610125704],[122.62527339025569,14.078222610126096],[122.62549499025603,14.078781310126628],[122.62527189025644,14.07965841012711],[122.62528949025653,14.079820610127241],[122.62565899025701,14.080494910127939],[122.62587019025752,14.081254510128606],[122.62623099025812,14.082159210129467],[122.62710219025925,14.083669910131066],[122.62716379025947,14.084036910131365],[122.62690859025957,14.08439541013147],[122.62675019025974,14.084847810131695],[122.62680299025993,14.085155010131949],[122.6270141902601,14.085308610132179],[122.62741009026027,14.085308610132413],[122.62771809026026,14.085155010132492],[122.62815809026024,14.084830710132525],[122.62835169026033,14.084864810132656],[122.6284484902605,14.085103810132892],[122.628131690261,14.086221910133492],[122.62744329026087,14.08649081013327],[122.62736719026095,14.086688010133368],[122.62747439026104,14.086780710133494]]}},{"type":"Feature","properties":{"river_name":null,"name":null,"type":"River"},"geometry":{"type":"LineString","coordinates":[[122.71572189030177,14.10562221019966],[122.71575619030189,14.105855310199843],[122.715910690302,14.105946810199999],[122.71601359030218,14.106213110200242],[122.71597929030254,14.10693721020075],[122.71588489030283,14.107486510201078],[122.71611659030297,14.107628010201319],[122.71648559030302,14.107494810201436],[122.71681169030299,14.107228510201443],[122.7171463903031,14.107211810201632],[122.7173865903033,14.107428210201931],[122.71769559030344,14.107478110202152],[122.71792719030363,14.107628010202408],[122.7177984903037,14.107877610202502],[122.71745529030365,14.107969210202363],[122.71731799030371,14.108177210202426],[122.71742399030441,14.109462410203403],[122.71752299030457,14.109697110203628],[122.71787509030472,14.109707810203846],[122.71821609030476,14.109590410203964],[122.71865619030498,14.109665110204295],[122.71896429030531,14.110113310204786],[122.71887629030545,14.110422710204947],[122.71845819030534,14.110454710204719],[122.71812809030541,14.11086021020482],[122.71822709030566,14.111233710205145],[122.71859019030595,14.111564510205598],[122.7191072903062,14.11164981020596],[122.71929439030615,14.111447110205926],[122.7197674903063,14.111415110206194],[122.71994349030648,14.111628510206447],[122.71958039030652,14.111969910206476],[122.71994349030716,14.112919610207362],[122.72005349030765,14.113709210207993],[122.72057059030809,14.114200010208657],[122.72068069030809,14.114114710208664],[122.72073569030788,14.113709210208402],[122.72094469030773,14.113293110208238],[122.7214397903077,14.112962310208287],[122.7217808903078,14.112866210208422],[122.72207799030791,14.112898310208628],[122.72262809030794,14.112588810208743],[122.7230021903078,14.112108710208622],[122.72380529030778,14.111607110208752],[122.72413539030786,14.111532510208889],[122.72438849030802,14.111628510209103],[122.72463049030829,14.1119806102095],[122.7250705903084,14.11193791020973],[122.7255546903085,14.111777910209918],[122.72584079030838,14.111393710209816],[122.72630289030838,14.111095010209876],[122.72659999030849,14.111041610210016],[122.72684199030863,14.111201710210274],[122.72700699030892,14.111703210210727],[122.72721609030903,14.111735210210874],[122.72740309030898,14.111532510210841],[122.72814029030913,14.111212310211059],[122.72939459030952,14.111201710211802],[122.72973559030945,14.110870910211771],[122.72979059030928,14.110518810211559],[122.72970259030913,14.110337410211368],[122.72925149030901,14.110380010211127],[122.72809629030861,14.110412110210467],[122.7279311903085,14.110294710210281],[122.72785419030822,14.109814510209889],[122.72763419030788,14.109313010209402],[122.7277441903075,14.108566110208935],[122.72785419030741,14.108278010208794],[122.72833829030752,14.108213910209047],[122.72895449030788,14.108480710209614],[122.72952659030798,14.108310010209825],[122.72970259030784,14.107925810209656],[122.72981269030733,14.106922810209015],[122.72995569030718,14.106560010208833],[122.73021969030725,14.10650671020895],[122.73050579030749,14.106794810209333],[122.73114389030783,14.106944110209824],[122.73155099030804,14.107114910210186],[122.73185909030836,14.107563010210692],[122.73184809030887,14.108491410211343],[122.7317490903091,14.10897151021163],[122.73221119030937,14.109195610212062],[122.73341689031005,14.109637310213095],[122.73392479031045,14.110061010213698],[122.73485749031101,14.110489610214563],[122.7355841903113,14.110516310215017],[122.73599189031148,14.110617610215336],[122.7366985903116,14.110439610215623],[122.73729529031161,14.110026910215694],[122.7377684903119,14.110281510216153],[122.73809079031227,14.110802010216712],[122.73794009031258,14.111440010217077],[122.73803699031296,14.112096810217604],[122.73839729031354,14.11290091021839],[122.73899429031425,14.11385491021942],[122.73961979031499,14.114767810220451],[122.74031199031545,14.115162710221151],[122.74142199031577,14.115102410221775],[122.74185119031665,14.116400910222955],[122.74237899031723,14.117187510223824],[122.74277809031787,14.118040610224668],[122.74290989031796,14.118165910224835]]}},{"type":"Feature","properties":{"river_name":null,"name":null,"type":"River"},"geometry":{"type":"LineString","coordinates":[[122.53665769028683,14.191750210153094],[122.53695389028692,14.191698310153232],[122.53720009028694,14.19159021015331],[122.53753189028679,14.191141010153189],[122.53768939028666,14.190811410153058],[122.53766189028661,14.190736310152984],[122.53742939028639,14.1905278101527],[122.5373593902863,14.190411510152572],[122.53736689028632,14.190341210152537],[122.53774399028637,14.190240610152683],[122.53789579028637,14.190142510152704],[122.53836609028626,14.189637510152638],[122.53852279028624,14.189514910152658],[122.5386593902863,14.189500210152726],[122.53882629028635,14.189554210152862],[122.53895779028643,14.189519810152916],[122.53907409028636,14.189441410152924],[122.53907409028629,14.189240410152784],[122.53897289028598,14.188720710152367],[122.53899819028587,14.188554010152258],[122.53914989028586,14.18838241015223],[122.53932689028582,14.188240210152236],[122.53975169028585,14.188009710152336],[122.5398073902858,14.187843110152247],[122.5397668902857,14.187691110152118],[122.53952419028545,14.187441010151803],[122.53932689028534,14.18734791015162],[122.53913979028516,14.187127210151356],[122.53910439028503,14.186882110151164],[122.53916509028497,14.18669091015107],[122.53981749028492,14.186298610151173],[122.54044459028498,14.186004510151342],[122.54068729028506,14.185960310151453],[122.54087439028514,14.185975010151592],[122.54100089028516,14.185916210151618],[122.54101099028507,14.185764210151524],[122.540970490285,14.185671110151434],[122.54083399028488,14.185528910151247],[122.54076359028477,14.18534381015108],[122.5411291902846,14.184806310150917],[122.54144469028458,14.184637810150992],[122.54189789028484,14.184845210151416],[122.542190090285,14.184896910151622],[122.54241049028508,14.184861410151731],[122.54252069028502,14.184717210151696],[122.54247239028491,14.184517210151533],[122.54213799028464,14.184304310151171],[122.5421866902846,14.184134510151079],[122.54233459028457,14.184005810151087],[122.54258489028459,14.183866910151135],[122.54284459028447,14.183537710151066],[122.54320699028447,14.183327410151144],[122.54368939028464,14.183271910151376],[122.54385289028465,14.183200610151431],[122.54429439028459,14.182780510151403],[122.54460509028465,14.182772510151587],[122.54498939028477,14.182677410151745],[122.54508749028471,14.182542710151715],[122.54504659028453,14.182217610151461],[122.5450792902843,14.18175791015115],[122.54532459028431,14.181631110151217],[122.54553719028436,14.181623110151332],[122.54583969028452,14.181694510151571],[122.54633029028483,14.181971910152058],[122.54643659028483,14.181900610152072],[122.54651009028476,14.181726210151995],[122.54642839028438,14.181076210151494],[122.54645289028427,14.180862110151358],[122.54668179028435,14.180830410151467],[122.5471233902845,14.18089381015177],[122.54803089028486,14.18090181015233],[122.54822709028485,14.180790810152368],[122.54830889028472,14.180529210152242],[122.54829249028457,14.180196310151995],[122.54807179028442,14.180093210151789],[122.54798189028429,14.179926710151621],[122.54816169028427,14.179760310151604],[122.54827619028433,14.179768210151684],[122.5487503902846,14.179998110152134],[122.54913469028469,14.179926710152312],[122.54936359028454,14.179546310152178],[122.54937999028438,14.179213310151955],[122.54933909028423,14.179023110151803],[122.54946989028423,14.178832810151741],[122.54985419028421,14.17860291015181],[122.55049189028429,14.17834931015202],[122.55100699028445,14.178277910152286],[122.55119509028452,14.178365110152452],[122.5515139902848,14.178642610152837],[122.55189819028521,14.1791182101534],[122.55221709028538,14.179260910153692],[122.5525032902855,14.179268810153872],[122.55294479028562,14.179197510154088],[122.55358249028569,14.178951710154294],[122.55386869028564,14.178690110154283],[122.55422839028552,14.178262110154195],[122.55440739028539,14.177915210154056],[122.55491269028535,14.177492610154072],[122.5549478902854,14.177556610154133],[122.55515609028555,14.177694510154359],[122.55528319028555,14.17763581015439],[122.5555481902855,14.17735081015435],[122.55585379028547,14.177111810154376],[122.55597679028565,14.177351010154602],[122.55595359028582,14.177723010154853],[122.55601899028596,14.177881610155001],[122.55617439028606,14.178008410155185],[122.5564604902862,14.178119410155437],[122.55668859028638,14.178294310155687],[122.55686769028648,14.178350010155842],[122.55706029028651,14.178261510155899],[122.55720219028645,14.178035410155822],[122.5576245902864,14.177701210155847],[122.55762799028615,14.1772130101555],[122.55774629028605,14.17697711015541],[122.55786119028589,14.176649510155244],[122.55804369028581,14.176387410155176],[122.55830049028579,14.176203910155202],[122.55858099028592,14.176187510155357],[122.55884799028594,14.176046610155414],[122.55910479028586,14.175735410155351],[122.55925009028574,14.175486310155264],[122.55936159028566,14.175257010155166],[122.55944949028547,14.174840910154938],[122.55945289028536,14.174624610154787],[122.55930079028526,14.174552510154648],[122.55928729028514,14.17434281015448],[122.55939539028503,14.174087310154379],[122.559550890285,14.173916910154345],[122.55957969028495,14.173781110154266],[122.55976419028477,14.173341010154072],[122.55997679028468,14.17303981015399],[122.56032019028478,14.173047710154187],[122.56045919028494,14.173253810154423],[122.5607943902851,14.173301410154655],[122.5611459902851,14.173087310154719],[122.56138309028506,14.17281781015468],[122.56134219028482,14.172421410154362],[122.56112149028468,14.172326310154174],[122.56099059028455,14.172191510154],[122.56101519028448,14.172040910153909],[122.56137489028453,14.171858610154002],[122.56193089028459,14.171708010154225],[122.5625031902847,14.171486010154407],[122.56275669028479,14.17148601015456],[122.56308369028503,14.171739710154931],[122.56335359028513,14.171755510155112],[122.56390139028522,14.171549410155295],[122.56425289028522,14.171303710155332],[122.56452269028489,14.170598210154994],[122.56444099028477,14.170360310154784],[122.5642283902846,14.170241410154578],[122.56434289028456,14.17005121015451],[122.56452269028456,14.169987710154574],[122.56487429028472,14.169995710154792],[122.56546299028479,14.169781610154994],[122.56606799028489,14.169528010155183],[122.56627239028482,14.169345610155167],[122.56621519028471,14.169163310155009],[122.5659535902845,14.168925510154688],[122.56554479028412,14.16848151015413],[122.56597809028382,14.167704710153846],[122.56627239028393,14.167704710154025],[122.56633789028403,14.167831510154144],[122.56629699028417,14.168109010154318],[122.56632149028435,14.168418110154553],[122.56658309028451,14.1685529101548],[122.56718819028451,14.168164410154898],[122.56725359028437,14.167887010154734],[122.56725929028427,14.167694510154604],[122.5675918902842,14.167330410154554],[122.56791909028419,14.167164010154627],[122.56815519028426,14.167086010154707],[122.56858429028416,14.166669910154678],[122.56907779028425,14.166477410154844],[122.56958209028443,14.166493010155156],[122.56985029028455,14.166545010155344],[122.57001129028447,14.166321410155293],[122.57037069028448,14.166149710155382],[122.57059739028459,14.16621391015556],[122.57080349028477,14.166413810155833],[122.57101469028488,14.166441710155981],[122.57135769028496,14.166376110156138],[122.57155529028495,14.16623811015615],[122.57200589028486,14.165744010156082],[122.57327719028446,14.164183610155746],[122.57366879028436,14.163819510155724],[122.5739799902844,14.163663510155807],[122.57422139028449,14.163684310155965],[122.57446279028453,14.163621810156062],[122.5745753902844,14.163304610155912],[122.57444129028387,14.162389110155186],[122.57445739028347,14.16170251015471],[122.57455929028309,14.160891110154196],[122.57450029028273,14.160246110153714],[122.57465589028264,14.160058910153676],[122.57470949028259,14.159861210153567],[122.57465589028239,14.159559610153321],[122.57489729028234,14.159263110153267],[122.5751547902824,14.159205910153386],[122.57541229028237,14.159039410153422],[122.57592189028213,14.158295610153194],[122.57593799028199,14.158030310153023],[122.57575559028191,14.157952310152856],[122.5754497902818,14.157941910152667],[122.57491869028172,14.158129210152481],[122.5741140902817,14.158581710152314],[122.57343819028164,14.158930210152151],[122.5731484902816,14.159049810152068],[122.57293929028147,14.158925010151847],[122.57295539028138,14.158732510151733],[122.57323429028126,14.15840481015167],[122.57333089028111,14.158071910151484],[122.57355619028098,14.15765581015133],[122.57409799028079,14.156958810151167],[122.57396919028061,14.156677910150893],[122.57371179028036,14.156443910150568],[122.57332009028015,14.1562514101502],[122.57320209027993,14.155991310149949],[122.57334159027992,14.155830110149918],[122.57345429027977,14.155497210149756],[122.57329329027954,14.15519031014944],[122.57305189027912,14.154618110148888],[122.57273009027902,14.154550510148653],[122.57232769027891,14.154607710148445],[122.5718287902788,14.154727410148238],[122.57141579027858,14.154675410147957],[122.57119579027841,14.154399710147624],[122.57124409027826,14.154092810147434],[122.57202199027817,14.153484210147475],[122.57227949027809,14.15317731014741],[122.57271399027825,14.153151310147653],[122.57326649027827,14.15284961014778],[122.57348109027802,14.152272210147505],[122.57358299027737,14.151029010146683],[122.57383509027716,14.150441310146432],[122.57411939027705,14.150071910146332],[122.57436619027686,14.149593410146148],[122.57422139027666,14.149296910145855],[122.57396919027653,14.149198110145626],[122.57359909027642,14.14930731014549],[122.57292849027648,14.149785810145419],[122.5723062902766,14.150415210145491],[122.57201659027669,14.150748110145548],[122.57179129027668,14.150831410145472],[122.5715391902765,14.150675310145203],[122.57151769027624,14.15022281014488],[122.57181809027597,14.149588210144616],[122.57168939027576,14.149286510144325],[122.5715015902756,14.149068010144056],[122.57146409027541,14.148776710143837],[122.57151229027527,14.148433410143625],[122.5717322902752,14.148220110143589],[122.5719682902753,14.148188910143725],[122.5722686902755,14.148376210144034],[122.57247259027567,14.148615510144325],[122.57267639027577,14.148620710144444],[122.57305189027556,14.148027710144259],[122.57320209027529,14.14742951014392],[122.5733361902749,14.146612810143429],[122.5735775902747,14.146123810143235],[122.57395849027468,14.145827310143252],[122.57425889027479,14.145811710143427],[122.57450569027495,14.145988610143696],[122.57483289027515,14.146123810143981],[122.57519229027521,14.145983410144098],[122.57528349027511,14.14578051014401],[122.57524059027499,14.14554641014382],[122.57496169027475,14.145239510143439],[122.5750903902745,14.144813010143212],[122.57522989027446,14.144610110143155],[122.57545519027447,14.1444801101432],[122.57568589027437,14.144183610143129],[122.57587359027423,14.143783010142958],[122.57598629027407,14.143382510142748],[122.5761578902739,14.143008010142585],[122.57633499027393,14.142914310142622],[122.5767372902741,14.143013210142932],[122.5772736902744,14.143226510143403],[122.57754189027452,14.143268110143593],[122.57776729027451,14.143127610143626],[122.57771359027431,14.142779110143355],[122.57773199027412,14.142441410143125],[122.577694090274,14.14216151014291],[122.57776839027385,14.141903310142768],[122.57812779027392,14.141752410142871],[122.57845359027398,14.141654910143014]]}},{"type":"Feature","properties":{"river_name":null,"name":null,"type":"River"},"geometry":{"type":"LineString","coordinates":[[122.55361659031139,14.226012410187163],[122.5527287903108,14.22553471018629],[122.55269179031067,14.225331610186135],[122.55294449031044,14.224758210185886],[122.55286439031036,14.224596910185728],[122.55264929031024,14.224545310185556],[122.55246489031019,14.224587510185476],[122.55229399031009,14.224551010185346],[122.55210889031012,14.224661310185311],[122.55191539031017,14.224907610185376],[122.55184759031025,14.225104710185466],[122.55194619031042,14.225295810185658],[122.55185999031049,14.225498910185747],[122.55160109031058,14.225845310185836],[122.55117599031084,14.226574110186093],[122.55105889031097,14.226890610186233],[122.55125609031126,14.227201210186573],[122.55117599031135,14.227523810186751],[122.55083089031126,14.227631310186615],[122.55028859031111,14.227607410186272],[122.5500790903111,14.227744810186248],[122.54985729031132,14.22829431018649],[122.54985729031152,14.22862881018672],[122.5499188903117,14.228909510186957],[122.55011609031196,14.229333610187373],[122.55020239031222,14.22968011018766],[122.55001129031244,14.230205710187914],[122.54994349031264,14.230653710188179],[122.5497463903127,14.230922410188244],[122.54947929031258,14.230825310188015],[122.54930179031241,14.230662310187803],[122.5490775903124,14.230716610187704],[122.5488254903124,14.230897710187675],[122.54854529031239,14.231042610187616],[122.54845189031246,14.231250810187696],[122.54856389031278,14.231757810188121],[122.54871339031295,14.2320294101884],[122.54925509031337,14.232454910189023],[122.54929249031369,14.232970910189398],[122.54946989031407,14.2335413101899],[122.54946989031427,14.233912510190164],[122.5492550903143,14.234156910190201],[122.54901229031431,14.234274610190143],[122.54866669031428,14.234510010190103],[122.5486012903144,14.234745410190214],[122.54873209031472,14.23517091019059],[122.54936719031538,14.236021910191566],[122.54943259031559,14.236338710191824],[122.54941389031573,14.236619410192006],[122.54857969031585,14.23736151019202],[122.54848509031592,14.237590710192126],[122.54847829031604,14.237806910192269],[122.54842429031616,14.23802971019239],[122.54828909031616,14.238127910192382],[122.5481403903162,14.238304810192412],[122.54805929031635,14.238612710192577],[122.5481606903167,14.239228510193062],[122.54814719031687,14.239510210193254],[122.54829589031698,14.239680510193455],[122.54885009031734,14.239955710193986],[122.54903259031754,14.240171910194237],[122.54906639031765,14.240388110194422],[122.54886359031771,14.240571510194421],[122.54867439031766,14.240623910194342],[122.54857299031772,14.240781110194392],[122.5486675903178,14.240931810194555],[122.549208290318,14.240951510194895],[122.54952599031803,14.240800810194981],[122.549782790318,14.240597710194994],[122.54996529031796,14.240348810194924],[122.5503166903179,14.240034310194917],[122.5505397903178,14.239706710194831],[122.55066139031764,14.23933991019465],[122.55081689031766,14.239300610194714],[122.55097229031779,14.239425110194892],[122.55106689031801,14.23976571019519],[122.55111379031818,14.240086710195436],[122.55109509031838,14.240358310195614],[122.55075879031878,14.241372210196126],[122.55031049031888,14.241843010196172],[122.55027319031907,14.242187010196394],[122.5504599903192,14.242322810196592],[122.55205709031966,14.242150810197437],[122.55227189031976,14.242214210197615],[122.55238399031997,14.24251291019788],[122.55222519032012,14.242902210198062],[122.55200109032027,14.24331861019821],[122.55155269032022,14.24350871019808],[122.5512351903202,14.243689810198012],[122.5513005903204,14.24402471019828],[122.55180489032091,14.244567910198962],[122.5518515903212,14.245083910199346],[122.55199169032134,14.245310210199586],[122.55220649032151,14.24543701019981],[122.5524119903215,14.245292110199836],[122.55257079032145,14.245129210199808],[122.55279499032157,14.245210710200004],[122.55303779032195,14.245735710200517],[122.55305649032228,14.246287910200918],[122.55308449032232,14.246387510200998],[122.55420529032276,14.2464328102017],[122.55455089032299,14.246731510202116],[122.55484979032342,14.247238510202646],[122.55486839032372,14.247772610203029],[122.55481239032399,14.248324810203375],[122.55486839032413,14.248560210203578],[122.55509259032425,14.248641610203773],[122.55609199032457,14.248632610204362],[122.55619469032476,14.248858910204577],[122.55618539032507,14.249411110204953],[122.55611069032533,14.24989091020524],[122.55647489032563,14.25033451020577],[122.55680179032579,14.250325410205967],[122.55699799032574,14.250153410205964],[122.55734349032542,14.249320610205585],[122.55768909032565,14.249519710205936],[122.55785719032588,14.249890910206293],[122.5578571903261,14.250280210206567],[122.55776379032636,14.250760010206843],[122.55801599032677,14.25140271020744],[122.55807199032697,14.251728610207694],[122.55773579032706,14.252145010207787],[122.55736219032705,14.252335110207694],[122.55689519032696,14.252479910207507],[122.55652159032705,14.252833010207523],[122.55650289032725,14.253249410207811],[122.55658699032747,14.25358431020809],[122.55715669032786,14.253919310208662],[122.55817479032818,14.253910210209273],[122.55853899032837,14.254009810209556],[122.55870719032865,14.254417210209938],[122.55847369032868,14.254652510209967],[122.55818409032868,14.254752110209864],[122.55780119032866,14.254933210209755],[122.5568578903285,14.255277110209427],[122.55632549032872,14.256055710209642],[122.55633479032898,14.256490210209945],[122.55644689032911,14.256653110210134],[122.55700729032944,14.25686131021061],[122.55710069032952,14.25699711021076],[122.55710999032966,14.257241510210937],[122.55698859032978,14.257558310211083],[122.55683919032981,14.257730310211114],[122.55672709033024,14.258536010211603],[122.55696059033042,14.258735110211896],[122.55721079033056,14.258803310212077],[122.55725949033081,14.259251110212421],[122.5570726903309,14.259540810212512],[122.55690459033103,14.259875710212643],[122.55675509033104,14.25999341021263],[122.55666329033113,14.260220010212736],[122.55690649033143,14.260610310213153],[122.55726469033173,14.260905110213578],[122.55766349033202,14.261212910214025],[122.55819739033234,14.261461810214515],[122.55847449033256,14.261697710214845],[122.55848799033275,14.262018610215076],[122.5582108903328,14.262306810215113],[122.55795409033277,14.262437910215043],[122.55771079033266,14.26241171021488],[122.55745399033259,14.262333110214675],[122.5572917903324,14.262162710214454],[122.55708219033228,14.262090710214283],[122.55689299033224,14.26212341021419],[122.55678479033233,14.262339610214275],[122.55647389033236,14.262529610214225],[122.55617659033223,14.26254921021405],[122.55586569033218,14.262640910213932],[122.55568319033227,14.262916010214012],[122.55565609033249,14.26332221021428],[122.55584539033268,14.263558010214554],[122.55640639033297,14.26370211021499],[122.55683889033321,14.263911710215394],[122.55721739033349,14.264186810215808],[122.55742019033379,14.264606010216234],[122.55720419033403,14.265195610216507],[122.55734359033427,14.26555491021684],[122.55783959033458,14.265776710217287],[122.5581193903349,14.266220410217771],[122.55773789033556,14.267637810218517],[122.55827199033584,14.267822710218958],[122.55852639033618,14.268266410219427],[122.55838649033649,14.26895661021981],[122.55806849033688,14.26981931022023],[122.55759799033711,14.270608110220488],[122.55703839033737,14.271384610220675],[122.55635169033724,14.271594110220418],[122.5556522903372,14.271951510220243],[122.55609739033748,14.27217341022066],[122.55622449033768,14.272481510220942],[122.55694499033822,14.27306341022179],[122.55707259033836,14.27323461022198],[122.55716229033857,14.273471810222201],[122.5571776903387,14.273748510222399],[122.55708599033883,14.274077410222576],[122.55684889033894,14.27440391022266],[122.55683339033902,14.274538810222742],[122.55693069033927,14.274950910223087],[122.55710129033945,14.275164310223337],[122.55740819033963,14.275274910223597],[122.55785699033983,14.275366410223933],[122.55833759034019,14.275668110224425],[122.55848879034036,14.275881810224663],[122.55848869034055,14.276281810224939],[122.55861299034098,14.27695861022549],[122.55857309034107,14.27714241022559],[122.5584727903411,14.277300510225638],[122.5582946903411,14.277429610225617],[122.5580204903411,14.277490310225504],[122.557791690341,14.277606010225437],[122.55765959034115,14.27785211022553],[122.55758589034136,14.27829871022579],[122.55734829034147,14.278684410225912],[122.55717889034162,14.27907751022609],[122.55700029034195,14.279777610226455],[122.55688789034203,14.279969510226532],[122.556692290342,14.280073410226484],[122.55594689034181,14.280184010226106],[122.5558062903418,14.280258110226072],[122.55568839034187,14.280434910226122],[122.55538399034211,14.281066610226382],[122.55507999034221,14.281466010226476],[122.55425339034231,14.28215621022645],[122.55341399034224,14.282562910226224],[122.55284169034226,14.282969610226163],[122.55232029034242,14.283548810226234],[122.5522185903427,14.28414041022659],[122.55228219034305,14.284744210227041],[122.55299429034329,14.284756610227483],[122.55359209034361,14.284953810227982],[122.55369379034393,14.285409710228357],[122.55343949034413,14.285976610228593],[122.55307059034416,14.286334010228623],[122.55299429034449,14.286950210229007],[122.55276539034487,14.28777591022943],[122.55214229034516,14.28865091022965],[122.55196419034543,14.289267110229979],[122.55246019034581,14.289636810230524],[122.55303249034615,14.289957310231097],[122.55360479034668,14.290536510231846],[122.55375739034692,14.290856910232153],[122.55421519034735,14.291349810232758],[122.5548764903479,14.291966010233589],[122.55586839034859,14.29259451023462],[122.5565424903492,14.29322301023546],[122.55691129034966,14.293913210236159],[122.55664419035078,14.296143710237526],[122.55668229035115,14.296722910237957],[122.55696209035142,14.29709261023838],[122.55783959035226,14.298041510239559],[122.55831019035276,14.298694610240295],[122.55875529035342,14.299631210241198],[122.55913679035395,14.300247410241868],[122.55909859035441,14.301245510242524],[122.55883159035501,14.302440910243188],[122.55900959035549,14.303192610243812],[122.55913679035604,14.304092210244512],[122.55920039035655,14.305028710245194],[122.55885699035676,14.305595610245378],[122.55750899035661,14.306199410244984],[122.5563516903562,14.306150110244259],[122.5549146903556,14.305952910243244],[122.55286719035459,14.305460010241665],[122.55196419035407,14.305065710240852],[122.55139199035358,14.30444951024009],[122.55060349035298,14.303919710239253],[122.54990409035283,14.304104510238954],[122.54936989035303,14.304745310239076],[122.5490010903533,14.30552161023938],[122.54803459035334,14.306236410239297],[122.54533859035305,14.307357710238445],[122.54444839035311,14.307973910238333],[122.5444610903536,14.308885810238957],[122.54505879035413,14.309501910239746],[122.54587269035481,14.310216610240728],[122.54633049035556,14.31130101024175],[122.54585299035593,14.31228001024213],[122.5449376903558,14.312609210241815],[122.54410209035547,14.312548910241262]]}},{"type":"Feature","properties":{"river_name":null,"name":null,"type":"River"},"geometry":{"type":"LineString","coordinates":[[122.67445199036088,14.240191010269662],[122.67431789036091,14.24040561026973],[122.67413059036107,14.240805910269897],[122.67391309036114,14.241014610269911],[122.6738406903614,14.241573810270259],[122.67367889036149,14.241852410270354],[122.67343409036154,14.242097910270376],[122.67334469036152,14.242108310270329],[122.67320629036148,14.242073210270222],[122.67297849036127,14.241899810269969],[122.67282099036123,14.241854410269836],[122.67261449036114,14.241860610269715],[122.6723866903611,14.241930810269636],[122.67225259036108,14.242031910269619],[122.67212699036115,14.24220941026966],[122.6716713903612,14.242621110269686],[122.67146069036146,14.24317411026994],[122.6714542903615,14.243277310270013],[122.6714755903616,14.243392810270109],[122.67173529036174,14.24352281027035],[122.6718012903618,14.243628010270461],[122.6718331903619,14.243758010270572],[122.67181829036194,14.243838510270612],[122.67175659036194,14.243943810270647],[122.67140109036194,14.244108810270559],[122.67049839036176,14.244319310270162],[122.67040469036176,14.24439151027015],[122.67034259036177,14.244472310270174],[122.67024679036189,14.244744710270306],[122.67036609036224,14.245254410270732],[122.67033839036229,14.245386410270806],[122.67025959036235,14.245572110270892],[122.67014249036238,14.245741310270938],[122.66992119036243,14.245899310270914],[122.66983819036243,14.245998410270934],[122.66984669036248,14.246089210271004],[122.66990629036258,14.246167610271101],[122.67006379036265,14.246231610271233],[122.67012559036269,14.246287310271315],[122.67016809036276,14.246382210271394],[122.6701404903628,14.246489510271445],[122.66986369036282,14.246677210271418],[122.6696741903628,14.246749510271357],[122.66944579036274,14.246792710271249],[122.66923929036275,14.246906210271202],[122.66912219036283,14.24711881027128],[122.66894549036286,14.247302410271306],[122.66876669036304,14.247725410271487],[122.66875819036309,14.2478987102716],[122.66880499036324,14.248070010271755],[122.6690008903634,14.248266010272006],[122.66927979036359,14.248466210272321],[122.66934789036365,14.248587910272445],[122.66929679036392,14.249039810272723],[122.66934999036401,14.249196610272863],[122.67066199036516,14.25046701027454],[122.67080469036527,14.250555710274684],[122.67098989036533,14.250568110274811],[122.67115169036538,14.250530910274875],[122.67128789036548,14.250561910274982],[122.67145609036555,14.250669210275156],[122.67157109036565,14.250786810275308],[122.67161789036577,14.25100141027549],[122.6716029903659,14.25120771027562],[122.67152209036595,14.251360410275677],[122.67138799036594,14.25145531027566],[122.6709146903658,14.251530410275434],[122.67055839036568,14.251486010275185],[122.67022099036555,14.251396310274922],[122.67002519036538,14.251266310274714],[122.66990169036532,14.25121881027461],[122.66966539036522,14.25124571027448],[122.66935669036509,14.251152810274231],[122.6690628903649,14.250996010273942],[122.66896499036484,14.250919610273844],[122.66891599036474,14.25082061027374],[122.66896289036443,14.250168610273308],[122.66893309036432,14.249984910273168],[122.66884579036422,14.249906510273053],[122.66868819036414,14.249840510272916],[122.66851369036408,14.249821910272804],[122.66831989036402,14.249842610272703],[122.6680878903639,14.249807510272532],[122.6678472903638,14.249725010272332],[122.66728099036342,14.249380410271751],[122.66696169036318,14.249139010271396],[122.66640609036283,14.24885421027086],[122.66612719036269,14.248788210270645],[122.6657822903626,14.24883151027047],[122.66574609036262,14.248897510270492],[122.66573339036273,14.249124510270638],[122.66567159036276,14.24923591027068],[122.66551829036275,14.249289610270631],[122.66504359036263,14.249337010270372],[122.66483499036255,14.24939891027029],[122.66386229036246,14.249826610270002],[122.66364089036254,14.25007001027004],[122.66353229036253,14.250136110270024],[122.66267219036229,14.250233010269566],[122.66242739036218,14.2501959102694],[122.66228899036207,14.25010921026926],[122.66200379036174,14.249723410268816],[122.66174399036154,14.249502610268502],[122.66152899036143,14.249461310268346],[122.66084139036117,14.249432510267912],[122.6603389903609,14.249244710267485],[122.66013459036074,14.249042510267214],[122.65906959035995,14.248230210266009],[122.65890989035974,14.247978510265739],[122.6586927903596,14.247788610265482],[122.6584947903595,14.247765910265343],[122.65834149035946,14.24781551026528],[122.65819459035943,14.24789391026525],[122.65804129035945,14.248021810265241],[122.65773899035956,14.248345810265299],[122.65708179035965,14.248920410265297],[122.65698599035966,14.249075110265347],[122.65695409035976,14.24922161026543],[122.65702429035993,14.249473310265644],[122.65699449035996,14.249576510265697],[122.65692639035997,14.249650810265708],[122.65680079035997,14.249720910265683],[122.65654529035994,14.24980141026559],[122.65650059035997,14.249883910265618],[122.65650269036004,14.250069710265745],[122.65655379036009,14.250166610265843],[122.6566559903602,14.250259510265971],[122.65681359036031,14.250333810266117],[122.6569625903604,14.250358510266226],[122.65709459036037,14.250323410266274],[122.65736279036044,14.250166610266335],[122.6576544903605,14.250185210266523],[122.65779069036061,14.250265710266659],[122.65785249036071,14.250383310266772],[122.65787369036079,14.250544210266899],[122.65779919036093,14.25083101026706],[122.65772049036097,14.250959010267094],[122.65757779036096,14.25106011026709],[122.65704989036095,14.251348910266964],[122.6567262903609,14.251454210266843],[122.65657089036092,14.251545010266817],[122.65632909036093,14.251750710266808],[122.65612899036108,14.252134410266962],[122.65611409036124,14.252493510267197],[122.65602259036146,14.252889610267415],[122.6559267903615,14.25305061026748],[122.6558053903615,14.253135210267459],[122.65573729036153,14.25322181026748],[122.65561809036157,14.25344671026757],[122.65550099036162,14.253593210267598],[122.65524559036177,14.254049210267757],[122.65515609036191,14.25427001026786],[122.65504969036188,14.25433401026784],[122.65490279036183,14.254356710267766],[122.65455579036168,14.2542741102675],[122.65443659036167,14.254311310267452],[122.65437699036171,14.254379310267476],[122.65416829036192,14.254967410267742],[122.65417899036197,14.255062310267823],[122.65423649036205,14.255161310267923],[122.65434079036213,14.25521711026802],[122.65447279036216,14.255223210268108],[122.6550241903622,14.254955010268255],[122.65524559036226,14.254928210268375],[122.65533279036234,14.254977710268452],[122.65549249036256,14.25532641026879],[122.65552869036279,14.255613210269026],[122.65551799036291,14.255924810269223],[122.65554789036314,14.25627761026949],[122.65549679036319,14.25645301026958],[122.65539669036325,14.256605710269628],[122.65511569036323,14.256770710269569],[122.65449619036319,14.257047210269391],[122.65423009036319,14.257212310269344],[122.6537073903633,14.257766810269413],[122.65364569036335,14.25792981026949],[122.65358179036356,14.258282610269703],[122.65356049036369,14.25856111026988],[122.65358049036391,14.258937210270155],[122.65362739036395,14.25897841027021],[122.65374439036398,14.259011410270306],[122.65386149036405,14.258986710270355],[122.65404669036403,14.258842210270362],[122.65417659036407,14.258864910270464],[122.65428939036416,14.25892481027057],[122.65431499036418,14.259015610270641],[122.65427239036434,14.259329210270844],[122.65422559036438,14.259391110270867],[122.65414249036438,14.259417910270832]]}},{"type":"Feature","properties":{"river_name":null,"name":null,"type":"River"},"geometry":{"type":"LineString","coordinates":[[122.3786681901957,14.124228310011146],[122.37863279019564,14.124132210011055],[122.3784911901955,14.12399491001087],[122.3783106901954,14.123926210010712],[122.37809129019537,14.124025810010654],[122.37798509019548,14.124242010010748],[122.37767009019548,14.12443421001069],[122.37750019019538,14.124444510010601],[122.37743299019535,14.124345010010483],[122.37746129019524,14.124159610010373],[122.37738339019513,14.124046410010248],[122.37711089019504,14.124008610010058],[122.376880890195,14.124070410009965],[122.376756990195,14.12422481001],[122.37661539019523,14.124657310010223],[122.37625439019526,14.124969610010224],[122.37613409019532,14.125165210010282],[122.37614119019541,14.125299110010378],[122.37639249019571,14.125711010010818],[122.37641009019607,14.126363110011285],[122.37634999019618,14.126569010011396],[122.37591109019611,14.126757810011263],[122.37571999019605,14.12679211001118],[122.37562089019602,14.126726910011064],[122.37561379019597,14.126630810010994],[122.3756987901959,14.12650721001097],[122.37568459019585,14.126397410010876],[122.3755890901957,14.126194910010675],[122.37546519019564,14.126167410010583],[122.37528469019561,14.126249810010533],[122.37515019019564,14.126352810010525],[122.37482459019598,14.127224610010943],[122.37479629019616,14.127564310011165],[122.37475729019617,14.127646710011202],[122.37460869019617,14.127687910011144],[122.37435029019609,14.12770511001099],[122.37430079019617,14.127814910011042],[122.37430789019622,14.127952210011138],[122.3743785901963,14.128068910011267],[122.37457679019683,14.128920010011983],[122.37446359019681,14.129005810011975],[122.37389729019667,14.129088210011693],[122.3736141901967,14.129273510011654],[122.37347619019674,14.12949661001172],[122.37336999019699,14.12999771001202],[122.37328499019708,14.1302036100121],[122.37329209019713,14.130289410012173],[122.3735291901973,14.130491910012463],[122.37355759019741,14.130625810012567],[122.37350089019745,14.130749310012618],[122.37336639019745,14.130818010012584],[122.37315049019735,14.130824910012462],[122.37293109019726,14.13073561001228],[122.37240019019704,14.130680710011909],[122.37206049019699,14.130787110011784],[122.37172069019704,14.131123410011817],[122.371540190197,14.131168110011746],[122.37147649019694,14.13110631001166],[122.37147649019687,14.130927810011533],[122.3716074901968,14.130715010011457],[122.3716038901967,14.130557210011347],[122.37147529019649,14.13026441001107],[122.37151789019636,14.13002931001093],[122.3714705901962,14.129736010010696],[122.37125899019601,14.129535510010424],[122.37075539019585,14.129564010010142],[122.37010849019596,14.130152210010172],[122.36958269019601,14.13056111001014],[122.36893489019596,14.130856110009965],[122.36858329019589,14.130965710009828],[122.36833079019571,14.130866010009608],[122.36814789019553,14.130574410009292],[122.36797269019542,14.130513810009145],[122.36744929019537,14.130739010008995],[122.36719199019531,14.130745610008832],[122.36701239019517,14.130636210008666],[122.36681799019497,14.130385410008365],[122.36650919019448,14.1297015100077],[122.36637029019431,14.12946711000745],[122.36614619019419,14.12942711000729],[122.36584419019414,14.129541610007193],[122.36551829019415,14.129744010007139],[122.36525209019406,14.129780610007007],[122.36499899019394,14.129658310006768],[122.36404639019318,14.128877810005648],[122.36302749019254,14.128382810004696],[122.36273619019249,14.128424410004547],[122.36239489019249,14.128683210004526]]}},{"type":"Feature","properties":{"river_name":null,"name":null,"type":"River"},"geometry":{"type":"LineString","coordinates":[[122.60248019033472,14.23782001022474],[122.6028073903348,14.23779921022493],[122.60301669033488,14.237840810225077],[122.603177590335,14.237929210225229],[122.60337069033504,14.237929210225357],[122.60378909033501,14.237560010225351],[122.6040948903351,14.237502810225495],[122.60421829033507,14.237383210225488],[122.60429339033499,14.23721161022541],[122.60426659033487,14.237050410225274],[122.60419149033481,14.236956810225163],[122.6041967903347,14.236785210225056],[122.60422899033472,14.236707210225024],[122.60436849033472,14.236650110225074],[122.60468499033483,14.236717610225295],[122.6049692903349,14.236634510225414],[122.60525359033488,14.236405710225426],[122.60538239033474,14.236083310225277],[122.60547889033428,14.235235710224739],[122.60560229033429,14.235069310224707],[122.60572569033425,14.23502261022475],[122.60583299033439,14.235095310224866],[122.60590269033452,14.235344910225075],[122.60591339033462,14.235547710225232],[122.60598849033477,14.23571931022539],[122.60633719033513,14.236171710225916],[122.60650889033526,14.236306910226107],[122.60671809033536,14.236395310226296],[122.60695409033546,14.236395310226444],[122.60717409033546,14.236280910226487],[122.60733499033535,14.235927310226346],[122.6074315903353,14.235859710226357],[122.60795189033544,14.235693310226551],[122.60801089033536,14.235558110226496],[122.60797339033526,14.235381310226352],[122.60783929033516,14.235298110226205],[122.60765149033497,14.235064110225936],[122.60763119033489,14.234881810225795],[122.60767509033482,14.234780310225744],[122.60776459033481,14.234737710225778],[122.60800959033494,14.23475411022593],[122.60813809033495,14.234704910225979],[122.60829859033491,14.234544410225963],[122.6084489903349,14.234456010225982],[122.60890189033502,14.23433921022618],[122.60907889033498,14.234198810226188],[122.60926129033473,14.233606110225887],[122.60937399033467,14.233408510225814],[122.60951879033466,14.23333051022584],[122.60967439033476,14.233356510225956],[122.60985139033487,14.233512510226177],[122.610055190335,14.233574910226345],[122.6103985903351,14.233548910226531],[122.61081159033513,14.233325310226626],[122.61099939033521,14.233377310226775],[122.61113349033536,14.233590510227],[122.61151439033576,14.234037610227544],[122.61169679033587,14.234131210227718],[122.61223319033616,14.234297610228156],[122.61298419033638,14.234287210228588],[122.61332219033646,14.234183210228728],[122.61355279033641,14.234022010228749],[122.61376419033628,14.233655010228622],[122.6139948903361,14.233119410228388],[122.6140324903357,14.232396610227912],[122.61391979033559,14.232235410227737],[122.61372669033548,14.232173010227571],[122.6132867903353,14.23211581022727],[122.61287909033507,14.231902710226878],[122.61219779033478,14.231829910226416],[122.61200469033467,14.231746710226238],[122.61198319033458,14.231595910226124],[122.61202079033446,14.231429510226029],[122.61210129033448,14.23133591022601],[122.61220859033449,14.231294310226057],[122.61238559033454,14.231289110226152],[122.61265379033458,14.231179910226237],[122.61279859033459,14.231096710226256],[122.61287909033454,14.230945910226204],[122.6128629903344,14.230717110226042],[122.61274499033426,14.230561110225858],[122.61257869033417,14.230514310225724],[122.61252509033406,14.230327110225558],[122.61262159033407,14.230233510225556],[122.61279859033411,14.230197110225635],[122.61320099033424,14.230197110225875],[122.61334039033424,14.230124310225907],[122.61342089033411,14.229879910225783],[122.6132438903339,14.229552310225458],[122.61323849033379,14.229360010225317],[122.6133833903337,14.229120810225236],[122.61338869033361,14.228918010225106],[122.61334579033351,14.228741210224952],[122.61319559033336,14.228585210224754],[122.61288979033318,14.228476010224497],[122.61278789033311,14.228392810224376],[122.61276649033306,14.228283610224286],[122.61285759033304,14.228226410224298],[122.61297569033307,14.228226410224364],[122.61310439033316,14.228278410224487],[122.61334039033325,14.228288810224633],[122.61355499033324,14.228174410224677],[122.61436509033265,14.226557210224046],[122.61450989033247,14.226130810223825],[122.61457959033227,14.225756410223614],[122.61453129033218,14.225600410223475],[122.61430069033207,14.225558810223305],[122.61410219033202,14.225558810223182],[122.61404849033195,14.22546521022309],[122.61405929033185,14.225288410222982],[122.61411829033177,14.225153210222913],[122.61431229033178,14.225019110222947],[122.6151330903319,14.224733110223239],[122.61538519033203,14.224785110223426],[122.6155675903322,14.225024310223688],[122.61567489033237,14.225247910223915],[122.61587879033262,14.225507910224225],[122.61594849033267,14.225585910224318],[122.61610939033275,14.225596310224416],[122.61653859033277,14.225403910224546],[122.61676919033275,14.225221910224555],[122.61689799033277,14.225159510224595],[122.61714479033289,14.225201110224772],[122.61738079033293,14.225117910224856],[122.61763289033286,14.224863110224833],[122.61794409033276,14.224457510224731],[122.61821759033266,14.224155910224685],[122.61841379033264,14.2240054102247],[122.61859629033269,14.22396601022478],[122.61866389033274,14.223990610224838],[122.6186993903328,14.224057810224908],[122.61869099033281,14.224126610224957],[122.61849429033292,14.224497910225093],[122.6183708903331,14.224867110225278],[122.61837089033322,14.225111510225442],[122.61847819033336,14.22532471022565],[122.61874109033351,14.225413110225873],[122.61898249033362,14.225428710226025],[122.62011439033385,14.225127110226499],[122.62048449033387,14.224934710226586],[122.62064549033384,14.224809910226597],[122.62062399033367,14.224461510226345],[122.62066689033355,14.224284710226245],[122.62077419033356,14.22416511022623],[122.62094049033358,14.224097510226272],[122.62134279033371,14.224066310226497],[122.62208309033403,14.224263910227082],[122.62231919033415,14.224263910227224],[122.6225605903342,14.224175510227308],[122.62266249033415,14.22403511022726],[122.62273759033388,14.223535910226968],[122.62268389033372,14.223255110226734],[122.62242639033353,14.223130310226496],[122.62216889033347,14.223093910226314],[122.6220294903333,14.222958710226138],[122.62202409033307,14.222480310225807],[122.62197579033291,14.222163110225559],[122.62179879033266,14.221939510225285],[122.62147689033249,14.221783510224991],[122.62130529033233,14.221591110224757],[122.62126769033217,14.22132071022454],[122.62134819033207,14.221086710224423],[122.62152519033205,14.220941110224429],[122.62188459033209,14.220790310224533],[122.62252299033224,14.220691510224855],[122.62292529033245,14.220753910225133],[122.62335449033256,14.220764310225402],[122.62370319033263,14.220634310225519],[122.62396599033252,14.220311910225455],[122.62417519033258,14.220265110225546],[122.62445419033273,14.220327510225763],[122.62529099033318,14.220613510226453],[122.62545199033322,14.220613510226553],[122.62563439033323,14.220556310226632],[122.62568259033317,14.220374310226525],[122.62555389033301,14.220124710226276],[122.62474689033242,14.219558510225404],[122.62482199033228,14.21926731022524],[122.62498299033224,14.219111310225218],[122.62524039033208,14.218664110225072],[122.62548719033205,14.218456110225068],[122.62616309033218,14.218279310225352],[122.62653859033227,14.218227310225547],[122.6265707903322,14.218029710225434],[122.62640989033194,14.21764491022505],[122.62604509033166,14.21738491022466],[122.62586269033143,14.217104110224355],[122.62587339033138,14.217000110224287],[122.62672099033162,14.216812910224668],[122.62690339033156,14.216615310224636],[122.6266244903313,14.216324110224267],[122.62608799033084,14.215876910223637],[122.62592709033066,14.215596110223343],[122.62593779033054,14.215367310223185],[122.62646349033074,14.215440110223556],[122.62666739033075,14.215336110223605],[122.62698919033063,14.214888810223487],[122.62705359033032,14.21429601022311],[122.62717369033031,14.214162710223073],[122.62726219033014,14.213803910222895],[122.62733459033016,14.213777910222918],[122.62792199033056,14.214175710223547],[122.62810979033067,14.214253710223716],[122.62828409033074,14.214256310223828],[122.62846919033073,14.214162710223867],[122.62856299033074,14.214076910223861],[122.62873739033077,14.214030110223936],[122.62963059033102,14.21394171022441],[122.62981829033116,14.21407691022462],[122.63070609033134,14.213866310225],[122.63088579033142,14.213858510225108],[122.63093409033148,14.213946910225197],[122.63095829033156,14.214134110225329],[122.63088319033166,14.214290110225399],[122.63088579033173,14.214425310225513],[122.63097429033184,14.214521510225621],[122.63110309033189,14.21456051022573],[122.6312908903319,14.214537110225825],[122.63146519033192,14.214440910225859],[122.63221889033163,14.213367110225565],[122.63240129033144,14.212977010225394],[122.63253539033126,14.212558410225187],[122.63265069033123,14.212368610225125],[122.63275529033122,14.21230101022514],[122.63302619033132,14.212301010225303],[122.63312279033126,14.212215210225303],[122.63317639033123,14.212048810225216],[122.63313079033101,14.211690010224945],[122.63297259033064,14.211089410224426],[122.63292969033037,14.210634310224078],[122.63275269033012,14.210322310223757],[122.63254339032991,14.210124710223495],[122.63237709032991,14.21012471022339],[122.6319640903298,14.210218310223205],[122.63149199032982,14.21056151022316],[122.63135249032973,14.210540710223066],[122.63126129032966,14.210436710222949],[122.6312237903296,14.21030671022283],[122.63155639032932,14.209646310222558],[122.63188359032937,14.209495510222656],[122.63194259032934,14.209381110222608],[122.63199629032903,14.208746610222196],[122.63206059032882,14.208419010222007],[122.63206059032866,14.208062810221755],[122.63209819032855,14.207813210221607],[122.63219209032839,14.20749081022144],[122.6321893903281,14.206973310221073],[122.63236109032783,14.206351910220747],[122.63251129032776,14.206115310220675],[122.63271239032774,14.206003510220704],[122.63291359032779,14.205933210220785],[122.63307449032787,14.205982710220907],[122.63329979032801,14.206099710221135],[122.63364849032818,14.206177710221395],[122.63441559032864,14.206572910222125],[122.63457119032876,14.206630110222271],[122.63473749032877,14.206609310222353],[122.63489569032876,14.206450710222331],[122.6348661903285,14.205995710221996],[122.63492519032825,14.20549901022169],[122.63506199032818,14.205314410221645],[122.6354079903281,14.204981610221616],[122.63563069032816,14.204911410221703],[122.63572989032818,14.204914010221755],[122.63580229032826,14.20497901022185],[122.63584259032854,14.205418410222183],[122.63599009032862,14.205538010222355],[122.63626899032904,14.206076310222901],[122.63653729032927,14.20637271022327],[122.63664719032931,14.206380510223337],[122.6367598903293,14.206323310223366],[122.63728559032904,14.205480810223087],[122.63743039032892,14.20514801022294],[122.63768259032891,14.204976410222978],[122.63813579032892,14.20473201022308],[122.6386373903289,14.204393910223136],[122.64053109032909,14.203504710223656],[122.64068659032901,14.203255010223582],[122.64070269032882,14.202891010223325],[122.6407884903286,14.202464610223089],[122.64098169032839,14.201965310222855],[122.64115329032835,14.201731310222794],[122.64162539032834,14.201476510222896],[122.64202239032834,14.201164510222908],[122.64253739032819,14.200587210222812],[122.64324549032814,14.200041110222873],[122.64396429032813,14.199552310222952],[122.64435049032824,14.199541910223179],[122.64475289032833,14.199453510223352],[122.64506399032834,14.199261110223405],[122.64524639032821,14.198943810223296],[122.64518469032804,14.198616210223037],[122.64503719032793,14.198535610222878],[122.64469119032775,14.198423810222591],[122.6442861903275,14.198197610222197],[122.64401259032728,14.197958310221864],[122.64388379032707,14.197674910221588],[122.64386769032683,14.197269310221309],[122.64393749032672,14.196978010221136],[122.64407689032663,14.196780410221077],[122.64452759032669,14.196590610221216],[122.64460799032669,14.196471010221181],[122.64453019032644,14.196104310220877],[122.64441219032625,14.195771510220577],[122.64431299032609,14.195615510220406],[122.64422979032607,14.19560771022035],[122.64406349032603,14.195657110220289],[122.64391059032609,14.195859910220337],[122.64384089032626,14.196218710220545],[122.6435887903264,14.196650410220691],[122.64343859032643,14.196793410220703],[122.64318639032635,14.196848010220586],[122.64302019032628,14.196811610220466],[122.64284039032609,14.196528210220155],[122.64236569032533,14.195469910219138],[122.64238179032522,14.195293010219013],[122.64269829032531,14.195220210219158],[122.64334199032552,14.195173410219514],[122.6436906903256,14.195116210219682],[122.64398569032564,14.194991410219767],[122.64409299032557,14.194835410219724],[122.64410379032549,14.194658610219609],[122.6439320903252,14.194190510219176],[122.64381939032478,14.193535210218652],[122.64378729032448,14.192978710218238],[122.6437925903242,14.192463910217883],[122.64383019032404,14.192146610217678],[122.64394819032395,14.191995810217653],[122.64414129032406,14.191954210217732],[122.64468309032424,14.192006210218091],[122.64509079032459,14.19233911021857],[122.64526779032462,14.192333910218677],[122.64600809032474,14.192105010218956],[122.64650699032478,14.191829410219071],[122.64678599032477,14.191637010219091],[122.64695229032473,14.191460110219076],[122.64739749032454,14.190784110218868],[122.64748329032442,14.190560410218765],[122.64737069032408,14.190003910218298],[122.64746729032407,14.189931110218314],[122.64787489032415,14.189795910218466],[122.64797689032419,14.189832310218538],[122.64824509032492,14.190986910219516],[122.64840069032516,14.191361310219873],[122.64857229032533,14.191569410220124],[122.6487278903254,14.19159021022023],[122.64895859032546,14.191553810220343],[122.64910339032548,14.191449710220361],[122.64924819032531,14.191075310220182],[122.64988659032502,14.19013921021991],[122.65023529032479,14.189473510219653],[122.65049809032466,14.189109410219544],[122.65145299032457,14.188292910219555],[122.65187139032459,14.188090110219667],[122.65204849032467,14.188110910219788],[122.65264389032527,14.188870210220669],[122.65267609032544,14.1891666102209],[122.65240249032544,14.189270610220804],[122.6519894903252,14.189187410220496],[122.65176409032516,14.189182210220364],[122.65149589032522,14.189494310220425],[122.6513564903254,14.189873910220609],[122.65148519032566,14.190284810220971],[122.65192509032623,14.191054510221777],[122.65205919032636,14.19120531022196],[122.65260639032658,14.191283310222346],[122.65302479032682,14.191428910222696],[122.65320719032687,14.191439310222815],[122.6534807903269,14.19128851022287],[122.65412449032682,14.190768510222895],[122.65430689032682,14.190654010222929],[122.65453219032689,14.190612410223029],[122.654972090327,14.190602010223282],[122.65540659032732,14.190815310223682],[122.65574449032746,14.19089331022395],[122.65620589032774,14.191106510224374],[122.65645799032785,14.191142910224551],[122.65672619032792,14.19111171022469],[122.65724119032781,14.190586410224642],[122.65753089032792,14.190612410224825],[122.65814239032824,14.190851710225363],[122.65859309032855,14.19106491022578],[122.65883979032876,14.191319710226105],[122.65896859032901,14.191647410226416],[122.65918309032914,14.191777410226631],[122.66001459032954,14.191990610227283],[122.66010049032964,14.19211541022742],[122.66005219032976,14.192406710227605],[122.65984299032993,14.19287991022781],[122.65969809033005,14.193129610227887],[122.65958009033017,14.193452010228047],[122.65948349033064,14.19436731022863],[122.6596337903309,14.194752210228996],[122.6600413903313,14.195178610229533],[122.66035259033146,14.195298210229803],[122.66055639033155,14.195308610229935],[122.66094269033157,14.195137010230042],[122.6610230903316,14.195183810230128],[122.66159179033218,14.195870310230953],[122.66183849033263,14.196494410231548],[122.66192439033287,14.196900010231875],[122.66208529033297,14.196978010232023],[122.662326690333,14.196905210232112],[122.66245009033297,14.196723210232069],[122.66257379033283,14.196394110231907]]}},{"type":"Feature","properties":{"river_name":null,"name":null,"type":"River"},"geometry":{"type":"LineString","coordinates":[[122.48830219027917,14.208232710135563],[122.48813599027895,14.208012010135306],[122.4881421902788,14.207707910135092],[122.48837599027883,14.207588610135156],[122.48851749027877,14.207397810135108],[122.48859129027863,14.207069810134918],[122.48847439027834,14.20664041013455],[122.48862199027828,14.206419710134497],[122.48873279027816,14.20616921013438],[122.48916959027795,14.205513210134189],[122.48923719027783,14.205232910134027],[122.48933569027774,14.205018210133936],[122.48928639027751,14.20463061013364],[122.48938489027745,14.20446961013359],[122.48971709027751,14.204386110133733],[122.48984629027738,14.204010310133551],[122.48976629027717,14.203736010133309],[122.48961869027704,14.203569010133101],[122.48959399027693,14.203390110132966],[122.4896924902768,14.20303231013277],[122.49004929027681,14.202865310132877],[122.4904798902769,14.20274601013305],[122.49075059027687,14.202537310133057],[122.49107659027675,14.202066110132927],[122.4912365902768,14.202030410133],[122.49172259027713,14.202352410133525],[122.49193789027714,14.202316610133622],[122.49214709027704,14.201988610133519],[122.49244849027683,14.20138031013328],[122.49259619027684,14.201308710133318],[122.49276839027692,14.201332610133438],[122.49290989027703,14.201493610133626],[122.49318669027717,14.201547310133835],[122.49336509027718,14.20142801013386],[122.49342669027698,14.201046310133634],[122.49356819027692,14.200831610133564],[122.49361119027685,14.200688510133489],[122.49346969027677,14.200622910133362],[122.49327899027674,14.200670610133276],[122.49297759027675,14.200879310133242],[122.49278069027666,14.200861410133117],[122.49274379027659,14.200724310132998],[122.49294679027653,14.200551310132996],[122.49327389027657,14.200339410133052],[122.49336509027647,14.200115810132946],[122.49340269027637,14.199876510132807],[122.4930002902757,14.198987210131936],[122.49224389027438,14.197016210130112],[122.49213129027436,14.197016210130052],[122.4920078902745,14.197323110130188],[122.4919166902745,14.197359510130157],[122.49168069027432,14.197234710129925],[122.49128369027397,14.19684981012942],[122.49119789027378,14.19655861012917],[122.4912729902736,14.196178910128944],[122.49072579027327,14.195877310128408],[122.49095649027319,14.195684910128417],[122.49135879027325,14.195492510128524],[122.49133739027313,14.19530521012838],[122.49102089027295,14.195185610128096],[122.49084259027275,14.194893210127795],[122.4906196902726,14.194768710127562],[122.49030189027235,14.194509910127199],[122.49011969027202,14.19400051012674],[122.49024679027191,14.193725210126624],[122.49041629027182,14.193487010126551],[122.49039509027175,14.193330910126425],[122.49022789027153,14.193055410126147],[122.49006339027142,14.192985910125993]]}},{"type":"Feature","properties":{"river_name":null,"name":null,"type":"River"},"geometry":{"type":"LineString","coordinates":[[122.7309258904109,14.295883710342355],[122.73096879041108,14.296200810342595],[122.73105999041121,14.296382810342784],[122.73145689041166,14.296928610343393],[122.73143549041184,14.297245710343606],[122.7312771904118,14.297344410343582],[122.73072199041165,14.297380810343276],[122.73067909041173,14.297521210343355],[122.73081319041195,14.297890310343682],[122.73084529041203,14.297974810343762],[122.73100099041217,14.298129410343963],[122.73143549041237,14.298243710344297],[122.73174129041236,14.298056610344362],[122.73207379041254,14.29815021034462],[122.73232599041265,14.298160610344782],[122.73257809041264,14.29805661034486],[122.7327067904126,14.297879910344808],[122.73287309041262,14.297734310344811],[122.73311449041267,14.297703110344933],[122.73331299041284,14.297905910345195],[122.7333880904129,14.297933110345262],[122.73344979041295,14.29801631034535],[122.7336643904131,14.29816711034559],[122.73374749041317,14.298180110345642],[122.7341632904132,14.29802281034579],[122.73446369041329,14.29797601034594],[122.73469969041336,14.298022810346119],[122.7348874904135,14.298126810346298],[122.73506449041366,14.29835031034656],[122.73527909041381,14.298449110346752],[122.73569209041395,14.298485510347023],[122.73593619041404,14.298439010347147]]}},{"type":"Feature","properties":{"river_name":null,"name":null,"type":"River"},"geometry":{"type":"LineString","coordinates":[[122.75339369039459,14.25187861032528],[122.75367539039456,14.251688810325332],[122.7538201903946,14.251701810325411],[122.7543136903949,14.251956610325895],[122.7544096903949,14.251900710325906],[122.75457389039487,14.251699210325864],[122.75457389039472,14.2514627103257],[122.7547026903946,14.251161110325562],[122.75491719039454,14.250859510325489],[122.75514249039425,14.250214810325174],[122.75544299039423,14.249975710325188],[122.75575409039409,14.249518110325056],[122.75611889039371,14.248623810324649],[122.75646219039352,14.248062310324464],[122.75680549039338,14.24757351032432],[122.75840409039314,14.246117710324272],[122.75867349039302,14.245750110324177],[122.75888329039284,14.245283510323976]]}},{"type":"Feature","properties":{"river_name":null,"name":null,"type":"River"},"geometry":{"type":"LineString","coordinates":[[122.76823079040427,14.260200310340016],[122.76850439040427,14.26007811034009],[122.76863319040422,14.259852010340012],[122.76875649040396,14.259316410339709],[122.76878339040371,14.258913510339449],[122.76876729040318,14.25791011033873],[122.76861709040276,14.2572654103382],[122.76843089040199,14.25592471033715]]}},{"type":"Feature","properties":{"river_name":null,"name":null,"type":"River"},"geometry":{"type":"LineString","coordinates":[[122.76108539039826,14.25378711033123],[122.76143949039829,14.253599910331324],[122.76163259039834,14.253563510331412],[122.76191689039854,14.253792310331754],[122.76202959039854,14.253672710331731],[122.76200809039844,14.25353231033162],[122.76217439039847,14.253501110331694],[122.76231919039854,14.25350111033178],[122.7624050903986,14.2536051103319],[122.76254989039873,14.253667510332038],[122.76279129039878,14.25364151033217],[122.76300049039881,14.253563510332238],[122.76311319039878,14.253438710332217],[122.76332239039884,14.253391910332311],[122.76349939039888,14.253402310332428],[122.76376229039913,14.253724710332804],[122.7639553903992,14.253735110332931],[122.76442209039928,14.253547910333081],[122.76458299039939,14.253610310333222],[122.76482439039944,14.25357391033333],[122.7652857903995,14.253386710333489],[122.76549499039957,14.253397110333625],[122.76564519039971,14.253584310333842],[122.7657685903998,14.253683110333984],[122.76594019039976,14.253495910333958],[122.76614409039978,14.253365910333994],[122.76643369039986,14.253334710334144],[122.76654099039995,14.253402310334247],[122.76644449039996,14.253532310334288],[122.76646059040007,14.25367791033439],[122.76664829040017,14.253745510334555],[122.76684139040023,14.25371431033466],[122.76709359040034,14.253844310334895],[122.76740519040061,14.254057410335234]]}},{"type":"Feature","properties":{"river_name":null,"name":null,"type":"River"},"geometry":{"type":"LineString","coordinates":[[122.76730609039956,14.252250810333914],[122.76815039039991,14.252339110334484],[122.7686867904002,14.252536710334944],[122.77029609040058,14.252177910335657],[122.77095059040079,14.25216751033604],[122.77253219040158,14.252597610337293]]}},{"type":"Feature","properties":{"river_name":null,"name":null,"type":"River"},"geometry":{"type":"LineString","coordinates":[[122.54410209035547,14.312548910241262],[122.54161239035334,14.310241310238172],[122.53974299035255,14.309945510236853],[122.53861109035216,14.310044110236232],[122.53772089035212,14.310413810235946],[122.53721219035228,14.311091510236105],[122.53670349035283,14.312385410236683],[122.53660179035344,14.31358071023745],[122.53623299035384,14.314529510237879],[122.53328259035455,14.317659410238253],[122.53225249035472,14.31865751023832],[122.52974719035485,14.320468810238044],[122.52714019035464,14.321738010237341],[122.52567889035409,14.321627510236388]]}},{"type":"Feature","properties":{"river_name":null,"name":null,"type":"River"},"geometry":{"type":"LineString","coordinates":[[122.36360219018151,14.107627109990469],[122.3634156901815,14.107762809990458],[122.36336899018158,14.107926809990543],[122.36349149018167,14.108022909990686],[122.3639519901819,14.108164209991052]]}},{"type":"Feature","properties":{"river_name":null,"name":null,"type":"River"},"geometry":{"type":"LineString","coordinates":[[122.44486679021672,14.1210081100485],[122.44466409021649,14.120765610048203],[122.4445829902164,14.120608310048054],[122.44441399021628,14.120516510047883],[122.4441841902162,14.120496910047734],[122.443974690216,14.120280610047454],[122.44395439021595,14.120162610047352],[122.44383269021587,14.120064310047214],[122.44364349021576,14.12007081004711],[122.44339339021579,14.120234710047072],[122.44247229021566,14.12052861004673],[122.44200819021546,14.120501710046431],[122.44167609021534,14.120526510046243],[122.44092029021498,14.12027461004563],[122.4403667902146,14.119946410045054],[122.44008579021451,14.119919510044864],[122.43998149021446,14.119950510044825],[122.43990699021445,14.120012410044826],[122.43985589021453,14.120177610044912],[122.43974309021455,14.120239510044902],[122.43965789021449,14.120237510044829],[122.43952809021444,14.120179710044718],[122.43925339021425,14.119981510044418],[122.43904269021415,14.119946410044266],[122.43864669021406,14.120062010044121],[122.438497690214,14.120004210043982],[122.43821449021375,14.119791510043662],[122.4373265902134,14.119654410043033],[122.43691149021329,14.11970191004281],[122.4366431902132,14.119768010042709],[122.43611949021313,14.119953810042515],[122.43602589021313,14.120055010042535],[122.43591089021326,14.120321310042646],[122.43583209021325,14.12037911004265],[122.4357128902132,14.120395610042587],[122.43555109021315,14.120337810042452],[122.43538079021297,14.120123110042204],[122.43530859021293,14.12010031004214],[122.43498289021285,14.120154010041977],[122.43479549021278,14.12015191004187],[122.4345698902127,14.120102410041694],[122.43430379021248,14.119972310041444],[122.43424839021247,14.119895910041361],[122.43428459021234,14.119683310041237],[122.43464759021212,14.119055010041],[122.43467459021204,14.118891210040909],[122.43460029021196,14.118733910040753],[122.43434339021174,14.118511010040447],[122.43412039021159,14.118399610040232],[122.43399199021148,14.118268510040064],[122.43397659021122,14.11780371003972],[122.43391649021103,14.117529510039505],[122.43390799021068,14.116881210039036],[122.43388029021062,14.1167037100389],[122.43383349021053,14.116619010038805],[122.43373129021046,14.116540610038692],[122.43333959021034,14.116579810038491],[122.43265719020985,14.116162410037786],[122.43254649020979,14.116069510037645],[122.43253589020972,14.115935310037553],[122.43259759020961,14.11571241003743],[122.43275149020948,14.115392310037297],[122.43279409020936,14.115136310037137],[122.43270469020912,14.114698610036786],[122.43258119020902,14.114558210036606],[122.43250029020895,14.114578910036577],[122.43243219020891,14.114543810036514],[122.43240659020888,14.114490110036458],[122.43227969020856,14.11392701003598],[122.43226619020834,14.113567610035732],[122.4321873902081,14.11318771003541],[122.43213629020805,14.113099010035308],[122.43204689020799,14.113041110035216],[122.43109529020768,14.113088610034675],[122.43106549020766,14.113061810034639],[122.4310654902076,14.112966810034575],[122.43116479020738,14.112482510034301],[122.43115209020735,14.11239781003423],[122.43111369020725,14.112371010034195],[122.43102009020726,14.11234411003412],[122.43089869020721,14.112368910034057],[122.43045379020714,14.112544410033923],[122.43027499020708,14.112521710033803],[122.42998969020688,14.11238751003353],[122.42991939020683,14.11231321003343],[122.42987689020676,14.112201710033322],[122.43005249020645,14.111495010032945],[122.42999839020634,14.111291810032773],[122.42980919020616,14.111121410032528],[122.42946449020597,14.110990310032228],[122.42873669020558,14.11079471003166],[122.42831939020544,14.110722410031359],[122.42799799020533,14.110718310031167],[122.4277956902053,14.11076371003107],[122.42758919020524,14.11085451003101],[122.42745719020527,14.110955710031009],[122.42728269020533,14.111160110031046],[122.42717839020528,14.111182810030998],[122.42705059020521,14.111141510030897],[122.42696549020515,14.111071310030788],[122.42698039020509,14.110908210030695],[122.42692709020494,14.110712110030525],[122.42672379020468,14.110323910030123],[122.42666299020445,14.109996210029854],[122.42666969020433,14.109701210029659],[122.42683469020379,14.108596910028977],[122.42674529020357,14.108270710028693],[122.42664099020348,14.108124110028525],[122.42638129020324,14.10792591002823],[122.42607679020314,14.107847410027992],[122.42571489020297,14.10784331002778],[122.42524229020287,14.107963010027573],[122.42473849020271,14.107936410027246],[122.42453839020261,14.10783321002707],[122.42445529020249,14.10772171002694],[122.42426369020241,14.107727910026826],[122.42408919020244,14.107849710026805],[122.42389539020246,14.10804371002683],[122.42364209020246,14.108200710026786],[122.42335899020236,14.108155210026588],[122.42307799020219,14.108045810026338],[122.42277569020207,14.108025210026147],[122.42258829020194,14.107977710025992],[122.42246269020185,14.107829010025807],[122.4224115902017,14.107597810025624],[122.42247759020142,14.107003210025246],[122.42246909020133,14.106838010025125],[122.42241379020122,14.106705810024998],[122.42206889020102,14.106565410024688],[122.42174939020074,14.106230010024273],[122.42158409020045,14.105799210023864],[122.42157629020039,14.105684610023774],[122.42158309020037,14.105623210023742],[122.42170479020038,14.105565910023772],[122.42193769020034,14.105387910023783],[122.42246709020046,14.105244110024],[122.42284829020038,14.10490871002399],[122.42289069020029,14.104662210023838],[122.42289069020008,14.104272010023568],[122.42285539019997,14.104141910023461],[122.42165539019973,14.10442261002294],[122.4213235901996,14.104415810022727],[122.42108359019943,14.104203510022439],[122.420660090199,14.103690110021832],[122.42041299019863,14.103210910021343],[122.42030709019812,14.102341410020658],[122.42037769019775,14.101602010020187],[122.42011659019744,14.101136510019701],[122.41957299019711,14.100896910019205],[122.41935419019693,14.100705210018944],[122.41920599019663,14.100226010018513],[122.41895889019636,14.099911110018143],[122.41867659019599,14.099438710017647],[122.41867659019566,14.098822510017202],[122.41880359019504,14.097569710016401],[122.41851419019473,14.09715891001594],[122.41785769019435,14.096933010015391],[122.41708829019407,14.096905610014906],[122.41674239019405,14.097056210014813],[122.41649539019434,14.097775110015165],[122.41618479019432,14.097932510015097],[122.4159800901942,14.097843510014908],[122.4156624901939,14.097473810014453],[122.4153306901935,14.096912410013868],[122.4146671901931,14.096659110013297],[122.41413069019269,14.096234710012665],[122.41325539019222,14.095892310011905],[122.41274009019199,14.09583761001155],[122.41209069019168,14.095639010011029],[122.41185069019177,14.095940310011098],[122.41130719019178,14.096296310011027],[122.41118009019188,14.09661121001117],[122.41108129019204,14.096960410011357],[122.41081309019198,14.097008310011228],[122.41060129019188,14.096939810011062],[122.41002949019126,14.09622781001021],[122.41010009019118,14.09597451001008],[122.4102130901911,14.095776010010004],[122.41096839019096,14.095029710009923],[122.41106009019083,14.094673710009735],[122.41101779019068,14.094516210009596],[122.41073539019055,14.094413610009347],[122.41018479019027,14.09427661000893],[122.40915419018962,14.093715210007916],[122.4088436901895,14.093687810007713],[122.40815899018934,14.093804210007388],[122.40783429018921,14.093804210007187],[122.40765069018906,14.093619410006951],[122.40766479018896,14.093407110006812],[122.40795159018887,14.09313611000678],[122.4083617901887,14.092605510006662],[122.40897719018857,14.091929110006552],[122.4091001901885,14.09165061000643],[122.40892249018812,14.09108031000592],[122.40862159018778,14.09066911000545],[122.40837549018765,14.090642610005283],[122.40795159018765,14.090854810005172],[122.40745929018765,14.091173110005109],[122.4068302901874,14.091120110004695],[122.40633799018724,14.091120110004404],[122.40609179018725,14.091319010004392],[122.40616019018758,14.091862810004818],[122.40626959018795,14.092406610005266],[122.40592769018792,14.092645310005231],[122.40543549018763,14.092419910004777],[122.4052082901873,14.091912010004286],[122.404932990187,14.091556010003872],[122.40472829018692,14.091521710003725],[122.40439649018681,14.091528610003522],[122.40395179018702,14.092213210003754],[122.40379119018712,14.09254991000388],[122.4031104901869,14.092613010003529],[122.40259889018668,14.092485310003124],[122.40283929018648,14.091979010002914],[122.40286499018606,14.091145010002345],[122.40208779018556,14.090668610001545],[122.40090059018527,14.09091061000101],[122.40048219018513,14.090901410000745],[122.40028769018492,14.090691610000487],[122.40033909018481,14.090418510000324],[122.4005192901847,14.090124310000228],[122.4004385901845,14.089780009999926],[122.40025189018428,14.08952110999964],[122.40008539018419,14.0894705099995],[122.39996149018422,14.089571409999495],[122.39967099018452,14.090361309999885],[122.39964869018502,14.091265710000503],[122.39951559018539,14.092025510000958],[122.39963609018575,14.092626210001466],[122.3995532901859,14.092943010001639],[122.39924659018611,14.093518010001848],[122.3988779901861,14.093704010001764],[122.39875339018597,14.093566710001591],[122.39882939018578,14.093229010001389],[122.3987052901856,14.092930110001124],[122.39857649018548,14.092760110000922],[122.39775379018516,14.09274651000042],[122.39696909018524,14.093302210000346],[122.39589479018504,14.093650509999934],[122.39400449018454,14.093951209999027],[122.39264789018426,14.094284709998453],[122.3921771901842,14.094515009998332],[122.39178499018446,14.095169109998562],[122.39165449018475,14.095812209998929]]}},{"type":"Feature","properties":{"river_name":null,"name":null,"type":"River"},"geometry":{"type":"LineString","coordinates":[[122.35868199018392,14.115197509992843],[122.35880269018408,14.115410209993065],[122.35891619018413,14.115467709993167],[122.35904949018413,14.115391109993205],[122.35928149018409,14.115151709993167],[122.35946409018408,14.115070309993214],[122.35965169018418,14.115089509993354],[122.35980469018429,14.115209209993521],[122.35981949018444,14.11540540999367],[122.35978009018449,14.115592109993777],[122.35968129018458,14.11576450999384],[122.3594443901846,14.115951209993835],[122.35935549018468,14.11617620999393],[122.35933579018501,14.116798509994368],[122.35927659018509,14.11699960999447],[122.35911369018518,14.117282009994568],[122.3589260901852,14.11739210999453],[122.35865459018513,14.1174304099944],[122.35818559018495,14.11738730999409],[122.35802269018488,14.11743040999402],[122.35777099018492,14.117602809993992],[122.3575932901849,14.117674609993927],[122.35743529018484,14.117660209993826],[122.35729219018471,14.117564509993674],[122.35721809018455,14.117306009993452],[122.35707499018436,14.117028309993168],[122.35689729018424,14.116894309992974],[122.35669709018413,14.116843009992811]]}},{"type":"Feature","properties":{"river_name":null,"name":null,"type":"River"},"geometry":{"type":"LineString","coordinates":[[122.36239489019249,14.128683210004526],[122.36220029019263,14.12901271000464],[122.36198079019255,14.129026410004515],[122.36170479019233,14.128813610004201],[122.36136859019216,14.128686610003914],[122.36110309019206,14.128655810003735],[122.36099339019195,14.128542510003586],[122.3609508901918,14.12824051000335],[122.36060059019141,14.127790910002824],[122.36050149019123,14.127495710002556],[122.36035639019109,14.127375610002384],[122.36016169019099,14.127334410002236],[122.35998119019098,14.127423610002188],[122.3598325901911,14.127694810002293],[122.3596024901913,14.128261110002555],[122.35938309019137,14.128484110002585],[122.3587282901914,14.12894061000251],[122.35855489019156,14.129318210002673],[122.35824349019174,14.129881010002878],[122.35808069019176,14.129994310002859],[122.35774799019168,14.130038910002698],[122.35736929019144,14.129946210002396],[122.35718879019149,14.130062910002373],[122.35707549019149,14.130231110002422],[122.3569657901918,14.130797410002751],[122.35668969019186,14.13107881000279],[122.35579079019165,14.13125391000237],[122.35556429019154,14.131202410002196],[122.35545099019143,14.131075410002042],[122.35546159019133,14.130872910001912],[122.35559609019118,14.130536610001757],[122.35568109019103,14.130217410001574],[122.35569879019063,14.129431410001041],[122.35557839019039,14.12907451000072],[122.35548999019028,14.128957810000584],[122.35505459019002,14.128727810000159],[122.35499089018997,14.128611110000044],[122.35489889018967,14.128219909999714],[122.35482459018957,14.128068909999563],[122.35444589018935,14.127938409999242],[122.35422999018932,14.127965909999137],[122.35369149018932,14.128323009999063],[122.35308159018923,14.128551709998854],[122.35273199018914,14.128583209998663],[122.3519595901887,14.128283609998002],[122.35159239018867,14.128402709997864]]}},{"type":"Feature","properties":{"river_name":null,"name":null,"type":"River"},"geometry":{"type":"LineString","coordinates":[[122.36411619021291,14.165128710031034],[122.36379349021281,14.16516731003086],[122.36354139021269,14.165104210030671],[122.36287549021219,14.164594810029914]]}},{"type":"Feature","properties":{"river_name":null,"name":null,"type":"River"},"geometry":{"type":"LineString","coordinates":[[122.37598909021723,14.165578610038464],[122.37556499021747,14.166276310038691],[122.37527229021755,14.166583710038735],[122.37527229021762,14.16675721003885],[122.37499479021781,14.16728291003905]]}},{"type":"Feature","properties":{"river_name":null,"name":null,"type":"River"},"geometry":{"type":"LineString","coordinates":[[122.39653589021488,14.14820381003864],[122.39637469021511,14.148759310038928],[122.39598969021509,14.148989110038864],[122.39582189021505,14.149008210038767],[122.39569849021498,14.14895561003866],[122.3956638902149,14.148869410038582],[122.39578729021486,14.148697110038535],[122.39579219021478,14.148548710038435],[122.3958464902147,14.14836681003834],[122.3959240902147,14.148293210038341]]}},{"type":"Feature","properties":{"river_name":null,"name":null,"type":"River"},"geometry":{"type":"LineString","coordinates":[[122.41040259020518,14.12160151002829],[122.41005519020524,14.121949410028327],[122.40967509020545,14.122543010028513],[122.40933449020547,14.122820710028508],[122.40904329020543,14.122978610028438],[122.40860889020561,14.123481310028538],[122.40818929020583,14.124208910028795],[122.40794739020583,14.124328610028737],[122.40776969020587,14.124544010028783],[122.407769690206,14.124721110028903],[122.40798689020619,14.125013110029242],[122.40805109020633,14.125257310029454],[122.40799179020648,14.12553971002961],[122.40780429020647,14.12565461002958],[122.40746859020638,14.12573601002944],[122.40718719020637,14.125903510029387],[122.40704899020659,14.126343910029606],[122.40709839020676,14.126631110029846],[122.40720199020687,14.126760410029993],[122.4071081902069,14.126846510030004],[122.40665409020673,14.126889610029759],[122.40638259020669,14.12694711002964],[122.40635789020676,14.127071510029712],[122.40649609020687,14.12720561002989],[122.406787390207,14.127267810030103],[122.40692069020706,14.127263010030184],[122.40703909020714,14.12733961003031],[122.40701939020731,14.127626810030494],[122.40706379020742,14.127818310030653],[122.4072612902076,14.128043310030938],[122.40740439020782,14.128354410031235],[122.40771049020807,14.128660810031631],[122.40780919020823,14.128871410031834],[122.40736489020836,14.12936451003192],[122.40687619020822,14.129445910031684],[122.4065207902082,14.129599010031574],[122.4063282902082,14.129757010031568],[122.4057408902081,14.129915010031333],[122.40536079020816,14.130317110031386],[122.4049905902081,14.130408010031235],[122.40466479020793,14.130321910030979],[122.4044969902078,14.130173510030781],[122.40369729020753,14.130163910030287],[122.40330729020752,14.130398510030215],[122.40309999020754,14.13060911003024],[122.40295679020777,14.131049510030463],[122.40269029020777,14.131250510030455],[122.40208809020766,14.1314181100302],[122.40176229020756,14.131451610030032],[122.40121929020742,14.131566510029785],[122.40092799020732,14.131566510029609],[122.40095269020743,14.131705310029727],[122.40104159020753,14.131863310029887],[122.40092799020763,14.132102610029989],[122.40050349020767,14.132442510029975],[122.3994372902076,14.133031310029743],[122.39877089020769,14.133572210029728],[122.39858819020776,14.133825910029795],[122.39861789020794,14.13411791003002],[122.39909169020832,14.134558310030613],[122.39919049020845,14.134711410030778],[122.40026659020901,14.135118310031707],[122.4005034902092,14.135247610031945],[122.40062689020934,14.135477310032174],[122.40055289020944,14.135654410032256],[122.40034059020941,14.135778910032219],[122.39958539020921,14.135879410031839],[122.39894359020911,14.136133110031627],[122.39874619020925,14.136473010031747],[122.39861289020936,14.136808010031906],[122.39856849020958,14.137195810032141],[122.39845499020969,14.137483010032286],[122.39818349020965,14.137593110032192],[122.39773919020946,14.137540410031889],[122.3974182902094,14.137569110031716],[122.39718629020942,14.137775010031724],[122.39718629020958,14.138028710031913],[122.39733439020975,14.138296710032176],[122.39732449020985,14.138550410032355],[122.39722579021002,14.13884241003249],[122.39724559021013,14.139072210032666],[122.39752689021044,14.13947431003312],[122.39789219021077,14.13980461003357],[122.39820319021098,14.140000810033888],[122.3984795902112,14.140264110034236],[122.39850429021132,14.140446010034387],[122.39831669021133,14.140599110034378],[122.3982722902114,14.140752310034461],[122.39812419021148,14.14097251003453],[122.39775399021141,14.141049110034349],[122.39751209021139,14.14119751003432],[122.39698889021152,14.141781510034415],[122.39665319021148,14.141896310034292],[122.39637179021143,14.142039910034224],[122.39606089021152,14.142432410034306],[122.39599669021165,14.142652610034421],[122.39620399021196,14.143049910034827],[122.39614479021198,14.143145710034856],[122.39594239021196,14.143236610034807],[122.39557709021204,14.143624310034852],[122.39537319021203,14.143757010034832]]}},{"type":"Feature","properties":{"river_name":null,"name":null,"type":"River"},"geometry":{"type":"LineString","coordinates":[[122.58449389031182,14.207322810192679],[122.58443069031203,14.207734610192931],[122.58455209031214,14.207922410193138],[122.58471809031225,14.207941010193244],[122.58489699031229,14.207924510193347],[122.58546909031239,14.207723910193547],[122.58576069031238,14.207575310193622],[122.58581789031236,14.207438110193557],[122.58610859031243,14.207405410193712],[122.58637889031253,14.20742501019389],[122.5867438903127,14.207497110194154],[122.58693309031271,14.207425010194212],[122.58699399031255,14.207051610194],[122.5869939903124,14.206782910193809],[122.58694669031229,14.206573310193628],[122.58693989031211,14.206271910193417],[122.58708859031212,14.206134310193411],[122.58731839031216,14.206140810193556],[122.58787259031241,14.206252210193973],[122.58914139031309,14.206695210195038],[122.58928829031314,14.206713810195136],[122.58946929031322,14.206674610195218],[122.58952249031319,14.206614710195204],[122.58955019031313,14.206526010195164],[122.58946079031307,14.206468210195073],[122.58942029031297,14.206307210194934],[122.5895373903129,14.20615041019489],[122.59016749031302,14.205855210195065],[122.59032719031305,14.205890310195192],[122.59042299031313,14.205972910195294],[122.59026329031317,14.206133910195314],[122.59030379031321,14.206247410195424],[122.59040809031337,14.20637531019557],[122.59057549031344,14.206414210195705],[122.59073519031341,14.206265610195693],[122.59080759031336,14.206121110195632],[122.59079899031322,14.205834210195421],[122.59084159031313,14.205708410195363],[122.5909735903131,14.205530910195321],[122.59127799031312,14.205450410195446],[122.59150399031316,14.205306210195479],[122.59151749031304,14.20514901019539],[122.59143189031282,14.204765710195062],[122.59152559031276,14.204652210195034],[122.59165329031279,14.20456351019505],[122.5917363903127,14.204417010194993],[122.5914467903126,14.204334410194768],[122.59114949031263,14.204568110194753],[122.59106169031253,14.20445671019462],[122.5911562903123,14.203991510194355],[122.59112919031207,14.203618010194086],[122.5910480903119,14.203316610193815],[122.5911900903116,14.202654810193438],[122.59132529031142,14.202209310193206],[122.5914738903113,14.20188821019308],[122.59175109031118,14.201527910192992],[122.59202139031116,14.201357510193045],[122.59229179031124,14.20132481019317],[122.59282569031157,14.201567210193662],[122.59302169031166,14.201593410193802],[122.59315689031162,14.201501710193812],[122.59307579031146,14.201278910193615],[122.5929743903114,14.201174110193483],[122.59296759031129,14.200997110193347],[122.5930486903113,14.200918510193336],[122.59343399031137,14.200846410193524],[122.59425849031166,14.200912010194063],[122.59458969031178,14.200839910194219],[122.5946640903117,14.20066301019413],[122.59446809031161,14.200604010193974],[122.59435319031147,14.200374710193751],[122.59440719031132,14.20015191019362],[122.59449509031118,14.19983741019346],[122.59483979031103,14.199332910193311],[122.59506279031076,14.198717010193015],[122.59529259031079,14.198612110193077],[122.59545479031078,14.198474510193071],[122.59540749031069,14.19829111019291],[122.59538729031051,14.198022410192717],[122.59540749031038,14.197773410192566],[122.59564409031042,14.197668610192634],[122.59596179031053,14.197701410192852],[122.59665789031087,14.197878310193387],[122.59690799031091,14.197825910193496],[122.5973269903108,14.197327910193403],[122.5974553903107,14.197026510193275],[122.59740809031057,14.196882310193137],[122.59707019031038,14.196718510192817],[122.59704989031025,14.196535010192683],[122.59712429031018,14.196325410192571],[122.59709049031001,14.196076410192376],[122.59715129030988,14.195709510192167],[122.59741489030984,14.195480110192165],[122.59744869030975,14.195290110192053],[122.59726619030964,14.195198410191876],[122.59702289030947,14.195132810191678],[122.59673899030929,14.194923210191371],[122.59666469030911,14.194641410191123],[122.59684709030904,14.194392410191057],[122.59729319030902,14.19409101019112],[122.59845569030925,14.193730610191562],[122.59875989030935,14.193711010191732],[122.59898289030934,14.19355371019175],[122.59915189030924,14.193350610191716],[122.59919919030905,14.192970610191475],[122.59937489030891,14.19259051019131],[122.59949659030889,14.192511910191328],[122.59999669030898,14.192308810191491],[122.60013189030887,14.192013910191363],[122.60013869030873,14.191725610191176],[122.6002940903085,14.1912014101909],[122.60009809030835,14.191070310190678],[122.59973989030819,14.191017910190432],[122.5996384903081,14.190900010190292],[122.59970609030792,14.190533010190082],[122.59990889030789,14.19034961019007],[122.60036849030789,14.190061310190151],[122.60084829030781,14.189596010190105],[122.60117949030781,14.18940601019017],[122.60156469030765,14.188908010190048],[122.60202429030724,14.187859610189589],[122.6022743903072,14.18761061018957],[122.60255829030721,14.187473010189642],[122.6030110903075,14.187722010190091],[122.6032408903077,14.187925110190365],[122.60352479030779,14.187885810190512],[122.6037950903078,14.187774410190595],[122.60395059030775,14.187532010190516],[122.60394379030758,14.18721091019029],[122.60380189030725,14.186706310189843],[122.60386269030698,14.186208310189539],[122.60428179030717,14.186267310189832],[122.60451159030721,14.18623451018995],[122.60546449030724,14.185697210190147],[122.60579569030727,14.185487510190189],[122.60593089030722,14.185343410190164],[122.6058159903071,14.185186110189992],[122.60500489030677,14.185042010189406],[122.60477519030658,14.184865010189142],[122.60459939030629,14.184511210188788],[122.60448129030611,14.184152110188474],[122.60438969030564,14.183406910187887],[122.60445939030554,14.183185810187782],[122.60468199030544,14.182863410187686],[122.60478929030526,14.182462910187462],[122.60470879030514,14.182262710187286],[122.60442449030502,14.182301710187131],[122.60424479030496,14.182218410186977],[122.6040462903047,14.181883010186612],[122.60392829030461,14.181812810186495],[122.6037698903046,14.181888810186456],[122.60334419030467,14.182276810186476],[122.60285029030457,14.182425410186278],[122.60262889030447,14.18235111018609],[122.6025947903043,14.182053910185862],[122.60269699030421,14.181822710185761],[122.6024670903039,14.181476010185381],[122.60250109030386,14.181319110185294],[122.60271399030378,14.181013610185214],[122.60311419030371,14.180675110185218],[122.60371029030367,14.180229310185256],[122.60369329030355,14.18004771018512],[122.60347189030342,14.179948610184915],[122.60302059030323,14.179841310184562],[122.6026713903031,14.179824810184352],[122.60258629030294,14.179585310184125],[122.60273959030286,14.179304610184017],[122.60340379030268,14.17860291018394],[122.6036762903027,14.178421210183968],[122.6039487903028,14.178470810184164],[122.60415309030314,14.178916610184602],[122.60434049030323,14.179057010184806],[122.60446819030331,14.179057010184888],[122.60482589030352,14.179172510185184],[122.60509839030358,14.179172510185348],[122.60536229030343,14.1787432101852],[122.60545599030331,14.17844601018505],[122.60571149030311,14.177892910184811],[122.60588939030289,14.17742181018459],[122.60586799030283,14.177263110184475],[122.60569899030268,14.177156510184291],[122.60488899030229,14.17694851018367],[122.60404349030168,14.176379810182757],[122.60382889030153,14.176156110182474],[122.60379399030141,14.176005310182346],[122.60385569030126,14.175721810182178],[122.60384229030115,14.175542410182034],[122.60392009030113,14.175404610181994],[122.60407089030116,14.175420610182098],[122.6045026903014,14.175558410182456],[122.6047467903015,14.17558441018262],[122.60492919030158,14.175566210182714],[122.60511959030158,14.175457010182749],[122.60539859030156,14.175210010182743],[122.60551659030148,14.175048710182704],[122.6056292903015,14.175004510182742],[122.60584649030159,14.175025310182885],[122.60666999030182,14.174991510183357],[122.60749609030223,14.175199610183988],[122.60777769030231,14.175150210184132],[122.60800029030237,14.175051310184202],[122.60820149030235,14.174897910184205],[122.60831679030228,14.174752310184173],[122.60848849030228,14.174679510184227],[122.60880769030227,14.174429810184241],[122.60888009030221,14.174255610184163],[122.60884789030204,14.173979910183954],[122.60888279030195,14.173821310183857],[122.6090117903019,14.173610810183797],[122.60906549030182,14.17341571018369],[122.60915669030176,14.17328311018365],[122.60945979030184,14.173228510183792],[122.60996669030204,14.173259710184118],[122.61007939030206,14.173244110184166],[122.61019199030206,14.173173910184198],[122.61022149030201,14.173056910184128],[122.6102026903019,14.172885210183999],[122.61024299030186,14.172760410183932],[122.61040659030188,14.172669410183964],[122.61059969030183,14.172500310183963],[122.61121129030197,14.172294910184187],[122.61181479030196,14.171923010184283],[122.61209369030198,14.171803410184374],[122.61228149030198,14.17167341018439],[122.61237269030194,14.171496510184326],[122.61239139030181,14.17132751018421],[122.61232439030171,14.171163610184069],[122.61220639030164,14.171083010183933],[122.61214999030153,14.170929610183792],[122.61204539030119,14.170388710183351],[122.61210979030109,14.170159810183225],[122.61226269030107,14.170050610183234],[122.61245579030114,14.170024610183345],[122.61353589030188,14.170720810184475],[122.61377429030202,14.17083641018469],[122.61442159030253,14.171345510185443],[122.61465489030263,14.171340310185585],[122.61500899030284,14.171574310185955],[122.6151537903029,14.171558710186027],[122.61517799030287,14.17150671018601],[122.61506799030269,14.171233710185755],[122.61493389030257,14.171108810185581],[122.61494999030245,14.170872210185431],[122.61507869030238,14.17068491018538],[122.61541669030252,14.170666710185568],[122.61564199030265,14.170768210185773],[122.61575459030279,14.170981410185991],[122.61577879030294,14.171212910186162],[122.61556419030315,14.171766810186424],[122.61548369030332,14.172149110186647],[122.61549719030344,14.172401310186824],[122.61568759030365,14.172541810187044],[122.61587799030367,14.172521010187138],[122.61607379030372,14.172435110187195],[122.61703969030364,14.171660210187234],[122.61700749030348,14.171441810187059],[122.61694039030338,14.171288310186918],[122.61677409030327,14.171194710186752],[122.61640939030312,14.171145310186496],[122.61623229030296,14.171015310186297],[122.61613309030285,14.170828010186112],[122.61614109030273,14.170677210186016],[122.61631279030276,14.170523810186001],[122.61723009030271,14.169915210186119],[122.61746879030272,14.169777410186166],[122.61764319030279,14.169780010186278],[122.61787379030298,14.169943810186535],[122.6188179903036,14.170479510187475],[122.61914789030368,14.17045351018765],[122.61927149030362,14.170278910187603],[122.61931069030355,14.17006421018748],[122.6193135903033,14.1696600101872],[122.61922849030299,14.169164710186791],[122.61899359030255,14.168487310186173],[122.61895549030245,14.168310810186021],[122.61895249030233,14.168111510185886],[122.61923729030197,14.167271810185474],[122.6192754903014,14.166170210184715],[122.61926079030134,14.166082010184642],[122.61886739030113,14.165953910184317],[122.618744090301,14.165840010184167],[122.61853859030083,14.165592310183879],[122.61833599030055,14.165216610183487],[122.61827729030041,14.165023010183308],[122.61823029030022,14.164681410183048],[122.61824499030011,14.164442310182885],[122.61837119029984,14.163921410182592],[122.61833599029978,14.163779110182476],[122.61823619029967,14.163676610182335],[122.6182008902996,14.163554210182236],[122.61820979029942,14.163192710181983],[122.61823319029938,14.163141510181958],[122.61839179029937,14.163053210181998],[122.61861199029943,14.163053210182131],[122.61908169029992,14.163599810182788],[122.61921089029998,14.163651010182907],[122.61934879030002,14.163628210182978],[122.61947509030003,14.163568410183013],[122.61955439029998,14.163460310182973],[122.61958959029997,14.163352110182922],[122.61956019029981,14.163101610182729],[122.61948389029969,14.162933710182568],[122.61932829029955,14.162734410182331],[122.61921669029938,14.162520910182115],[122.61912569029923,14.1622932101819],[122.6191286902991,14.162116710181783],[122.61927549029906,14.16188901018171],[122.61945449029903,14.161735210181705],[122.6198534902992,14.161805510181992],[122.62000429029919,14.161625610181964],[122.62011239029893,14.16106861018163],[122.62027459029878,14.160760610181509],[122.62053149029876,14.16053121018151],[122.62088969029877,14.160347710181592],[122.62113299029893,14.160459110181822],[122.62120729029901,14.160629510181977],[122.62126139029925,14.161003110182275],[122.62113299029937,14.161298010182415],[122.6211396902997,14.161927110182852],[122.62132899029982,14.162005710183019],[122.62161289029991,14.161999210183183],[122.62190349030006,14.162038510183384],[122.62213999030011,14.162032010183522],[122.6223089903001,14.161900910183537],[122.62241039029998,14.161612510183401],[122.62260639029992,14.161350410183326],[122.62274159029981,14.161088310183226],[122.62266049029972,14.160944110183069],[122.62245089029967,14.160983410182975],[122.62212649029965,14.161160410182903],[122.62185619029958,14.161258710182821],[122.62170749029949,14.16116691018266],[122.62169399029942,14.16099001018252],[122.62184269029926,14.160695110182408],[122.62208599029927,14.160491910182401],[122.62240359029934,14.160400210182535],[122.62252529029927,14.16016421018244],[122.62238339029903,14.159889010182159],[122.62206569029887,14.159777610181893],[122.62184939029875,14.15964651018167],[122.62184269029859,14.15942371018151],[122.62211379029844,14.15898391018137]]}},{"type":"Feature","properties":{"river_name":null,"name":null,"type":"River"},"geometry":{"type":"LineString","coordinates":[[122.64446129031606,14.177097110207495],[122.64446709031601,14.177058210207479],[122.644757690316,14.176846810207497],[122.64483799031589,14.176607710207373],[122.64499859031575,14.176307410207261],[122.6449679903157,14.176188710207164],[122.64480739031553,14.175931110206887],[122.6446754903152,14.175436110206455],[122.64466209031512,14.175248910206319],[122.64476149031499,14.175013410206216],[122.64495459031492,14.174744610206135],[122.64528349031505,14.174731610206324],[122.64539629031509,14.174765010206425],[122.64541539031512,14.174805810206461],[122.64534849031516,14.174926310206509],[122.64519749031517,14.175013410206478],[122.64509989031518,14.175106110206487],[122.6450501903152,14.175202510206526],[122.64504069031531,14.17539531020664],[122.64513819031545,14.17556031020683],[122.64558559031573,14.175812410207266],[122.64581119031585,14.175871710207444],[122.64591259031586,14.175868010207509],[122.64607319031589,14.175803110207555],[122.64612669031574,14.17548431020736],[122.6463140903157,14.175300810207345],[122.64643839031572,14.175230310207377],[122.64684369031578,14.175095010207528],[122.64708079031578,14.174970810207574],[122.64743839031559,14.174410910207396],[122.64766399031568,14.174376510207502],[122.64800269031588,14.174566410207836],[122.64812409031602,14.174706810208011],[122.64829439031604,14.174702710208113],[122.64846679031608,14.17463661020817],[122.64856689031603,14.17447971020812],[122.64835399031591,14.174395110207934],[122.64830079031586,14.174320810207854],[122.64831569031574,14.174116510207707],[122.64829229031568,14.174029810207639],[122.6481921903156,14.173976110207544],[122.64777919031556,14.174157810207417],[122.64761099031551,14.174153610207323],[122.64755349031545,14.174048410207217],[122.64753649031533,14.173914210207112],[122.6475577903153,14.173819310207058],[122.64773879031523,14.173594310207],[122.64794949031528,14.173513810207071],[122.64812619031538,14.173592210207222],[122.64826249031549,14.173705710207395],[122.64902249031584,14.173860510207966],[122.64927149031594,14.173854310208098],[122.64978029031612,14.173914210208462],[122.65008479031624,14.173866710208602],[122.6501847903162,14.17376561020859],[122.65029549031601,14.173359010208365],[122.65045749031592,14.173090610208286],[122.65059159031595,14.17305341020834],[122.65063629031604,14.173191710208455],[122.65061079031626,14.173627210208739],[122.65064479031635,14.173755210208858],[122.65073209031642,14.173862510208982],[122.65090239031656,14.17399261020918],[122.65103869031665,14.174025610209283],[122.65120049031667,14.173982310209349],[122.65159429031668,14.173747010209423],[122.6518454903167,14.173668510209518],[122.65218189031673,14.17344771020957],[122.65224749031664,14.173243710209466]]}},{"type":"Feature","properties":{"river_name":null,"name":null,"type":"River"},"geometry":{"type":"LineString","coordinates":[[122.35216449021182,14.170715110027759],[122.35112599021176,14.171199710027464],[122.35082269021163,14.171180110027272],[122.35055969021161,14.171287910027191],[122.35037769021167,14.171542910027265],[122.35007429021164,14.171631110027144],[122.34993269021162,14.17173901002714],[122.34988209021238,14.173131310028074],[122.34967989021253,14.173494110028205],[122.34964959021266,14.173817710028409],[122.3495483902128,14.174131410028568],[122.34949789021293,14.174406010028726],[122.34934619021298,14.174562810028748],[122.34934619021305,14.174709910028849],[122.34951809021325,14.174994310029154],[122.34950799021334,14.175141310029245],[122.34923489021341,14.175504110029326],[122.34920459021353,14.175710010029471],[122.34938659021365,14.17580811002964],[122.34987199021379,14.175749310029888],[122.35008439021375,14.175582610029899],[122.35021989021367,14.17530931002979],[122.35051559021367,14.175180810029879],[122.35061909021377,14.175248410029981],[122.35065899021393,14.175454510030148],[122.350597790214,14.175641010030246],[122.35032069021409,14.176054410030364],[122.35034199021422,14.176281710030537],[122.3510880902147,14.176674410031262],[122.35119459021493,14.17700501003156],[122.35127989021534,14.177728310032109],[122.35130119021566,14.178286310032506],[122.35123729021602,14.17898891003296],[122.35140539021617,14.179212810033215],[122.3522912902166,14.17936771003385],[122.35286749021695,14.179644110034396],[122.35375249021777,14.180600910035587],[122.35383769021797,14.180910910035859],[122.35355829021817,14.181511010036113],[122.35332619021851,14.182233410036476],[122.35351799021959,14.184093310037884],[122.35345399022015,14.185188610038594],[122.3530652902204,14.185861510038839]]}},{"type":"Feature","properties":{"river_name":null,"name":null,"type":"River"},"geometry":{"type":"LineString","coordinates":[[122.35839729021727,14.176766710035704],[122.35831839021735,14.17696551003579],[122.35815279021786,14.178020910036434],[122.35819459021823,14.178617610036877],[122.35789249021846,14.17929031003716],[122.35761639021845,14.17942031003709],[122.35719049021826,14.179359110036788],[122.35699329021826,14.179443310036728],[122.35666199021834,14.179840910036802],[122.35629129021825,14.179886810036619],[122.3561414902183,14.180055010036648],[122.35598369021824,14.180055010036543],[122.35560509021798,14.17989441003621],[122.355470990218,14.179925010036152],[122.35464279021815,14.180781510036251],[122.3542957902181,14.180888610036114],[122.35383769021797,14.180910910035859]]}},{"type":"Feature","properties":{"river_name":null,"name":null,"type":"River"},"geometry":{"type":"LineString","coordinates":[[122.36676269022384,14.183535910045434],[122.36678199022388,14.183643210045519],[122.36675919022392,14.183725010045569],[122.36653939022393,14.183894410045548],[122.36644619022402,14.184075010045618],[122.36659879022433,14.18453131004602],[122.36655859022439,14.184684110046108],[122.36650989022439,14.184742010046122],[122.36617839022426,14.184697910045886],[122.36601479022421,14.184742310045824],[122.36587649022427,14.184904310045852],[122.36578489022435,14.185124110045955],[122.36573019022458,14.185550610046214],[122.36565629022466,14.185745010046304],[122.36556539022466,14.185811410046298],[122.36511329022449,14.185732610045976],[122.36490399022445,14.185841410045919],[122.36454899022436,14.185919110045761],[122.36435289022428,14.185885810045619],[122.3642185902243,14.185970310045604],[122.36408009022432,14.186125010045624],[122.36393279022433,14.18622761004561],[122.3637124902243,14.186310510045528],[122.36354959022422,14.186279910045409],[122.3634332902241,14.186097910045214],[122.36327389022401,14.186081410045114],[122.36313999022401,14.186151510045082],[122.36317489022456,14.187107010045768],[122.36277319022467,14.187590410045862],[122.36208699022443,14.187573310045435],[122.36185799022427,14.187440010045202],[122.36180919022416,14.187297110045078],[122.361909490224,14.186894710044855],[122.36189239022396,14.186796110044787],[122.36179909022385,14.18662181004459],[122.36165689022373,14.186523810044449],[122.36138639022359,14.186424210044217],[122.36133809022353,14.186361510044145],[122.36132019022342,14.186229110044046],[122.36143429022341,14.186096710044023],[122.36176169022337,14.185879110044059],[122.36190439022339,14.185709610044027],[122.36191819022335,14.185623910043981],[122.36188949022328,14.185571210043927],[122.3611434902229,14.185364510043334],[122.36082379022265,14.185095910042959],[122.36067459022232,14.184579210042514],[122.36037959022187,14.183910010041865],[122.36029319022153,14.183364710041433],[122.35999269022128,14.183107810041074],[122.35932119022125,14.183458910040919],[122.35879879022107,14.183463310040604],[122.35824459022108,14.183835310040536],[122.35794619022151,14.184806610041022],[122.35756249022161,14.185302510041144],[122.35685909022149,14.185509210040859],[122.35668859022167,14.185963810041079],[122.35690179022225,14.186790410041782],[122.3568164902224,14.187224410042026],[122.35626149022251,14.18768791004202]]}},{"type":"Feature","properties":{"river_name":null,"name":null,"type":"River"},"geometry":{"type":"LineString","coordinates":[[122.36277319022467,14.187590410045862],[122.36286049022526,14.188652610046649],[122.36283009022539,14.188878110046787],[122.36213229022542,14.189348810046699],[122.36153569022521,14.189348810046337],[122.36122219022502,14.189260510046095],[122.36101989022487,14.18905461004582],[122.36093899022462,14.188691910045524],[122.36065569022448,14.188528610045234],[122.36014689022414,14.188312910044782],[122.35980959022403,14.188299810044569],[122.35951089022392,14.188242610044362],[122.3594081902237,14.187903710044061],[122.35938159022346,14.187515310043771],[122.35919959022333,14.187397710043586],[122.35896699022324,14.187338810043402],[122.35858269022314,14.18744671004324],[122.35826919022301,14.187436910043047],[122.35800619022287,14.187319210042807],[122.35753089022248,14.186848610042198],[122.35683029022204,14.186513510041541]]}},{"type":"Feature","properties":{"river_name":null,"name":null,"type":"River"},"geometry":{"type":"LineString","coordinates":[[122.36853329022752,14.189181310050422],[122.36783129022716,14.188944310049838],[122.36742109022703,14.18898251004961],[122.36720819022705,14.189158410049606],[122.36697939022702,14.18924251004953],[122.3666875902269,14.189227210049348],[122.36571739022634,14.188783710048456],[122.36544129022623,14.188776110048286],[122.36517319022617,14.188829610048161],[122.36505489022599,14.188577210047908],[122.36484189022583,14.188393710047661],[122.36490499022575,14.188225510047578],[122.36467629022557,14.188057210047317],[122.36466839022542,14.18775141004711],[122.3645657902253,14.187674910046988],[122.3644159902253,14.187720810046931],[122.3642660902252,14.187659610046808],[122.36417139022495,14.18720081004642],[122.36411029022489,14.187109310046333],[122.36403639022483,14.187096310046273],[122.36379669022482,14.187217710046209],[122.36352469022471,14.18720841004604],[122.36317489022456,14.187107010045768]]}},{"type":"Feature","properties":{"river_name":null,"name":null,"type":"River"},"geometry":{"type":"LineString","coordinates":[[122.36131629021908,14.178250810038492],[122.3613732902192,14.178468810038678],[122.36159109021952,14.178846410039068],[122.36165419021967,14.179098510039283],[122.3613203902197,14.179361710039267],[122.3613506902198,14.179534810039407],[122.36151099022007,14.179912310039757],[122.36154929022024,14.18026041004002],[122.36175989022051,14.180646510040422],[122.36167129022057,14.180722710040422],[122.36165289022058,14.180786110040462],[122.36130549022062,14.181088210040457],[122.36100989022059,14.181183610040351],[122.36071619022043,14.18109911004012],[122.36005669021998,14.180711610039442],[122.35988299021989,14.180676210039316],[122.35973629021991,14.180837310039339],[122.3598011902201,14.181035110039515],[122.35993859022022,14.181162710039688],[122.36013679022034,14.18124451003987],[122.36029719022042,14.181400010040065],[122.36029719022055,14.181599810040208],[122.36007959022058,14.181744110040178],[122.35994219022065,14.18198841004027],[122.36002229022088,14.18237691004058],[122.36005669022114,14.182809910040904],[122.35999269022128,14.183107810041074]]}},{"type":"Feature","properties":{"river_name":null,"name":null,"type":"River"},"geometry":{"type":"LineString","coordinates":[[122.38815919024083,14.201194010070541],[122.38819359024095,14.201438310070733],[122.3888004902421,14.203181110072311],[122.38876609024229,14.203503110072521],[122.3890981902427,14.204013710073063],[122.38899519024307,14.204835210073572],[122.38931579024347,14.20531251007409],[122.38991129024386,14.205656710074686],[122.3903349902443,14.206245010075357],[122.3903349902445,14.206555810075567],[122.39024329024456,14.206722410075635],[122.3898081902446,14.207122010075645],[122.38944179024489,14.207821310075914],[122.38940739024532,14.208709410076507],[122.38953339024594,14.209697410077275],[122.38949899024608,14.210008210077461],[122.38916689024622,14.210452210077564],[122.38897229024646,14.211018410077846],[122.38904099024663,14.211295910078075],[122.38925849024702,14.211862010078608],[122.38912109024717,14.212195010078755],[122.38872029024732,14.212716810078875],[122.38859439024742,14.213038710079019],[122.38858289024785,14.213760210079512],[122.3884454902479,14.214015510079605],[122.38793019024786,14.214282010079481],[122.38776989024794,14.214492910079532],[122.38786149024817,14.214859210079839],[122.3882851902485,14.215214410080343],[122.38875469024885,14.215536310080847],[122.38868599024904,14.215980310081115],[122.38854859024927,14.2165132100814],[122.38833099024937,14.21679071008146],[122.38796459024935,14.216990510081382],[122.3875980902494,14.217301310081377],[122.38669349024957,14.21815601008143],[122.38654459024973,14.2185445100816],[122.38631529025015,14.219510210082133],[122.38596429025031,14.219991110082258],[122.38560209025036,14.220289810082242],[122.38510179025018,14.220309510081963],[122.38337269024939,14.219909910080649],[122.38282299024922,14.219954310080345],[122.38230009024896,14.219800710079925],[122.38196639024869,14.219529210079534],[122.3817836902483,14.218918210078998]]}},{"type":"Feature","properties":{"river_name":null,"name":null,"type":"River"},"geometry":{"type":"LineString","coordinates":[[122.49126819028864,14.223752910148127],[122.49118199028852,14.223609610147978],[122.49123739028848,14.223448410147897],[122.49153309028851,14.223418610148048],[122.4917485902887,14.223561910148279],[122.49241989028907,14.22380661014886],[122.49320819028928,14.22368721014925],[122.49339909028927,14.223567810149284],[122.4937501902891,14.223054410149134],[122.49394109028907,14.222887310149128],[122.49441529028927,14.222911110149429],[122.49471089028933,14.22285741014957],[122.49491409028931,14.22270221014959],[122.4951173902894,14.222714110149719],[122.49538839028958,14.222893210150005],[122.49552999028974,14.223054410150205],[122.49549919028983,14.22323351015031],[122.49568399028995,14.223358910150505],[122.49594259029003,14.223358910150663],[122.49613969029012,14.22340661015082],[122.49643529029031,14.223585710151115],[122.4971866902907,14.223812610151732],[122.49744529029081,14.223854410151917],[122.49763629029083,14.223740910151946],[122.49772249029078,14.22358571015189],[122.49787029029079,14.223520110151927],[122.49798729029088,14.223543910152019],[122.49796879029091,14.223699210152127],[122.49806739029115,14.22409321015245],[122.49813509029123,14.224176710152548],[122.49825829029118,14.22401561015251],[122.4987324902914,14.224081210152846],[122.49877559029142,14.224129010152899],[122.49897879029152,14.22414691015304],[122.49905889029145,14.22405731015302],[122.49926209029151,14.223949910153067],[122.49946539029155,14.223926010153175],[122.49992109029155,14.223633510153249],[122.50018589029162,14.223508110153318],[122.50041999029175,14.22366931015357],[122.50059239029189,14.223746910153729],[122.50089419029196,14.22377681015393],[122.50101119029195,14.223663310153919],[122.50101119029182,14.223460410153775],[122.5009433902917,14.223227510153585],[122.50077719029147,14.222929110153268],[122.50075249029132,14.222666410153073],[122.5008510902913,14.222529110153037],[122.50122059029141,14.222576810153289],[122.50138689029163,14.22282161015356],[122.50147309029175,14.22303651015376],[122.50162089029192,14.223191710153959],[122.50186109029205,14.223329010154194],[122.50224909029212,14.223227510154365],[122.50236609029224,14.223311110154487],[122.50231679029233,14.22352011015461],[122.50216899029233,14.223621610154586],[122.50210129029246,14.223866310154717],[122.50211969029257,14.224135010154914],[122.50239069029273,14.224212610155131],[122.50265549029278,14.224164810155258],[122.50289569029273,14.223943910155247],[122.50312359029283,14.223920010155364],[122.50354239029302,14.224045410155707],[122.50399199029343,14.22448121015628],[122.50426289029359,14.22460661015653],[122.50454009029369,14.224666310156737],[122.50472479029393,14.224964810157061],[122.50506359029406,14.225018510157303],[122.50545159029423,14.225024510157532],[122.50612899029453,14.22519761015807],[122.5063137902946,14.225197610158173],[122.50641229029462,14.225120010158182],[122.50641229029455,14.225006510158098],[122.50631989029444,14.224857310157939],[122.50630139029435,14.22468421015781],[122.50648619029432,14.22454091015782],[122.50664629029434,14.224481210157878],[122.50690499029433,14.224320010157923],[122.50722519029442,14.224272310158076],[122.50740489029444,14.224161210158107]]}},{"type":"Feature","properties":{"river_name":null,"name":null,"type":"River"},"geometry":{"type":"LineString","coordinates":[[122.38377339026201,14.242810410096721],[122.38365359026216,14.243150010096878],[122.38334009026231,14.243641610097026],[122.38296209026262,14.244401210097323],[122.3827960902626,14.244508410097302],[122.38263009026275,14.244821210097419],[122.38286059026305,14.245268010097861],[122.38246419026306,14.245536110097811],[122.38236279026329,14.24602771009809],[122.38242729026342,14.246268910098292],[122.38305429026394,14.246787310099023],[122.38315569026423,14.247278810099424],[122.38310959026441,14.247600510099618],[122.38289749026447,14.247850710099662],[122.38287909026465,14.248172410099873],[122.38300819026483,14.248413710100122],[122.38326629026496,14.248503110100339],[122.383801090265,14.248243910100475],[122.38405929026514,14.248351210100704],[122.3841514902654,14.24874441010103],[122.38405009026549,14.248994610101152],[122.38384719026553,14.24919121010116],[122.38368119026572,14.249638010101364],[122.38337699026576,14.249950810101401],[122.38292519026582,14.250299310101378],[122.38288829026591,14.250522710101501],[122.38301739026613,14.250817610101784],[122.38345999026652,14.251237710102338],[122.38343229026665,14.251514710102517],[122.38312799026674,14.25184531010256],[122.38263009026657,14.251818510102236],[122.38233509026635,14.251613010101918],[122.38204899026601,14.251184110101459],[122.38148729026577,14.251106310101056],[122.38053919026564,14.251457910100731],[122.3800885902656,14.25168671010062],[122.37973449026565,14.252029910100648],[122.37962719026577,14.252321010100784],[122.37964869026597,14.252622610100998],[122.37979889026627,14.253142510101455],[122.38017439026693,14.254016010102278],[122.38059309026747,14.25482841010308],[122.3808878902678,14.25520661010353],[122.38105949026806,14.255549810103869],[122.38107559026817,14.25575771010402],[122.38105169026828,14.255961710104147],[122.38098979026834,14.256147710104239],[122.38072689026855,14.25668321010445],[122.38046699026863,14.25692841010446],[122.37946969026856,14.257506110104254],[122.37900489026863,14.257873810104229],[122.37860019026867,14.25826241010425]]}},{"type":"Feature","properties":{"river_name":null,"name":null,"type":"River"},"geometry":{"type":"LineString","coordinates":[[122.38357349027464,14.266058210112611],[122.38363419027431,14.265371410112175],[122.38310769027389,14.265008410111614],[122.38331019027383,14.264782710111573],[122.3834012902738,14.264547210111468],[122.3832291902735,14.26412531011108],[122.38332039027344,14.263978110111026],[122.38367469027357,14.263987910111247],[122.38389739027363,14.264027210111411],[122.38406949027367,14.263958510111465],[122.38412019027353,14.263693610111323],[122.38404929027342,14.263546410111175],[122.38371519027325,14.263438510110896],[122.383330490273,14.2632030101105],[122.38332039027296,14.263075410110416],[122.38340129027277,14.262732010110218],[122.38359369027256,14.262211910109974],[122.38354309027237,14.26185871010971],[122.38346209027213,14.261544710109435],[122.3831988902719,14.261289610109102],[122.38290529027171,14.261063910108772],[122.38242939027144,14.260906910108384],[122.38202449027106,14.260524310107868],[122.38184219027079,14.260072910107455],[122.38174099027052,14.259631410107088],[122.38135629027016,14.259199610106558],[122.38085009026982,14.258944510106083],[122.38061719026966,14.258758110105811],[122.38033369026924,14.258198810105256],[122.3800704902689,14.2577572101048],[122.37961859026855,14.257419810104288]]}},{"type":"Feature","properties":{"river_name":null,"name":null,"type":"River"},"geometry":{"type":"LineString","coordinates":[[122.39133419027304,14.258261910111914],[122.3909314902729,14.258261910111676],[122.39033139027254,14.257909810111068],[122.3897391902723,14.257840910110662],[122.38951019027209,14.25763431011038],[122.38902059027183,14.257496610109996],[122.38874429027153,14.257068010109545],[122.38868109027139,14.256869010109353],[122.38877589027133,14.256738910109327],[122.38860999027116,14.256524610109075],[122.38842049027106,14.256448110108915],[122.388175690271,14.256471110108786],[122.38766249027091,14.25662411010858],[122.38743349027077,14.256524610108377],[122.3872834902706,14.256341010108152],[122.38677809027035,14.25618791010775],[122.3861858902702,14.256256810107438],[122.38609899027021,14.256363910107448],[122.38572789027012,14.256417510107267],[122.38492249027038,14.257358810107435],[122.38471719027062,14.257971010107735],[122.38466979027085,14.258445510108036],[122.38487509027115,14.258805210108406],[122.38500929027121,14.258904710108562],[122.38485929027127,14.258988910108513],[122.3846223902711,14.258950610108347],[122.38418809027088,14.258774610107968],[122.38399069027086,14.258858810107908],[122.3839275902709,14.258965910107943],[122.38399069027105,14.25919551010814],[122.38393549027106,14.259318010108188],[122.38383279027109,14.259432810108203],[122.383524890271,14.259432810108024],[122.38323269027093,14.25947871010788],[122.3830115902709,14.259532310107774],[122.38282209027095,14.25971591010779],[122.38243519027084,14.259761810107587],[122.38219039027078,14.259853710107505],[122.38179339027063,14.259860110107278]]}},{"type":"Feature","properties":{"river_name":null,"name":null,"type":"River"},"geometry":{"type":"LineString","coordinates":[[122.48545529029916,14.246686410160537],[122.48563949029925,14.246692610160645],[122.48568399029928,14.246772610160725],[122.4858299902994,14.246871110160887],[122.48605229029938,14.246723410160925],[122.48621749029947,14.246741810161035],[122.48624289029951,14.246846510161127],[122.48608409029956,14.247000410161137],[122.48619199029963,14.247098810161262],[122.48634449029966,14.247031110161299],[122.48651589029973,14.247043410161421],[122.48665569029983,14.247105010161551],[122.48678269030007,14.247480510161889],[122.48694779030018,14.247634410162087],[122.48711289030032,14.247726710162251],[122.4873796903007,14.248206810162747],[122.48720179030093,14.248797810163053],[122.48728439030104,14.248951710163203],[122.48755749030116,14.249025510163415],[122.48783059030121,14.24892091016351],[122.4879765903013,14.249056310163684],[122.4882115903016,14.24941951016408],[122.4888022903021,14.24992421016479],[122.48906269030222,14.249985810164985],[122.48918969030228,14.250059610165112],[122.4892150903024,14.250238210165254],[122.48933569030248,14.250349010165404],[122.48941199030267,14.250601310165623],[122.48936109030308,14.25142621016616],[122.48922779030309,14.251537010166162],[122.48895469030303,14.251592410166039],[122.48894829030323,14.251863210166222],[122.48902449030334,14.252078610166407],[122.4892848903036,14.25233101016674],[122.48929759030365,14.252503410166875],[122.48922139030394,14.253045010167202],[122.4887895903041,14.253605210167331],[122.48906899030455,14.254239210167933],[122.48920869030462,14.254325410168079],[122.48936749030472,14.254380810168215],[122.48998349030492,14.254368410168572],[122.49058689030528,14.254651610169134],[122.49061229030538,14.254787010169236],[122.49043439030535,14.254885510169197],[122.49027569030545,14.255199410169322],[122.4902883903056,14.255421010169481],[122.49013599030597,14.25611661016987],[122.49026929030606,14.256264310170058],[122.4905550903062,14.256338210170274],[122.49103779030646,14.256535110170704],[122.4911202903066,14.25667051017085],[122.49110759030674,14.256972210171044],[122.49113299030694,14.257249110171264],[122.49143789030722,14.257624610171696],[122.49133629030727,14.257833910171778],[122.4910377903073,14.25805551017176],[122.49070119030746,14.25851711017188],[122.49062499030752,14.258701810171958],[122.49072129030769,14.258965910172194]]}},{"type":"Feature","properties":{"river_name":null,"name":null,"type":"River"},"geometry":{"type":"LineString","coordinates":[[122.501225290306,14.24918501017175],[122.50149859030607,14.249219910171936],[122.50198039030592,14.248613510171808],[122.50235439030605,14.24861351017203],[122.50249819030621,14.248808710172252],[122.50255569030634,14.249038710172453],[122.50257729030668,14.249638110172873],[122.50296559030679,14.249582310173073]]}},{"type":"Feature","properties":{"river_name":null,"name":null,"type":"River"},"geometry":{"type":"LineString","coordinates":[[122.5143780903059,14.24078601017384],[122.514399690306,14.240960310173973],[122.514334990306,14.241023010173977],[122.51402569030601,14.2411764101739],[122.51370209030594,14.241218210173725],[122.5134575903059,14.24132971017367],[122.513371290306,14.24158061017379],[122.51309089030588,14.241552810173594],[122.51284639030585,14.241650310173515],[122.51263059030585,14.241775810173468],[122.51250839030605,14.242256810173739],[122.51255149030624,14.242479810173915],[122.51241489030625,14.24270291017399],[122.51212719030633,14.24299561017401],[122.5116381903063,14.243218610173878],[122.51148719030621,14.243142010173731],[122.51132899030621,14.243239610173712],[122.51133619030641,14.24360201017396],[122.51118519030655,14.243908710174079],[122.51107729030647,14.243922610174026],[122.51092629030639,14.243804110173855],[122.51094069030623,14.243567210173705],[122.51086159030615,14.243427710173552],[122.51068179030607,14.243455610173461],[122.51065299030623,14.243720510173631],[122.5105163903063,14.243922610173689],[122.51048049030642,14.244215410173867],[122.51041569030649,14.24432691017391],[122.51022879030651,14.244466310173893],[122.50986199030633,14.244459310173669],[122.50964629030626,14.24438271017348],[122.50940179030617,14.244382710173337],[122.50924359030624,14.244612710173401],[122.50917879030646,14.245044810173663],[122.50922199030667,14.24546301017398],[122.50935139030692,14.24578371017428],[122.50932989030703,14.24597181017439],[122.50905659030695,14.24602761017427],[122.50871859030698,14.24630641017426],[122.50851009030707,14.24661311017435],[122.508387790307,14.246571310174241],[122.50823679030691,14.246445810174068],[122.5080929903066,14.245999710173677],[122.50789159030649,14.245902110173486],[122.50761119030646,14.246083410173444],[122.50728039030668,14.24664101017363],[122.5069926903066,14.246703710173488],[122.50659719030645,14.246689810173251],[122.50640299030655,14.24693371017331],[122.50610099030635,14.246752510172994],[122.50594999030626,14.24672461017289],[122.5058852903063,14.246878010172953],[122.50596439030643,14.247059210173134],[122.50569829030648,14.247247410173099],[122.50569109030663,14.24752621017328],[122.50554729030664,14.24770741017333],[122.50522369030662,14.247867710173235],[122.50466989030649,14.247951310172965],[122.50420969030625,14.24784681017261],[122.50409459030627,14.247909510172587],[122.50398679030636,14.248118610172671],[122.50420249030664,14.248529910173083],[122.50419529030671,14.248711110173208],[122.50376379030668,14.248857410173041],[122.50341869030659,14.248920210172884],[122.50325329030663,14.249136210172939],[122.50326049030679,14.249436010173142],[122.50296559030679,14.249582310173073],[122.50282899030687,14.249833210173165],[122.5026851903069,14.24993371017315]]}},{"type":"Feature","properties":{"river_name":null,"name":null,"type":"River"},"geometry":{"type":"LineString","coordinates":[[122.50085659029928,14.237205810163223],[122.50080109029933,14.237342710163288],[122.50098079029966,14.237809710163718],[122.50120379029988,14.23808161016404],[122.50109589029992,14.238221010164075],[122.5009520902998,14.238032810163855],[122.50071479029971,14.238074610163748],[122.50054219029975,14.2382976101638],[122.50031209029972,14.23834641016369],[122.49984459029959,14.238360410163425],[122.49977989029965,14.238597410163544],[122.49984459029982,14.238813510163734],[122.49987339030001,14.239092310163933],[122.50013229030007,14.239099210164104],[122.50045589030016,14.239064410164275],[122.50054219030021,14.239120110164368],[122.50061409030035,14.239301410164536],[122.5005205903005,14.239622010164702],[122.50033359030067,14.240096010164915],[122.5000818903013,14.241357610165643],[122.4999092903016,14.242040710166007],[122.50006039030178,14.242340410166307],[122.50003159030194,14.24264011016649],[122.49993089030202,14.24284231016658],[122.50009629030217,14.24291891016673],[122.50035519030214,14.242765610166776],[122.50050619030223,14.242800410166902],[122.50080819030234,14.242765610167057],[122.50091609030228,14.242647110167031],[122.50099519030229,14.242605310167047],[122.5011174903024,14.24273071016721],[122.50118939030249,14.242849210167336],[122.50119659030258,14.24300951016746],[122.50088739030254,14.243100210167333],[122.50059249030272,14.2436020101675],[122.5005852903028,14.24376931016761],[122.50074349030285,14.243846010167758],[122.50126129030292,14.24363691016793],[122.50146269030306,14.243636910168052],[122.50170719030312,14.243685610168225],[122.50187259030325,14.243790210168408],[122.50196599030338,14.243978410168591],[122.50196599030349,14.244166610168719],[122.50155609030354,14.244480210168692],[122.50152739030356,14.244570910168742],[122.50154889030364,14.24468241016882],[122.50176469030399,14.245212110169323],[122.5016783903041,14.245470010169452],[122.5017358903042,14.245609410169576],[122.50193729030433,14.245679110169748],[122.50208829030467,14.246278510170251],[122.50222489030482,14.24641791017044],[122.50264199030507,14.24661311017082],[122.5025772903051,14.246731610170865],[122.50236869030508,14.246857010170817],[122.502095490305,14.246884910170682],[122.50198759030513,14.247108010170768],[122.5020091903052,14.247275210170901],[122.5021385903053,14.247344910171016],[122.50228249030536,14.247351910171114],[122.50229679030535,14.247463410171203],[122.50216739030544,14.247637710171238],[122.5019228903054,14.247665610171115],[122.50182939030545,14.247805010171167],[122.50126849030558,14.248411410171244],[122.50111749030563,14.248613510171282],[122.50113189030579,14.248878410171477],[122.501225290306,14.24918501017175],[122.50111119030628,14.24983691017213]]}},{"type":"Feature","properties":{"river_name":null,"name":null,"type":"River"},"geometry":{"type":"LineString","coordinates":[[122.60743119036572,14.291391610264848],[122.60771699036583,14.291418410265036],[122.60803049036602,14.291552510265321],[122.60837159036616,14.291579310265545],[122.60864819036622,14.291525610265671],[122.60886029036615,14.291248710265616],[122.6091276903661,14.290998510265604],[122.60954259036622,14.290944910265814],[122.60985609036645,14.291177210266165],[122.61000359036665,14.291400610266413],[122.61008659036679,14.291659710266634],[122.6107319903672,14.291981310267253],[122.61096249036717,14.291784810267252],[122.61120219036722,14.29169541026733],[122.61146959036732,14.29174901026753],[122.61157099036741,14.291820510267641],[122.61180149036738,14.291686510267688],[122.61202279036748,14.291659710267801],[122.61231789036759,14.291695410268012],[122.61247459036761,14.291641810268063],[122.61249309036751,14.29144521026793],[122.61227179036742,14.291355910267736],[122.61231789036727,14.291132510267614],[122.61251149036727,14.291007410267648],[122.61258529036736,14.291114610267773],[122.61264059036748,14.291293310267921],[122.61279729036754,14.29133801026804],[122.61291719036758,14.291293310268086],[122.61317539036766,14.29126651026823],[122.61332289036774,14.291364810268382],[122.61365479036776,14.291186110268455],[122.61387609036787,14.291195110268598],[122.61396829036795,14.291293310268719],[122.61403279036809,14.291534610268926],[122.6140512903683,14.291865210269174],[122.6142448903684,14.29196351026935],[122.6147366903685,14.291860110269575]]}},{"type":"Feature","properties":{"river_name":null,"name":null,"type":"River"},"geometry":{"type":"LineString","coordinates":[[122.61412499036649,14.2885146102669],[122.61406049036658,14.288746910267022],[122.61412499036669,14.288916710267177],[122.6143093903668,14.289041810267374],[122.61435549036693,14.289193610267503],[122.61430019036702,14.289426010267633],[122.61439239036713,14.289524210267752],[122.61456759036719,14.289551010267884],[122.6146320903673,14.289702910268026],[122.61451229036737,14.28994421026812],[122.6145583903675,14.290105010268258],[122.61467819036768,14.29036411026851],[122.61481649036804,14.290918110268985],[122.61509839036835,14.291328010269428]]}},{"type":"Feature","properties":{"river_name":null,"name":null,"type":"River"},"geometry":{"type":"LineString","coordinates":[[122.62707069035436,14.258232110253724],[122.6270639903545,14.25846561025387],[122.62694349035456,14.258718610253975],[122.62691679035473,14.259029910254174],[122.62711759035497,14.259295910254478],[122.62746559035513,14.259412710254773],[122.62759949035528,14.259613710254998],[122.62763959035551,14.259964010255262],[122.62811479035575,14.260132710255661],[122.62822189035585,14.260262410255816],[122.62811479035591,14.260424610255862],[122.6279541903559,14.26050241025582],[122.62796759035602,14.26068401025596],[122.62806799035613,14.26080081025611],[122.62808129035628,14.261027810256268],[122.6278470903563,14.2612808102563],[122.6278537903564,14.261494910256445],[122.62812819035656,14.261611610256699],[122.62829549035673,14.261812710256931],[122.62838919035698,14.2622408102573],[122.6281281903572,14.262707910257458],[122.62810809035727,14.262915410257593],[122.62832899035756,14.263311110257998],[122.62865689035766,14.263330610258212],[122.6288576903577,14.263207310258245],[122.62894469035777,14.263246310258328],[122.62894469035787,14.263447310258456],[122.62864349035793,14.263745710258489],[122.6283356903579,14.263940310258445],[122.62838249035805,14.26411551025859],[122.62821519035813,14.264420310258693],[122.62797429035855,14.265322010259178],[122.62794079035865,14.265503610259293],[122.62814829035881,14.26567871025953],[122.62818169035887,14.265776010259627],[122.62812819035904,14.2660744102598],[122.62790729035909,14.266359810259859],[122.62786049035937,14.266826810260145],[122.62788059035972,14.267533810260657],[122.62771989035988,14.267955510260856],[122.62744549035996,14.268279810260912],[122.62638799035989,14.268753310260605],[122.62632109035995,14.268889510260658],[122.62633449036002,14.269038710260775],[122.62652189036017,14.269168410260972],[122.62686989036033,14.269259210261245],[122.62730499036054,14.269311110261537],[122.62737189036058,14.269421410261653],[122.62739199036068,14.269583610261776],[122.62704389036078,14.270037610261888],[122.62691679036097,14.270368410262043],[122.62670929036105,14.270653810262115],[122.6266757903611,14.27082891026221],[122.62674279036125,14.27103001026239],[122.62686319036138,14.271179210262572],[122.62701719036146,14.271283010262735],[122.62699709036153,14.271412710262812],[122.6268364903616,14.271600810262848],[122.6268297903617,14.271756510262948],[122.62706399036198,14.272171610263378],[122.62686319036214,14.272573810263541],[122.62686319036224,14.27274241026366],[122.62694349036238,14.27298241026387],[122.62683649036241,14.273086210263877],[122.62670259036234,14.273060210263775],[122.62651519036221,14.272924010263575],[122.62630099036214,14.272930510263445],[122.62612699036214,14.273014810263394],[122.62598649036208,14.273008410263316],[122.62576559036202,14.273066710263215],[122.6256919903621,14.2732419102633],[122.6257120903622,14.273449410263447],[122.62580579036235,14.27365051026365],[122.62607069036267,14.274052910264086],[122.62619699036297,14.274486010264466],[122.62677029036338,14.274909810265106],[122.6268868903635,14.275060510265273],[122.62687719036367,14.275352410265475],[122.62679939036371,14.27555011026556],[122.62681889036391,14.275851510265785],[122.62695489036415,14.276152810266069],[122.62713949036466,14.276981510266761],[122.62728529036488,14.277292210267067],[122.62725609036528,14.278111410267611],[122.62715899036563,14.278770610268008],[122.62733389036595,14.279260310268448],[122.62794599036664,14.28013601026943],[122.62821809036726,14.280983510270179],[122.62849009036766,14.281623810270775],[122.62913139036793,14.281736810271248],[122.62957839036784,14.281247110271176],[122.63010309036797,14.28117181027144],[122.63088049036833,14.281266010271976],[122.63154119036889,14.28190631027281],[122.63177629036902,14.28203831027304],[122.63219469036925,14.282183910273403],[122.63348219036966,14.282142310274143],[122.63382549036984,14.282246310274427],[122.63407229037004,14.282475010274739],[122.63426189037034,14.282885610275134],[122.63447459037162,14.285095110276789]]}},{"type":"Feature","properties":{"river_name":null,"name":null,"type":"River"},"geometry":{"type":"LineString","coordinates":[[122.6368884903658,14.272937710269822],[122.63715649036607,14.273238510270199],[122.63735399036612,14.273265810270335],[122.63779129036622,14.273074410270468],[122.63798879036635,14.273238510270692],[122.63793239036664,14.273840010271076],[122.6379746903669,14.274277510271405],[122.63821449036722,14.274673910271824],[122.6381862903674,14.275043010272064],[122.63800289036742,14.27516611027204],[122.63766439036722,14.275043010271744],[122.63741039036718,14.27516611027168],[122.63731169036737,14.275535210271885],[122.6373116903675,14.275767610272045],[122.63762199036762,14.275822310272266],[122.63829919036772,14.275494210272447],[122.63855309036776,14.275439510272559],[122.63993549036853,14.27598631027377],[122.63999199036859,14.276109410273882],[122.6398508903688,14.276519510274085],[122.63921609036875,14.27686131027394],[122.63893399036886,14.277216710274027],[122.63890569036899,14.2775038102742],[122.63921609036913,14.277572210274439],[122.63975209036921,14.277435510274662],[122.64055619036937,14.277121010274925],[122.64110639036957,14.277230410275335],[122.64160009036993,14.277462810275804],[122.64176939037021,14.277941310276221],[122.64176939037065,14.278734210276781],[122.64138849037145,14.280374710277684],[122.64140259037187,14.281126610278218],[122.64158599037222,14.281659710278698],[122.64190429037266,14.282308610279339],[122.64229059037307,14.282807710279915],[122.64260169037352,14.283462710280551],[122.64271969037381,14.283889010280914],[122.64289789037439,14.284831310281678],[122.64292359037482,14.285614910282236],[122.64281329037519,14.286321410282659],[122.6426660903754,14.286789810282896],[122.64243239037559,14.287292010283103],[122.64193649037563,14.287746310283126],[122.64064909037546,14.28820381028266],[122.63994959037522,14.288235210282258],[122.63938309037503,14.2882038102819],[122.63876079037482,14.288214210281529]]}},{"type":"Feature","properties":{"river_name":null,"name":null,"type":"River"},"geometry":{"type":"LineString","coordinates":[[122.79174799040753,14.25130891034795],[122.79176089040807,14.252293910348646],[122.79188969040841,14.252851210349116],[122.79210419040866,14.253183910349476],[122.79253329040901,14.253475010349938],[122.79273919040916,14.253682910350207],[122.79273059040929,14.253924110350368],[122.79256759040929,14.253998910350322],[122.79203549040902,14.25387421034992],[122.79169229040896,14.254015610349812],[122.79164079040915,14.254348310350013],[122.79170089040954,14.255005310350503],[122.79189819040975,14.25524651035079],[122.79276489041018,14.255570910351539],[122.79333129041068,14.256053210352219],[122.79409499041101,14.256178010352775],[122.79515049041133,14.256111510353353],[122.79607729041145,14.25577051035367],[122.79702219041167,14.255536210354073]]}},{"type":"Feature","properties":{"river_name":null,"name":null,"type":"River"},"geometry":{"type":"LineString","coordinates":[[122.64167449027043,14.09504691014786],[122.64142009027037,14.095066410147728],[122.64131299027041,14.095202710147763],[122.64141339027084,14.095936310148335],[122.64135319027095,14.09614401014845],[122.6410452902709,14.09629331014837],[122.64099849027093,14.096397210148412],[122.6412326902711,14.096527010148655],[122.64170119027133,14.096702210149052],[122.64190199027155,14.096929410149338],[122.64209609027166,14.097046310149528],[122.64243079027177,14.097046310149732],[122.64275869027165,14.096578910149603],[122.64283229027178,14.096747710149758],[122.64286579027197,14.097130710150054],[122.64283229027221,14.097572110150347],[122.64255789027249,14.098221210150646],[122.64250439027262,14.098513310150825],[122.64265829027282,14.098844410151152],[122.64341459027364,14.09987001015233],[122.6437492902738,14.099960910152586],[122.64454569027404,14.099876510153008],[122.64486699027421,14.099928410153238],[122.6449740902743,14.100032310153372],[122.64496069027443,14.100272510153536],[122.6448401902746,14.100681410153756],[122.64399689027461,14.101239710153648],[122.6433409902747,14.101759010153625],[122.64267839027463,14.10210951015348],[122.64253109027469,14.102271810153507],[122.64299959027512,14.102856010154206],[122.64346149027543,14.103109110154657],[122.64358189027557,14.10326491015484],[122.64390319027599,14.103842610155446],[122.64405039027646,14.10460211015606],[122.64368229027656,14.105037010156146],[122.6436956902766,14.105153810156253],[122.64385629027672,14.10521231015638],[122.64415079027677,14.1051279101565],[122.64469299027704,14.105270710156926],[122.64488039027732,14.105653610157312],[122.64530869027756,14.105854910157705],[122.64535549027768,14.106023610157857],[122.64516809027774,14.106263810157916],[122.64511459027784,14.106452010158018],[122.64522839027794,14.106562410158153],[122.64548939027803,14.106575410158323],[122.6458106902781,14.106478010158451],[122.64686809027837,14.106322210158968],[122.647918890279,14.10682201015995],[122.64824019027911,14.106822010160151],[122.64894959027929,14.106711710160491],[122.6492440902794,14.106705210160664],[122.64939139027955,14.106899910160884],[122.64944489027964,14.107055710161044],[122.64988909027987,14.107202010161409]]}},{"type":"Feature","properties":{"river_name":null,"name":null,"type":"River"},"geometry":{"type":"LineString","coordinates":[[122.67143569027706,14.08825871016082],[122.67116429027693,14.088258710160654],[122.6707883902767,14.088030810160275],[122.67010979027651,14.088162510159968],[122.66968699027635,14.088137210159688],[122.66942079027619,14.087985310159429],[122.66924329027616,14.0880916101594],[122.66922239027627,14.088253610159496],[122.66893009027628,14.088466310159482],[122.6686377902762,14.088527010159344],[122.66846029027622,14.088623210159305],[122.66831929027622,14.088749810159314],[122.66820449027622,14.088775110159254],[122.66800089027632,14.08910931015937],[122.6679277902763,14.089144710159363],[122.66768769027624,14.089180210159238],[122.6674579902761,14.089094110159042],[122.6673118902761,14.089094110158952],[122.66718139027613,14.08928651015901],[122.66708219027622,14.089549810159147],[122.66694649027626,14.08969151015916],[122.66668019027625,14.089848510159118],[122.66648709027618,14.089838410159002],[122.66631479027596,14.089549810158681],[122.66614259027583,14.08941811015849],[122.66597029027577,14.089433310158398],[122.66585019027588,14.089681410158498],[122.66585019027598,14.089818110158596],[122.66598599027606,14.089944710158761],[122.66590769027609,14.090056110158796],[122.6656518902761,14.090182610158736],[122.66557879027616,14.090370010158823],[122.66572499027627,14.09053201015903],[122.66566229027634,14.09064841015908],[122.66552139027627,14.090638310158983],[122.66534909027627,14.090673810158908],[122.66533869027636,14.09089651015906],[122.66516639027634,14.090972510159013],[122.6649053902762,14.090881310158789],[122.6647487902762,14.091018010158788],[122.66431549027621,14.09128131015872],[122.66379869027622,14.091645910158666],[122.6634228902764,14.092152210158805],[122.66302619027638,14.09240021015875],[122.66187779027605,14.092501510158138],[122.66150189027601,14.092653410158011],[122.66106339027584,14.09265851015775],[122.66091729027589,14.092835710157802],[122.66093809027598,14.093048310157963],[122.66081809027614,14.093352110158099],[122.66063539027624,14.0936508101582],[122.6606979902764,14.093939410158448],[122.6603430902764,14.094136810158371],[122.66000369027638,14.094369710158341],[122.65969579027656,14.09482541015848],[122.65896809027643,14.095108610158245]]}},{"type":"Feature","properties":{"river_name":null,"name":null,"type":"River"},"geometry":{"type":"LineString","coordinates":[[122.76801159033124,14.126636810245877],[122.76858669033169,14.127070610246527],[122.76983179033205,14.126982210247219],[122.77003079033216,14.12701941024735],[122.77014609033228,14.127146910247513],[122.77011259033233,14.127323310247625],[122.76996909033241,14.127516310247671],[122.76994679033248,14.127710210247793],[122.77025739033276,14.127962310248163],[122.77062799033293,14.12810871024849],[122.77063359033312,14.128431210248726],[122.77095299033336,14.128648110249058],[122.77093709033372,14.129283110249514],[122.77111039033409,14.129874310250035],[122.77139799033439,14.130277010250486],[122.7719889903349,14.130834610251245],[122.77195699033524,14.131485210251688],[122.77182919033557,14.132135810252073],[122.77195699033598,14.132863810252665],[122.77291539033659,14.133359510253582],[122.77297929033682,14.133700210253874],[122.77273969033702,14.134226910254098],[122.77219659033703,14.134567710254009],[122.7713020903372,14.135450610254106],[122.77147779033773,14.13636441025486],[122.77206879033832,14.136999510255663],[122.77360229033906,14.137464210256912],[122.77408149033943,14.137820410257454],[122.77424119033974,14.138254110257854],[122.77398559033973,14.138409010257808],[122.77321889033949,14.138409010257353],[122.77277169033941,14.138625910257234],[122.77257999033961,14.139121610257465],[122.77248409033986,14.13967921025781],[122.77218059034003,14.140081910257909],[122.7721486903402,14.140469110258172],[122.7723403903404,14.14073241025847],[122.77261189034053,14.140732410258638],[122.77269179034033,14.140376210258431],[122.77337859034039,14.139973510258558],[122.77374599034025,14.139524310258457],[122.77401759034026,14.139415810258544],[122.7746404903408,14.139958010259297],[122.77478429034102,14.140252310259593],[122.77529539034114,14.14019031025986],[122.77571069034107,14.139741110259795],[122.77615799034129,14.139896010260165],[122.77633369034169,14.140546610260728],[122.77607809034194,14.141166110261022],[122.77575859034208,14.141646310261168],[122.7757745903423,14.14198711026142],[122.77590239034242,14.142126510261594],[122.77579059034257,14.142451710261762],[122.77537529034244,14.142513710261557],[122.77508779034223,14.142296810261227],[122.7747682903422,14.142436210261137],[122.77454469034232,14.142839010261286],[122.77495999034252,14.142993810261649],[122.77646149034304,14.142900910262476],[122.77663719034328,14.143257210262835],[122.77636559034346,14.143768310263031],[122.7764454903438,14.14432591026348],[122.77687679034432,14.14502291026423],[122.77682879034465,14.145642510264642],[122.77671699034498,14.14629301026504],[122.77622189034516,14.14697451026522],[122.77553499034518,14.147470110265163],[122.77558289034543,14.14782641026544],[122.77609409034561,14.14791931026581],[122.77681289034597,14.148105210266376],[122.7775316903464,14.148461410267055],[122.77780319034675,14.148864110267505],[122.77895329034725,14.149080910268346],[122.77909699034747,14.149390710268653],[122.77948039034783,14.149808910269178],[122.77992759034814,14.150103210269656],[122.7799435903483,14.150428510269897],[122.78008739034864,14.150908610270324],[122.78074229034908,14.15128031027098],[122.78131729034946,14.151667510271594],[122.78114159034989,14.152550410272118],[122.78093049035024,14.15337621027258]]}},{"type":"Feature","properties":{"river_name":null,"name":null,"type":"River"},"geometry":{"type":"LineString","coordinates":[[122.77410789030087,14.066834610206863],[122.77430719030114,14.067221310207263],[122.77393349030142,14.067982610207581],[122.77388359030208,14.069203110208427],[122.7738088903023,14.069698610208736],[122.77357219030243,14.070073210208864],[122.77312369030258,14.07064121020901],[122.77328559030292,14.071148710209464],[122.77353479030316,14.071450810209829],[122.77332299030331,14.071837510209972],[122.77296169030339,14.072163810209995],[122.77177819030312,14.072490110209527],[122.77127989030328,14.073033910209611],[122.77127989030357,14.073626010210038],[122.77110539030366,14.073940210210157],[122.77090609030392,14.074484010210433],[122.77010879030371,14.074604810210042],[122.76978489030398,14.075317810210356],[122.76993439030414,14.075523210210596],[122.77022089030437,14.075740710210914],[122.77010879030455,14.076163710211157],[122.76963539030439,14.076199910210894],[122.76929899030416,14.076006610210548],[122.76897509030424,14.076260410210542],[122.76865119030424,14.076538310210546],[122.76814039030438,14.077106210210655],[122.76807809030475,14.077807110211122],[122.76782889030471,14.077988410211095],[122.76735549030435,14.077589610210534],[122.76690699030392,14.07707001020989],[122.76637129030368,14.076925010209466],[122.76578579030364,14.077227110209328],[122.76518779030393,14.078085110209592],[122.76453999030382,14.078387210209423],[122.76349349030349,14.078387210208795],[122.76300759030337,14.078556310208622],[122.76293289030367,14.079136410208994],[122.76308239030404,14.079716410209496],[122.76292039030461,14.0808281102102],[122.76191129030447,14.081202710209856],[122.76097689030388,14.08076771020899],[122.76070279030387,14.08091271020892],[122.7607650903041,14.081335610209265],[122.76032909030424,14.081819010209351],[122.75964389030416,14.082133210209172],[122.75912069030397,14.082121110208849],[122.75851019030364,14.081843210208277],[122.75624279030282,14.081843210206936],[122.75590639030283,14.081988210206836],[122.75578189030298,14.082374810207039],[122.75574449030317,14.082809910207326],[122.75515889030335,14.083486510207456],[122.7544487903039,14.08491241020805],[122.75414979030391,14.085190310208068],[122.75352689030376,14.085323310207793],[122.7531531903035,14.08506951020739],[122.75281679030324,14.084767410206975],[122.75205689030297,14.08477951020653],[122.75135919030299,14.085287010206466],[122.75120969030318,14.085697410206675],[122.75109169030326,14.08589511020675],[122.75089059030337,14.086186510206836],[122.75080109030338,14.086275510206836],[122.75066789030332,14.086326910206797],[122.75053169030328,14.086317310206706],[122.7503460903032,14.086248910206555],[122.75023239030314,14.086174010206433],[122.74988909030282,14.085782410205944],[122.74956019030255,14.085541310205572],[122.74887619030231,14.085536710205163],[122.74865629030228,14.085627110205099],[122.74851679030235,14.085809210205147],[122.7479866903024,14.086244510205134],[122.7477474903024,14.086393410205106],[122.74654269030226,14.086896710204739],[122.7459641903022,14.087205310204622],[122.74565219030221,14.087406610204573],[122.74496289030238,14.0881584102047],[122.74466229030254,14.088670310204883]]}},{"type":"Feature","properties":{"river_name":null,"name":null,"type":"River"},"geometry":{"type":"LineString","coordinates":[[122.73135329031865,14.12680691022406],[122.73199249031903,14.127086910224632],[122.73213689031924,14.127336810224898],[122.73211619031935,14.127586810225068],[122.73165229031932,14.127836810224961],[122.73146669031969,14.128646710225421],[122.73147699031985,14.128866610225588],[122.73135329031987,14.128986610225603],[122.73109549031976,14.128976610225436],[122.73070369031953,14.128736610225033],[122.73039439031936,14.128706610224832],[122.7299200903194,14.129016610224763],[122.72923959031941,14.129546510224731],[122.72917779031962,14.129926510224962],[122.72946649031981,14.130046510225231],[122.72983759031982,14.129876510225323],[122.73000259031981,14.129716510225315],[122.73039439031989,14.129666510225514],[122.73072429032045,14.13049641022629],[122.7307552903206,14.130706410226463],[122.73097179032071,14.130786310226648],[122.73126049032079,14.130746310226796],[122.73159039032072,14.130456410226783],[122.73217809032072,14.13001651022683],[122.73264209032085,14.12997651022707],[122.73302359032104,14.130066410227375],[122.73321949032119,14.1302264102276],[122.73313699032146,14.130756310227923],[122.73319879032155,14.130926310228087],[122.73362159032186,14.131236310228559],[122.73374529032199,14.131406210228754],[122.73372879032217,14.13180181022903],[122.73396179032244,14.132056110229342],[122.73411649032262,14.132336110229632],[122.73462169032304,14.132726010230208],[122.73493099032318,14.132796010230447],[122.73551869032322,14.132556110230626],[122.73590019032339,14.132566110230858],[122.73588989032359,14.132976010231145],[122.73569399032375,14.13338591023132],[122.73545679032406,14.134145810231718],[122.73569399032456,14.134875710232377],[122.73598269032478,14.135125610232734],[122.73647759032505,14.13531561023316],[122.73695179032522,14.135275610233403],[122.73765289032548,14.135305610233852],[122.73812719032539,14.134875710233832],[122.73778699032506,14.134435710233317],[122.73778699032485,14.13408581023306],[122.73789009032485,14.134005810233072],[122.73810659032496,14.134045810233228],[122.7385808903253,14.134325810233717],[122.73943669032566,14.134505710234352],[122.73968409032574,14.13448571023449],[122.73970469032562,14.134265810234345],[122.73934389032476,14.13294601023319],[122.73974599032464,14.132466110233088],[122.74012749032461,14.132116110233081],[122.74057079032447,14.131606210232976],[122.74076669032453,14.1316162102331],[122.74171529032529,14.132356110234207],[122.74194209032555,14.132706010234582],[122.74201429032568,14.13291601023477],[122.74240609032591,14.133106010235146],[122.74288029032608,14.133116010235433],[122.74329279032631,14.133305910235814],[122.74416909032736,14.134675710237312],[122.74410729032762,14.135205610237655],[122.74432379032783,14.135445610237946],[122.74469499032807,14.13559551023827],[122.74477749032819,14.13578551023846],[122.74467439032831,14.136095510238615],[122.74478779032883,14.136945310239291],[122.74496309032901,14.137175310239561],[122.74534179032914,14.137158610239764],[122.74565519032905,14.136792510239703],[122.74587039032892,14.136415410239556],[122.74584979032868,14.135965510239226],[122.74596319032855,14.135685510239098],[122.74653019032874,14.13567551023943],[122.74708699032907,14.135885510239909],[122.74741149032906,14.135676910239962]]}},{"type":"Feature","properties":{"river_name":null,"name":null,"type":"River"},"geometry":{"type":"LineString","coordinates":[[122.7894276904218,14.278829210365753],[122.78965039042208,14.279202210366142],[122.7897691904222,14.279324610366297],[122.78991739042242,14.279665310366616],[122.78994799042253,14.27986381036678],[122.78993549042266,14.280049810366904],[122.79005349042286,14.280379910367195],[122.79015269042297,14.280515110367356],[122.79037759042315,14.280704310367623],[122.79076579042355,14.281182310368182],[122.79107919042382,14.281476010368582],[122.79152149042413,14.281776210369047],[122.79161219042425,14.281914210369202],[122.79174549042446,14.282237410369511],[122.79172109042457,14.282470510369661],[122.79165529042461,14.282613610369713]]}},{"type":"Feature","properties":{"river_name":null,"name":null,"type":"River"},"geometry":{"type":"LineString","coordinates":[[122.78347129041991,14.27915821036239],[122.78375029041987,14.278908710362385],[122.78509139041988,14.27809771036262],[122.78597119041993,14.277619410362826],[122.78670609042007,14.277389010363104],[122.7874999904203,14.277291910363521],[122.7881973904206,14.277390710364003],[122.7886586904208,14.27751031036436],[122.78883579042093,14.277609010364534],[122.78896989042106,14.27780661036476],[122.7891092904214,14.278305710365187],[122.7894276904218,14.278829210365753]]}},{"type":"Feature","properties":{"river_name":null,"name":null,"type":"River"},"geometry":{"type":"LineString","coordinates":[[122.83792609031941,14.060328610240306],[122.83817869031947,14.06027801024042],[122.83881669031956,14.060041510240632]]}},{"type":"Feature","properties":{"river_name":null,"name":null,"type":"River"},"geometry":{"type":"LineString","coordinates":[[122.52018009024422,14.123915310095619],[122.52065419024463,14.12432211009619],[122.52127109024504,14.12472271009684],[122.52177539024524,14.124785110097184],[122.52247279024557,14.124946410097714],[122.52318089024587,14.125060810098221],[122.52378169024614,14.125107610098619],[122.52429669024637,14.125274110099037],[122.52526229024679,14.125388510099697],[122.52550369024692,14.125492610099913],[122.5257557902471,14.125643510100177],[122.52608839024728,14.12574231010044],[122.52638339024735,14.125742310100623],[122.52694669024746,14.125549810100816],[122.52710219024738,14.125315710100743],[122.52732219024715,14.124743510100478],[122.52756359024713,14.124545810100486],[122.52821799024716,14.124233710100649],[122.52841649024714,14.124046410100643],[122.52857749024702,14.123760210100524],[122.52853989024686,14.123458510100305],[122.52841649024666,14.12321401010005],[122.52838969024656,14.122979910099872],[122.5285720902465,14.122766610099822],[122.52875449024654,14.12273021009991],[122.52894219024667,14.122813410100086],[122.52927479024702,14.123240010100588],[122.52960209024721,14.12345331010093],[122.53001509024742,14.12361461010129],[122.53039059024765,14.123687410101567],[122.53072319024776,14.12370821010178],[122.53084659024776,14.123645810101811],[122.53082519024764,14.12346891010168],[122.53060519024739,14.123130810101301],[122.53051939024722,14.122844610101057],[122.53065889024697,14.122303610100753],[122.53087339024691,14.122059110100704],[122.53113089024693,14.12187181010072],[122.53136699024687,14.121653310100715],[122.53140449024677,14.121455610100597],[122.53131329024657,14.121159110100338],[122.53140449024646,14.120878210100194],[122.53169419024647,14.120685710100233],[122.53269729024659,14.12034751010059],[122.5329494902466,14.120175910100615],[122.53308359024646,14.119837710100466],[122.53309969024609,14.119156210099987],[122.53323909024601,14.118963710099937],[122.53359859024606,14.118781610100026],[122.53394189024613,14.118677610100162],[122.5341456902462,14.118750410100326],[122.5342905902464,14.118948110100566],[122.53462319024693,14.119728510101309],[122.53481089024707,14.11984811010151],[122.53511129024713,14.119790910101647],[122.53534739024713,14.11964521010168],[122.53577109024722,14.119525610101856],[122.53621099024731,14.119484010102086],[122.53645239024749,14.11960881010232],[122.53660259024771,14.119884510102603],[122.53660799024784,14.120134210102783],[122.53644169024798,14.120514010102948],[122.53645239024821,14.12094061010326],[122.53675279024841,14.121107110103559],[122.53703089024857,14.1212086101038],[122.53761049024882,14.1213119101042],[122.53801599024895,14.121311910104449],[122.53822049024896,14.121225010104519],[122.53836069024872,14.120667910104213],[122.53844579024867,14.120476310104124],[122.5385826902486,14.120283010104068],[122.5387499902486,14.120192910104102],[122.53888179024867,14.120215810104195],[122.53910139024886,14.120458310104492],[122.53926359024899,14.120569710104673],[122.53946129024904,14.120555010104784],[122.539604990249,14.120401010104764],[122.53962019024894,14.120248610104666],[122.53954249024875,14.119988310104434],[122.5393707902485,14.119618910104068],[122.53898249024806,14.119085510103465],[122.53882029024793,14.118924910103255],[122.5387188902478,14.118723310103045],[122.53884729024769,14.118454610102932],[122.53901979024774,14.118396810102993],[122.53932389024784,14.118396810103176],[122.53955029024786,14.118347710103277],[122.5399406902479,14.11813141010336],[122.54011809024796,14.118134710103476],[122.540217790248,14.118206810103578],[122.54035129024815,14.118416510103808],[122.54060419024873,14.119187010104506],[122.54078049024888,14.11937721010474],[122.54100019024897,14.119468910104946],[122.5412772902491,14.119475510105108],[122.5413684902491,14.119432910105132],[122.54142089024909,14.119337810105097],[122.54136689024892,14.119115010104911],[122.54150049024888,14.118954710104871],[122.54171169024875,14.11858271010473],[122.54182829024873,14.11848931010474],[122.54191269024875,14.118477810104784],[122.54203949024883,14.1185237101049],[122.54242229024919,14.119005410105462],[122.54275489024955,14.119364310105912],[122.54291589024963,14.11944761010607],[122.54330749024972,14.119385110106258],[122.54347909024972,14.11927071010628],[122.54363469024968,14.11909901010626],[122.54371519024959,14.118890910106154],[122.54361859024941,14.118573610105878],[122.54350059024921,14.118313410105614],[122.54353279024912,14.118141810105516],[122.54364009024913,14.118037710105517],[122.54384929024911,14.117912910105547],[122.54402029024902,14.11765281010547],[122.54409979024905,14.117579010105457],[122.54431599024909,14.117521710105548],[122.54441339024918,14.117622710105682],[122.54460109024932,14.117742410105878],[122.54486399024944,14.117851610106113],[122.54507859024959,14.117997310106341],[122.54509469024978,14.11827821010654],[122.5447351902501,14.119131410106935],[122.54474059025024,14.11943321010716],[122.54497129025047,14.119698510107476],[122.54534139025068,14.119802510107773],[122.54575449025072,14.119630810107898],[122.54600659025074,14.119485210107944],[122.54612999025069,14.119308310107899],[122.54625869025057,14.119006610107755],[122.54631769025046,14.118772510107632],[122.5464678902504,14.1186008101076],[122.54673619025051,14.11860081010776],[122.54698829025067,14.118782910108036],[122.54705269025082,14.119053410108274],[122.54698829025091,14.119256310108375],[122.54685949025104,14.119506010108466],[122.54689169025121,14.11977651010869],[122.54702579025131,14.119911810108864],[122.54732089025148,14.119995010109097],[122.54759449025153,14.119917010109202],[122.54790559025147,14.119698510109227],[122.54827579025154,14.119532010109342],[122.54830789025146,14.119381110109254],[122.5482917902513,14.119069010109012],[122.5481201902511,14.11879851010873],[122.54800219025083,14.118434310108398],[122.54811479025071,14.118158610108265],[122.5483561902507,14.117976510108283],[122.54869949025078,14.117903710108441],[122.5488711902509,14.118012910108613],[122.54892479025101,14.118200210108787],[122.54888189025111,14.118371910108884],[122.54895169025119,14.11849671010901],[122.54917159025129,14.118564410109192],[122.54960609025176,14.119084610109827],[122.54975099025195,14.119396710110118],[122.5498421902523,14.119979410110592],[122.54968659025255,14.120499610110867],[122.54941299025268,14.120926210111001],[122.54893559025295,14.121789810111322],[122.54853859025312,14.122278810111432],[122.54831869025324,14.122669010111574],[122.54831869025337,14.122918710111755],[122.54837769025355,14.123210010112],[122.54851179025373,14.123433710112238],[122.54876929025392,14.12360541011251],[122.54900529025406,14.123683410112701],[122.54921989025411,14.123636610112799],[122.54938619025407,14.123511810112811],[122.54969729025412,14.123392110112917],[122.54998159025429,14.123563810113202],[122.55014709025453,14.123855610113512]]}},{"type":"Feature","properties":{"river_name":null,"name":null,"type":"River"},"geometry":{"type":"LineString","coordinates":[[122.54158659024881,14.11879571010482],[122.54233349024922,14.119090710105466],[122.54250799024932,14.119104410105576]]}},{"type":"Feature","properties":{"river_name":null,"name":null,"type":"River"},"geometry":{"type":"LineString","coordinates":[[122.50883669024832,14.13863641009919],[122.50923359024851,14.138756010099508],[122.50949649024875,14.13904731009987],[122.50970029024892,14.139161810100079],[122.51037089024913,14.13917221010049],[122.51093949024923,14.138958910100678],[122.51112189024929,14.138969310100796],[122.5113578902494,14.139073410101],[122.51177099024973,14.139375110101469],[122.51206599024991,14.139489510101729],[122.51230299025006,14.139622310101952],[122.51239419025016,14.139757510102108],[122.51235129025042,14.14026211010243],[122.51237809025083,14.140995610102971],[122.51245319025098,14.141245310103194],[122.51271069025132,14.141687410103652],[122.51267319025139,14.141838310103735],[122.51226009025136,14.142041110103634],[122.51228689025142,14.142192010103754],[122.51286629025172,14.142368910104222],[122.51293599025182,14.14249371010436],[122.51304869025186,14.142556110104467],[122.51408939025228,14.14254051010508],[122.51430929025229,14.142514510105192],[122.51468479025237,14.142405310105339],[122.51494229025248,14.142431310105515],[122.51521049025268,14.142587310105787],[122.51543579025275,14.142602910105925],[122.51566649025278,14.142576910106044],[122.51586499025277,14.142342910106006],[122.51602059025278,14.142270010106039],[122.51617609025283,14.142254410106124],[122.51643899025295,14.142348110106347],[122.51655699025298,14.142327210106416],[122.51661059025292,14.142192010106342],[122.51662669025283,14.14195271010619],[122.51655159025267,14.141765410106014],[122.51653549025255,14.14149501010581],[122.51675009025253,14.14132851010581],[122.51693249025254,14.14130251010592],[122.51715239025269,14.14137531010609],[122.51746579025277,14.141339310106265],[122.5179968902527,14.140850310106234],[122.51837239025268,14.140564210106263],[122.51859769025272,14.140559010106385],[122.51879079025292,14.140715110106612],[122.51916629025301,14.140741110106855],[122.51955799025308,14.140637010107012],[122.51982079025309,14.140470610107059],[122.51998169025305,14.140283310107021],[122.52007829025298,14.140075210106932],[122.52033039025301,14.139955610106997],[122.52102239025322,14.139986810107436],[122.52154279025339,14.13985161010765],[122.52168759025321,14.139477010107477],[122.5219603902531,14.139076110107357],[122.52236269025313,14.13891491010749],[122.52252359025303,14.138613110107373],[122.52256659025294,14.138399910107248],[122.5225182902527,14.13797851010692],[122.52242679025244,14.137607810106612],[122.52242679025174,14.136336110105708],[122.52256309025141,14.135609410105276],[122.52271019025113,14.135016610104943],[122.5230105902511,14.134730510104932],[122.52337609025093,14.134231110104794],[122.52345119025078,14.133867010104591],[122.52375159025058,14.133300010104369],[122.5237944902504,14.132993110104174],[122.52364429025022,14.132665310103857],[122.52365499024991,14.132139910103495],[122.52400369024961,14.131422010103188],[122.52411639024949,14.13112551010305],[122.52423439024946,14.130974710103017],[122.52469569024957,14.13090701010325],[122.52489419024955,14.13076141010326],[122.52488349024941,14.130454410103036],[122.52476549024922,14.130189110102787],[122.5247761902491,14.129949810102616],[122.52532869024913,14.129642910102739],[122.52545209024905,14.129414010102648],[122.5253876902488,14.129039510102345],[122.52538239024868,14.128784610102166],[122.52546819024855,14.128540110102037],[122.52550039024831,14.128082310101739],[122.52567719024813,14.127597010101507],[122.52606749024805,14.12720701010146],[122.52608269024802,14.127130010101418],[122.52575739024768,14.126768310100966],[122.52535509024736,14.126424910100482],[122.52498309024693,14.125877610099874],[122.52500339024691,14.125731710099782],[122.52512169024686,14.125635110099788],[122.52542919024697,14.125603910099953],[122.525592390247,14.125555510100012]]}},{"type":"Feature","properties":{"river_name":null,"name":null,"type":"River"},"geometry":{"type":"LineString","coordinates":[[122.49134339024374,14.141289210090585],[122.49132949024398,14.141741710090892],[122.49140999024407,14.141871810091024],[122.4915869902442,14.14194981009119],[122.49162459024448,14.142501210091593],[122.49143679024463,14.142870510091745],[122.49120079024463,14.14299011009169],[122.49109349024468,14.143161810091746],[122.49113109024474,14.14329711009185],[122.49128659024493,14.143510310092108],[122.49129199024505,14.143676810092224],[122.49106669024513,14.143973310092294],[122.49102379024524,14.144233410092452],[122.49125439024552,14.144581910092839],[122.49124909024566,14.144852410093021],[122.49111499024563,14.144992810093044],[122.49101839024576,14.14518011009312],[122.49098619024583,14.145388210093241],[122.49045509024619,14.146386910093618],[122.4904014902463,14.146579410093727],[122.49043899024635,14.146730210093853],[122.49065899024662,14.147000710094176],[122.49084139024704,14.147718510094796],[122.4909271902472,14.147937010094996],[122.49086279024729,14.148150310095117],[122.49072869024735,14.148306310095139],[122.4906482902474,14.148478010095209],[122.4905999902475,14.14870691009534],[122.49039609024769,14.149128210095512],[122.49032099024777,14.149388310095649],[122.49031029024792,14.1496172100958],[122.4904121902481,14.14990331009607],[122.49052489024825,14.150116510096282],[122.4906750902484,14.150257010096478],[122.4910160902486,14.150416410096788],[122.49133259024883,14.150707710097185],[122.49141839024902,14.150889810097356],[122.4915256902492,14.151243510097677],[122.49165449024942,14.151487910097922],[122.4917839902494,14.151458410097979],[122.49192419024952,14.151522310098098],[122.49203229024954,14.15152231009817],[122.4920981902495,14.15140601009813],[122.49207459024944,14.151312610098053],[122.49201709024939,14.151253610097971],[122.49201879024919,14.150976710097781],[122.49208469024923,14.150898110097758],[122.49221989024925,14.150893110097833],[122.49235849024933,14.150950510097967],[122.49241249024954,14.151296210098243],[122.49247669024956,14.15134861009831],[122.4930900902499,14.151484610098782],[122.49370709025018,14.151699310099302],[122.4938357902503,14.151839810099476],[122.49423809025063,14.152151910099937],[122.49473699025098,14.152458810100457],[122.49490869025105,14.15253161010061],[122.49518759025135,14.152848910100996],[122.4951554902514,14.15298931010107],[122.49521449025151,14.153114210101197],[122.49545049025168,14.153327410101484],[122.4956167902519,14.153644710101815],[122.49572409025211,14.153951610102087],[122.49575629025229,14.154201310102282],[122.49595279025272,14.15485401010286],[122.4960777902528,14.15494581010301],[122.49616909025279,14.154899910103016],[122.49626369025285,14.154895010103075],[122.496533990253,14.155016210103314],[122.49678749025323,14.155312810103684],[122.4972480902536,14.155697610104234],[122.497883490254,14.156002310104817],[122.49789359025405,14.156140010104915],[122.49781589025427,14.156579110105184],[122.49785299025437,14.156724910105314],[122.49820229025482,14.157331110105936],[122.49839149025499,14.157519510106187],[122.49858239025511,14.157624310106373],[122.49911639025537,14.157750510106778],[122.49934279025543,14.157748810106916],[122.49946109025547,14.157694810106946],[122.49956409025543,14.15758171010693],[122.49962999025539,14.157445710106874],[122.49979559025535,14.157278610106857],[122.49989359025535,14.157272110106922],[122.49996289025542,14.157317910106984],[122.50003889025564,14.157624310107241],[122.50029359025594,14.157984110107655],[122.50065689025625,14.158392010108157],[122.50084779025637,14.158490310108338],[122.5010167902564,14.15849031010844],[122.50149829025654,14.158406810108673],[122.50158959025651,14.158265910108632],[122.50176699025648,14.158129910108643],[122.50193599025657,14.158146310108755],[122.50206439025663,14.158226510108888],[122.5021369902567,14.158324810109002],[122.50212679025692,14.158700610109253],[122.50217579025694,14.15878091010934],[122.50241569025718,14.158941510109594],[122.50246809025725,14.159072510109723],[122.50242579025726,14.159165910109762],[122.50221799025731,14.159354310109771],[122.50220279025737,14.15949361010986],[122.50224169025748,14.15962631010997],[122.50238869025756,14.159680410110095],[122.50258799025757,14.159650210110199],[122.5027417902576,14.15958141011024],[122.50312359025781,14.159709210110561],[122.50325059025789,14.159791910110702],[122.50329499025806,14.160089010110921],[122.50330519025826,14.16043141011118],[122.50343549025877,14.161292610111857],[122.50352339025892,14.161497410112046],[122.50364329025896,14.16157931011218],[122.50381949025912,14.161615410112317],[122.50398009025916,14.16161211011241],[122.50421659025919,14.161528510112493],[122.50457649025934,14.16160721011276],[122.50473199025936,14.161558010112815],[122.5047589902593,14.161456510112767],[122.50462549025923,14.161364710112625],[122.50449709025919,14.161363110112537],[122.50438389025913,14.16131231011244],[122.50437539025893,14.160992810112209],[122.50432829025883,14.160798710112052],[122.50428779025873,14.160674210111932],[122.50401599025838,14.160164610111412],[122.5040427902583,14.160019010111325],[122.50415549025828,14.15994621011134],[122.50431639025834,14.15995141011145],[122.50478649025862,14.160100410111829],[122.50487779025866,14.160175810111937],[122.50505689025889,14.160460910112237],[122.50520729025897,14.16052151011238],[122.50613439025932,14.16058911011299],[122.5064669902595,14.160651510113228],[122.50731459025994,14.160916810113921],[122.50743259026018,14.161296510114257],[122.50755059026024,14.161338110114357],[122.50773299026021,14.161187310114355],[122.50786179026024,14.161135210114404],[122.5080792902603,14.161088510114496],[122.5084695902604,14.161072110114715],[122.50893429026053,14.16098371011493],[122.50900529026055,14.161039410115013],[122.50902549026064,14.161100010115081],[122.50901879026064,14.161198310115138],[122.5089185902607,14.161354910115183],[122.50889719026084,14.161583810115332],[122.50912779026099,14.161745110115584],[122.50956769026124,14.16188551011595],[122.50964279026135,14.162051910116114],[122.50956239026142,14.162239210116187],[122.50942289026142,14.162384810116208],[122.50922439026154,14.162702110116314],[122.50922439026164,14.162894610116448],[122.50929949026178,14.163061010116609],[122.50949799026186,14.163180610116813],[122.50983059026207,14.163258610117067],[122.51025969026219,14.163227410117303],[122.51053869026222,14.163123410117395],[122.51079079026222,14.162983010117458],[122.51266839026273,14.162743710118413],[122.51290439026278,14.162629310118469],[122.51310289026284,14.162613710118576],[122.5132315902629,14.162660510118684],[122.51326379026297,14.162774910118786],[122.51320479026305,14.162925810118862],[122.51307069026308,14.163097410118896],[122.51298489026317,14.163284710118976],[122.51292579026324,14.16344591011905],[122.51292049026335,14.16359671011916],[122.5130223902634,14.163752810119327],[122.51323699026358,14.16388801011955],[122.51350519026369,14.163903610119721],[122.51362349026368,14.163851310119755],[122.51369109026369,14.163776010119749],[122.51369449026362,14.163654710119667],[122.51362439026349,14.163482910119496],[122.51373929026349,14.163389510119504],[122.51391839026358,14.16346161011967],[122.51400629026368,14.163553310119784],[122.51406029026381,14.163800710119984],[122.51412459026386,14.16388591012008],[122.51426139026397,14.1639449101202],[122.51441349026399,14.1639515101203],[122.51455539026404,14.16387281012033],[122.51465169026399,14.1637532101203],[122.51482789026399,14.16366001012034],[122.51494589026404,14.163670410120423],[122.51505859026415,14.163790110120582],[122.51517119026434,14.164107410120867],[122.51535899026449,14.164211410121045],[122.51567549026463,14.164320610121317],[122.51587249026474,14.164348410121455],[122.51608539026478,14.16432161012156],[122.51632599026482,14.164208010121634],[122.51645579026473,14.16397481012154],[122.51666229026476,14.163960310121649],[122.51694759026498,14.16412141012193],[122.51718179026508,14.164131710122087],[122.51733079026508,14.16407591012214],[122.51769059026506,14.16379111012215],[122.51772889026498,14.163617710122061],[122.51771399026487,14.163450510121923],[122.51777569026481,14.163310110121861],[122.51769909026467,14.16309341012167],[122.5177096902646,14.162944810121578],[122.51774379026457,14.162876710121546],[122.51784389026461,14.162837410121574],[122.51794179026463,14.162837410121641],[122.51828239026501,14.163303910122165],[122.51867009026529,14.163601010122605],[122.5188956902654,14.163654710122783],[122.51901489026548,14.163720710122897],[122.51906819026556,14.163830110123],[122.51906819026566,14.164018010123142],[122.51899149026568,14.164115010123162],[122.51894469026577,14.164253310123229],[122.51897449026582,14.16438751012334],[122.5190574902659,14.164447310123435],[122.51921289026596,14.164463810123532],[122.51927889026597,14.164432910123557],[122.51932359026591,14.164354410123533],[122.51942789026589,14.164282210123535],[122.51970469026597,14.164193410123643],[122.51987289026604,14.164222310123762],[122.52000489026616,14.164340010123928],[122.52003889026622,14.164434910124008],[122.5200090902663,14.164624810124126],[122.51973879026659,14.165289510124438],[122.51973879026664,14.165386510124494],[122.5197961902667,14.165434010124567],[122.51993889026674,14.165438110124658],[122.52005809026674,14.1653968101247],[122.52034339026675,14.16520071012473],[122.52043279026674,14.165180110124766],[122.52051789026685,14.165258510124877],[122.5207602902672,14.165788510125386],[122.52087529026728,14.165866910125509],[122.52102009026733,14.165856610125594],[122.52119039026738,14.165823610125678],[122.52131389026736,14.1657452101257],[122.52138839026735,14.165641910125668],[122.52143729026731,14.1655160101256],[122.52142459026707,14.165123810125325],[122.52145649026706,14.16502931012528],[122.5215799902671,14.165018910125346],[122.52201419026731,14.16517581012571],[122.52217179026744,14.165293510125895],[122.52236339026764,14.16556181012619],[122.52224839026775,14.16585081012632],[122.52222289026784,14.165993210126414],[122.522212590268,14.166329010126642],[122.52225519026806,14.16644661012675],[122.52239139026818,14.16651681012689],[122.52258519026827,14.16655191012702],[122.52281289026834,14.166547810127156],[122.52323659026844,14.166477610127366],[122.52352609026845,14.166324910127427],[122.52370919026839,14.166124610127405],[122.52383049026814,14.165588010127095],[122.52405619026818,14.165445510127126],[122.52422009026819,14.165424910127216],[122.52430099026826,14.165464110127283],[122.52432229026826,14.165511610127332],[122.52423929026834,14.16567051012739],[122.5242647902684,14.165744810127462],[122.52433509026842,14.165804710127547],[122.5244372902685,14.165831510127626],[122.5250503902687,14.165843910128007],[122.52515469026876,14.165885210128089],[122.52523129026883,14.165957410128188],[122.52524199026892,14.166114310128304],[122.52519519026897,14.16626091012838],[122.52507589026904,14.166403310128409],[122.52506959026907,14.166523010128486],[122.52516109026924,14.166698510128668],[122.5257273902696,14.167043210129249],[122.52582319026968,14.167171110129399],[122.52609599027006,14.167697310129924],[122.52619819027016,14.167817010130072],[122.52634299027031,14.167916110130228],[122.52659629027043,14.168029610130459],[122.52672829027053,14.168136910130626],[122.52680069027062,14.168225710130718],[122.52684539027068,14.168343310130822],[122.52681769027079,14.168556010130965],[122.52672829027078,14.168603410130945],[122.52627909027069,14.168723110130754],[122.52610669027072,14.168871810130751],[122.52602999027077,14.168995610130798],[122.52607689027086,14.16917311013095],[122.52619609027097,14.169243310131074],[122.52625569027101,14.169327910131159],[122.52634299027122,14.16962311013143],[122.52640259027123,14.169662310131494],[122.5265558902713,14.169680910131598],[122.52671129027135,14.16966231013167],[122.52685599027137,14.16960861013173],[122.52691349027135,14.169486910131674],[122.52693269027125,14.169319710131568],[122.52698799027121,14.169191710131516],[122.5270582902712,14.169129810131512],[122.52717319027121,14.169100910131556],[122.52808859027147,14.169053410132074],[122.52848249027157,14.16893991013223],[122.52861229027158,14.168834610132233],[122.52865709027141,14.168494010132024],[122.52886699027107,14.167763210131637],[122.52881369027098,14.167589810131487],[122.52868809027079,14.167404110131285],[122.5284581902706,14.167172910130974],[122.52843479027051,14.166991210130838],[122.52846249027046,14.16689631013079],[122.52853909027044,14.166795210130761],[122.52873069027042,14.166646510130775],[122.52883719027044,14.16664031013084],[122.52890529027049,14.166681610130905],[122.52895639027055,14.166793110131009],[122.52925869027092,14.167214210131483],[122.52951629027132,14.167816910132062],[122.52963119027139,14.167909810132196],[122.52982709027154,14.167969610132356],[122.53015919027158,14.167864410132479],[122.53063179027154,14.167523810132518],[122.53083399027157,14.167441210132589],[122.53110439027162,14.167354510132686],[122.53127899027169,14.167348310132788],[122.53139409027173,14.167381810132882]]}},{"type":"Feature","properties":{"river_name":null,"name":null,"type":"River"},"geometry":{"type":"LineString","coordinates":[[122.55721079033056,14.258803310212077],[122.55742689033062,14.258782710212193],[122.55796089033082,14.258848210212571],[122.5581027903309,14.258959610212735],[122.55817039033106,14.259162610212906],[122.55814339033132,14.259640810213225],[122.55806219033144,14.25987011021334],[122.55792709033145,14.259955210213313],[122.55772429033138,14.2599814102132],[122.55750799033125,14.259883210213006],[122.55733229033117,14.25984391021287],[122.55690459033103,14.259875710212643]]}},{"type":"Feature","properties":{"river_name":null,"name":null,"type":"River"},"geometry":{"type":"LineString","coordinates":[[122.56677109031133,14.217651010189245],[122.56656979031128,14.217651010189117],[122.56621609031124,14.21781861018903],[122.56583669031116,14.21786871018883],[122.56568949031112,14.217931210188798],[122.56558369031117,14.218041410188807],[122.56540819031129,14.218424210188957],[122.56534359031133,14.218491810188974],[122.56512679031125,14.218524310188862],[122.56485319031128,14.218707010188831],[122.56466209031134,14.218932210188864],[122.56449689031143,14.219189910188947],[122.56439369031135,14.219230010188918],[122.56429559031133,14.219177410188822],[122.56423359031123,14.219072310188713],[122.56405809031119,14.21908231018861],[122.56389799031119,14.219197410188594],[122.56377409031124,14.219382610188642],[122.56371989031146,14.21982551018893],[122.56347209031162,14.220230910189063],[122.56334559031161,14.220323510189045],[122.56306419031161,14.220451110188968],[122.56265639031146,14.220476110188741],[122.56238789031143,14.220556210188631],[122.56228209031137,14.220516210188539],[122.56224339031131,14.220451110188469],[122.56216589031129,14.220443610188422],[122.56207039031126,14.220476110188393],[122.56185899031135,14.220760410188461],[122.56179999031144,14.220952810188553],[122.56179999031157,14.221207610188731],[122.56196629031179,14.221478010189022],[122.56205209031197,14.221727610189243],[122.56207889031229,14.22232561018968],[122.56213259031244,14.222611610189912],[122.56229349031263,14.222783210190132],[122.56234179031276,14.223017210190319],[122.56225599031279,14.22315761019036],[122.56208429031282,14.22327721019035],[122.56198769031286,14.22340721019038],[122.56186439031286,14.22351121019037],[122.56141909031267,14.22349041019009],[122.56132249031275,14.223646410190145],[122.5612742903128,14.22379201019022],[122.56105429031277,14.223896010190153],[122.56062089031266,14.223950210189939],[122.56051359031271,14.224095810189977],[122.56049219031291,14.224470210190226],[122.56037409031298,14.224641810190263],[122.5600951903129,14.22474581019017],[122.55987529031283,14.224766610190045],[122.5596123903128,14.224751010189886],[122.5590276903127,14.224995410189702],[122.55881309031271,14.225193010189715],[122.55864139031281,14.225494610189825],[122.55850729031282,14.225562210189787],[122.55819619031269,14.225546610189582],[122.55784439031248,14.225401610189268],[122.55769909031233,14.22524931018908],[122.55749629031223,14.225133010188886],[122.55731549031215,14.225123210188764],[122.55713469031217,14.225177210188692],[122.55674779031214,14.225436010188643],[122.55657039031219,14.225612910188659],[122.55648419031215,14.225624410188608],[122.55630489031178,14.22505561018811],[122.5561438903117,14.225019210187995],[122.55594009031168,14.225055610187887],[122.5558059903117,14.225180410187907],[122.55567179031165,14.225237610187852],[122.5554196903116,14.225279210187738],[122.5552426903115,14.225248010187604],[122.55515149031153,14.225336410187609],[122.55509249031171,14.225669210187814],[122.55498519031173,14.225794010187826],[122.55481889031174,14.225877210187786],[122.55469019031167,14.22584081018769],[122.55469019031158,14.225684810187582],[122.5546311903115,14.225586010187472],[122.55450779031142,14.225549610187377],[122.55437369031142,14.225606810187337],[122.55423959031144,14.225710810187316],[122.55421269031146,14.225830410187386],[122.55447559031175,14.226152810187774],[122.55443269031181,14.22625681018782],[122.55428779031178,14.226324410187782],[122.55409469031173,14.22634001018768],[122.5539498903116,14.226251610187523],[122.5538318903115,14.226100810187354],[122.55372089031141,14.22605531018726]]}},{"type":"Feature","properties":{"river_name":null,"name":null,"type":"River"},"geometry":{"type":"LineString","coordinates":[[122.55372089031141,14.22605531018726],[122.55361659031139,14.226012410187163]]}},{"type":"Feature","properties":{"river_name":null,"name":null,"type":"River"},"geometry":{"type":"LineString","coordinates":[[122.5573075903024,14.207214510176282],[122.55724319030249,14.207433010176393],[122.55722709030258,14.207609810176516],[122.55724849030278,14.20794261017675],[122.55713589030289,14.208223410176883],[122.55697499030293,14.2083846101769],[122.55650829030283,14.20851981017671],[122.55645999030286,14.208592610176733],[122.55650289030302,14.208878710176961],[122.55639559030301,14.208972310176962],[122.55623469030301,14.209019110176902],[122.55591279030291,14.209034710176716],[122.5558430903029,14.209091910176703],[122.55582159030301,14.209258310176818],[122.55588059030309,14.209450710176984],[122.55597179030322,14.209617110177152],[122.55602549030341,14.209897910177375],[122.55605759030374,14.210475110177805],[122.5559663903038,14.21064671017787],[122.555574790304,14.211203210178022],[122.55550509030407,14.211468410178163],[122.55548899030433,14.211962410178497],[122.55540849030446,14.212201610178615],[122.55530659030477,14.212841210179004],[122.55523689030484,14.21298691017907],[122.55505449030478,14.213033710178987],[122.55475949030476,14.21322091017894],[122.55475949030489,14.213402910179067],[122.55491499030522,14.213959310179556],[122.55495789030557,14.214505310179952],[122.55510279030577,14.214801710180247],[122.5553977903059,14.214936910180525],[122.55564989030604,14.214968110180694],[122.55575719030615,14.215108510180855],[122.55575719030628,14.215332110181006],[122.55559089030632,14.215477710181014],[122.55495259030621,14.215743010180814],[122.55458239030615,14.215841810180661],[122.55432489030606,14.215852210180513],[122.55415859030606,14.21594061018048],[122.55372409030633,14.216725810180753],[122.55345049030664,14.217438210181095],[122.55347739030675,14.217609810181232],[122.55367049030687,14.217734610181434],[122.55399229030704,14.217812610181685],[122.55418009030711,14.217906210181862],[122.55422839030724,14.218067410181993],[122.55418469030732,14.218244910182086],[122.55404609030735,14.218372710182102],[122.55390919030734,14.218384110182035],[122.55378759030731,14.218480810182026],[122.55364899030734,14.218656010182055],[122.55330939030756,14.219227710182256],[122.55323159030758,14.219282810182246],[122.55321809030767,14.219512110182396],[122.55326539030781,14.219715210182567],[122.55338869030791,14.219829910182721],[122.55358979030805,14.21993801018292],[122.55359659030823,14.220224610183122],[122.55364049030833,14.220453910183313],[122.55356109030843,14.220660310183401],[122.55356449030852,14.220830610183521],[122.5538482903088,14.2211205101839],[122.55387369030886,14.22128601018402],[122.55383819030902,14.221549710184194],[122.5535137903092,14.222044810184345],[122.55332799030917,14.222166010184315],[122.55330769030923,14.222241310184353],[122.55334989030926,14.222311710184425],[122.55349359030936,14.222382210184561],[122.55350199030946,14.222575410184705],[122.55377409030969,14.222852310185056],[122.55377239030977,14.22298331018515],[122.5536641903098,14.223102910185165],[122.55355269030979,14.223147110185128],[122.55344459030982,14.223274810185151],[122.55339949030987,14.223430410185227],[122.55332509030994,14.22354831018527],[122.55304119030994,14.223759610185251],[122.55298379030998,14.22383491018526],[122.55292969031005,14.224000410185347],[122.55278439031011,14.224206710185406],[122.55249379031012,14.224436010185386],[122.55229399031009,14.224551010185346]]}},{"type":"Feature","properties":{"river_name":null,"name":"Labo River","type":"River"},"geometry":{"type":"LineString","coordinates":[[122.80075949035654,14.152287210283689],[122.80084909035637,14.151916310283479],[122.8006640903559,14.15119601028285],[122.80024249035526,14.150254510281943],[122.80008049035484,14.149606210281384],[122.8003599903544,14.148599410280843],[122.80139469035338,14.146061610279654],[122.80167499035292,14.145048610279096],[122.804128090354,14.145467810280866],[122.80573759035451,14.145445810281815],[122.80871429035543,14.145186010283409],[122.8094994903557,14.145169110283874],[122.80989109035582,14.145127510284086],[122.81035239035577,14.144786810284108],[122.8111463903558,14.144370710284297],[122.81161309035598,14.144336910284549],[122.81227559035622,14.144381110284977],[122.81276639035644,14.144477310285344],[122.81301039035647,14.144342610285396],[122.81359539035628,14.143653010285254],[122.81463099035565,14.141851410284595],[122.81504219035551,14.141337710284477],[122.81550499035552,14.141038910284546],[122.81653229035574,14.140758010284955],[122.81711699035588,14.140706010285271],[122.81936289035681,14.141007110286822],[122.82022139035723,14.14125681028752],[122.82076209035758,14.141535710288048],[122.82095519035781,14.141788010288332],[122.821223390358,14.141977810288633],[122.8217195903582,14.142003810288948],[122.82233689035829,14.141783210289162],[122.824803190359,14.14157341029049],[122.82577829035947,14.141774310291218],[122.82648299036005,14.142394710292079],[122.8268543903606,14.143131810292825],[122.82714309036103,14.143798110293472],[122.82768989036266,14.14641381029566],[122.82806039036328,14.147301910296505],[122.83099049036666,14.151648110301345],[122.83177549036768,14.153026310302794],[122.83524999037286,14.160302710310035],[122.83657759037418,14.161861810311933],[122.83813529037505,14.162494110313316],[122.84061099037673,14.164043110315895],[122.84256129037762,14.164380910317307],[122.84568889037838,14.163871710318812],[122.84860149037938,14.163871710320567],[122.85392299038226,14.165702510325058],[122.85766349038401,14.166518210327881],[122.8605160903862,14.168723010331151],[122.86287549038795,14.170453510333791],[122.86532699038987,14.172435210336662],[122.866415990391,14.173818710338296],[122.86679969039153,14.174510410339016],[122.86714549039212,14.175399810339849],[122.86732789039257,14.176060310340432],[122.86745259039303,14.176876110341077]]}},{"type":"Feature","properties":{"river_name":null,"name":null,"type":"River"},"geometry":{"type":"LineString","coordinates":[[122.47364259027863,14.216541610132532],[122.47357659027864,14.216640710132555],[122.47324029027854,14.216626310132353],[122.47311679027852,14.216661310132302],[122.47280389027866,14.217109210132426],[122.4726228902787,14.217290810132445],[122.47241429027866,14.217408410132402],[122.47227379027862,14.217402210132299],[122.47220989027858,14.217334110132223],[122.47215239027831,14.216937910131914],[122.47201389027805,14.21652681013155],[122.47167599027796,14.216553010131364],[122.47155429027801,14.216729910131408],[122.47089869027805,14.21720821013135],[122.47079059027809,14.217358910131384],[122.47059459027841,14.21800101013171],[122.47065539027852,14.218210610131909],[122.47093929027871,14.218374410132187],[122.47108799027889,14.218656110132464],[122.47106769027897,14.218819910132565],[122.47084459027921,14.219409610132843],[122.47050099027955,14.220186410133174],[122.47049039027958,14.220248410133207],[122.47054139027962,14.220328810133307],[122.47062229027966,14.220345310133357],[122.47066919027972,14.220436110133445],[122.47062869027981,14.220601210133541],[122.47050099027983,14.220727110133549],[122.46996029027981,14.221026310133434],[122.46963449027973,14.221082110133274],[122.46947489027961,14.2209603101331],[122.46898309027942,14.220888110132758],[122.46876809027926,14.220778710132551],[122.46861689027912,14.220626010132355],[122.46821029027886,14.220376310131936],[122.46795699027878,14.220415510131815],[122.4678270902788,14.22055581013183],[122.46770999027888,14.22077051013191],[122.46755249027892,14.220929410131921],[122.46730129027893,14.221115110131898],[122.46708839027897,14.221352410131946],[122.46698809027906,14.221581710132032],[122.46692849027917,14.22183341013217],[122.46700929027945,14.222205210132481]]}},{"type":"Feature","properties":{"river_name":null,"name":null,"type":"River"},"geometry":{"type":"LineString","coordinates":[[122.53892509024283,14.109417910096598],[122.53923359024292,14.10943351009679],[122.53945079024311,14.109594810097038],[122.53980489024354,14.110174810097655],[122.53986389024372,14.110505210097926],[122.53982899024403,14.11110871009834],[122.53995239024421,14.111309010098545],[122.53999799024433,14.111478110098698],[122.54016429024455,14.111837110099055],[122.54033859024477,14.112115410099355],[122.5405075902449,14.112310510099588],[122.54068459024504,14.112409310099764],[122.54090189024521,14.112588810100021],[122.54136859024548,14.112750110100412],[122.54163949024552,14.112687710100532],[122.54207669024545,14.112307910100535],[122.54218939024545,14.112157010100495],[122.54220809024523,14.111790210100244],[122.54226979024523,14.111709610100217],[122.54251929024525,14.11163941010032],[122.54288409024528,14.11143911010039],[122.54303959024534,14.111457310100501],[122.54313619024548,14.111621210100672],[122.54333999024561,14.11174081010088],[122.54343929024566,14.111730410100941],[122.5436055902456,14.111561310100916],[122.54375039024552,14.111348010100844],[122.5439166902453,14.110796510100554],[122.5441500902453,14.1106509101006],[122.54425739024538,14.110723710100709],[122.54431369024545,14.11086941010086],[122.54415809024553,14.111103510100923],[122.54415809024573,14.111433910101146],[122.54424129024588,14.111688810101384],[122.54446659024613,14.112013910101755],[122.54459259024624,14.1121232101019],[122.54476969024631,14.112154410102027],[122.54488769024638,14.112222010102139],[122.54494939024649,14.11236251010228],[122.54494399024652,14.112482210102364],[122.54480449024652,14.112549810102331],[122.54463289024645,14.112547210102221],[122.54436729024626,14.112320910101909],[122.54378529024586,14.111987910101329],[122.5435545902458,14.112011310101204],[122.54334539024582,14.112170010101195],[122.54320859024594,14.112453610101305],[122.54319789024606,14.112734510101502],[122.54320859024624,14.112992010101689],[122.54338559024643,14.11322611010196],[122.54361899024656,14.113288610102138],[122.54380139024656,14.113171510102172],[122.54396499024645,14.112950410102107],[122.54412589024642,14.112799510102109],[122.54431639024645,14.112705910102147],[122.5445523902466,14.11279951010235],[122.54470799024689,14.11324171010276],[122.54496279024701,14.113361410103],[122.54498419024738,14.113938910103421],[122.54489039024745,14.114227610103562],[122.54489039024753,14.114329110103641],[122.5450941902476,14.114342110103767],[122.54510219024763,14.114407110103821],[122.54505399024765,14.114461710103837],[122.54464359024759,14.114565810103652],[122.54422249024753,14.114758310103541],[122.54383089024752,14.11500021010348],[122.54359219024762,14.115278510103533],[122.54351709024765,14.115465810103617],[122.54352509024781,14.11568171010378],[122.54367529024796,14.115892410104019],[122.54386569024815,14.116035510104236],[122.54387109024816,14.11615251010431],[122.5438174902483,14.116389210104456],[122.54372899024834,14.11655571010452],[122.54375579024848,14.116753410104668],[122.54392209024861,14.116901710104875],[122.54427609024874,14.116969310105125],[122.54437269024884,14.117026510105227],[122.54431599024909,14.117521710105548]]}},{"type":"Feature","properties":{"river_name":null,"name":"Tabogon River","type":"River"},"geometry":{"type":"LineString","coordinates":[[122.30275289014673,14.082060609936113],[122.3021949901469,14.082703009936232],[122.30166319014734,14.083847809936724],[122.30157909014828,14.085604209937912],[122.3023233901501,14.088505909940396],[122.3033286901512,14.089943409942006],[122.30626499015301,14.09144130994481],[122.30756819015491,14.094118809947467],[122.30881989015836,14.099669309952123],[122.3093640901609,14.104009009955499]]}},{"type":"Feature","properties":{"river_name":null,"name":null,"type":"River"},"geometry":{"type":"LineString","coordinates":[[122.75569009035452,14.177183510274267],[122.75496469035399,14.176672010273467],[122.75443419035368,14.176430810272981],[122.75399139035335,14.176077910272463],[122.75383389035316,14.175883910272237],[122.75376149035307,14.175745610272093],[122.75378909035301,14.175611410272019],[122.75408929035287,14.175182110271896],[122.7543468903529,14.175014910271933],[122.75435329035282,14.174897310271849],[122.75408949035248,14.17445041027138],[122.75372179035217,14.17414901027095],[122.7535769903521,14.17408711027082],[122.75350039035207,14.17408911027078],[122.75318959035205,14.17423571027069],[122.753074590352,14.174215110270598],[122.75298399035182,14.17398111027039],[122.75310959035171,14.173646710270233],[122.75306269035153,14.173386710270009],[122.75282709035115,14.172817410269472]]}},{"type":"Feature","properties":{"river_name":null,"name":null,"type":"River"},"geometry":{"type":"LineString","coordinates":[[122.71815439025343,14.01493761013622],[122.71818139025359,14.015199910136415],[122.71814089025376,14.01552781013663],[122.71801919025387,14.01580971013676],[122.71774879025389,14.016065510136793],[122.7173838902539,14.016295010136727],[122.71683639025402,14.016832710136793],[122.71662009025395,14.016904810136726],[122.71654919025396,14.016902210136681]]}},{"type":"Feature","properties":{"river_name":null,"name":null,"type":"River"},"geometry":{"type":"LineString","coordinates":[[122.65405639036427,14.259353010270734],[122.65386369036419,14.259248710270546],[122.65356349036405,14.259195110270323],[122.65343999036403,14.2592652102703],[122.65338889036406,14.25935391027033],[122.65327399036424,14.259791410270564],[122.65283419036443,14.260366210270695],[122.6524083903645,14.260746110270718],[122.6521041903646,14.261126110270792],[122.65188789036479,14.26159771027098],[122.65185419036506,14.262115210271329],[122.65188469036532,14.262584110271673],[122.65180839036546,14.26292821027186],[122.6514602903654,14.263047310271737],[122.65113259036525,14.262987810271497],[122.6507229903652,14.26308701027132],[122.65004719036521,14.26358321027126],[122.64955559036491,14.263285510270752],[122.64912559036478,14.263345110270535],[122.64912559036505,14.263801610270853],[122.64941229036538,14.264277910271357],[122.64937129036568,14.26481391027171],[122.64918699036579,14.265191010271861],[122.649237290366,14.2655085102721],[122.64953839036627,14.26581191027249],[122.64959809036647,14.266105010272735],[122.64957029036684,14.266807710273214],[122.64976529036728,14.26751801027382],[122.64962039036757,14.268119610274148],[122.64939179036783,14.26880341027449],[122.64937129036807,14.269220210274762],[122.64957609036847,14.269795810275284],[122.6501699903689,14.270153010275898],[122.65109159036926,14.27025231027651],[122.65219759036974,14.270450710277313],[122.65371309037056,14.271006510278616],[122.65395879037072,14.271165310278866],[122.65416359037097,14.27148281027922],[122.65364609037147,14.27266971027973],[122.65353109037193,14.273627210280319],[122.6533836903723,14.27434081028073],[122.65305109037239,14.274786910280833],[122.65269709037231,14.274823710280653],[122.65200169037206,14.274812410280223],[122.65156669037201,14.275003310280091],[122.65163989037246,14.27579831028069],[122.65187139037283,14.27627821028116],[122.65213729037302,14.276486310281461],[122.65236499037317,14.27655891028165],[122.65318039037341,14.276548510282138],[122.65352369037358,14.276673310282431],[122.65370609037376,14.276902010282694],[122.65383479037402,14.277224310282993],[122.65399569037437,14.277817010283503],[122.65407729037476,14.278413710283964],[122.65406009037488,14.278680010284136],[122.654009890375,14.278865510284241],[122.65372749037505,14.279210210284305],[122.65321249037515,14.279698910284337],[122.65254729037518,14.280166810284257],[122.65216109037513,14.280322810284142],[122.65172119037501,14.28039551028391],[122.65133499037485,14.280322810283641],[122.65104529037465,14.28016681028336],[122.65057319037425,14.279719710282764],[122.65011189037388,14.279376610282247],[122.64972569037367,14.279251810281933],[122.64921069037352,14.279231010281606],[122.64868499037334,14.27931421028135],[122.64785879037332,14.279771710281164],[122.64748329037324,14.279854910281001],[122.64686109037305,14.279875710280633],[122.64635679037288,14.279823710280294],[122.64585259037267,14.279823710279986],[122.64555209037263,14.279927710279885],[122.64523029037264,14.280156410279837],[122.64481189037274,14.280645110279929],[122.6445543903729,14.28106101028007],[122.64420029037319,14.281851210280406],[122.6439856903735,14.282537410280751],[122.64344929037398,14.283753810281265],[122.64289789037439,14.284831310281678]]}},{"type":"Feature","properties":{"river_name":null,"name":null,"type":"River"},"geometry":{"type":"LineString","coordinates":[[122.65414249036438,14.259417910270832],[122.65405639036427,14.259353010270734]]}},{"type":"Feature","properties":{"river_name":null,"name":null,"type":"River"},"geometry":{"type":"LineString","coordinates":[[122.67678789034152,14.203320410245299],[122.6767504903415,14.203369810245306],[122.67668879034152,14.203388410245278],[122.67650359034145,14.203396610245177],[122.67630979034134,14.203347110245025],[122.6756292903409,14.202973710244358],[122.67522759034073,14.202880010244051],[122.67464839034054,14.202899810243716],[122.67453309034049,14.202881610243633],[122.67449019034042,14.202795810243549],[122.67450359034031,14.202632010243441],[122.67456529034028,14.20247081024337],[122.67468329034024,14.20230951024331],[122.67481739034025,14.202208110243337],[122.67499979034025,14.202163910243415],[122.67537259034042,14.202140510243623],[122.67540749034038,14.202088510243602],[122.67536459034031,14.201974110243501],[122.6752438903402,14.201906510243369],[122.67508289034015,14.201898710243277],[122.67481739034,14.201833710243065],[122.67438559033977,14.201669910242694],[122.67376759033951,14.201550610242242],[122.67370319033942,14.201412810242104],[122.67374079033938,14.201311410242058],[122.67381849033933,14.201228210242041],[122.67442199033934,14.200838110242133],[122.67455879033933,14.20071851024213],[122.6746848903393,14.2005547102421],[122.67482169033927,14.20048451024212],[122.67497729033934,14.20046371024221],[122.67503629033939,14.200536510242307],[122.67499339033958,14.200892710242517],[122.67513819033975,14.201113810242763],[122.67514359033997,14.20151941024304],[122.67525349034003,14.201566210243145],[122.67542519034006,14.20153761024323],[122.6757148903401,14.201418010243321],[122.67692569034017,14.200791310243606],[122.67696589034017,14.20070551024357],[122.67694439034007,14.200575510243468],[122.67683449033996,14.200414210243288],[122.67667619033982,14.200297210243113],[122.67644819033968,14.200208810242916],[122.67634089033953,14.200019010242713],[122.67629799033944,14.199785010242525],[122.67619539033929,14.199657210242375],[122.67615789033924,14.199555810242275],[122.67621419033925,14.199483010242254],[122.67637779033927,14.199438810242327],[122.67653609033923,14.199316610242334],[122.6765440903392,14.199230710242286],[122.67648779033904,14.198981110242075],[122.67654679033902,14.198910910242061],[122.67695989033909,14.19881731024224],[122.67702689033908,14.19874711024223],[122.677069790339,14.198557310242125],[122.67704569033893,14.198398710242],[122.67674529033872,14.198227010241693],[122.67672379033863,14.198076210241583],[122.67673719033857,14.197977410241522],[122.67678549033855,14.197907210241492],[122.67678549033849,14.197766810241397],[122.6766808903384,14.19773301024132],[122.6763241903383,14.197756410241114],[122.67591379033817,14.197725210240847],[122.6758493903381,14.19762381024075],[122.675889690338,14.197486010240668],[122.675980890338,14.19741581024067],[122.67599159033794,14.19728831024058],[122.6758601903379,14.197251910240489],[122.67559999033784,14.197319510240382],[122.67539879033777,14.197324710240256],[122.67532639033766,14.197223310240144],[122.67531569033761,14.19707511024003],[122.67540419033752,14.196926910239977],[122.67569649033757,14.196796910240069],[122.67579579033757,14.196692910240055],[122.6758386903375,14.196565510239989],[122.6758171903374,14.196425010239873],[122.67568579033733,14.196334010239744],[122.67555969033725,14.196357410239676],[122.67539079033727,14.196443210239634],[122.67514129033732,14.196630510239617],[122.67492669033727,14.196744910239575],[122.67467999033722,14.196778710239444],[122.67448149033714,14.196755310239304],[122.674266890337,14.196607110239082],[122.67425459033693,14.196549110239028]]}},{"type":"Feature","properties":{"river_name":null,"name":null,"type":"River"},"geometry":{"type":"LineString","coordinates":[[122.67425459033693,14.196549110239028],[122.67423179033686,14.196442410238943]]}},{"type":"Feature","properties":{"river_name":null,"name":null,"type":"River"},"geometry":{"type":"LineString","coordinates":[[122.67726599034161,14.203144510245457],[122.67727629034145,14.2029075102453],[122.67719329034136,14.20281471024518],[122.67695279034129,14.202831210245057],[122.6768228903413,14.202878610245005],[122.67678669034137,14.203021010245081],[122.67679129034147,14.20325731024525]]}},{"type":"Feature","properties":{"river_name":null,"name":null,"type":"River"},"geometry":{"type":"LineString","coordinates":[[122.67679129034147,14.20325731024525],[122.67678789034152,14.203320410245299]]}},{"type":"Feature","properties":{"river_name":null,"name":null,"type":"River"},"geometry":{"type":"LineString","coordinates":[[122.67758929034179,14.20329141024576],[122.67738489034171,14.203281110245626],[122.67728019034163,14.203207110245502]]}},{"type":"Feature","properties":{"river_name":null,"name":null,"type":"River"},"geometry":{"type":"LineString","coordinates":[[122.67728019034163,14.203207110245502],[122.67726599034161,14.203144510245457]]}},{"type":"Feature","properties":{"river_name":null,"name":null,"type":"River"},"geometry":{"type":"LineString","coordinates":[[122.3653829902325,14.200357610056287],[122.36502099023224,14.20004391005586],[122.36474429023195,14.199738510055475],[122.3643872902316,14.19925951005493],[122.363914690231,14.198500010054115],[122.36337399023067,14.19818631005358],[122.36301199023048,14.198095510053294],[122.36275229023029,14.197905610053008],[122.36243299022999,14.197563010052576],[122.36180279022955,14.197129610051908],[122.36066179022919,14.197224510051276],[122.3594695902288,14.197216310050562],[122.35896719022868,14.197336010050348],[122.35860529022864,14.197554810050287],[122.35852439022875,14.197752910050365],[122.35836689022932,14.19891281005108],[122.35818559022962,14.19957311005143]]}},{"type":"Feature","properties":{"river_name":null,"name":null,"type":"River"},"geometry":{"type":"LineString","coordinates":[[122.38360469025314,14.226626610085424],[122.3839875902532,14.22649881008558],[122.3846369902534,14.226455410085933],[122.3849115902534,14.22634191008601],[122.38544809025362,14.226366710086367],[122.3866380902539,14.226123210086904],[122.38734059025407,14.226034510087262],[122.3876279902542,14.226036510087443],[122.38792179025425,14.225997310087585],[122.3881537902543,14.225885910087646],[122.38819429025428,14.225817810087625],[122.38820279025417,14.225665110087535],[122.38801759025394,14.225353510087201],[122.38775359025374,14.225107910086873],[122.38732999025353,14.225021210086556],[122.38677429025334,14.225027410086227],[122.38666789025328,14.224967610086127],[122.38659979025317,14.224862310086019],[122.38655289025309,14.22469931008587],[122.38649969025275,14.224140110085456],[122.38653209025259,14.223837610085269]]}},{"type":"Feature","properties":{"river_name":null,"name":null,"type":"River"},"geometry":{"type":"LineString","coordinates":[[122.39205509025702,14.228433810091762],[122.39191309025684,14.228191410091503],[122.39171039025665,14.22796861009123],[122.39128999025637,14.227727910090808],[122.39114949025623,14.227602010090639],[122.39081519025584,14.22703251009005],[122.39067049025573,14.226956110089905],[122.39049589025569,14.22696231008981],[122.39010209025567,14.22718721008972],[122.38988279025564,14.227253310089637],[122.38965709025553,14.227247110089495],[122.38954639025542,14.227112910089335],[122.38949959025533,14.22700151008923],[122.38953579025515,14.226673410089022],[122.38949529025508,14.226489710088877],[122.38940379025499,14.226401010088757],[122.38896949025471,14.226165810088336],[122.3888864902546,14.22600481008817],[122.38891839025453,14.225868610088098],[122.38905679025451,14.225707610088076],[122.3892270902545,14.225592110088089],[122.38932929025444,14.225408410088027],[122.38930099025433,14.225248810087901],[122.38878579025372,14.224476310087061],[122.38841349025304,14.223455510086128]]}},{"type":"Feature","properties":{"river_name":null,"name":null,"type":"River"},"geometry":{"type":"LineString","coordinates":[[122.37917099025445,14.231860410086389],[122.37901549025423,14.231519810086054],[122.37890739025393,14.231048110085665],[122.37884659025363,14.230589510085307],[122.37890059025321,14.229770510084787],[122.37888029025304,14.229449510084544],[122.37881279025287,14.229141610084287],[122.37852209025226,14.228289910083525],[122.37844779025195,14.227713410083089],[122.37827879025171,14.22734001008273],[122.3780895902511,14.22637041008195],[122.37802869025101,14.226252410081829],[122.37767049025089,14.22627211008162],[122.37744069025075,14.226206610081446],[122.37731909025067,14.22610171008129],[122.37729199025058,14.225931410081158],[122.37734609025048,14.225734910081048],[122.3775150902504,14.225525210081006],[122.37799489025039,14.225158310081051],[122.37819099025032,14.22488321008097],[122.3781233902502,14.224712810080819],[122.37760969024966,14.224044610080043],[122.37751509024947,14.223795610079819],[122.37728529024928,14.223638410079568],[122.37674459024909,14.223546710079182],[122.37664319024898,14.223448410079042],[122.37678509024883,14.223061810078862],[122.37675189024863,14.222709010078598]]}},{"type":"Feature","properties":{"river_name":null,"name":null,"type":"River"},"geometry":{"type":"LineString","coordinates":[[122.64645819034418,14.227411910243918],[122.64618459034418,14.2276043102439],[122.64612029034424,14.22774471024395],[122.6461523903444,14.22796311024413],[122.64612559034458,14.228311510244351],[122.64600759034458,14.228399910244335],[122.6457768903445,14.2283999102442],[122.64539069034424,14.228207510243832],[122.64524049034422,14.228249110243771],[122.64508489034425,14.22833751024375],[122.64465129034429,14.228720710243744],[122.64442599034422,14.228762310243644],[122.64428659034414,14.228705110243519],[122.6442811903441,14.228606310243446],[122.64415249034401,14.22852311024332],[122.64395929034391,14.228523110243204],[122.64376089034396,14.22860631024314],[122.64356769034396,14.228829910243173],[122.64325119034397,14.22902231024312],[122.64287039034386,14.229037910242903],[122.64244169034376,14.229152610242725],[122.64197709034356,14.22902811024236],[122.64185029034348,14.229019910242274],[122.64172939034347,14.229051210242227],[122.64155159034345,14.229160410242192],[122.6410955903435,14.229545210242192],[122.64055919034362,14.230091210242248],[122.64009249034353,14.230236810242063],[122.63981349034343,14.2302368102419],[122.63899809034308,14.2300808102413],[122.63882029034303,14.230096910241203],[122.63869159034303,14.230174910241182],[122.63855209034303,14.230315310241194],[122.6384715903431,14.230445310241235],[122.6384608903432,14.230674110241385],[122.63853059034346,14.231084910241725],[122.63843409034371,14.231625610242041],[122.63848239034388,14.23187521024224],[122.638557490344,14.232010410242387],[122.63855209034404,14.232140410242474],[122.63850379034406,14.23219241024248],[122.63840729034405,14.232218410242437],[122.63818199034392,14.232192410242282],[122.63803179034385,14.232114410242144],[122.63790299034382,14.232114410242058],[122.63782249034382,14.232166410242046],[122.63774739034386,14.232317210242114],[122.63774739034396,14.232514810242252],[122.63797269034426,14.232863210242627],[122.63798879034437,14.23304001024276],[122.63792979034436,14.23313361024279],[122.63784939034433,14.233185610242767],[122.63776889034433,14.233185610242728],[122.63742559034415,14.233050410242432],[122.63735049034415,14.233092010242405],[122.63734509034421,14.233170010242464],[122.63735579034426,14.23327921024255],[122.63753289034445,14.233492410242802],[122.63771529034454,14.233570310242962],[122.63819809034476,14.233648310243309],[122.6383696903449,14.23383031024353],[122.63845549034508,14.234038310243731],[122.63845019034518,14.234287910243905],[122.63835899034524,14.234454310243967],[122.63812299034525,14.234631110243946],[122.63792449034521,14.234615510243819],[122.6378063903451,14.23457911024372],[122.63776349034507,14.234485510243633],[122.63786929034498,14.234226810243515],[122.63784229034489,14.234110510243418],[122.63778819034484,14.234048310243343],[122.63760879034477,14.234090510243261],[122.63746929034495,14.234449310243425],[122.63746929034505,14.234594910243526],[122.63750149034512,14.234735310243641],[122.63761949034517,14.234813310243775],[122.63764629034524,14.23490691024385],[122.63760879034525,14.23497971024389],[122.63746929034525,14.235016110243826],[122.63744779034533,14.235192910243928],[122.6375228903454,14.235270910244036],[122.63775899034555,14.235380110244254],[122.63779119034561,14.235494510244347],[122.6377052903456,14.23555161024433],[122.63755509034557,14.235546410244249],[122.63717429034536,14.235437310243944],[122.63705089034531,14.235442510243871],[122.63698109034536,14.235551610243899],[122.63699189034556,14.235905210244153],[122.63735659034607,14.236622810244874],[122.63749079034619,14.236747610245038],[122.63775359034632,14.236820410245254],[122.6378018903464,14.23694521024537],[122.63778579034654,14.23716351024551],[122.63772139034666,14.237381910245631],[122.63749609034672,14.23766791024569],[122.63750149034675,14.23773031024573],[122.63758729034679,14.237777110245815],[122.63808699034699,14.237820410246144],[122.63816209034708,14.237914010246257],[122.63816209034714,14.238012810246321],[122.63810309034717,14.238132410246378],[122.63685849034698,14.238595110245953],[122.63642939034709,14.239057910246014],[122.6364186903472,14.239265910246154],[122.6364507903473,14.239411510246267],[122.63664929034744,14.239520610246467],[122.63709459034763,14.239619410246801],[122.63726089034779,14.239827410247045],[122.63731449034792,14.24003541024723],[122.63730379034817,14.240482610247536],[122.63735739034834,14.240758210247757],[122.63745399034848,14.240924510247927],[122.63759879034852,14.240914110248005],[122.63762559034848,14.24082571024796],[122.63768469034846,14.240778910247972],[122.63808699034864,14.240856910248265],[122.63873609034904,14.241106510248827],[122.63891849034914,14.241215710249008],[122.63926719034941,14.241496510249421],[122.63931539034955,14.241662910249564],[122.6392241903497,14.242011210249748],[122.63915449034975,14.24213601024979],[122.63902579034972,14.242193210249763],[122.63860199034956,14.242172410249493],[122.63852149034946,14.242084010249373],[122.63847319034937,14.24188131024921],[122.63838739034927,14.241813710249115],[122.63827469034923,14.241798110249029],[122.63818889034923,14.241850110249011],[122.63816749034946,14.242234810249268],[122.63838199035001,14.24318631025006],[122.63839809035015,14.243383910250211],[122.63788849035026,14.243872710250246],[122.6376309903502,14.24392991025013],[122.63747539035019,14.24403391025011],[122.63733599035028,14.244283410250189],[122.63725549035036,14.244481010250283],[122.6371964903506,14.244995810250606],[122.63728769035099,14.245624910251102],[122.63718039035105,14.245786110251146],[122.63704089035102,14.2458381102511],[122.63670829035092,14.245864110250917],[122.63655809035092,14.245957710250893],[122.63639179035087,14.246014910250832],[122.63621479035083,14.246035710250737],[122.63605389035075,14.245999310250617],[122.63588759035072,14.24602531025054],[122.6354637903507,14.246217610250417],[122.63501849035059,14.246321610250222],[122.63404649035022,14.246266410249595],[122.63377289035013,14.246297610249453],[122.63333309035005,14.246422410249275],[122.63288779035,14.246609610249129],[122.63259279034993,14.246656410248994],[122.63237279034982,14.246604410248818],[122.63184709034951,14.246386010248358],[122.63141799034929,14.246276810248016],[122.63102099034916,14.246230010247755],[122.63085469034914,14.24624041024766],[122.63080639034911,14.24628721024766],[122.63077959034915,14.246412010247735],[122.63078499034934,14.246687610247928],[122.63125169034977,14.247223110248587],[122.63134289035,14.247587110248885],[122.63130339035006,14.24774371024898],[122.6313236903501,14.247799410249026],[122.63144029035018,14.247881310249152],[122.63157549035023,14.247896010249248],[122.6317984903503,14.247825610249329],[122.63191679035033,14.247827310249413],[122.6324844903506,14.24798451024985],[122.63283659035072,14.247953710250043],[122.63305119035087,14.248065110250248],[122.63336539035122,14.248523610250757],[122.63346509035128,14.248618610250885],[122.63352759035139,14.24874801025101],[122.63340969035146,14.248951310251085],[122.6331511903517,14.249572010251358],[122.63315959035177,14.249644010251417],[122.63323909035181,14.249680110251488],[122.6334556903519,14.249687810251627],[122.63363479035199,14.249740210251765],[122.63411639035235,14.250123410252325],[122.63463169035265,14.250328110252783],[122.63475959035277,14.25047151025295],[122.63508569035297,14.250641810253263],[122.63529859035307,14.250718810253444],[122.63554859035327,14.250907110253724],[122.63572939035343,14.251087210253965],[122.6360883903537,14.251340210254348],[122.636387490354,14.251702110254788],[122.63649229035406,14.251772610254887],[122.63695189035431,14.251965810255308],[122.63709379035447,14.252150910255526],[122.63709209035463,14.252406310255694],[122.63715969035478,14.252638910255907],[122.63723569035486,14.252733910256023],[122.63735739035496,14.252815810256147],[122.63751619035503,14.252869810256277],[122.6376762903551,14.252886510256387],[122.63793139035526,14.25304531025665],[122.63876379035624,14.25425031025798],[122.6389276903563,14.25430761025813],[122.63901719035634,14.25430111025817],[122.63914059035636,14.254255210258211],[122.63948489035633,14.25398601025823],[122.63974169035644,14.254030210258424],[122.63979579035647,14.254081010258483],[122.63982109035653,14.254157910258558],[122.63976869035668,14.254416710258708],[122.6399139903568,14.25463121025894],[122.64028559035712,14.254954810259381],[122.64061009035731,14.255154610259721],[122.64113049035784,14.255701810260417],[122.6414026903582,14.256155810260896],[122.64171869035837,14.256368710261228],[122.6420767903586,14.25650261026154],[122.64241139035882,14.25668601026188],[122.64245529035891,14.256831810262003],[122.64243159035894,14.256933310262063],[122.6420662903591,14.257440110262186],[122.64201219035925,14.257775810262393],[122.6419547903593,14.257882210262416],[122.64181699035937,14.258041410262443],[122.64161589035936,14.258192010262437],[122.64133679035946,14.258555810262521],[122.64133469035963,14.25886951026275],[122.64139719035971,14.258971010262846],[122.64152389035976,14.259028410262964],[122.64180099035993,14.259085710263177],[122.64183819035993,14.259138110263223],[122.64184829036007,14.259313310263353],[122.64191089036012,14.259423010263465],[122.64239869036066,14.260069910264212],[122.64270789036094,14.260392510264625],[122.642726490361,14.26046791026469],[122.6426808903611,14.260667610264797],[122.64280799036125,14.260874410265016],[122.64289579036135,14.260961210265144],[122.64300909036139,14.26102511026524],[122.64318989036144,14.261044710265361],[122.64367309036162,14.261038210265642],[122.64392319036182,14.26114961026588],[122.64408539036187,14.26126421026606],[122.644164790362,14.26137061026618],[122.64420029036205,14.26146891026627],[122.64421889036218,14.261691610266432],[122.64430169036228,14.261834110266582],[122.64456529036252,14.262055210266897],[122.64469029036256,14.262110810267009],[122.64490829036265,14.262137010267157],[122.64513299036284,14.26235651026745],[122.6451751903629,14.262425310267519],[122.64520899036303,14.262670910267707],[122.64532729036321,14.262905110267942],[122.6454641903633,14.26296891026807],[122.64578349036339,14.26293621026824],[122.6458240903634,14.262962410268276],[122.64586119036345,14.26300821026834],[122.64587649036353,14.263101610268404],[122.6458527903636,14.263276810268517],[122.64563519036372,14.263612210268622],[122.64563689036385,14.263798910268752],[122.64569769036389,14.263892210268857],[122.64577199036391,14.263913510268916],[122.64617759036405,14.263887310269133],[122.64621639036403,14.263838210269125],[122.64623499036387,14.263515610268911],[122.6463008903639,14.263471310268915],[122.64659489036397,14.263476310269104],[122.64679429036411,14.263586010269298],[122.64685679036417,14.26370221026942],[122.64686189036426,14.263823410269511],[122.64674189036437,14.264139510269656],[122.64636979036445,14.26448871026967],[122.64635959036453,14.264619510269748],[122.64640059036458,14.264684010269827],[122.64653999036466,14.26477761026997],[122.64666879036474,14.264819210270074],[122.64680289036477,14.264798410270151],[122.64702819036478,14.264678810270198],[122.64712979036484,14.264670010270253],[122.64738479036491,14.264685110270413],[122.64759399036504,14.264799510270624],[122.64780319036528,14.26510111027096],[122.64789979036551,14.265465010271269],[122.64786219036574,14.265854910271512],[122.64769049036576,14.26607331027157],[122.64736819036582,14.26637421027158],[122.64733949036585,14.266469110271634],[122.64735809036591,14.266531410271682],[122.64748139036598,14.266578910271797],[122.64763179036603,14.266577210271878],[122.64780249036605,14.266501910271936],[122.64790719036601,14.266384010271915],[122.6480068903659,14.266174410271823],[122.64806739036582,14.265943010271705],[122.64813329036579,14.265848010271682],[122.6482565903658,14.265803810271716],[122.64839519036586,14.265818610271818],[122.64850499036595,14.265884110271923],[122.64858099036604,14.26601181027206],[122.64865929036627,14.266377710272367],[122.64873869036641,14.266597210272563],[122.64886879036655,14.266741310272742],[122.64901919036662,14.266801910272878],[122.64957029036684,14.266807710273214]]}},{"type":"Feature","properties":{"river_name":null,"name":null,"type":"River"},"geometry":{"type":"LineString","coordinates":[[122.35037879016961,14.09406430997303],[122.34991969016994,14.095001309973412],[122.34975879017004,14.095219809973473],[122.34947979017001,14.095349909973397],[122.3491525901699,14.09536030997321],[122.34887899016977,14.095297909973],[122.34866979016965,14.095204209972808],[122.34849809016957,14.09520420997271],[122.3483264901696,14.095334309972692],[122.34832649016975,14.095558009972851],[122.34858869017023,14.096347209973564],[122.3486637901707,14.097101709974142],[122.34862619017095,14.097684409974521],[122.3483847901711,14.098090209974664],[122.34769279017124,14.09874060997471],[122.3474942901713,14.099042309974802],[122.34748359017144,14.099229609974932],[122.34762839017155,14.09937530997512],[122.34798249017167,14.099406509975356],[122.34920559017203,14.099337009976038],[122.34987079017236,14.099456609976519],[122.3502408901726,14.099623109976854],[122.35042869017275,14.099831209977111],[122.3504554901729,14.100127809977328],[122.35029989017299,14.100413909977444],[122.35006929017311,14.10070530997752],[122.3496293901731,14.101001909977462],[122.34913049017307,14.101189209977296],[122.34832779017287,14.101377009976947],[122.34793689017286,14.101680809976914],[122.34779479017301,14.101969609977044],[122.34782699017319,14.10227650997728],[122.34791819017342,14.1026563099776],[122.34778399017355,14.102984109977744],[122.34706519017352,14.103384709977595],[122.3458635901734,14.103936209977267],[122.34414699017316,14.104581309976705],[122.34277369017293,14.105018409976175],[122.34231229017325,14.105913209976544],[122.34222649017431,14.107931809977913],[122.34219969017565,14.110397909979621],[122.34236599017673,14.112322809981066]]}},{"type":"Feature","properties":{"river_name":null,"name":null,"type":"River"},"geometry":{"type":"LineString","coordinates":[[122.54946769036037,14.318109410248326],[122.54989879036012,14.317425510248103],[122.55012339036017,14.317336510248175],[122.55081739036035,14.317207910248504],[122.55130739036044,14.317049710248698],[122.55137879036032,14.316792610248566],[122.55125629036006,14.31640681024822],[122.55147069036002,14.316218910248226],[122.55235869036005,14.315744210248434],[122.55252199036005,14.315566210248406],[122.55240969035987,14.315328810248182],[122.55215459035965,14.315131010247887],[122.5520728903595,14.314893710247679],[122.55209329035927,14.314458510247393],[122.55204229035911,14.314240910247207],[122.55184829035906,14.31420131024707],[122.551572790359,14.314290410246961],[122.55123589035888,14.31429041024677],[122.55036829035845,14.314072810246081],[122.55015399035833,14.31395411024588],[122.55011309035821,14.31376621024572],[122.5502559903581,14.313449710245589],[122.55076639035791,14.312767310245437],[122.5515624903578,14.312134310245467],[122.55170539035775,14.31191671024541],[122.55177689035757,14.311560710245201],[122.55150129035705,14.310729910244468],[122.55099099035647,14.309998010243662],[122.55010289035573,14.309246310242612],[122.54984779035554,14.309068310242335],[122.54989879035539,14.308751810242153],[122.55017439035537,14.30852431024216],[122.55036829035514,14.307970510241887],[122.55073579035407,14.305824210240647],[122.55053159035351,14.304894510239878],[122.55008429035287,14.304056910239028]]}},{"type":"Feature","properties":{"river_name":null,"name":null,"type":"River"},"geometry":{"type":"LineString","coordinates":[[122.5551349903574,14.309117710245564],[122.55422659035716,14.309246310245092],[122.5540632903568,14.308732010244645],[122.55377749035661,14.308544110244343],[122.55351209035648,14.308514410244154],[122.55336919035629,14.308188010243855],[122.55356309035612,14.307782510243694],[122.55354269035595,14.307466010243457],[122.55227699035497,14.30649681024203],[122.55212389035454,14.305814310241475],[122.55212719035416,14.305136910241009]]}},{"type":"Feature","properties":{"river_name":null,"name":null,"type":"River"},"geometry":{"type":"LineString","coordinates":[[122.55660889035349,14.301062010240898],[122.55565559035298,14.300770110240121],[122.55520649035279,14.300661310239775],[122.55446129035248,14.30059211023928],[122.55332839035223,14.300859110238786],[122.55252199035237,14.301561410238783],[122.55195039035252,14.30219441023887],[122.55149769035364,14.30456331024023]]}},{"type":"Feature","properties":{"river_name":null,"name":null,"type":"River"},"geometry":{"type":"LineString","coordinates":[[122.5497252903498,14.298663410235104],[122.54985799035008,14.29905901023545],[122.54998049035025,14.299306310235705],[122.54990899035036,14.299514010235795],[122.5497150903503,14.299603010235742],[122.54924549035013,14.299603010235456],[122.54840859034991,14.299692010235018],[122.54835749034996,14.299850310235092],[122.54855149035012,14.30002831023533],[122.54937819035052,14.300166810235924],[122.54951089035059,14.300245910236065],[122.54952109035068,14.300423910236193],[122.54948029035081,14.300631610236305],[122.54962319035097,14.30087891023657],[122.55013599035122,14.301035810236979],[122.55009269035135,14.301235010237091],[122.54995999035137,14.301422910237141],[122.54943949035133,14.301670210236997],[122.54938839035142,14.301808610237055],[122.54961299035193,14.302609810237763],[122.55008429035287,14.304056910239028]]}},{"type":"Feature","properties":{"river_name":null,"name":null,"type":"River"},"geometry":{"type":"LineString","coordinates":[[122.56289209036406,14.316399010255234],[122.56266119036405,14.316524910255188],[122.56264669036422,14.31677661025536],[122.5628054903645,14.317224210255754],[122.56271169036458,14.317462010255852],[122.56208379036455,14.317797710255707],[122.56193219036462,14.317979510255736],[122.56162909036479,14.31852501025593],[122.56135479036486,14.318769710255944],[122.56128259036495,14.319035510256082],[122.56141259036558,14.320035510256838],[122.56157859036564,14.320084410256976],[122.56194659036575,14.320049510257173],[122.56193939036598,14.320476110257456],[122.56212709036627,14.320881710257849],[122.56209819036636,14.321077510257965],[122.56189609036635,14.321189410257926],[122.56162909036631,14.321273310257826],[122.56139089036624,14.321294310257692],[122.56125379036644,14.32174881025792],[122.56108779036647,14.321930610257947],[122.56092179036635,14.32181881025777],[122.56069079036635,14.321916710257693],[122.56065469036646,14.32213341025782],[122.56087119036673,14.322532110258232],[122.56074849036695,14.323014610258483],[122.56060419036707,14.32330831025861],[122.56113109036758,14.323881710259311],[122.56106609036767,14.324140510259449],[122.56078459036775,14.324378210259452],[122.56058979036769,14.324385210259328],[122.56029379036748,14.324245410259062],[122.55965149036739,14.32448311025884],[122.55916789036718,14.324357310258446],[122.55904519036716,14.324455210258446],[122.5590884903673,14.324678910258623],[122.55926169036742,14.324818810258817],[122.55913899036794,14.325804810259436],[122.55888459036863,14.32723061026025]]}},{"type":"Feature","properties":{"river_name":null,"name":null,"type":"River"},"geometry":{"type":"LineString","coordinates":[[122.66445609025314,14.048655710128397],[122.66530909025333,14.048432010128733],[122.66585649025342,14.048218410128921],[122.66602819025334,14.048051810128902],[122.66622669025341,14.047953010128953],[122.66659139025349,14.047890510129124],[122.66727269025355,14.047604310129318],[122.66785719025371,14.047536810129621],[122.66850649025398,14.047562610130024],[122.66918249025439,14.047926910130688],[122.6694396902545,14.047994810130893],[122.6697349902546,14.047979010131053],[122.66996569025453,14.047718810131018],[122.67001909025447,14.047562910130928],[122.66997099025441,14.047469010130838],[122.66961159025408,14.047078610130342],[122.66959549025395,14.046906910130204],[122.66970259025372,14.046365910129884],[122.6696383902536,14.046219910129745],[122.66945579025352,14.046189010129611],[122.66938629025347,14.046121010129523],[122.66919849025324,14.045761910129146],[122.66916099025309,14.045569410128989],[122.66919319025301,14.045397610128886],[122.66932189025289,14.045106210128754],[122.6696328902528,14.044695410128641],[122.66968669025272,14.044575310128598],[122.66962209025257,14.044253010128319],[122.66938629025228,14.043909210127932],[122.66944529025223,14.04372251012784],[122.6698207902522,14.043493510127908],[122.67036799025242,14.043509110128234],[122.67085069025255,14.043394710128444],[122.67130139025257,14.0432385101286],[122.67229909025247,14.042405910128597],[122.67255679025253,14.042371110128727]]}},{"type":"Feature","properties":{"river_name":null,"name":null,"type":"River"},"geometry":{"type":"LineString","coordinates":[[122.78130619042066,14.281850710362958],[122.78166169042028,14.28096291036255],[122.78186569041999,14.280297010362213],[122.78199449041992,14.280123610362178],[122.78223429041994,14.279995310362231],[122.78278179042005,14.27981491036243],[122.78314239042004,14.279597510362487]]}},{"type":"Feature","properties":{"river_name":null,"name":null,"type":"River"},"geometry":{"type":"LineString","coordinates":[[122.78101399041856,14.278174510360222],[122.78141839041882,14.278483210360678],[122.78155439041895,14.278604610360851],[122.78164019041904,14.27872941036099],[122.78180839041937,14.279208010361428],[122.78190509041963,14.279658910361793],[122.78197659041972,14.279766410361912],[122.78221639041989,14.27992941036217],[122.78236289041998,14.279946010362274]]}},{"type":"Feature","properties":{"river_name":null,"name":null,"type":"River"},"geometry":{"type":"LineString","coordinates":[[122.39165449018475,14.095812209998929],[122.39161069018485,14.096027709999056],[122.39161149018521,14.096731109999553],[122.39193379018586,14.097689510000421],[122.39248899018645,14.098427210001285],[122.39294669018685,14.098849410001842],[122.39303609018701,14.099138110002098],[122.39266079018711,14.09950551000214],[122.39214759018694,14.099563210001875],[122.39152019018674,14.09958341000151],[122.39121799018666,14.099651310001377],[122.39106299018671,14.09984421000142],[122.39126199018702,14.100256110001826],[122.39167859018728,14.100454210002217],[122.39173749018741,14.1006522100024],[122.3915664901875,14.100927510002476],[122.39088849018736,14.101124110002218],[122.38983659018712,14.101352210001751],[122.38948249018709,14.101564710001687],[122.38860089018767,14.103127210002256],[122.38829869018775,14.103450210002304],[122.38728799018752,14.103736610001908],[122.38690439018737,14.103641710001602],[122.38599969018681,14.103169410000726],[122.38542239018633,14.102714310000072],[122.3850639901861,14.102566309999748],[122.38438089018592,14.102576609999346],[122.38381989018579,14.102718609999096],[122.38352719018584,14.10307340999919],[122.38355969018635,14.103869909999768],[122.38368979018662,14.104343110000174],[122.38391309018694,14.10481791000063],[122.3846906901879,14.106022310001954],[122.38469369018803,14.106297110002146],[122.3844404901882,14.106753110002321],[122.38403969018822,14.107068810002307],[122.38361469018808,14.107074610002055],[122.38346339018798,14.107009810001916],[122.38341699018788,14.106843310001775],[122.38363879018772,14.106367210001569],[122.38360259018754,14.10604571000132],[122.38334639018731,14.105864410001043],[122.38224329018713,14.106168410000592],[122.38157109018715,14.106642010000526],[122.38071709018682,14.106606909999991],[122.38036699018681,14.10678240999991],[122.37966379018697,14.10753651000002],[122.37938949018714,14.107996410000176],[122.37928449018727,14.108336010000341],[122.37924069018746,14.10868121000056],[122.37903929018773,14.109315110000894],[122.37870669018777,14.109584010000882],[122.37833909018765,14.109598110000674],[122.37797539018747,14.109550510000417],[122.3776497901874,14.109620710000277],[122.3774508901875,14.109904210000357],[122.37742379018765,14.11020821000055],[122.377502090188,14.110781210000996],[122.3775292901883,14.111286910001382],[122.3772790901883,14.111503210001377],[122.3764532901882,14.111903610001162],[122.37598609018814,14.112049810000993],[122.37566609018808,14.112084310000816],[122.37543649018806,14.112218010000777],[122.37535489018816,14.112489410000919],[122.37540739018831,14.112681610001086],[122.37558229018848,14.112913410001353],[122.37562889018864,14.11315651000155],[122.37554149018871,14.113399610001675],[122.37539569018877,14.113541010001688],[122.37523249018871,14.113546610001588],[122.3751100901886,14.11345621000145],[122.37494679018855,14.11346181000136],[122.3740489901884,14.113755810001022],[122.37327369018817,14.113812410000603],[122.37266739018796,14.113778410000217],[122.37206109018766,14.113637109999749],[122.37159469018754,14.113682309999504],[122.37127409018734,14.113569309999235],[122.37102339018719,14.113394009998965],[122.37098849018705,14.113196109998798],[122.371035090187,14.113060409998734],[122.37097099018692,14.112958609998623],[122.37080769018684,14.112890809998483],[122.37077279018678,14.112811709998404],[122.37087769018663,14.112512009998259],[122.37105259018661,14.112376309998265],[122.37116919018645,14.111952309998042],[122.37094179018622,14.111680909997707],[122.37072609018591,14.111285109997295],[122.3704695901857,14.111002409996956],[122.37020139018549,14.11083850999667],[122.36982249018534,14.110759309996396],[122.36933859018525,14.11086110999617],[122.36916959018514,14.110815909996044],[122.369023790185,14.110657609995847],[122.36890139018483,14.110408809995594],[122.36893639018471,14.110194009995466],[122.36887229018458,14.109967809995265],[122.36866239018431,14.109555109994856],[122.36871489018415,14.109244109994668],[122.36888389018404,14.108927509994537],[122.36901219018384,14.108486509994306],[122.3690529901837,14.108220809994148],[122.3691753901836,14.107955009994033],[122.36943779018361,14.107830609994101],[122.36968259018371,14.107870209994287],[122.36982249018376,14.107836309994335],[122.3698516901837,14.107700609994263],[122.36981089018366,14.107593209994171],[122.36966509018356,14.107519709994024],[122.36961849018346,14.10738960999391],[122.36982829018338,14.107180509993881],[122.37025389018349,14.10707870999406],[122.37049289018347,14.106914709994095],[122.37058619018347,14.106796009994063],[122.37057449018334,14.106592409993919],[122.37034719018317,14.106473709993695],[122.37020139018307,14.106321109993505],[122.37007319018282,14.105964909993178],[122.36988659018259,14.105699109992871],[122.36971179018252,14.105648209992735],[122.36944359018246,14.105693509992607],[122.36928039018244,14.10578390999258],[122.36921039018252,14.10596490999266],[122.36943779018276,14.106281509993009],[122.36949609018296,14.10656980999325],[122.369379490183,14.10676210999332],[122.36836509018266,14.106699909992669],[122.36819599018263,14.106824309992644],[122.36817849018279,14.107078709992816],[122.368318490183,14.107406609993138],[122.36830679018315,14.107723209993356],[122.36816689018329,14.10802850999348],[122.36784039018336,14.10831120999348],[122.36726909018324,14.108509109993285],[122.36690179018312,14.108497809993056],[122.36667449018299,14.108390409992845],[122.36655209018285,14.108232109992661],[122.36600409018175,14.106592409991181],[122.3658232901816,14.106377609990925],[122.36556099018148,14.106309809990716],[122.36519959018138,14.106371909990548],[122.36397529018123,14.106835609990142],[122.3636663901812,14.106993909990065],[122.36357309018128,14.107254009990188],[122.36360219018151,14.107627109990469],[122.36382379018166,14.107785409990719],[122.3639519901819,14.108164209991052],[122.36417349018208,14.1083169099913],[122.3646107901823,14.108492109991682],[122.36480899018245,14.10860520999188],[122.36487309018257,14.108769209992035],[122.36483229018263,14.108950109992135],[122.36442419018262,14.10919320999207],[122.36367799018268,14.109798209992034],[122.36337489018271,14.109990409991994],[122.36271029018262,14.11024480999178],[122.36061739018263,14.111613109991486],[122.36033179018258,14.11172610999139],[122.36000529018253,14.111777009991243],[122.3597720901824,14.111714809991048],[122.35955639018228,14.11161310999085],[122.35927079018205,14.111403909990536],[122.35907249018199,14.111386909990408],[122.35894429018202,14.111511309990414],[122.35895009018213,14.11171480999056],[122.35907839018245,14.112240609991],[122.35904919018262,14.112579809991228],[122.35888019018284,14.113117009991504],[122.35883349018303,14.113473109991725],[122.35892679018329,14.113880209992061],[122.35915999018364,14.114406009992582],[122.35906089018387,14.114830009992817],[122.35868199018392,14.115197509992843],[122.35830269018372,14.115115309992564],[122.3579377901834,14.11471480999206],[122.35761129018327,14.114668309991826],[122.35732319018315,14.114668309991664],[122.35714079018318,14.114817309991658],[122.3572202901836,14.115574409992236],[122.35709639018377,14.115894909992393],[122.35679349018382,14.116215409992433],[122.35669019018393,14.116482509992554],[122.35669709018413,14.116843009992811],[122.35606369018423,14.117457309992865],[122.35553349018454,14.118332009993159],[122.35501029018451,14.11859240999303],[122.35467289018453,14.118879509993029],[122.3546246901847,14.11921330999323],[122.35474869018492,14.119547209993543],[122.3546797901851,14.11988770999375],[122.35434249018515,14.120174809993744],[122.3538053901849,14.12012140999338],[122.35344889018471,14.119944409993044],[122.35322889018457,14.119793509992807],[122.35272999018414,14.119372109992208],[122.352499390184,14.119257709991997],[122.35224259018389,14.119200009991808],[122.35202189018379,14.119200409991663],[122.35178129018378,14.119280109991578],[122.35164359018384,14.119547209991689],[122.351619590184,14.119835109991868],[122.35169469018419,14.120157709992142],[122.35180879018438,14.120421809992404],[122.35199509018454,14.120631109992653],[122.35235449018484,14.120917209993069],[122.352601290185,14.121057709993318],[122.35270859018512,14.121177309993474],[122.35281589018523,14.121364609993666],[122.35285879018548,14.121739209993947],[122.35279439018557,14.121962909994064],[122.35260659018563,14.122171009994103],[122.35239209018562,14.122311409994065],[122.35212919018554,14.122399909993977],[122.35161959018536,14.122337409993625],[122.35101339018503,14.122139709993128],[122.35073449018495,14.122103309992937],[122.3503052901848,14.122124109992683],[122.34979029018469,14.122269809992488]]}},{"type":"Feature","properties":{"river_name":null,"name":null,"type":"River"},"geometry":{"type":"LineString","coordinates":[[122.51891049033472,14.290502410210909],[122.51877519033468,14.290593310210898],[122.51874669033475,14.290688410210944],[122.51877519033481,14.29080241021104],[122.51893129033488,14.290816810211153]]}},{"type":"Feature","properties":{"river_name":null,"name":null,"type":"River"},"geometry":{"type":"LineString","coordinates":[[122.79893239034305,14.128652310265817],[122.79903799034331,14.129078410266182],[122.79897319034335,14.129227110266255],[122.79896639034345,14.129435210266397],[122.79908909034356,14.129504610266515],[122.79931049034394,14.130066110267046],[122.79927639034396,14.130171810267102],[122.79889489034395,14.130317110266981],[122.79833629034388,14.130630910266865],[122.79835329034398,14.130749810266964],[122.79873479034438,14.131225510267528],[122.79950459034511,14.132084310268603],[122.7996271903453,14.13234521026886],[122.79966129034544,14.13259301026905],[122.7993444903458,14.133478210269493],[122.79936839034585,14.133544310269556],[122.79947739034598,14.13368961026973],[122.79981459034619,14.13387131027005],[122.80031529034639,14.133957110270417],[122.80079559034671,14.134231310270895],[122.80087729034683,14.134383210271052],[122.80090459034696,14.134621110271233],[122.80112939034721,14.134951410271613],[122.8012178903473,14.135027310271719],[122.80244609034787,14.13534421027268],[122.80259439034799,14.135436210272829],[122.80261809034812,14.135591510272954],[122.80245209034835,14.1362241102733],[122.80245799034846,14.136362210273411],[122.80256479034853,14.136465710273542],[122.80369159034913,14.136828010274478],[122.80398219034934,14.137052310274816],[122.80417189034947,14.137144310274984],[122.80443879034955,14.137144310275152],[122.8052630903497,14.136862510275447],[122.80547069034976,14.13686821027557],[122.80555369034987,14.13701781027573],[122.80553599034994,14.137161510275806],[122.80557749035005,14.137293810275933],[122.80577909035014,14.13736281027611],[122.80609339035028,14.137403110276331],[122.8069473903505,14.137253510276723],[122.8076353903506,14.136989010276945],[122.80894599035055,14.136086110277091],[122.8100312903507,14.135660510277443],[122.81034559035078,14.135631810277605],[122.81049389035087,14.135706510277755],[122.81103949035146,14.136408210278573],[122.81167999035227,14.137535310279759],[122.8117392903525,14.13793791028009],[122.81173929035305,14.138892510280762],[122.81176299035317,14.139139810280948],[122.81184009035329,14.139312410281121],[122.81208919035346,14.139415910281341],[122.81224929035363,14.139663210281617],[122.81198839035433,14.141112410282485],[122.81205359035451,14.141365410282708],[122.8123085903547,14.141560910282994],[122.81261109035484,14.141612710283214],[122.81291949035493,14.141572410283374],[122.81398309035532,14.141620310284047],[122.81463099035565,14.141851410284595]]}},{"type":"Feature","properties":{"river_name":null,"name":null,"type":"River"},"geometry":{"type":"LineString","coordinates":[[122.84435969043352,14.265438410389482],[122.84492659043362,14.265381110389773],[122.84522729043385,14.265543510390076],[122.84603579043416,14.265624710390616],[122.84626249043433,14.265796710390866],[122.84657799043451,14.26592101039115],[122.84688859043463,14.265925710391336],[122.84708089043475,14.266045210391535],[122.84723859043505,14.266479910391933],[122.84740619043517,14.266604210392119],[122.84765269043524,14.266518210392203],[122.84808159043503,14.265906610392037],[122.84835759043503,14.265758510392104],[122.8488752904352,14.265677310392363],[122.84924989043522,14.265505310392465],[122.84948159043515,14.265209110392389],[122.85001399043517,14.264994110392553],[122.85056869043534,14.264887710392825]]}},{"type":"Feature","properties":{"river_name":null,"name":null,"type":"River"},"geometry":{"type":"LineString","coordinates":[[122.74413939034207,14.161723210256435],[122.74552349034228,14.161169210256867],[122.74570319034235,14.16118741025699],[122.74603579034259,14.161426710257366],[122.74607599034269,14.161559310257475],[122.74604379034275,14.161702410257556],[122.74592039034276,14.161772610257536],[122.74582919034286,14.16196501025761],[122.746006190343,14.162167910257867],[122.7463468903431,14.162170510258068],[122.7467518903431,14.161853210258087],[122.74737419034327,14.161780410258404]]}},{"type":"Feature","properties":{"river_name":null,"name":null,"type":"River"},"geometry":{"type":"LineString","coordinates":[[122.75282709035115,14.172817410269472],[122.7528297903507,14.171982710268887],[122.75293169035062,14.171795410268812],[122.75279489035043,14.17150161026852],[122.75165769034982,14.171082910267552],[122.75129289034938,14.17054971026696],[122.75095759034906,14.17018051026649],[122.75065989034871,14.169691510265963],[122.75056329034865,14.169642110265864],[122.75015289034853,14.169756610265702],[122.74987129034831,14.169493910265361],[122.74937239034816,14.169535510265083],[122.74916859034788,14.169122010264669],[122.74938049034783,14.168927010264662],[122.74982029034793,14.168783910264825],[122.74980429034781,14.168583710264674],[122.74920339034706,14.167652710263656],[122.74906399034677,14.167158510263219],[122.7487581903465,14.166864710262823],[122.74850609034587,14.165907610261998],[122.74812249034544,14.165306910261346],[122.74824589034525,14.164893410261133],[122.74799909034495,14.16447731026069],[122.74817619034468,14.163889510260383],[122.74771479034355,14.16211591025885],[122.74737419034327,14.161780410258404],[122.74675729034286,14.161473510257823],[122.7465667903425,14.160950710257334],[122.74652659034214,14.16032921025687],[122.74610279034204,14.160373410256652],[122.74584799034184,14.160165310256358],[122.74574879034144,14.159465710255802],[122.74602229034139,14.159208310255785],[122.74601699034132,14.159075610255684],[122.74523379034076,14.158623110254899],[122.74494409034055,14.158389010254561],[122.74466249033986,14.15726031025359],[122.74434059033966,14.157122510253304],[122.74388999033953,14.157179710253072],[122.74367269033893,14.156238210252281],[122.74340449033863,14.15581171025181],[122.74328109033843,14.155465810251496],[122.74289759033823,14.155382610251202],[122.74260519033818,14.155551610251152],[122.74211969033823,14.155907910251111],[122.74196149033814,14.155835110250965],[122.741966790338,14.155601010250807],[122.74218409033782,14.155067910250555],[122.74236379033779,14.154924810250556],[122.74284119033784,14.154696010250678],[122.74307729033755,14.154045810250375],[122.7431281903374,14.15371551025017],[122.74304509033725,14.153494410249957],[122.74284389033699,14.15322911024966],[122.74254349033686,14.15311731024939],[122.74200169033672,14.15317711024911],[122.74129359033638,14.153036710248582],[122.74106559033605,14.152555510248106],[122.74098519033598,14.152474910248003],[122.74038429033563,14.152248610247478],[122.74011879033543,14.152012010247159],[122.7401884903353,14.151775310247029],[122.74066329033543,14.151692110247259],[122.74082419033529,14.151343510247106],[122.74037899033488,14.150844210246483],[122.74017239033454,14.15031621024599],[122.73986129033435,14.150230410245737],[122.73946169033437,14.150464510245675],[122.73898149033414,14.150399510245332],[122.73842629033383,14.150181010244845],[122.73820639033366,14.15001191024459],[122.73826269033349,14.149666010244385],[122.73869719033357,14.149450110244493],[122.73939999033375,14.149382510244871],[122.73971109033363,14.14900801024479],[122.7392550903332,14.148513810244168],[122.73836729033299,14.148659510243734],[122.73809639033286,14.148591910243528],[122.73832709033243,14.147634810242982],[122.73843709033235,14.147468310242935],[122.73901909033238,14.147127610243047],[122.73906469033219,14.146771310242817],[122.73891989033211,14.14667761024266],[122.73787649033169,14.146521610241933],[122.7367981903313,14.146568410241324],[122.73596939033106,14.146651610240882],[122.73545439033099,14.146828510240699],[122.73525329033104,14.147088610240761],[122.73522639033136,14.147694610241176],[122.7354838903318,14.148305810241755],[122.73549469033193,14.14856591024195],[122.73488309033176,14.148581510241595],[122.7340274903313,14.148305810240894],[122.73382899033106,14.148014510240559],[122.73342129033081,14.147801210240171],[122.73295459033065,14.147780410239871],[122.73276689033077,14.14814451024002]]}},{"type":"Feature","properties":{"river_name":null,"name":"Tabogon River","type":"River"},"geometry":{"type":"LineString","coordinates":[[122.34050839015075,14.065479709946981],[122.34055659015056,14.06514260994677],[122.34045819015049,14.065025709946621],[122.34044409015038,14.06487180994651],[122.34056859015037,14.06479000994652],[122.34055259015031,14.064659409946422],[122.3399961901502,14.0648173099462],[122.33969089015008,14.064774409945992],[122.33943779014989,14.064630209945735],[122.33944379014984,14.064488009945642],[122.3396205901497,14.064111909945481],[122.33957439014958,14.063930709945327],[122.33931729014935,14.063624809944953],[122.33882109014918,14.06363650994467],[122.3386825901491,14.063593709944556],[122.33864039014891,14.063340409944352],[122.33849779014888,14.063295609944241],[122.3382687901488,14.063338409944121],[122.33791529014864,14.063198109943821],[122.33780679014858,14.063205909943758],[122.33777269014871,14.063453409943916],[122.33725639014855,14.063531309943661],[122.33701939014855,14.063654109943602],[122.33680049014848,14.06363260994346],[122.33651529014824,14.06341250994313],[122.33642289014813,14.063243009942955],[122.33619789014804,14.063239109942819],[122.33608339014799,14.063266309942765],[122.33588659014792,14.063215709942623],[122.3354868901478,14.063215709942382],[122.33540649014785,14.063389109942452],[122.33508919014793,14.06375730994252],[122.33474169014784,14.063792409942348],[122.33456689014768,14.063611209942112],[122.33458299014758,14.06342220994198],[122.33452069014753,14.063342309941891],[122.33438209014747,14.063340409941809],[122.33435399014759,14.063576109941954],[122.3341872901476,14.063628709941895],[122.33404469014748,14.063527409941742],[122.33396839014728,14.063223509941489],[122.33342999014683,14.062722709940807],[122.3333054901468,14.06273640994074],[122.33330149014711,14.063385209941186],[122.33324119014716,14.063451409941207],[122.3330644901471,14.0634417099411],[122.332905790147,14.063359909940942],[122.33276519014683,14.063170909940723],[122.33263059014678,14.063170909940641],[122.33238159014681,14.06336960994063],[122.3321243901467,14.06338910994049],[122.33165849014634,14.062966309939911],[122.33136719014601,14.062570709939465],[122.33111209014582,14.062403209939191],[122.33064209014572,14.062422709938923],[122.33059589014566,14.062374009938859],[122.3306701901456,14.062257109938821],[122.33089739014565,14.062181609938902]]}},{"type":"Feature","properties":{"river_name":null,"name":null,"type":"River"},"geometry":{"type":"LineString","coordinates":[[122.68285629037551,14.261664010289664],[122.68240569037562,14.262173510289745],[122.68222869037564,14.262298310289724],[122.68156889037546,14.262386710289393],[122.6812576903754,14.262501010289283],[122.68053349037537,14.26290141028913],[122.68032429037534,14.262953410289036],[122.67993809037522,14.262969010288815],[122.67944449037503,14.262922210288481],[122.67895099037476,14.262750610288064],[122.67854869037463,14.262766210287833],[122.67777619037469,14.263312110287762],[122.67768499037473,14.263473310287809],[122.67692859037469,14.263863210287624],[122.67664969037459,14.263930810287498],[122.67640829037464,14.264112710287488],[122.67614009037467,14.264377910287505],[122.67575919037465,14.264554710287397],[122.67563039037472,14.264747010287458],[122.67575379037487,14.264981010287702],[122.67564649037486,14.265043410287673],[122.6753299903748,14.265100610287522],[122.67487409037463,14.265090210287244],[122.67446099037433,14.264819810286802],[122.67370999037375,14.264258310285966],[122.67322719037367,14.264362310285739],[122.67289459037356,14.264393510285567],[122.67227229037324,14.264227110285068],[122.67215429037319,14.26413351028494],[122.67160709037299,14.264195910284654],[122.67120479037283,14.26415951028439],[122.67031429037227,14.263676010283518],[122.66967589037189,14.263390110282936],[122.66920389037166,14.263223710282528],[122.6685386903714,14.263192510282115],[122.66801829037139,14.263488910282],[122.66802909037175,14.264154310282468],[122.66793249037201,14.264705410282792],[122.6675623903721,14.265152510282885],[122.6672619903721,14.265266910282785],[122.66690249037211,14.265547710282762],[122.66645729037236,14.266244310282973],[122.66614079037235,14.266447110282929],[122.66595839037238,14.266639510282953],[122.66567409037235,14.26671221028283],[122.66520739037239,14.267097010282821],[122.66483719037232,14.267268510282712],[122.66463339037237,14.267408910282688],[122.66420419037222,14.267377710282414],[122.66391459037213,14.267450510282284],[122.66372139037216,14.267653310282315],[122.66360339037236,14.268027610282504],[122.6636731903726,14.268407110282807],[122.66364099037261,14.268511110282859],[122.66356049037262,14.26854751028284],[122.66350689037267,14.268656710282878],[122.66344789037302,14.269353310283321],[122.6634746903731,14.269509310283448],[122.66338349037316,14.269649610283494],[122.66322249037319,14.269810810283504],[122.66318499037322,14.26992521028356],[122.66319039037336,14.270169510283733],[122.66310449037343,14.270320310283791],[122.66272899037351,14.270741410283856],[122.66271829037359,14.270876610283944],[122.66260559037367,14.27108451028402],[122.66254129037378,14.271318510284138],[122.66256269037423,14.272098310284697],[122.66272899037443,14.27234791028498],[122.66292209037458,14.272493410285186],[122.66296509037464,14.272607810285296],[122.66286309037464,14.272711810285303],[122.66266459037465,14.27280541028524],[122.66249299037469,14.27300811028529],[122.66247689037475,14.27314851028538],[122.66256809037486,14.273294110285528],[122.66263779037502,14.27352281028572],[122.66286309037561,14.274463810286509],[122.66310989037575,14.274619710286778],[122.66350149037596,14.274739310287094],[122.66368389037609,14.27485891028729],[122.66405399037649,14.275342410287834],[122.66415059037668,14.275555510288047],[122.6643329903769,14.275841510288373],[122.66440809037707,14.276106610288588],[122.6645099903771,14.27615861028868],[122.66481579037723,14.276205410288902],[122.66536289037747,14.27623141028925],[122.66549169037752,14.276288610289372],[122.6656364903777,14.276486110289595],[122.66566869037779,14.276652510289722],[122.66560429037784,14.27679801028978],[122.66528249037789,14.277089210289791],[122.66497129037805,14.27754661028993],[122.66501689037815,14.277767610290118],[122.66510009037825,14.277819610290186],[122.66524759037826,14.27780921029027],[122.6654943903783,14.277689610290338],[122.66584839037843,14.277653210290529],[122.66613809037851,14.277723410290745],[122.66668799037889,14.278027510291288],[122.66672279037897,14.278162710291415],[122.66667989037909,14.27837581029153],[122.66636609037916,14.278721610291582],[122.66611399037926,14.279069910291668],[122.6660870903795,14.279522210291972],[122.66629639037981,14.279938010292378],[122.66656989038007,14.280270810292777],[122.66668259038022,14.280468310292978],[122.66665579038032,14.28069191029312],[122.6664786903804,14.280894610293158],[122.66580279038038,14.28133651029305],[122.66561509038044,14.281560010293095],[122.66547019038057,14.281866710293217],[122.66537369038092,14.282511410293614],[122.6652234903811,14.28296371029383],[122.66490159038115,14.283244410293833],[122.66446709038107,14.283379510293665],[122.66192439038,14.28306241029191],[122.66141469038,14.283348310291803],[122.66110359038053,14.284570010292464],[122.66036869038159,14.286914610293639],[122.66001459038185,14.287652710293935],[122.65890949038221,14.289025110294231],[122.65878079038234,14.289305910294338],[122.65875399038248,14.289547610294486],[122.65877449038257,14.289718710294624]]}}]}